timestamp,equity
1970-01-01 00:00:00.000018582,1.0
1970-01-01 00:00:00.000018583,1.0
1970-01-01 00:00:00.000018584,1.0
1970-01-01 00:00:00.000018585,1.0
1970-01-01 00:00:00.000018586,1.0
1970-01-01 00:00:00.000018587,1.0
1970-01-01 00:00:00.000018588,1.0
1970-01-01 00:00:00.000018589,1.0
1970-01-01 00:00:00.000018590,1.0
1970-01-01 00:00:00.000018591,1.0
1970-01-01 00:00:00.000018592,1.0
1970-01-01 00:00:00.000018593,1.0
1970-01-01 00:00:00.000018594,1.0
1970-01-01 00:00:00.000018595,1.0
1970-01-01 00:00:00.000018596,1.0
1970-01-01 00:00:00.000018597,1.0
1970-01-01 00:00:00.000018598,1.0
1970-01-01 00:00:00.000018599,1.0
1970-01-01 00:00:00.000018600,1.0
1970-01-01 00:00:00.000018601,1.0
1970-01-01 00:00:00.000018602,1.0
1970-01-01 00:00:00.000018603,1.0
1970-01-01 00:00:00.000018604,1.0
1970-01-01 00:00:00.000018605,1.0
1970-01-01 00:00:00.000018606,1.0
1970-01-01 00:00:00.000018607,1.0
1970-01-01 00:00:00.000018608,1.0
1970-01-01 00:00:00.000018609,1.0
1970-01-01 00:00:00.000018610,1.0
1970-01-01 00:00:00.000018611,1.0
1970-01-01 00:00:00.000018612,1.0
1970-01-01 00:00:00.000018613,1.0
1970-01-01 00:00:00.000018614,1.0
1970-01-01 00:00:00.000018615,1.0
1970-01-01 00:00:00.000018616,1.0
1970-01-01 00:00:00.000018617,1.0
1970-01-01 00:00:00.000018618,1.0
1970-01-01 00:00:00.000018619,1.0
1970-01-01 00:00:00.000018620,1.0
1970-01-01 00:00:00.000018621,1.0
1970-01-01 00:00:00.000018622,1.0
1970-01-01 00:00:00.000018623,1.0
1970-01-01 00:00:00.000018624,1.0
1970-01-01 00:00:00.000018625,1.0
1970-01-01 00:00:00.000018626,1.0
1970-01-01 00:00:00.000018627,1.0
1970-01-01 00:00:00.000018628,1.0
1970-01-01 00:00:00.000018629,1.0
1970-01-01 00:00:00.000018630,1.0
1970-01-01 00:00:00.000018631,1.0
1970-01-01 00:00:00.000018632,1.0
1970-01-01 00:00:00.000018633,1.0
1970-01-01 00:00:00.000018634,1.0
1970-01-01 00:00:00.000018635,1.0
1970-01-01 00:00:00.000018636,1.0
1970-01-01 00:00:00.000018637,1.0
1970-01-01 00:00:00.000018638,1.0
1970-01-01 00:00:00.000018639,1.0
1970-01-01 00:00:00.000018640,1.0
1970-01-01 00:00:00.000018641,1.0
1970-01-01 00:00:00.000018642,1.0
1970-01-01 00:00:00.000018643,1.0
1970-01-01 00:00:00.000018644,1.0
1970-01-01 00:00:00.000018645,1.0
1970-01-01 00:00:00.000018646,1.0
1970-01-01 00:00:00.000018647,1.0
1970-01-01 00:00:00.000018648,1.0
1970-01-01 00:00:00.000018649,1.0
1970-01-01 00:00:00.000018650,1.0
1970-01-01 00:00:00.000018651,1.0
1970-01-01 00:00:00.000018652,1.0
1970-01-01 00:00:00.000018653,1.0
1970-01-01 00:00:00.000018654,1.0
1970-01-01 00:00:00.000018655,1.0
1970-01-01 00:00:00.000018656,1.0
1970-01-01 00:00:00.000018657,1.0
1970-01-01 00:00:00.000018658,1.0
1970-01-01 00:00:00.000018659,1.0
1970-01-01 00:00:00.000018660,1.0
1970-01-01 00:00:00.000018661,1.0
1970-01-01 00:00:00.000018662,1.0
1970-01-01 00:00:00.000018663,1.0
1970-01-01 00:00:00.000018664,1.0
1970-01-01 00:00:00.000018665,1.0
1970-01-01 00:00:00.000018666,1.0
1970-01-01 00:00:00.000018667,1.0
1970-01-01 00:00:00.000018668,1.0
1970-01-01 00:00:00.000018669,1.0
1970-01-01 00:00:00.000018670,1.0
1970-01-01 00:00:00.000018671,1.0
1970-01-01 00:00:00.000018672,1.0
1970-01-01 00:00:00.000018673,1.0
1970-01-01 00:00:00.000018674,1.0
1970-01-01 00:00:00.000018675,1.0
1970-01-01 00:00:00.000018676,1.0
1970-01-01 00:00:00.000018677,1.0
1970-01-01 00:00:00.000018678,1.0
1970-01-01 00:00:00.000018679,1.0
1970-01-01 00:00:00.000018680,1.0
1970-01-01 00:00:00.000018681,1.0
1970-01-01 00:00:00.000018682,1.0020259391708284
1970-01-01 00:00:00.000018683,1.0019257365769114
1970-01-01 00:00:00.000018684,1.0019257365769114
1970-01-01 00:00:00.000018685,1.0019257365769114
1970-01-01 00:00:00.000018686,1.0019257365769114
1970-01-01 00:00:00.000018687,1.0019257365769114
1970-01-01 00:00:00.000018688,1.0019257365769114
1970-01-01 00:00:00.000018689,1.0019257365769114
1970-01-01 00:00:00.000018690,1.0019257365769114
1970-01-01 00:00:00.000018691,1.0019257365769114
1970-01-01 00:00:00.000018692,1.0019257365769114
1970-01-01 00:00:00.000018693,1.0019257365769114
1970-01-01 00:00:00.000018694,1.0019257365769114
1970-01-01 00:00:00.000018695,1.0019257365769114
1970-01-01 00:00:00.000018696,1.0019257365769114
1970-01-01 00:00:00.000018697,1.0019257365769114
1970-01-01 00:00:00.000018698,1.0019257365769114
1970-01-01 00:00:00.000018699,1.0019257365769114
1970-01-01 00:00:00.000018700,1.0019257365769114
1970-01-01 00:00:00.000018701,1.0019257365769114
1970-01-01 00:00:00.000018702,1.0019257365769114
1970-01-01 00:00:00.000018703,1.0019257365769114
1970-01-01 00:00:00.000018704,1.0019257365769114
1970-01-01 00:00:00.000018705,1.0019257365769114
1970-01-01 00:00:00.000018706,1.0019257365769114
1970-01-01 00:00:00.000018707,1.0019257365769114
1970-01-01 00:00:00.000018708,1.0019257365769114
1970-01-01 00:00:00.000018709,1.0019257365769114
1970-01-01 00:00:00.000018710,1.0019257365769114
1970-01-01 00:00:00.000018711,1.0019257365769114
1970-01-01 00:00:00.000018712,1.0019257365769114
1970-01-01 00:00:00.000018713,1.0019257365769114
1970-01-01 00:00:00.000018714,1.0019257365769114
1970-01-01 00:00:00.000018715,1.0019257365769114
1970-01-01 00:00:00.000018716,1.0019257365769114
1970-01-01 00:00:00.000018717,1.0019257365769114
1970-01-01 00:00:00.000018718,1.0019257365769114
1970-01-01 00:00:00.000018719,1.0019257365769114
1970-01-01 00:00:00.000018720,1.0019257365769114
1970-01-01 00:00:00.000018721,1.0019257365769114
1970-01-01 00:00:00.000018722,1.0019257365769114
1970-01-01 00:00:00.000018723,1.0019257365769114
1970-01-01 00:00:00.000018724,1.0019257365769114
1970-01-01 00:00:00.000018725,1.0019257365769114
1970-01-01 00:00:00.000018726,1.0019257365769114
1970-01-01 00:00:00.000018727,1.0019257365769114
1970-01-01 00:00:00.000018728,1.0019257365769114
1970-01-01 00:00:00.000018729,1.0019257365769114
1970-01-01 00:00:00.000018730,1.0019257365769114
1970-01-01 00:00:00.000018731,1.0019257365769114
1970-01-01 00:00:00.000018732,1.0019257365769114
1970-01-01 00:00:00.000018733,1.0019257365769114
1970-01-01 00:00:00.000018734,1.0019257365769114
1970-01-01 00:00:00.000018735,1.0019257365769114
1970-01-01 00:00:00.000018736,1.0019257365769114
1970-01-01 00:00:00.000018737,1.0019257365769114
1970-01-01 00:00:00.000018738,1.0019257365769114
1970-01-01 00:00:00.000018739,1.0019257365769114
1970-01-01 00:00:00.000018740,1.0019257365769114
1970-01-01 00:00:00.000018741,1.0019257365769114
1970-01-01 00:00:00.000018742,1.0019257365769114
1970-01-01 00:00:00.000018743,1.0019257365769114
1970-01-01 00:00:00.000018744,1.0019257365769114
1970-01-01 00:00:00.000018745,1.0019257365769114
1970-01-01 00:00:00.000018746,1.0019257365769114
1970-01-01 00:00:00.000018747,1.0019257365769114
1970-01-01 00:00:00.000018748,1.0019257365769114
1970-01-01 00:00:00.000018749,1.0019257365769114
1970-01-01 00:00:00.000018750,1.0019257365769114
1970-01-01 00:00:00.000018751,1.0019257365769114
1970-01-01 00:00:00.000018752,1.0019257365769114
1970-01-01 00:00:00.000018753,1.0019257365769114
1970-01-01 00:00:00.000018754,1.0019257365769114
1970-01-01 00:00:00.000018755,1.0019257365769114
1970-01-01 00:00:00.000018756,1.0019257365769114
1970-01-01 00:00:00.000018757,1.0019257365769114
1970-01-01 00:00:00.000018758,1.0019257365769114
1970-01-01 00:00:00.000018759,1.0019257365769114
1970-01-01 00:00:00.000018760,1.0019257365769114
1970-01-01 00:00:00.000018761,1.0019257365769114
1970-01-01 00:00:00.000018762,1.0019257365769114
1970-01-01 00:00:00.000018763,1.0019257365769114
1970-01-01 00:00:00.000018764,1.0019257365769114
1970-01-01 00:00:00.000018765,1.0019257365769114
1970-01-01 00:00:00.000018766,1.0019257365769114
1970-01-01 00:00:00.000018767,1.0019257365769114
1970-01-01 00:00:00.000018768,1.0019257365769114
1970-01-01 00:00:00.000018769,1.0019257365769114
1970-01-01 00:00:00.000018770,1.0019257365769114
1970-01-01 00:00:00.000018771,1.0019257365769114
1970-01-01 00:00:00.000018772,1.0019257365769114
1970-01-01 00:00:00.000018773,1.0019257365769114
1970-01-01 00:00:00.000018774,1.0019257365769114
1970-01-01 00:00:00.000018775,1.0019257365769114
1970-01-01 00:00:00.000018776,1.0019257365769114
1970-01-01 00:00:00.000018777,1.0019257365769114
1970-01-01 00:00:00.000018778,1.0019257365769114
1970-01-01 00:00:00.000018779,1.0019257365769114
1970-01-01 00:00:00.000018780,1.0019257365769114
1970-01-01 00:00:00.000018781,1.0019257365769114
1970-01-01 00:00:00.000018782,1.0019257365769114
1970-01-01 00:00:00.000018783,1.0019257365769114
1970-01-01 00:00:00.000018784,1.0019257365769114
1970-01-01 00:00:00.000018785,1.0019257365769114
1970-01-01 00:00:00.000018786,1.0019257365769114
1970-01-01 00:00:00.000018787,1.0019257365769114
1970-01-01 00:00:00.000018788,1.0019257365769114
1970-01-01 00:00:00.000018789,1.0019257365769114
1970-01-01 00:00:00.000018790,1.0019257365769114
1970-01-01 00:00:00.000018791,1.0019257365769114
1970-01-01 00:00:00.000018792,1.0019257365769114
1970-01-01 00:00:00.000018793,1.0019257365769114
1970-01-01 00:00:00.000018794,1.0019257365769114
1970-01-01 00:00:00.000018795,1.0019257365769114
1970-01-01 00:00:00.000018796,1.0019257365769114
1970-01-01 00:00:00.000018797,1.0019257365769114
1970-01-01 00:00:00.000018798,1.0019257365769114
1970-01-01 00:00:00.000018799,1.0019257365769114
1970-01-01 00:00:00.000018800,1.0019257365769114
1970-01-01 00:00:00.000018801,1.0019257365769114
1970-01-01 00:00:00.000018802,1.0019257365769114
1970-01-01 00:00:00.000018803,1.0019257365769114
1970-01-01 00:00:00.000018804,1.0019257365769114
1970-01-01 00:00:00.000018805,1.0019257365769114
1970-01-01 00:00:00.000018806,1.0019257365769114
1970-01-01 00:00:00.000018807,1.0019257365769114
1970-01-01 00:00:00.000018808,1.0019257365769114
1970-01-01 00:00:00.000018809,1.0019257365769114
1970-01-01 00:00:00.000018810,1.0019257365769114
1970-01-01 00:00:00.000018811,1.0019257365769114
1970-01-01 00:00:00.000018812,1.0019257365769114
1970-01-01 00:00:00.000018813,1.0019257365769114
1970-01-01 00:00:00.000018814,1.0019257365769114
1970-01-01 00:00:00.000018815,1.0019257365769114
1970-01-01 00:00:00.000018816,1.0019257365769114
1970-01-01 00:00:00.000018817,1.0019257365769114
1970-01-01 00:00:00.000018818,1.0019257365769114
1970-01-01 00:00:00.000018819,1.0019257365769114
1970-01-01 00:00:00.000018820,1.0019257365769114
1970-01-01 00:00:00.000018821,1.0019257365769114
1970-01-01 00:00:00.000018822,1.0019257365769114
1970-01-01 00:00:00.000018823,1.0019257365769114
1970-01-01 00:00:00.000018824,1.0019257365769114
1970-01-01 00:00:00.000018825,1.0019257365769114
1970-01-01 00:00:00.000018826,1.0019257365769114
1970-01-01 00:00:00.000018827,1.0019257365769114
1970-01-01 00:00:00.000018828,1.0019257365769114
1970-01-01 00:00:00.000018829,1.0019257365769114
1970-01-01 00:00:00.000018830,1.0019257365769114
1970-01-01 00:00:00.000018831,1.0019257365769114
1970-01-01 00:00:00.000018832,1.0019257365769114
1970-01-01 00:00:00.000018833,1.0019257365769114
1970-01-01 00:00:00.000018834,1.0019257365769114
1970-01-01 00:00:00.000018835,1.0019257365769114
1970-01-01 00:00:00.000018836,1.0019257365769114
1970-01-01 00:00:00.000018837,1.0019257365769114
1970-01-01 00:00:00.000018838,1.0019257365769114
1970-01-01 00:00:00.000018839,1.0019257365769114
1970-01-01 00:00:00.000018840,1.0019257365769114
1970-01-01 00:00:00.000018841,1.0019257365769114
1970-01-01 00:00:00.000018842,1.0019257365769114
1970-01-01 00:00:00.000018843,1.0019257365769114
1970-01-01 00:00:00.000018844,1.0019257365769114
1970-01-01 00:00:00.000018845,1.0019257365769114
1970-01-01 00:00:00.000018846,1.0019257365769114
1970-01-01 00:00:00.000018847,1.0019257365769114
1970-01-01 00:00:00.000018848,1.0019257365769114
1970-01-01 00:00:00.000018849,1.0019257365769114
1970-01-01 00:00:00.000018850,1.0019257365769114
1970-01-01 00:00:00.000018851,1.0019257365769114
1970-01-01 00:00:00.000018852,1.0019257365769114
1970-01-01 00:00:00.000018853,1.0019257365769114
1970-01-01 00:00:00.000018854,1.0019257365769114
1970-01-01 00:00:00.000018855,1.0019257365769114
1970-01-01 00:00:00.000018856,1.0019257365769114
1970-01-01 00:00:00.000018857,1.0019257365769114
1970-01-01 00:00:00.000018858,1.0019257365769114
1970-01-01 00:00:00.000018859,1.0019257365769114
1970-01-01 00:00:00.000018860,1.0019257365769114
1970-01-01 00:00:00.000018861,1.0019257365769114
1970-01-01 00:00:00.000018862,1.0019257365769114
1970-01-01 00:00:00.000018863,1.0019257365769114
1970-01-01 00:00:00.000018864,1.0019257365769114
1970-01-01 00:00:00.000018865,1.0019257365769114
1970-01-01 00:00:00.000018866,1.0019257365769114
1970-01-01 00:00:00.000018867,1.0019257365769114
1970-01-01 00:00:00.000018868,1.0019257365769114
1970-01-01 00:00:00.000018869,1.0019257365769114
1970-01-01 00:00:00.000018870,1.0019257365769114
1970-01-01 00:00:00.000018871,1.0019257365769114
1970-01-01 00:00:00.000018872,1.0019257365769114
1970-01-01 00:00:00.000018873,1.0019257365769114
1970-01-01 00:00:00.000018874,1.0019257365769114
1970-01-01 00:00:00.000018875,1.0019257365769114
1970-01-01 00:00:00.000018876,1.0019257365769114
1970-01-01 00:00:00.000018877,1.0019257365769114
1970-01-01 00:00:00.000018878,1.0019257365769114
1970-01-01 00:00:00.000018879,1.0019257365769114
1970-01-01 00:00:00.000018880,1.0019257365769114
1970-01-01 00:00:00.000018881,1.0019257365769114
1970-01-01 00:00:00.000018882,1.0019257365769114
1970-01-01 00:00:00.000018883,1.0019257365769114
1970-01-01 00:00:00.000018884,1.0019257365769114
1970-01-01 00:00:00.000018885,1.0019257365769114
1970-01-01 00:00:00.000018886,1.0019257365769114
1970-01-01 00:00:00.000018887,1.0019257365769114
1970-01-01 00:00:00.000018888,1.0019257365769114
1970-01-01 00:00:00.000018889,1.0019257365769114
1970-01-01 00:00:00.000018890,1.0019257365769114
1970-01-01 00:00:00.000018891,1.0019257365769114
1970-01-01 00:00:00.000018892,1.0019257365769114
1970-01-01 00:00:00.000018893,1.0019257365769114
1970-01-01 00:00:00.000018894,1.0019257365769114
1970-01-01 00:00:00.000018895,1.0019257365769114
1970-01-01 00:00:00.000018896,1.0019257365769114
1970-01-01 00:00:00.000018897,1.0019257365769114
1970-01-01 00:00:00.000018898,1.0019257365769114
1970-01-01 00:00:00.000018899,1.0019257365769114
1970-01-01 00:00:00.000018900,1.0019257365769114
1970-01-01 00:00:00.000018901,1.0019257365769114
1970-01-01 00:00:00.000018902,1.0019257365769114
1970-01-01 00:00:00.000018903,1.0019257365769114
1970-01-01 00:00:00.000018904,1.0019257365769114
1970-01-01 00:00:00.000018905,1.0019257365769114
1970-01-01 00:00:00.000018906,1.0019257365769114
1970-01-01 00:00:00.000018907,1.0019257365769114
1970-01-01 00:00:00.000018908,1.0019257365769114
1970-01-01 00:00:00.000018909,1.0019257365769114
1970-01-01 00:00:00.000018910,1.0019257365769114
1970-01-01 00:00:00.000018911,1.0019257365769114
1970-01-01 00:00:00.000018912,1.0019257365769114
1970-01-01 00:00:00.000018913,1.0019257365769114
1970-01-01 00:00:00.000018914,1.0019257365769114
1970-01-01 00:00:00.000018915,1.0019257365769114
1970-01-01 00:00:00.000018916,1.0019257365769114
1970-01-01 00:00:00.000018917,1.0019257365769114
1970-01-01 00:00:00.000018918,1.0019257365769114
1970-01-01 00:00:00.000018919,1.0019257365769114
1970-01-01 00:00:00.000018920,1.0019257365769114
1970-01-01 00:00:00.000018921,1.0019257365769114
1970-01-01 00:00:00.000018922,1.0019257365769114
1970-01-01 00:00:00.000018923,1.0019257365769114
1970-01-01 00:00:00.000018924,1.0019257365769114
1970-01-01 00:00:00.000018925,1.0019257365769114
1970-01-01 00:00:00.000018926,1.0019257365769114
1970-01-01 00:00:00.000018927,1.0019257365769114
1970-01-01 00:00:00.000018928,1.0019257365769114
1970-01-01 00:00:00.000018929,1.0019257365769114
1970-01-01 00:00:00.000018930,1.0019257365769114
1970-01-01 00:00:00.000018931,1.0019257365769114
1970-01-01 00:00:00.000018932,1.0019257365769114
1970-01-01 00:00:00.000018933,1.0019257365769114
1970-01-01 00:00:00.000018934,1.0019257365769114
1970-01-01 00:00:00.000018935,1.0019257365769114
1970-01-01 00:00:00.000018936,1.0019257365769114
1970-01-01 00:00:00.000018937,1.0019257365769114
1970-01-01 00:00:00.000018938,1.0019257365769114
1970-01-01 00:00:00.000018939,1.0019257365769114
1970-01-01 00:00:00.000018940,1.0019257365769114
1970-01-01 00:00:00.000018941,1.0019257365769114
1970-01-01 00:00:00.000018942,1.0019257365769114
1970-01-01 00:00:00.000018943,1.0019257365769114
1970-01-01 00:00:00.000018944,1.0019257365769114
1970-01-01 00:00:00.000018945,1.0019257365769114
1970-01-01 00:00:00.000018946,1.0019257365769114
1970-01-01 00:00:00.000018947,1.0019257365769114
1970-01-01 00:00:00.000018948,1.0019257365769114
1970-01-01 00:00:00.000018949,1.0019257365769114
1970-01-01 00:00:00.000018950,1.0019257365769114
1970-01-01 00:00:00.000018951,1.0019257365769114
1970-01-01 00:00:00.000018952,1.0019257365769114
1970-01-01 00:00:00.000018953,1.0019257365769114
1970-01-01 00:00:00.000018954,1.0019257365769114
1970-01-01 00:00:00.000018955,1.0019257365769114
1970-01-01 00:00:00.000018956,1.0019257365769114
1970-01-01 00:00:00.000018957,1.0019257365769114
1970-01-01 00:00:00.000018958,1.0019257365769114
1970-01-01 00:00:00.000018959,1.0019257365769114
1970-01-01 00:00:00.000018960,1.0019257365769114
1970-01-01 00:00:00.000018961,1.0019257365769114
1970-01-01 00:00:00.000018962,1.0019257365769114
1970-01-01 00:00:00.000018963,1.0019257365769114
1970-01-01 00:00:00.000018964,1.0019257365769114
1970-01-01 00:00:00.000018965,1.0019257365769114
1970-01-01 00:00:00.000018966,1.0019257365769114
1970-01-01 00:00:00.000018967,1.0019257365769114
1970-01-01 00:00:00.000018968,1.0019257365769114
1970-01-01 00:00:00.000018969,1.0019257365769114
1970-01-01 00:00:00.000018970,1.0019257365769114
1970-01-01 00:00:00.000018971,1.0019257365769114
1970-01-01 00:00:00.000018972,1.0019257365769114
1970-01-01 00:00:00.000018973,1.0019257365769114
1970-01-01 00:00:00.000018974,1.0019257365769114
1970-01-01 00:00:00.000018975,1.0019257365769114
1970-01-01 00:00:00.000018976,1.0019257365769114
1970-01-01 00:00:00.000018977,1.0019257365769114
1970-01-01 00:00:00.000018978,1.0019257365769114
1970-01-01 00:00:00.000018979,1.0019257365769114
1970-01-01 00:00:00.000018980,1.0019257365769114
1970-01-01 00:00:00.000018981,1.0019257365769114
1970-01-01 00:00:00.000018982,1.0019257365769114
1970-01-01 00:00:00.000018983,1.0019257365769114
1970-01-01 00:00:00.000018984,1.0019257365769114
1970-01-01 00:00:00.000018985,1.0019257365769114
1970-01-01 00:00:00.000018986,1.0019257365769114
1970-01-01 00:00:00.000018987,1.0019257365769114
1970-01-01 00:00:00.000018988,1.0019257365769114
1970-01-01 00:00:00.000018989,1.0019257365769114
1970-01-01 00:00:00.000018990,1.0019257365769114
1970-01-01 00:00:00.000018991,1.0019257365769114
1970-01-01 00:00:00.000018992,1.0019257365769114
1970-01-01 00:00:00.000018993,1.0019257365769114
1970-01-01 00:00:00.000018994,1.0019257365769114
1970-01-01 00:00:00.000018995,1.0019257365769114
1970-01-01 00:00:00.000018996,1.0019257365769114
1970-01-01 00:00:00.000018997,1.0019257365769114
1970-01-01 00:00:00.000018998,1.0019257365769114
1970-01-01 00:00:00.000018999,1.0019257365769114
1970-01-01 00:00:00.000019000,1.0019257365769114
1970-01-01 00:00:00.000019001,1.0019257365769114
1970-01-01 00:00:00.000019002,1.0019257365769114
1970-01-01 00:00:00.000019003,1.0019257365769114
1970-01-01 00:00:00.000019004,1.0019257365769114
1970-01-01 00:00:00.000019005,1.0019257365769114
1970-01-01 00:00:00.000019006,1.0019257365769114
1970-01-01 00:00:00.000019007,1.0019257365769114
1970-01-01 00:00:00.000019008,1.0019257365769114
1970-01-01 00:00:00.000019009,1.0019257365769114
1970-01-01 00:00:00.000019010,1.0019257365769114
1970-01-01 00:00:00.000019011,1.0019257365769114
1970-01-01 00:00:00.000019012,1.0019257365769114
1970-01-01 00:00:00.000019013,1.0019257365769114
1970-01-01 00:00:00.000019014,1.0019257365769114
1970-01-01 00:00:00.000019015,1.0019257365769114
1970-01-01 00:00:00.000019016,1.0019257365769114
1970-01-01 00:00:00.000019017,1.0019257365769114
1970-01-01 00:00:00.000019018,1.0019257365769114
1970-01-01 00:00:00.000019019,1.0019257365769114
1970-01-01 00:00:00.000019020,1.0019257365769114
1970-01-01 00:00:00.000019021,1.0019257365769114
1970-01-01 00:00:00.000019022,1.0019257365769114
1970-01-01 00:00:00.000019023,1.0019257365769114
1970-01-01 00:00:00.000019024,1.0019257365769114
1970-01-01 00:00:00.000019025,1.0019257365769114
1970-01-01 00:00:00.000019026,1.0019257365769114
1970-01-01 00:00:00.000019027,1.0019257365769114
1970-01-01 00:00:00.000019028,1.0019257365769114
1970-01-01 00:00:00.000019029,1.0019257365769114
1970-01-01 00:00:00.000019030,1.0019257365769114
1970-01-01 00:00:00.000019031,1.0019257365769114
1970-01-01 00:00:00.000019032,1.0019257365769114
1970-01-01 00:00:00.000019033,1.0019257365769114
1970-01-01 00:00:00.000019034,1.0019257365769114
1970-01-01 00:00:00.000019035,1.0019257365769114
1970-01-01 00:00:00.000019036,1.0019257365769114
1970-01-01 00:00:00.000019037,1.0019257365769114
1970-01-01 00:00:00.000019038,1.0019257365769114
1970-01-01 00:00:00.000019039,1.0019257365769114
1970-01-01 00:00:00.000019040,1.0019257365769114
1970-01-01 00:00:00.000019041,1.0019257365769114
1970-01-01 00:00:00.000019042,1.0019257365769114
1970-01-01 00:00:00.000019043,1.0019257365769114
1970-01-01 00:00:00.000019044,1.0019257365769114
1970-01-01 00:00:00.000019045,1.0019257365769114
1970-01-01 00:00:00.000019046,1.0019257365769114
1970-01-01 00:00:00.000019047,1.0019257365769114
1970-01-01 00:00:00.000019048,1.0019257365769114
1970-01-01 00:00:00.000019049,1.0019257365769114
1970-01-01 00:00:00.000019050,1.0019257365769114
1970-01-01 00:00:00.000019051,1.0019257365769114
1970-01-01 00:00:00.000019052,1.0019257365769114
1970-01-01 00:00:00.000019053,1.0019257365769114
1970-01-01 00:00:00.000019054,1.0019257365769114
1970-01-01 00:00:00.000019055,1.0019257365769114
1970-01-01 00:00:00.000019056,1.0019257365769114
1970-01-01 00:00:00.000019057,1.0019257365769114
1970-01-01 00:00:00.000019058,1.0019257365769114
1970-01-01 00:00:00.000019059,1.0019257365769114
1970-01-01 00:00:00.000019060,1.0019257365769114
1970-01-01 00:00:00.000019061,1.0019257365769114
1970-01-01 00:00:00.000019062,1.0019257365769114
1970-01-01 00:00:00.000019063,1.0019257365769114
1970-01-01 00:00:00.000019064,1.0019257365769114
1970-01-01 00:00:00.000019065,1.0002227210568446
1970-01-01 00:00:00.000019066,1.000122698784739
1970-01-01 00:00:00.000019067,1.000122698784739
1970-01-01 00:00:00.000019068,1.000122698784739
1970-01-01 00:00:00.000019069,1.000122698784739
1970-01-01 00:00:00.000019070,1.000122698784739
1970-01-01 00:00:00.000019071,1.000122698784739
1970-01-01 00:00:00.000019072,1.000122698784739
1970-01-01 00:00:00.000019073,1.000122698784739
1970-01-01 00:00:00.000019074,1.000122698784739
1970-01-01 00:00:00.000019075,1.000122698784739
1970-01-01 00:00:00.000019076,1.000122698784739
1970-01-01 00:00:00.000019077,1.000122698784739
1970-01-01 00:00:00.000019078,1.000122698784739
1970-01-01 00:00:00.000019079,1.000122698784739
1970-01-01 00:00:00.000019080,1.000122698784739
1970-01-01 00:00:00.000019081,1.000122698784739
1970-01-01 00:00:00.000019082,1.000122698784739
1970-01-01 00:00:00.000019083,1.000122698784739
1970-01-01 00:00:00.000019084,1.000122698784739
1970-01-01 00:00:00.000019085,1.000122698784739
1970-01-01 00:00:00.000019086,1.000122698784739
1970-01-01 00:00:00.000019087,1.000122698784739
1970-01-01 00:00:00.000019088,1.000122698784739
1970-01-01 00:00:00.000019089,1.000122698784739
1970-01-01 00:00:00.000019090,1.000122698784739
1970-01-01 00:00:00.000019091,1.000122698784739
1970-01-01 00:00:00.000019092,1.000122698784739
1970-01-01 00:00:00.000019093,1.000122698784739
1970-01-01 00:00:00.000019094,1.000122698784739
1970-01-01 00:00:00.000019095,1.000122698784739
1970-01-01 00:00:00.000019096,1.000122698784739
1970-01-01 00:00:00.000019097,1.000122698784739
1970-01-01 00:00:00.000019098,1.000122698784739
1970-01-01 00:00:00.000019099,1.000122698784739
1970-01-01 00:00:00.000019100,1.000122698784739
1970-01-01 00:00:00.000019101,1.000122698784739
1970-01-01 00:00:00.000019102,1.000122698784739
1970-01-01 00:00:00.000019103,1.000122698784739
1970-01-01 00:00:00.000019104,1.000122698784739
1970-01-01 00:00:00.000019105,1.000122698784739
1970-01-01 00:00:00.000019106,1.000122698784739
1970-01-01 00:00:00.000019107,1.000122698784739
1970-01-01 00:00:00.000019108,1.000122698784739
1970-01-01 00:00:00.000019109,1.000122698784739
1970-01-01 00:00:00.000019110,1.000122698784739
1970-01-01 00:00:00.000019111,1.000122698784739
1970-01-01 00:00:00.000019112,1.000122698784739
1970-01-01 00:00:00.000019113,1.000122698784739
1970-01-01 00:00:00.000019114,1.000122698784739
1970-01-01 00:00:00.000019115,1.000122698784739
1970-01-01 00:00:00.000019116,1.000122698784739
1970-01-01 00:00:00.000019117,1.000122698784739
1970-01-01 00:00:00.000019118,1.000122698784739
1970-01-01 00:00:00.000019119,1.000122698784739
1970-01-01 00:00:00.000019120,1.000122698784739
1970-01-01 00:00:00.000019121,1.000122698784739
1970-01-01 00:00:00.000019122,1.000122698784739
1970-01-01 00:00:00.000019123,1.000122698784739
1970-01-01 00:00:00.000019124,1.000122698784739
1970-01-01 00:00:00.000019125,1.000122698784739
1970-01-01 00:00:00.000019126,1.000122698784739
1970-01-01 00:00:00.000019127,1.000122698784739
1970-01-01 00:00:00.000019128,1.000122698784739
1970-01-01 00:00:00.000019129,1.000122698784739
1970-01-01 00:00:00.000019130,1.000122698784739
1970-01-01 00:00:00.000019131,1.000122698784739
1970-01-01 00:00:00.000019132,1.000122698784739
1970-01-01 00:00:00.000019133,1.000122698784739
1970-01-01 00:00:00.000019134,1.000122698784739
1970-01-01 00:00:00.000019135,1.000122698784739
1970-01-01 00:00:00.000019136,1.000122698784739
1970-01-01 00:00:00.000019137,1.000122698784739
1970-01-01 00:00:00.000019138,1.000122698784739
1970-01-01 00:00:00.000019139,1.000122698784739
1970-01-01 00:00:00.000019140,1.000122698784739
1970-01-01 00:00:00.000019141,1.000122698784739
1970-01-01 00:00:00.000019142,1.000122698784739
1970-01-01 00:00:00.000019143,1.000122698784739
1970-01-01 00:00:00.000019144,1.000122698784739
1970-01-01 00:00:00.000019145,1.000122698784739
1970-01-01 00:00:00.000019146,1.000122698784739
1970-01-01 00:00:00.000019147,1.000122698784739
1970-01-01 00:00:00.000019148,1.000122698784739
1970-01-01 00:00:00.000019149,1.000122698784739
1970-01-01 00:00:00.000019150,1.000122698784739
1970-01-01 00:00:00.000019151,1.000122698784739
1970-01-01 00:00:00.000019152,1.000122698784739
1970-01-01 00:00:00.000019153,1.000122698784739
1970-01-01 00:00:00.000019154,1.000122698784739
1970-01-01 00:00:00.000019155,1.000122698784739
1970-01-01 00:00:00.000019156,1.000122698784739
1970-01-01 00:00:00.000019157,1.000122698784739
1970-01-01 00:00:00.000019158,1.000122698784739
1970-01-01 00:00:00.000019159,1.000122698784739
1970-01-01 00:00:00.000019160,1.000122698784739
1970-01-01 00:00:00.000019161,1.000122698784739
1970-01-01 00:00:00.000019162,1.000122698784739
1970-01-01 00:00:00.000019163,1.000122698784739
1970-01-01 00:00:00.000019164,1.000122698784739
1970-01-01 00:00:00.000019165,1.000122698784739
1970-01-01 00:00:00.000019166,1.000122698784739
1970-01-01 00:00:00.000019167,1.000122698784739
1970-01-01 00:00:00.000019168,1.000122698784739
1970-01-01 00:00:00.000019169,1.000122698784739
1970-01-01 00:00:00.000019170,1.000122698784739
1970-01-01 00:00:00.000019171,0.9992686990229572
1970-01-01 00:00:00.000019172,0.999168772153055
1970-01-01 00:00:00.000019173,0.999168772153055
1970-01-01 00:00:00.000019174,0.999168772153055
1970-01-01 00:00:00.000019175,0.999168772153055
1970-01-01 00:00:00.000019176,0.999168772153055
1970-01-01 00:00:00.000019177,0.999168772153055
1970-01-01 00:00:00.000019178,0.999168772153055
1970-01-01 00:00:00.000019179,0.999168772153055
1970-01-01 00:00:00.000019180,0.999168772153055
1970-01-01 00:00:00.000019181,0.999168772153055
1970-01-01 00:00:00.000019182,0.999168772153055
1970-01-01 00:00:00.000019183,0.999168772153055
1970-01-01 00:00:00.000019184,0.999168772153055
1970-01-01 00:00:00.000019185,0.999168772153055
1970-01-01 00:00:00.000019186,0.999168772153055
1970-01-01 00:00:00.000019187,0.999168772153055
1970-01-01 00:00:00.000019188,0.999168772153055
1970-01-01 00:00:00.000019189,0.999168772153055
1970-01-01 00:00:00.000019190,0.999168772153055
1970-01-01 00:00:00.000019191,0.999168772153055
1970-01-01 00:00:00.000019192,0.999168772153055
1970-01-01 00:00:00.000019193,0.999168772153055
1970-01-01 00:00:00.000019194,0.999168772153055
1970-01-01 00:00:00.000019195,0.999168772153055
1970-01-01 00:00:00.000019196,0.999168772153055
1970-01-01 00:00:00.000019197,0.999168772153055
1970-01-01 00:00:00.000019198,0.999168772153055
1970-01-01 00:00:00.000019199,0.999168772153055
1970-01-01 00:00:00.000019200,0.999168772153055
1970-01-01 00:00:00.000019201,0.999168772153055
1970-01-01 00:00:00.000019202,0.999168772153055
1970-01-01 00:00:00.000019203,0.999168772153055
1970-01-01 00:00:00.000019204,0.999168772153055
1970-01-01 00:00:00.000019205,0.999168772153055
1970-01-01 00:00:00.000019206,0.999168772153055
1970-01-01 00:00:00.000019207,0.999168772153055
1970-01-01 00:00:00.000019208,0.999168772153055
1970-01-01 00:00:00.000019209,0.999168772153055
1970-01-01 00:00:00.000019210,0.999168772153055
1970-01-01 00:00:00.000019211,0.999168772153055
1970-01-01 00:00:00.000019212,0.999168772153055
1970-01-01 00:00:00.000019213,0.999168772153055
1970-01-01 00:00:00.000019214,0.999168772153055
1970-01-01 00:00:00.000019215,0.999168772153055
1970-01-01 00:00:00.000019216,0.999168772153055
1970-01-01 00:00:00.000019217,0.999168772153055
1970-01-01 00:00:00.000019218,0.999168772153055
1970-01-01 00:00:00.000019219,0.999168772153055
1970-01-01 00:00:00.000019220,0.999168772153055
1970-01-01 00:00:00.000019221,0.999168772153055
1970-01-01 00:00:00.000019222,0.999168772153055
1970-01-01 00:00:00.000019223,0.999168772153055
1970-01-01 00:00:00.000019224,0.999168772153055
1970-01-01 00:00:00.000019225,0.999168772153055
1970-01-01 00:00:00.000019226,0.999168772153055
1970-01-01 00:00:00.000019227,0.999168772153055
1970-01-01 00:00:00.000019228,0.999168772153055
1970-01-01 00:00:00.000019229,0.999168772153055
1970-01-01 00:00:00.000019230,0.999168772153055
1970-01-01 00:00:00.000019231,0.999168772153055
1970-01-01 00:00:00.000019232,0.999168772153055
1970-01-01 00:00:00.000019233,0.999168772153055
1970-01-01 00:00:00.000019234,0.999168772153055
1970-01-01 00:00:00.000019235,0.999168772153055
1970-01-01 00:00:00.000019236,0.999168772153055
1970-01-01 00:00:00.000019237,0.999168772153055
1970-01-01 00:00:00.000019238,0.999168772153055
1970-01-01 00:00:00.000019239,0.999168772153055
1970-01-01 00:00:00.000019240,0.999168772153055
1970-01-01 00:00:00.000019241,0.999168772153055
1970-01-01 00:00:00.000019242,0.999168772153055
1970-01-01 00:00:00.000019243,0.999168772153055
1970-01-01 00:00:00.000019244,0.999168772153055
1970-01-01 00:00:00.000019245,0.9994758575402771
1970-01-01 00:00:00.000019246,0.9993759099545231
1970-01-01 00:00:00.000019247,0.9993759099545231
1970-01-01 00:00:00.000019248,0.9993759099545231
1970-01-01 00:00:00.000019249,0.9993759099545231
1970-01-01 00:00:00.000019250,1.001360981215921
1970-01-01 00:00:00.000019251,1.0012608451177993
1970-01-01 00:00:00.000019252,1.0012608451177993
1970-01-01 00:00:00.000019253,1.0012608451177993
1970-01-01 00:00:00.000019254,1.0012608451177993
1970-01-01 00:00:00.000019255,1.0012608451177993
1970-01-01 00:00:00.000019256,1.0012608451177993
1970-01-01 00:00:00.000019257,1.0012608451177993
1970-01-01 00:00:00.000019258,1.0012608451177993
1970-01-01 00:00:00.000019259,1.0012608451177993
1970-01-01 00:00:00.000019260,1.0012608451177993
1970-01-01 00:00:00.000019261,1.0012608451177993
1970-01-01 00:00:00.000019262,1.0012608451177993
1970-01-01 00:00:00.000019263,1.0012608451177993
1970-01-01 00:00:00.000019264,1.0012608451177993
1970-01-01 00:00:00.000019265,1.0012608451177993
1970-01-01 00:00:00.000019266,1.0012608451177993
1970-01-01 00:00:00.000019267,0.9993681110156214
1970-01-01 00:00:00.000019268,0.9992681742045199
1970-01-01 00:00:00.000019269,0.9992681742045199
1970-01-01 00:00:00.000019270,0.9992681742045199
1970-01-01 00:00:00.000019271,0.9992681742045199
1970-01-01 00:00:00.000019272,0.9992681742045199
1970-01-01 00:00:00.000019273,0.9992681742045199
1970-01-01 00:00:00.000019274,0.9992681742045199
1970-01-01 00:00:00.000019275,0.9992681742045199
1970-01-01 00:00:00.000019276,0.9992681742045199
1970-01-01 00:00:00.000019277,0.9992681742045199
1970-01-01 00:00:00.000019278,0.9992681742045199
1970-01-01 00:00:00.000019279,0.9992681742045199
1970-01-01 00:00:00.000019280,0.9992681742045199
1970-01-01 00:00:00.000019281,0.9992681742045199
1970-01-01 00:00:00.000019282,0.9992681742045199
1970-01-01 00:00:00.000019283,0.9992681742045199
1970-01-01 00:00:00.000019284,0.9992681742045199
1970-01-01 00:00:00.000019285,0.9992681742045199
1970-01-01 00:00:00.000019286,0.9992681742045199
1970-01-01 00:00:00.000019287,0.9992681742045199
1970-01-01 00:00:00.000019288,1.002139942529527
1970-01-01 00:00:00.000019289,1.002039728535274
1970-01-01 00:00:00.000019290,1.002039728535274
1970-01-01 00:00:00.000019291,1.002039728535274
1970-01-01 00:00:00.000019292,1.002039728535274
1970-01-01 00:00:00.000019293,1.002039728535274
1970-01-01 00:00:00.000019294,1.002039728535274
1970-01-01 00:00:00.000019295,1.002039728535274
1970-01-01 00:00:00.000019296,1.002039728535274
1970-01-01 00:00:00.000019297,1.002039728535274
1970-01-01 00:00:00.000019298,1.002039728535274
1970-01-01 00:00:00.000019299,1.002039728535274
1970-01-01 00:00:00.000019300,1.002039728535274
1970-01-01 00:00:00.000019301,1.002039728535274
1970-01-01 00:00:00.000019302,1.002039728535274
1970-01-01 00:00:00.000019303,1.002039728535274
1970-01-01 00:00:00.000019304,1.002039728535274
1970-01-01 00:00:00.000019305,1.002039728535274
1970-01-01 00:00:00.000019306,1.002039728535274
1970-01-01 00:00:00.000019307,1.002039728535274
1970-01-01 00:00:00.000019308,1.002039728535274
1970-01-01 00:00:00.000019309,1.002039728535274
1970-01-01 00:00:00.000019310,1.002039728535274
1970-01-01 00:00:00.000019311,1.002039728535274
1970-01-01 00:00:00.000019312,1.002039728535274
1970-01-01 00:00:00.000019313,1.002039728535274
1970-01-01 00:00:00.000019314,1.002039728535274
1970-01-01 00:00:00.000019315,1.002039728535274
1970-01-01 00:00:00.000019316,1.002039728535274
1970-01-01 00:00:00.000019317,1.002039728535274
1970-01-01 00:00:00.000019318,1.002039728535274
1970-01-01 00:00:00.000019319,1.002039728535274
1970-01-01 00:00:00.000019320,1.002039728535274
1970-01-01 00:00:00.000019321,1.002039728535274
1970-01-01 00:00:00.000019322,1.002039728535274
1970-01-01 00:00:00.000019323,1.002039728535274
1970-01-01 00:00:00.000019324,1.002039728535274
1970-01-01 00:00:00.000019325,1.002039728535274
1970-01-01 00:00:00.000019326,1.002039728535274
1970-01-01 00:00:00.000019327,1.002039728535274
1970-01-01 00:00:00.000019328,1.002039728535274
1970-01-01 00:00:00.000019329,1.002039728535274
1970-01-01 00:00:00.000019330,1.002039728535274
1970-01-01 00:00:00.000019331,1.002039728535274
1970-01-01 00:00:00.000019332,1.002039728535274
1970-01-01 00:00:00.000019333,1.002039728535274
1970-01-01 00:00:00.000019334,1.002039728535274
1970-01-01 00:00:00.000019335,1.002039728535274
1970-01-01 00:00:00.000019336,1.002039728535274
1970-01-01 00:00:00.000019337,1.002039728535274
1970-01-01 00:00:00.000019338,1.002039728535274
1970-01-01 00:00:00.000019339,1.002039728535274
1970-01-01 00:00:00.000019340,1.002039728535274
1970-01-01 00:00:00.000019341,1.002039728535274
1970-01-01 00:00:00.000019342,1.002039728535274
1970-01-01 00:00:00.000019343,1.002039728535274
1970-01-01 00:00:00.000019344,1.002039728535274
1970-01-01 00:00:00.000019345,1.002039728535274
1970-01-01 00:00:00.000019346,1.002039728535274
1970-01-01 00:00:00.000019347,1.002039728535274
1970-01-01 00:00:00.000019348,1.002039728535274
1970-01-01 00:00:00.000019349,1.002039728535274
1970-01-01 00:00:00.000019350,1.002039728535274
1970-01-01 00:00:00.000019351,1.002039728535274
1970-01-01 00:00:00.000019352,1.002039728535274
1970-01-01 00:00:00.000019353,1.002039728535274
1970-01-01 00:00:00.000019354,1.002039728535274
1970-01-01 00:00:00.000019355,1.002039728535274
1970-01-01 00:00:00.000019356,1.002039728535274
1970-01-01 00:00:00.000019357,1.002039728535274
1970-01-01 00:00:00.000019358,1.002039728535274
1970-01-01 00:00:00.000019359,1.002039728535274
1970-01-01 00:00:00.000019360,1.002039728535274
1970-01-01 00:00:00.000019361,1.002039728535274
1970-01-01 00:00:00.000019362,1.002039728535274
1970-01-01 00:00:00.000019363,1.002039728535274
1970-01-01 00:00:00.000019364,1.002039728535274
1970-01-01 00:00:00.000019365,1.002039728535274
1970-01-01 00:00:00.000019366,1.002039728535274
1970-01-01 00:00:00.000019367,1.002039728535274
1970-01-01 00:00:00.000019368,1.002039728535274
1970-01-01 00:00:00.000019369,1.002039728535274
1970-01-01 00:00:00.000019370,1.002039728535274
1970-01-01 00:00:00.000019371,1.002039728535274
1970-01-01 00:00:00.000019372,1.002039728535274
1970-01-01 00:00:00.000019373,1.002039728535274
1970-01-01 00:00:00.000019374,1.002039728535274
1970-01-01 00:00:00.000019375,1.002039728535274
1970-01-01 00:00:00.000019376,1.002039728535274
1970-01-01 00:00:00.000019377,1.002039728535274
1970-01-01 00:00:00.000019378,1.002039728535274
1970-01-01 00:00:00.000019379,1.002039728535274
1970-01-01 00:00:00.000019380,1.002039728535274
1970-01-01 00:00:00.000019381,1.002039728535274
1970-01-01 00:00:00.000019382,1.002039728535274
1970-01-01 00:00:00.000019383,1.002039728535274
1970-01-01 00:00:00.000019384,1.002039728535274
1970-01-01 00:00:00.000019385,1.002039728535274
1970-01-01 00:00:00.000019386,1.002039728535274
1970-01-01 00:00:00.000019387,1.002039728535274
1970-01-01 00:00:00.000019388,1.002039728535274
1970-01-01 00:00:00.000019389,1.002039728535274
1970-01-01 00:00:00.000019390,1.002039728535274
1970-01-01 00:00:00.000019391,1.002039728535274
1970-01-01 00:00:00.000019392,1.002039728535274
1970-01-01 00:00:00.000019393,1.002039728535274
1970-01-01 00:00:00.000019394,1.002039728535274
1970-01-01 00:00:00.000019395,1.002039728535274
1970-01-01 00:00:00.000019396,1.002039728535274
1970-01-01 00:00:00.000019397,1.002039728535274
1970-01-01 00:00:00.000019398,1.002039728535274
1970-01-01 00:00:00.000019399,1.002039728535274
1970-01-01 00:00:00.000019400,1.002039728535274
1970-01-01 00:00:00.000019401,1.002039728535274
1970-01-01 00:00:00.000019402,1.002039728535274
1970-01-01 00:00:00.000019403,1.002039728535274
1970-01-01 00:00:00.000019404,1.002039728535274
1970-01-01 00:00:00.000019405,1.002039728535274
1970-01-01 00:00:00.000019406,1.002039728535274
1970-01-01 00:00:00.000019407,1.002039728535274
1970-01-01 00:00:00.000019408,1.002039728535274
1970-01-01 00:00:00.000019409,1.002039728535274
1970-01-01 00:00:00.000019410,1.002039728535274
1970-01-01 00:00:00.000019411,1.002039728535274
1970-01-01 00:00:00.000019412,1.002039728535274
1970-01-01 00:00:00.000019413,1.002039728535274
1970-01-01 00:00:00.000019414,1.002039728535274
1970-01-01 00:00:00.000019415,1.002039728535274
1970-01-01 00:00:00.000019416,1.002039728535274
1970-01-01 00:00:00.000019417,1.002039728535274
1970-01-01 00:00:00.000019418,1.002039728535274
1970-01-01 00:00:00.000019419,1.002039728535274
1970-01-01 00:00:00.000019420,1.002039728535274
1970-01-01 00:00:00.000019421,1.002039728535274
1970-01-01 00:00:00.000019422,1.002039728535274
1970-01-01 00:00:00.000019423,1.002039728535274
1970-01-01 00:00:00.000019424,1.002039728535274
1970-01-01 00:00:00.000019425,1.002039728535274
1970-01-01 00:00:00.000019426,1.002039728535274
1970-01-01 00:00:00.000019427,1.002039728535274
1970-01-01 00:00:00.000019428,1.002039728535274
1970-01-01 00:00:00.000019429,1.002039728535274
1970-01-01 00:00:00.000019430,1.002039728535274
1970-01-01 00:00:00.000019431,1.002039728535274
1970-01-01 00:00:00.000019432,1.002039728535274
1970-01-01 00:00:00.000019433,1.002039728535274
1970-01-01 00:00:00.000019434,1.002039728535274
1970-01-01 00:00:00.000019435,1.002039728535274
1970-01-01 00:00:00.000019436,1.002039728535274
1970-01-01 00:00:00.000019437,1.002039728535274
1970-01-01 00:00:00.000019438,1.002039728535274
1970-01-01 00:00:00.000019439,1.002039728535274
1970-01-01 00:00:00.000019440,1.002039728535274
1970-01-01 00:00:00.000019441,1.002039728535274
1970-01-01 00:00:00.000019442,1.002039728535274
1970-01-01 00:00:00.000019443,1.002039728535274
1970-01-01 00:00:00.000019444,1.002039728535274
1970-01-01 00:00:00.000019445,1.002039728535274
1970-01-01 00:00:00.000019446,1.002039728535274
1970-01-01 00:00:00.000019447,1.002039728535274
1970-01-01 00:00:00.000019448,1.002039728535274
1970-01-01 00:00:00.000019449,1.002039728535274
1970-01-01 00:00:00.000019450,1.002039728535274
1970-01-01 00:00:00.000019451,1.002039728535274
1970-01-01 00:00:00.000019452,1.002039728535274
1970-01-01 00:00:00.000019453,1.002039728535274
1970-01-01 00:00:00.000019454,1.002039728535274
1970-01-01 00:00:00.000019455,1.002039728535274
1970-01-01 00:00:00.000019456,1.002039728535274
1970-01-01 00:00:00.000019457,1.002039728535274
1970-01-01 00:00:00.000019458,1.002039728535274
1970-01-01 00:00:00.000019459,1.002039728535274
1970-01-01 00:00:00.000019460,1.002039728535274
1970-01-01 00:00:00.000019461,1.002039728535274
1970-01-01 00:00:00.000019462,1.002039728535274
1970-01-01 00:00:00.000019463,1.002039728535274
1970-01-01 00:00:00.000019464,1.002039728535274
1970-01-01 00:00:00.000019465,1.002039728535274
1970-01-01 00:00:00.000019466,1.002039728535274
1970-01-01 00:00:00.000019467,1.002039728535274
1970-01-01 00:00:00.000019468,1.002039728535274
1970-01-01 00:00:00.000019469,1.002039728535274
1970-01-01 00:00:00.000019470,1.002039728535274
1970-01-01 00:00:00.000019471,1.002039728535274
1970-01-01 00:00:00.000019472,1.002039728535274
1970-01-01 00:00:00.000019473,1.002039728535274
1970-01-01 00:00:00.000019474,1.002039728535274
1970-01-01 00:00:00.000019475,1.002039728535274
1970-01-01 00:00:00.000019476,1.002039728535274
1970-01-01 00:00:00.000019477,1.002039728535274
1970-01-01 00:00:00.000019478,1.002039728535274
1970-01-01 00:00:00.000019479,1.002039728535274
1970-01-01 00:00:00.000019480,1.002039728535274
1970-01-01 00:00:00.000019481,1.002039728535274
1970-01-01 00:00:00.000019482,1.002039728535274
1970-01-01 00:00:00.000019483,1.002039728535274
1970-01-01 00:00:00.000019484,1.002039728535274
1970-01-01 00:00:00.000019485,1.002039728535274
1970-01-01 00:00:00.000019486,1.002039728535274
1970-01-01 00:00:00.000019487,1.002039728535274
1970-01-01 00:00:00.000019488,1.002039728535274
1970-01-01 00:00:00.000019489,1.002039728535274
1970-01-01 00:00:00.000019490,1.002039728535274
1970-01-01 00:00:00.000019491,1.002039728535274
1970-01-01 00:00:00.000019492,1.002039728535274
1970-01-01 00:00:00.000019493,1.002039728535274
1970-01-01 00:00:00.000019494,1.002039728535274
1970-01-01 00:00:00.000019495,1.002039728535274
1970-01-01 00:00:00.000019496,1.002039728535274
1970-01-01 00:00:00.000019497,1.002039728535274
1970-01-01 00:00:00.000019498,1.002039728535274
1970-01-01 00:00:00.000019499,1.002039728535274
1970-01-01 00:00:00.000019500,1.002039728535274
1970-01-01 00:00:00.000019501,1.002039728535274
1970-01-01 00:00:00.000019502,1.002039728535274
1970-01-01 00:00:00.000019503,1.002039728535274
1970-01-01 00:00:00.000019504,1.002039728535274
1970-01-01 00:00:00.000019505,1.002039728535274
1970-01-01 00:00:00.000019506,1.002039728535274
1970-01-01 00:00:00.000019507,1.002039728535274
1970-01-01 00:00:00.000019508,1.002039728535274
1970-01-01 00:00:00.000019509,1.002039728535274
1970-01-01 00:00:00.000019510,1.002039728535274
1970-01-01 00:00:00.000019511,1.002039728535274
1970-01-01 00:00:00.000019512,1.002039728535274
1970-01-01 00:00:00.000019513,1.002039728535274
1970-01-01 00:00:00.000019514,1.002039728535274
1970-01-01 00:00:00.000019515,1.002039728535274
1970-01-01 00:00:00.000019516,1.002039728535274
1970-01-01 00:00:00.000019517,1.002039728535274
1970-01-01 00:00:00.000019518,1.002039728535274
1970-01-01 00:00:00.000019519,1.002039728535274
1970-01-01 00:00:00.000019520,1.002039728535274
1970-01-01 00:00:00.000019521,1.002039728535274
1970-01-01 00:00:00.000019522,1.002039728535274
1970-01-01 00:00:00.000019523,1.002039728535274
1970-01-01 00:00:00.000019524,1.002039728535274
1970-01-01 00:00:00.000019525,1.002039728535274
1970-01-01 00:00:00.000019526,1.002039728535274
1970-01-01 00:00:00.000019527,1.002039728535274
1970-01-01 00:00:00.000019528,1.002039728535274
1970-01-01 00:00:00.000019529,1.002039728535274
1970-01-01 00:00:00.000019530,1.002039728535274
1970-01-01 00:00:00.000019531,1.002039728535274
1970-01-01 00:00:00.000019532,1.002039728535274
1970-01-01 00:00:00.000019533,1.002039728535274
1970-01-01 00:00:00.000019534,1.002039728535274
1970-01-01 00:00:00.000019535,1.002039728535274
1970-01-01 00:00:00.000019536,1.002039728535274
1970-01-01 00:00:00.000019537,1.002039728535274
1970-01-01 00:00:00.000019538,1.002039728535274
1970-01-01 00:00:00.000019539,1.002039728535274
1970-01-01 00:00:00.000019540,1.002039728535274
1970-01-01 00:00:00.000019541,1.002039728535274
1970-01-01 00:00:00.000019542,1.002039728535274
1970-01-01 00:00:00.000019543,1.002039728535274
1970-01-01 00:00:00.000019544,1.002039728535274
1970-01-01 00:00:00.000019545,1.002039728535274
1970-01-01 00:00:00.000019546,1.002039728535274
1970-01-01 00:00:00.000019547,1.002039728535274
1970-01-01 00:00:00.000019548,1.002039728535274
1970-01-01 00:00:00.000019549,1.002039728535274
1970-01-01 00:00:00.000019550,1.002039728535274
1970-01-01 00:00:00.000019551,1.002039728535274
1970-01-01 00:00:00.000019552,1.002039728535274
1970-01-01 00:00:00.000019553,1.002039728535274
1970-01-01 00:00:00.000019554,1.002039728535274
1970-01-01 00:00:00.000019555,1.002039728535274
1970-01-01 00:00:00.000019556,1.002039728535274
1970-01-01 00:00:00.000019557,1.002039728535274
1970-01-01 00:00:00.000019558,1.002039728535274
1970-01-01 00:00:00.000019559,1.002039728535274
1970-01-01 00:00:00.000019560,1.002039728535274
1970-01-01 00:00:00.000019561,1.002039728535274
1970-01-01 00:00:00.000019562,1.002039728535274
1970-01-01 00:00:00.000019563,1.002039728535274
1970-01-01 00:00:00.000019564,1.002039728535274
1970-01-01 00:00:00.000019565,1.002039728535274
1970-01-01 00:00:00.000019566,1.002039728535274
1970-01-01 00:00:00.000019567,1.002039728535274
1970-01-01 00:00:00.000019568,1.002039728535274
1970-01-01 00:00:00.000019569,1.002039728535274
1970-01-01 00:00:00.000019570,1.002039728535274
1970-01-01 00:00:00.000019571,1.002039728535274
1970-01-01 00:00:00.000019572,1.002039728535274
1970-01-01 00:00:00.000019573,1.002039728535274
1970-01-01 00:00:00.000019574,1.002039728535274
1970-01-01 00:00:00.000019575,1.002039728535274
1970-01-01 00:00:00.000019576,1.002039728535274
1970-01-01 00:00:00.000019577,1.002039728535274
1970-01-01 00:00:00.000019578,1.002039728535274
1970-01-01 00:00:00.000019579,1.002039728535274
1970-01-01 00:00:00.000019580,1.002039728535274
1970-01-01 00:00:00.000019581,1.002039728535274
1970-01-01 00:00:00.000019582,1.002039728535274
1970-01-01 00:00:00.000019583,1.002039728535274
1970-01-01 00:00:00.000019584,1.002039728535274
1970-01-01 00:00:00.000019585,1.002039728535274
1970-01-01 00:00:00.000019586,1.002039728535274
1970-01-01 00:00:00.000019587,1.002039728535274
1970-01-01 00:00:00.000019588,1.002039728535274
1970-01-01 00:00:00.000019589,1.002039728535274
1970-01-01 00:00:00.000019590,1.002039728535274
1970-01-01 00:00:00.000019591,1.002039728535274
1970-01-01 00:00:00.000019592,1.002039728535274
1970-01-01 00:00:00.000019593,1.002039728535274
1970-01-01 00:00:00.000019594,1.002039728535274
1970-01-01 00:00:00.000019595,1.002039728535274
1970-01-01 00:00:00.000019596,1.002039728535274
1970-01-01 00:00:00.000019597,1.002039728535274
1970-01-01 00:00:00.000019598,1.002039728535274
1970-01-01 00:00:00.000019599,1.002039728535274
1970-01-01 00:00:00.000019600,1.002039728535274
1970-01-01 00:00:00.000019601,0.99849863438191
1970-01-01 00:00:00.000019602,0.9990749104060028
1970-01-01 00:00:00.000019603,0.9989750029149622
1970-01-01 00:00:00.000019604,0.9989750029149622
1970-01-01 00:00:00.000019605,0.9989750029149622
1970-01-01 00:00:00.000019606,0.9989750029149622
1970-01-01 00:00:00.000019607,0.9989750029149622
1970-01-01 00:00:00.000019608,0.9989750029149622
1970-01-01 00:00:00.000019609,0.9989750029149622
1970-01-01 00:00:00.000019610,0.9989750029149622
1970-01-01 00:00:00.000019611,0.9989750029149622
1970-01-01 00:00:00.000019612,0.9989750029149622
1970-01-01 00:00:00.000019613,0.9989750029149622
1970-01-01 00:00:00.000019614,0.9989750029149622
1970-01-01 00:00:00.000019615,0.9989750029149622
1970-01-01 00:00:00.000019616,0.9989750029149622
1970-01-01 00:00:00.000019617,0.9989750029149622
1970-01-01 00:00:00.000019618,0.9989750029149622
1970-01-01 00:00:00.000019619,0.9989750029149622
1970-01-01 00:00:00.000019620,0.9989750029149622
1970-01-01 00:00:00.000019621,0.9989750029149622
1970-01-01 00:00:00.000019622,0.9989750029149622
1970-01-01 00:00:00.000019623,0.9989750029149622
1970-01-01 00:00:00.000019624,0.9989750029149622
1970-01-01 00:00:00.000019625,0.9989750029149622
1970-01-01 00:00:00.000019626,0.9989750029149622
1970-01-01 00:00:00.000019627,0.9989750029149622
1970-01-01 00:00:00.000019628,0.9989750029149622
1970-01-01 00:00:00.000019629,0.9989750029149622
1970-01-01 00:00:00.000019630,0.9989750029149622
1970-01-01 00:00:00.000019631,0.9989750029149622
1970-01-01 00:00:00.000019632,0.9989750029149622
1970-01-01 00:00:00.000019633,0.9989750029149622
1970-01-01 00:00:00.000019634,0.9989750029149622
1970-01-01 00:00:00.000019635,0.9989750029149622
1970-01-01 00:00:00.000019636,0.9989750029149622
1970-01-01 00:00:00.000019637,0.9989750029149622
1970-01-01 00:00:00.000019638,0.9989750029149622
1970-01-01 00:00:00.000019639,0.9989750029149622
1970-01-01 00:00:00.000019640,0.9989750029149622
1970-01-01 00:00:00.000019641,0.9989750029149622
1970-01-01 00:00:00.000019642,0.9989750029149622
1970-01-01 00:00:00.000019643,0.9989750029149622
1970-01-01 00:00:00.000019644,0.9989750029149622
1970-01-01 00:00:00.000019645,0.9989750029149622
1970-01-01 00:00:00.000019646,0.9989750029149622
1970-01-01 00:00:00.000019647,0.9989750029149622
1970-01-01 00:00:00.000019648,0.9989750029149622
1970-01-01 00:00:00.000019649,0.9989750029149622
1970-01-01 00:00:00.000019650,0.9989750029149622
1970-01-01 00:00:00.000019651,0.9989750029149622
1970-01-01 00:00:00.000019652,0.9989750029149622
1970-01-01 00:00:00.000019653,0.9989750029149622
1970-01-01 00:00:00.000019654,0.9989750029149622
1970-01-01 00:00:00.000019655,0.9989750029149622
1970-01-01 00:00:00.000019656,0.9989750029149622
1970-01-01 00:00:00.000019657,0.9989750029149622
1970-01-01 00:00:00.000019658,0.9989750029149622
1970-01-01 00:00:00.000019659,0.9989750029149622
1970-01-01 00:00:00.000019660,0.9989750029149622
1970-01-01 00:00:00.000019661,0.9989750029149622
1970-01-01 00:00:00.000019662,0.9989750029149622
1970-01-01 00:00:00.000019663,0.9989750029149622
1970-01-01 00:00:00.000019664,0.9989750029149622
1970-01-01 00:00:00.000019665,0.9989750029149622
1970-01-01 00:00:00.000019666,0.9989750029149622
1970-01-01 00:00:00.000019667,0.9989750029149622
1970-01-01 00:00:00.000019668,0.9989750029149622
1970-01-01 00:00:00.000019669,0.9989750029149622
1970-01-01 00:00:00.000019670,0.9989750029149622
1970-01-01 00:00:00.000019671,0.9989750029149622
1970-01-01 00:00:00.000019672,0.9989750029149622
1970-01-01 00:00:00.000019673,0.9989750029149622
1970-01-01 00:00:00.000019674,0.9989750029149622
1970-01-01 00:00:00.000019675,0.9989750029149622
1970-01-01 00:00:00.000019676,0.9989750029149622
1970-01-01 00:00:00.000019677,0.9989750029149622
1970-01-01 00:00:00.000019678,0.9989750029149622
1970-01-01 00:00:00.000019679,0.9989750029149622
1970-01-01 00:00:00.000019680,0.9989750029149622
1970-01-01 00:00:00.000019681,0.9989750029149622
1970-01-01 00:00:00.000019682,0.9989750029149622
1970-01-01 00:00:00.000019683,0.9989750029149622
1970-01-01 00:00:00.000019684,0.9977745645353394
1970-01-01 00:00:00.000019685,0.9977793227871669
1970-01-01 00:00:00.000019686,0.9976795448548882
1970-01-01 00:00:00.000019687,0.9976795448548882
1970-01-01 00:00:00.000019688,0.996728514490117
1970-01-01 00:00:00.000019689,0.996628841638668
1970-01-01 00:00:00.000019690,0.996628841638668
1970-01-01 00:00:00.000019691,0.996628841638668
1970-01-01 00:00:00.000019692,0.996628841638668
1970-01-01 00:00:00.000019693,0.996628841638668
1970-01-01 00:00:00.000019694,0.9966989683821179
1970-01-01 00:00:00.000019695,0.9950957998796276
1970-01-01 00:00:00.000019696,0.9959696195444109
1970-01-01 00:00:00.000019697,0.9992102392262291
1970-01-01 00:00:00.000019698,0.9991103182023064
1970-01-01 00:00:00.000019699,0.9991103182023064
1970-01-01 00:00:00.000019700,0.9991103182023064
1970-01-01 00:00:00.000019701,0.9991103182023064
1970-01-01 00:00:00.000019702,0.9991103182023064
1970-01-01 00:00:00.000019703,0.9991103182023064
1970-01-01 00:00:00.000019704,0.9991103182023064
1970-01-01 00:00:00.000019705,0.9991103182023064
1970-01-01 00:00:00.000019706,0.9991103182023064
1970-01-01 00:00:00.000019707,0.9991103182023064
1970-01-01 00:00:00.000019708,0.9991103182023064
1970-01-01 00:00:00.000019709,0.9991103182023064
1970-01-01 00:00:00.000019710,0.9991103182023064
1970-01-01 00:00:00.000019711,0.9991103182023064
1970-01-01 00:00:00.000019712,0.9991103182023064
1970-01-01 00:00:00.000019713,0.9991103182023064
1970-01-01 00:00:00.000019714,0.9991103182023064
1970-01-01 00:00:00.000019715,0.9991103182023064
1970-01-01 00:00:00.000019716,0.9991103182023064
1970-01-01 00:00:00.000019717,0.9991103182023064
1970-01-01 00:00:00.000019718,0.9991103182023064
1970-01-01 00:00:00.000019719,0.9991103182023064
1970-01-01 00:00:00.000019720,0.9991103182023064
1970-01-01 00:00:00.000019721,0.9991103182023064
1970-01-01 00:00:00.000019722,0.9991103182023064
1970-01-01 00:00:00.000019723,0.9991103182023064
1970-01-01 00:00:00.000019724,0.9991103182023064
1970-01-01 00:00:00.000019725,0.9991103182023064
1970-01-01 00:00:00.000019726,0.9991103182023064
1970-01-01 00:00:00.000019727,0.9991103182023064
1970-01-01 00:00:00.000019728,0.9991103182023064
1970-01-01 00:00:00.000019729,0.9991103182023064
1970-01-01 00:00:00.000019730,0.9991103182023064
1970-01-01 00:00:00.000019731,0.9991103182023064
1970-01-01 00:00:00.000019732,0.9991103182023064
1970-01-01 00:00:00.000019733,0.9991103182023064
1970-01-01 00:00:00.000019734,0.9991103182023064
1970-01-01 00:00:00.000019735,0.9991103182023064
1970-01-01 00:00:00.000019736,0.9991103182023064
1970-01-01 00:00:00.000019737,0.9991103182023064
1970-01-01 00:00:00.000019738,0.9991103182023064
1970-01-01 00:00:00.000019739,0.9991103182023064
1970-01-01 00:00:00.000019740,0.9991103182023064
1970-01-01 00:00:00.000019741,0.9991103182023064
1970-01-01 00:00:00.000019742,0.9991103182023064
1970-01-01 00:00:00.000019743,0.9991103182023064
1970-01-01 00:00:00.000019744,0.9991103182023064
1970-01-01 00:00:00.000019745,0.9991103182023064
1970-01-01 00:00:00.000019746,0.9991103182023064
1970-01-01 00:00:00.000019747,0.9991103182023064
1970-01-01 00:00:00.000019748,0.9991103182023064
1970-01-01 00:00:00.000019749,0.9991103182023064
1970-01-01 00:00:00.000019750,0.9991103182023064
1970-01-01 00:00:00.000019751,0.9991103182023064
1970-01-01 00:00:00.000019752,0.9991103182023064
1970-01-01 00:00:00.000019753,0.9991103182023064
1970-01-01 00:00:00.000019754,0.9991103182023064
1970-01-01 00:00:00.000019755,0.9991103182023064
1970-01-01 00:00:00.000019756,0.9991103182023064
1970-01-01 00:00:00.000019757,0.9991103182023064
1970-01-01 00:00:00.000019758,0.9991103182023064
1970-01-01 00:00:00.000019759,0.9991103182023064
1970-01-01 00:00:00.000019760,0.9991103182023064
1970-01-01 00:00:00.000019761,0.9991103182023064
1970-01-01 00:00:00.000019762,0.9991103182023064
1970-01-01 00:00:00.000019763,0.9991103182023064
1970-01-01 00:00:00.000019764,0.9991103182023064
1970-01-01 00:00:00.000019765,0.9991103182023064
1970-01-01 00:00:00.000019766,0.9991103182023064
1970-01-01 00:00:00.000019767,0.9991103182023064
1970-01-01 00:00:00.000019768,0.9991103182023064
1970-01-01 00:00:00.000019769,0.9991103182023064
1970-01-01 00:00:00.000019770,0.9991103182023064
1970-01-01 00:00:00.000019771,0.9991103182023064
1970-01-01 00:00:00.000019772,0.9991103182023064
1970-01-01 00:00:00.000019773,0.9991103182023064
1970-01-01 00:00:00.000019774,0.9991103182023064
1970-01-01 00:00:00.000019775,0.9991103182023064
1970-01-01 00:00:00.000019776,0.9991103182023064
1970-01-01 00:00:00.000019777,0.9991103182023064
1970-01-01 00:00:00.000019778,0.9991103182023064
1970-01-01 00:00:00.000019779,0.9991103182023064
1970-01-01 00:00:00.000019780,0.9991103182023064
1970-01-01 00:00:00.000019781,0.9991103182023064
1970-01-01 00:00:00.000019782,0.9991103182023064
1970-01-01 00:00:00.000019783,0.9991103182023064
1970-01-01 00:00:00.000019784,0.9991103182023064
1970-01-01 00:00:00.000019785,0.9991103182023064
1970-01-01 00:00:00.000019786,0.9991103182023064
1970-01-01 00:00:00.000019787,0.9991103182023064
1970-01-01 00:00:00.000019788,0.9991103182023064
1970-01-01 00:00:00.000019789,0.9991103182023064
1970-01-01 00:00:00.000019790,0.9991103182023064
1970-01-01 00:00:00.000019791,0.9991103182023064
1970-01-01 00:00:00.000019792,0.9991103182023064
1970-01-01 00:00:00.000019793,0.9991103182023064
1970-01-01 00:00:00.000019794,0.9991103182023064
1970-01-01 00:00:00.000019795,0.9991103182023064
1970-01-01 00:00:00.000019796,0.9991103182023064
1970-01-01 00:00:00.000019797,0.9991103182023064
1970-01-01 00:00:00.000019798,0.9991103182023064
1970-01-01 00:00:00.000019799,0.9991103182023064
1970-01-01 00:00:00.000019800,0.9991103182023064
1970-01-01 00:00:00.000019801,0.9991103182023064
1970-01-01 00:00:00.000019802,0.9991103182023064
1970-01-01 00:00:00.000019803,0.9991103182023064
1970-01-01 00:00:00.000019804,0.9991103182023064
1970-01-01 00:00:00.000019805,0.9991103182023064
1970-01-01 00:00:00.000019806,0.9991103182023064
1970-01-01 00:00:00.000019807,0.9991103182023064
1970-01-01 00:00:00.000019808,0.9991103182023064
1970-01-01 00:00:00.000019809,0.9991103182023064
1970-01-01 00:00:00.000019810,0.9991103182023064
1970-01-01 00:00:00.000019811,0.9991103182023064
1970-01-01 00:00:00.000019812,0.9991103182023064
1970-01-01 00:00:00.000019813,0.9991103182023064
1970-01-01 00:00:00.000019814,0.9991103182023064
1970-01-01 00:00:00.000019815,0.9991103182023064
1970-01-01 00:00:00.000019816,0.9991103182023064
1970-01-01 00:00:00.000019817,0.9991103182023064
1970-01-01 00:00:00.000019818,0.9991103182023064
1970-01-01 00:00:00.000019819,0.9991103182023064
1970-01-01 00:00:00.000019820,0.9991103182023064
1970-01-01 00:00:00.000019821,0.9991103182023064
1970-01-01 00:00:00.000019822,0.9991103182023064
1970-01-01 00:00:00.000019823,0.9991103182023064
1970-01-01 00:00:00.000019824,0.9991103182023064
1970-01-01 00:00:00.000019825,0.9991103182023064
1970-01-01 00:00:00.000019826,0.9991103182023064
1970-01-01 00:00:00.000019827,0.9991103182023064
1970-01-01 00:00:00.000019828,0.9991103182023064
1970-01-01 00:00:00.000019829,0.9991103182023064
1970-01-01 00:00:00.000019830,0.9991103182023064
1970-01-01 00:00:00.000019831,0.9991103182023064
1970-01-01 00:00:00.000019832,0.9991103182023064
1970-01-01 00:00:00.000019833,0.9991103182023064
1970-01-01 00:00:00.000019834,0.9991103182023064
1970-01-01 00:00:00.000019835,0.9991103182023064
1970-01-01 00:00:00.000019836,0.9991103182023064
1970-01-01 00:00:00.000019837,0.9991103182023064
1970-01-01 00:00:00.000019838,0.9991103182023064
1970-01-01 00:00:00.000019839,0.9991103182023064
1970-01-01 00:00:00.000019840,0.9991103182023064
1970-01-01 00:00:00.000019841,0.9991103182023064
1970-01-01 00:00:00.000019842,0.9991103182023064
1970-01-01 00:00:00.000019843,0.9991103182023064
1970-01-01 00:00:00.000019844,0.9991103182023064
1970-01-01 00:00:00.000019845,0.9991103182023064
1970-01-01 00:00:00.000019846,0.9991103182023064
1970-01-01 00:00:00.000019847,0.9991103182023064
1970-01-01 00:00:00.000019848,0.9991103182023064
1970-01-01 00:00:00.000019849,0.9991103182023064
1970-01-01 00:00:00.000019850,0.9991103182023064
1970-01-01 00:00:00.000019851,0.9991103182023064
1970-01-01 00:00:00.000019852,0.9991103182023064
1970-01-01 00:00:00.000019853,0.9991103182023064
1970-01-01 00:00:00.000019854,0.9991103182023064
1970-01-01 00:00:00.000019855,0.9991103182023064
1970-01-01 00:00:00.000019856,0.9991103182023064
1970-01-01 00:00:00.000019857,0.9991103182023064
1970-01-01 00:00:00.000019858,0.9991103182023064
1970-01-01 00:00:00.000019859,0.9991103182023064
1970-01-01 00:00:00.000019860,0.9991103182023064
1970-01-01 00:00:00.000019861,0.9991103182023064
1970-01-01 00:00:00.000019862,0.9991103182023064
1970-01-01 00:00:00.000019863,0.9991103182023064
1970-01-01 00:00:00.000019864,0.9991103182023064
1970-01-01 00:00:00.000019865,0.9991103182023064
1970-01-01 00:00:00.000019866,0.9991103182023064
1970-01-01 00:00:00.000019867,0.9991103182023064
1970-01-01 00:00:00.000019868,0.9991103182023064
1970-01-01 00:00:00.000019869,0.9991103182023064
1970-01-01 00:00:00.000019870,0.9991103182023064
1970-01-01 00:00:00.000019871,0.9991103182023064
1970-01-01 00:00:00.000019872,0.9991103182023064
1970-01-01 00:00:00.000019873,0.9991103182023064
1970-01-01 00:00:00.000019874,0.9991103182023064
1970-01-01 00:00:00.000019875,0.9991103182023064
1970-01-01 00:00:00.000019876,0.9991103182023064
1970-01-01 00:00:00.000019877,0.9991103182023064
1970-01-01 00:00:00.000019878,0.9991103182023064
1970-01-01 00:00:00.000019879,0.9991103182023064
1970-01-01 00:00:00.000019880,0.9991103182023064
1970-01-01 00:00:00.000019881,0.9991103182023064
1970-01-01 00:00:00.000019882,0.9991103182023064
1970-01-01 00:00:00.000019883,0.9991103182023064
1970-01-01 00:00:00.000019884,0.9991103182023064
1970-01-01 00:00:00.000019885,0.9991103182023064
1970-01-01 00:00:00.000019886,0.9991103182023064
1970-01-01 00:00:00.000019887,0.9991103182023064
1970-01-01 00:00:00.000019888,0.9991103182023064
1970-01-01 00:00:00.000019889,0.9991103182023064
1970-01-01 00:00:00.000019890,0.9991103182023064
1970-01-01 00:00:00.000019891,0.9991103182023064
1970-01-01 00:00:00.000019892,0.9991103182023064
1970-01-01 00:00:00.000019893,0.9991103182023064
1970-01-01 00:00:00.000019894,0.9991103182023064
1970-01-01 00:00:00.000019895,0.9991103182023064
1970-01-01 00:00:00.000019896,0.9991103182023064
1970-01-01 00:00:00.000019897,0.9991103182023064
1970-01-01 00:00:00.000019898,0.9991103182023064
1970-01-01 00:00:00.000019899,0.9991103182023064
1970-01-01 00:00:00.000019900,0.9991103182023064
1970-01-01 00:00:00.000019901,0.9991103182023064
1970-01-01 00:00:00.000019902,0.9991103182023064
1970-01-01 00:00:00.000019903,0.9991103182023064
1970-01-01 00:00:00.000019904,0.9991103182023064
1970-01-01 00:00:00.000019905,0.9991103182023064
1970-01-01 00:00:00.000019906,0.9991103182023064
1970-01-01 00:00:00.000019907,0.9991103182023064
1970-01-01 00:00:00.000019908,0.9991103182023064
1970-01-01 00:00:00.000019909,0.9991103182023064
1970-01-01 00:00:00.000019910,0.9991103182023064
1970-01-01 00:00:00.000019911,0.9991103182023064
1970-01-01 00:00:00.000019912,0.9991103182023064
1970-01-01 00:00:00.000019913,0.9991103182023064
1970-01-01 00:00:00.000019914,0.9991103182023064
1970-01-01 00:00:00.000019915,0.9991103182023064
1970-01-01 00:00:00.000019916,0.9991103182023064
1970-01-01 00:00:00.000019917,0.9991103182023064
1970-01-01 00:00:00.000019918,0.9991103182023064
1970-01-01 00:00:00.000019919,0.9991103182023064
1970-01-01 00:00:00.000019920,0.9991103182023064
1970-01-01 00:00:00.000019921,0.9991103182023064
1970-01-01 00:00:00.000019922,0.9991103182023064
1970-01-01 00:00:00.000019923,0.9991103182023064
1970-01-01 00:00:00.000019924,0.9991103182023064
1970-01-01 00:00:00.000019925,0.9991103182023064
1970-01-01 00:00:00.000019926,0.9991103182023064
1970-01-01 00:00:00.000019927,0.9991103182023064
1970-01-01 00:00:00.000019928,0.9991103182023064
1970-01-01 00:00:00.000019929,0.9991103182023064
1970-01-01 00:00:00.000019930,0.9991103182023064
1970-01-01 00:00:00.000019931,0.9991103182023064
1970-01-01 00:00:00.000019932,0.9991103182023064
1970-01-01 00:00:00.000019933,0.9991103182023064
1970-01-01 00:00:00.000019934,0.9991103182023064
1970-01-01 00:00:00.000019935,0.9991103182023064
1970-01-01 00:00:00.000019936,0.9991103182023064
1970-01-01 00:00:00.000019937,0.9991103182023064
1970-01-01 00:00:00.000019938,0.9991103182023064
1970-01-01 00:00:00.000019939,0.9991103182023064
1970-01-01 00:00:00.000019940,0.9991103182023064
1970-01-01 00:00:00.000019941,0.9991103182023064
1970-01-01 00:00:00.000019942,0.9991103182023064
1970-01-01 00:00:00.000019943,0.9991103182023064
1970-01-01 00:00:00.000019944,0.9991103182023064
1970-01-01 00:00:00.000019945,0.9991103182023064
1970-01-01 00:00:00.000019946,0.9991103182023064
1970-01-01 00:00:00.000019947,0.9991103182023064
1970-01-01 00:00:00.000019948,0.9991103182023064
1970-01-01 00:00:00.000019949,0.9991103182023064
1970-01-01 00:00:00.000019950,0.9991103182023064
1970-01-01 00:00:00.000019951,0.9991103182023064
1970-01-01 00:00:00.000019952,0.9991103182023064
1970-01-01 00:00:00.000019953,0.9991103182023064
1970-01-01 00:00:00.000019954,0.9991103182023064
1970-01-01 00:00:00.000019955,0.9991103182023064
1970-01-01 00:00:00.000019956,0.9991103182023064
1970-01-01 00:00:00.000019957,0.9991103182023064
1970-01-01 00:00:00.000019958,0.9991103182023064
1970-01-01 00:00:00.000019959,0.9991103182023064
1970-01-01 00:00:00.000019960,0.9991103182023064
1970-01-01 00:00:00.000019961,0.9991103182023064
1970-01-01 00:00:00.000019962,0.9991103182023064
1970-01-01 00:00:00.000019963,0.9991103182023064
1970-01-01 00:00:00.000019964,0.9991103182023064
1970-01-01 00:00:00.000019965,0.9991103182023064
1970-01-01 00:00:00.000019966,0.9991103182023064
1970-01-01 00:00:00.000019967,0.9991103182023064
1970-01-01 00:00:00.000019968,0.9991103182023064
1970-01-01 00:00:00.000019969,0.9991103182023064
1970-01-01 00:00:00.000019970,0.9991103182023064
1970-01-01 00:00:00.000019971,0.9991103182023064
1970-01-01 00:00:00.000019972,0.9991103182023064
1970-01-01 00:00:00.000019973,0.9991103182023064
1970-01-01 00:00:00.000019974,0.9991103182023064
1970-01-01 00:00:00.000019975,0.9991103182023064
1970-01-01 00:00:00.000019976,0.9991103182023064
1970-01-01 00:00:00.000019977,0.9991103182023064
1970-01-01 00:00:00.000019978,0.9991103182023064
1970-01-01 00:00:00.000019979,0.9991103182023064
1970-01-01 00:00:00.000019980,0.9991103182023064
1970-01-01 00:00:00.000019981,0.9991103182023064
1970-01-01 00:00:00.000019982,0.9991103182023064
1970-01-01 00:00:00.000019983,0.9991103182023064
1970-01-01 00:00:00.000019984,0.9991103182023064
1970-01-01 00:00:00.000019985,0.9991103182023064
1970-01-01 00:00:00.000019986,0.9991103182023064
1970-01-01 00:00:00.000019987,0.9991103182023064
1970-01-01 00:00:00.000019988,0.9991103182023064
1970-01-01 00:00:00.000019989,0.9991103182023064
1970-01-01 00:00:00.000019990,0.9991103182023064
1970-01-01 00:00:00.000019991,0.9991103182023064
1970-01-01 00:00:00.000019992,0.9991103182023064
1970-01-01 00:00:00.000019993,0.9991103182023064
1970-01-01 00:00:00.000019994,0.9991103182023064
1970-01-01 00:00:00.000019995,0.9991103182023064
1970-01-01 00:00:00.000019996,0.9991103182023064
1970-01-01 00:00:00.000019997,0.9991103182023064
1970-01-01 00:00:00.000019998,0.9991103182023064
1970-01-01 00:00:00.000019999,0.9991103182023064
1970-01-01 00:00:00.000020000,0.9991103182023064
1970-01-01 00:00:00.000020001,0.9991103182023064
1970-01-01 00:00:00.000020002,0.9991103182023064
1970-01-01 00:00:00.000020003,0.9991103182023064
1970-01-01 00:00:00.000020004,0.9991103182023064
1970-01-01 00:00:00.000020005,0.9991103182023064
1970-01-01 00:00:00.000020006,0.9991103182023064
1970-01-01 00:00:00.000020007,0.9991103182023064
1970-01-01 00:00:00.000020008,0.9991103182023064
1970-01-01 00:00:00.000020009,0.9991103182023064
1970-01-01 00:00:00.000020010,0.9991103182023064
1970-01-01 00:00:00.000020011,0.9991103182023064
1970-01-01 00:00:00.000020012,0.9991103182023064
1970-01-01 00:00:00.000020013,0.9991103182023064
1970-01-01 00:00:00.000020014,0.9991103182023064
1970-01-01 00:00:00.000020015,0.9991103182023064
1970-01-01 00:00:00.000020016,0.9991103182023064
1970-01-01 00:00:00.000020017,0.9991103182023064
1970-01-01 00:00:00.000020018,0.9991103182023064
1970-01-01 00:00:00.000020019,0.9991103182023064
1970-01-01 00:00:00.000020020,0.9991103182023064
1970-01-01 00:00:00.000020021,0.9991103182023064
1970-01-01 00:00:00.000020022,0.9991103182023064
1970-01-01 00:00:00.000020023,0.9991103182023064
1970-01-01 00:00:00.000020024,0.9991103182023064
1970-01-01 00:00:00.000020025,1.000394592500646
1970-01-01 00:00:00.000020026,1.000294553041396
1970-01-01 00:00:00.000020027,1.000294553041396
1970-01-01 00:00:00.000020028,1.000294553041396
1970-01-01 00:00:00.000020029,1.000294553041396
1970-01-01 00:00:00.000020030,1.000294553041396
1970-01-01 00:00:00.000020031,1.000294553041396
1970-01-01 00:00:00.000020032,1.000294553041396
1970-01-01 00:00:00.000020033,1.000294553041396
1970-01-01 00:00:00.000020034,1.000294553041396
1970-01-01 00:00:00.000020035,1.000294553041396
1970-01-01 00:00:00.000020036,1.000294553041396
1970-01-01 00:00:00.000020037,1.000294553041396
1970-01-01 00:00:00.000020038,1.000294553041396
1970-01-01 00:00:00.000020039,1.000294553041396
1970-01-01 00:00:00.000020040,1.000294553041396
1970-01-01 00:00:00.000020041,1.000294553041396
1970-01-01 00:00:00.000020042,1.000294553041396
1970-01-01 00:00:00.000020043,1.000294553041396
1970-01-01 00:00:00.000020044,1.000294553041396
1970-01-01 00:00:00.000020045,1.000294553041396
1970-01-01 00:00:00.000020046,1.000294553041396
1970-01-01 00:00:00.000020047,1.000294553041396
1970-01-01 00:00:00.000020048,1.000294553041396
1970-01-01 00:00:00.000020049,1.000294553041396
1970-01-01 00:00:00.000020050,1.000294553041396
1970-01-01 00:00:00.000020051,1.000294553041396
1970-01-01 00:00:00.000020052,1.000294553041396
1970-01-01 00:00:00.000020053,1.000294553041396
1970-01-01 00:00:00.000020054,1.000294553041396
1970-01-01 00:00:00.000020055,1.000294553041396
1970-01-01 00:00:00.000020056,1.000294553041396
1970-01-01 00:00:00.000020057,1.000294553041396
1970-01-01 00:00:00.000020058,1.000294553041396
1970-01-01 00:00:00.000020059,1.000294553041396
1970-01-01 00:00:00.000020060,1.000294553041396
1970-01-01 00:00:00.000020061,1.000294553041396
1970-01-01 00:00:00.000020062,1.000294553041396
1970-01-01 00:00:00.000020063,1.000294553041396
1970-01-01 00:00:00.000020064,1.000294553041396
1970-01-01 00:00:00.000020065,1.000294553041396
1970-01-01 00:00:00.000020066,1.000294553041396
1970-01-01 00:00:00.000020067,1.000294553041396
1970-01-01 00:00:00.000020068,1.000294553041396
1970-01-01 00:00:00.000020069,1.000294553041396
1970-01-01 00:00:00.000020070,1.000294553041396
1970-01-01 00:00:00.000020071,1.000294553041396
1970-01-01 00:00:00.000020072,1.000294553041396
1970-01-01 00:00:00.000020073,1.000294553041396
1970-01-01 00:00:00.000020074,1.000294553041396
1970-01-01 00:00:00.000020075,1.000294553041396
1970-01-01 00:00:00.000020076,1.000294553041396
1970-01-01 00:00:00.000020077,1.000294553041396
1970-01-01 00:00:00.000020078,1.000294553041396
1970-01-01 00:00:00.000020079,1.000294553041396
1970-01-01 00:00:00.000020080,1.000294553041396
1970-01-01 00:00:00.000020081,1.000294553041396
1970-01-01 00:00:00.000020082,1.000294553041396
1970-01-01 00:00:00.000020083,1.000294553041396
1970-01-01 00:00:00.000020084,1.000294553041396
1970-01-01 00:00:00.000020085,1.000294553041396
1970-01-01 00:00:00.000020086,1.000294553041396
1970-01-01 00:00:00.000020087,1.000294553041396
1970-01-01 00:00:00.000020088,1.000294553041396
1970-01-01 00:00:00.000020089,1.000294553041396
1970-01-01 00:00:00.000020090,1.000294553041396
1970-01-01 00:00:00.000020091,1.000294553041396
1970-01-01 00:00:00.000020092,1.000294553041396
1970-01-01 00:00:00.000020093,1.000294553041396
1970-01-01 00:00:00.000020094,1.000294553041396
1970-01-01 00:00:00.000020095,1.000294553041396
1970-01-01 00:00:00.000020096,1.000294553041396
1970-01-01 00:00:00.000020097,1.000294553041396
1970-01-01 00:00:00.000020098,1.000294553041396
1970-01-01 00:00:00.000020099,1.000294553041396
1970-01-01 00:00:00.000020100,1.000294553041396
1970-01-01 00:00:00.000020101,1.000294553041396
1970-01-01 00:00:00.000020102,1.000294553041396
1970-01-01 00:00:00.000020103,1.000294553041396
1970-01-01 00:00:00.000020104,1.000294553041396
1970-01-01 00:00:00.000020105,1.000294553041396
1970-01-01 00:00:00.000020106,1.000294553041396
1970-01-01 00:00:00.000020107,1.000294553041396
1970-01-01 00:00:00.000020108,1.000294553041396
1970-01-01 00:00:00.000020109,1.000294553041396
1970-01-01 00:00:00.000020110,1.000294553041396
1970-01-01 00:00:00.000020111,1.000294553041396
1970-01-01 00:00:00.000020112,1.000294553041396
1970-01-01 00:00:00.000020113,1.000294553041396
1970-01-01 00:00:00.000020114,1.000294553041396
1970-01-01 00:00:00.000020115,1.000294553041396
1970-01-01 00:00:00.000020116,1.000294553041396
1970-01-01 00:00:00.000020117,1.000294553041396
1970-01-01 00:00:00.000020118,1.000294553041396
1970-01-01 00:00:00.000020119,1.000294553041396
1970-01-01 00:00:00.000020120,1.000294553041396
1970-01-01 00:00:00.000020121,1.000294553041396
1970-01-01 00:00:00.000020122,1.000294553041396
1970-01-01 00:00:00.000020123,1.000294553041396
1970-01-01 00:00:00.000020124,1.000294553041396
1970-01-01 00:00:00.000020125,1.000294553041396
1970-01-01 00:00:00.000020126,1.000294553041396
1970-01-01 00:00:00.000020127,1.000294553041396
1970-01-01 00:00:00.000020128,1.000294553041396
1970-01-01 00:00:00.000020129,1.000294553041396
1970-01-01 00:00:00.000020130,1.000294553041396
1970-01-01 00:00:00.000020131,1.000294553041396
1970-01-01 00:00:00.000020132,1.000294553041396
1970-01-01 00:00:00.000020133,1.000294553041396
1970-01-01 00:00:00.000020134,1.000294553041396
1970-01-01 00:00:00.000020135,1.000294553041396
1970-01-01 00:00:00.000020136,1.000294553041396
1970-01-01 00:00:00.000020137,1.000294553041396
1970-01-01 00:00:00.000020138,1.000294553041396
1970-01-01 00:00:00.000020139,1.000294553041396
1970-01-01 00:00:00.000020140,1.000294553041396
1970-01-01 00:00:00.000020141,1.000294553041396
1970-01-01 00:00:00.000020142,1.000294553041396
1970-01-01 00:00:00.000020143,1.000294553041396
1970-01-01 00:00:00.000020144,1.000294553041396
1970-01-01 00:00:00.000020145,1.000294553041396
1970-01-01 00:00:00.000020146,1.000294553041396
1970-01-01 00:00:00.000020147,1.000294553041396
1970-01-01 00:00:00.000020148,1.000294553041396
1970-01-01 00:00:00.000020149,1.000294553041396
1970-01-01 00:00:00.000020150,1.000294553041396
1970-01-01 00:00:00.000020151,1.000294553041396
1970-01-01 00:00:00.000020152,1.000294553041396
1970-01-01 00:00:00.000020153,1.000294553041396
1970-01-01 00:00:00.000020154,1.000294553041396
1970-01-01 00:00:00.000020155,1.000294553041396
1970-01-01 00:00:00.000020156,1.000294553041396
1970-01-01 00:00:00.000020157,1.000294553041396
1970-01-01 00:00:00.000020158,1.000294553041396
1970-01-01 00:00:00.000020159,1.000294553041396
1970-01-01 00:00:00.000020160,1.000294553041396
1970-01-01 00:00:00.000020161,1.000294553041396
1970-01-01 00:00:00.000020162,1.000294553041396
1970-01-01 00:00:00.000020163,1.000294553041396
1970-01-01 00:00:00.000020164,1.000294553041396
1970-01-01 00:00:00.000020165,1.000294553041396
1970-01-01 00:00:00.000020166,1.000294553041396
1970-01-01 00:00:00.000020167,1.000294553041396
1970-01-01 00:00:00.000020168,1.000294553041396
1970-01-01 00:00:00.000020169,1.000294553041396
1970-01-01 00:00:00.000020170,1.000294553041396
1970-01-01 00:00:00.000020171,1.000294553041396
1970-01-01 00:00:00.000020172,1.000294553041396
1970-01-01 00:00:00.000020173,1.000294553041396
1970-01-01 00:00:00.000020174,1.000294553041396
1970-01-01 00:00:00.000020175,1.000294553041396
1970-01-01 00:00:00.000020176,1.000294553041396
1970-01-01 00:00:00.000020177,1.000294553041396
1970-01-01 00:00:00.000020178,1.000294553041396
1970-01-01 00:00:00.000020179,1.000294553041396
1970-01-01 00:00:00.000020180,1.000294553041396
1970-01-01 00:00:00.000020181,1.000294553041396
1970-01-01 00:00:00.000020182,1.000294553041396
1970-01-01 00:00:00.000020183,1.000294553041396
1970-01-01 00:00:00.000020184,1.000294553041396
1970-01-01 00:00:00.000020185,1.000294553041396
1970-01-01 00:00:00.000020186,1.000294553041396
1970-01-01 00:00:00.000020187,1.000294553041396
1970-01-01 00:00:00.000020188,1.000294553041396
1970-01-01 00:00:00.000020189,1.000294553041396
1970-01-01 00:00:00.000020190,1.000294553041396
1970-01-01 00:00:00.000020191,1.000294553041396
1970-01-01 00:00:00.000020192,1.000294553041396
1970-01-01 00:00:00.000020193,1.000294553041396
1970-01-01 00:00:00.000020194,1.000294553041396
1970-01-01 00:00:00.000020195,1.000294553041396
1970-01-01 00:00:00.000020196,1.000294553041396
1970-01-01 00:00:00.000020197,1.000294553041396
1970-01-01 00:00:00.000020198,1.000294553041396
1970-01-01 00:00:00.000020199,1.000294553041396
1970-01-01 00:00:00.000020200,1.000294553041396
1970-01-01 00:00:00.000020201,1.000294553041396
1970-01-01 00:00:00.000020202,1.000294553041396
1970-01-01 00:00:00.000020203,1.000294553041396
1970-01-01 00:00:00.000020204,1.000294553041396
1970-01-01 00:00:00.000020205,1.000294553041396
1970-01-01 00:00:00.000020206,1.000294553041396
1970-01-01 00:00:00.000020207,1.000294553041396
1970-01-01 00:00:00.000020208,1.000294553041396
1970-01-01 00:00:00.000020209,1.000294553041396
1970-01-01 00:00:00.000020210,1.000294553041396
1970-01-01 00:00:00.000020211,1.000294553041396
1970-01-01 00:00:00.000020212,1.000294553041396
1970-01-01 00:00:00.000020213,1.000294553041396
1970-01-01 00:00:00.000020214,1.000294553041396
1970-01-01 00:00:00.000020215,1.000294553041396
1970-01-01 00:00:00.000020216,1.000294553041396
1970-01-01 00:00:00.000020217,1.000294553041396
1970-01-01 00:00:00.000020218,1.000294553041396
1970-01-01 00:00:00.000020219,1.000294553041396
1970-01-01 00:00:00.000020220,1.000294553041396
1970-01-01 00:00:00.000020221,1.000294553041396
1970-01-01 00:00:00.000020222,1.000294553041396
1970-01-01 00:00:00.000020223,1.000294553041396
1970-01-01 00:00:00.000020224,1.000294553041396
1970-01-01 00:00:00.000020225,1.000294553041396
1970-01-01 00:00:00.000020226,1.000294553041396
1970-01-01 00:00:00.000020227,1.000294553041396
1970-01-01 00:00:00.000020228,1.000294553041396
1970-01-01 00:00:00.000020229,1.000294553041396
1970-01-01 00:00:00.000020230,1.000294553041396
1970-01-01 00:00:00.000020231,1.000294553041396
1970-01-01 00:00:00.000020232,1.000294553041396
1970-01-01 00:00:00.000020233,1.000294553041396
1970-01-01 00:00:00.000020234,1.000294553041396
1970-01-01 00:00:00.000020235,0.9981320940431857
1970-01-01 00:00:00.000020236,0.9980322808337814
1970-01-01 00:00:00.000020237,0.9980322808337814
1970-01-01 00:00:00.000020238,0.9980322808337814
1970-01-01 00:00:00.000020239,0.9980322808337814
1970-01-01 00:00:00.000020240,0.9980322808337814
1970-01-01 00:00:00.000020241,0.9980322808337814
1970-01-01 00:00:00.000020242,0.9980322808337814
1970-01-01 00:00:00.000020243,0.9980322808337814
1970-01-01 00:00:00.000020244,0.9980322808337814
1970-01-01 00:00:00.000020245,0.9980322808337814
1970-01-01 00:00:00.000020246,0.9980322808337814
1970-01-01 00:00:00.000020247,0.9980322808337814
1970-01-01 00:00:00.000020248,0.9980322808337814
1970-01-01 00:00:00.000020249,0.9980322808337814
1970-01-01 00:00:00.000020250,0.9980322808337814
1970-01-01 00:00:00.000020251,0.9980322808337814
1970-01-01 00:00:00.000020252,0.9980322808337814
1970-01-01 00:00:00.000020253,0.9980322808337814
1970-01-01 00:00:00.000020254,0.9980322808337814
1970-01-01 00:00:00.000020255,0.9980322808337814
1970-01-01 00:00:00.000020256,0.9980322808337814
1970-01-01 00:00:00.000020257,0.9980322808337814
1970-01-01 00:00:00.000020258,0.9980322808337814
1970-01-01 00:00:00.000020259,0.9980322808337814
1970-01-01 00:00:00.000020260,0.9980322808337814
1970-01-01 00:00:00.000020261,0.9980322808337814
1970-01-01 00:00:00.000020262,0.9980322808337814
1970-01-01 00:00:00.000020263,0.9980322808337814
1970-01-01 00:00:00.000020264,0.9980322808337814
1970-01-01 00:00:00.000020265,0.9980322808337814
1970-01-01 00:00:00.000020266,0.9980322808337814
1970-01-01 00:00:00.000020267,0.9980322808337814
1970-01-01 00:00:00.000020268,0.9980322808337814
1970-01-01 00:00:00.000020269,0.9981660451935902
1970-01-01 00:00:00.000020270,0.9980910616544226
1970-01-01 00:00:00.000020271,0.9979912525482572
1970-01-01 00:00:00.000020272,0.9972469139618688
1970-01-01 00:00:00.000020273,0.9980000650980613
1970-01-01 00:00:00.000020274,0.9979002650915515
1970-01-01 00:00:00.000020275,0.9979002650915515
1970-01-01 00:00:00.000020276,0.9979002650915515
1970-01-01 00:00:00.000020277,0.9979002650915515
1970-01-01 00:00:00.000020278,0.9979002650915515
1970-01-01 00:00:00.000020279,0.9979002650915515
1970-01-01 00:00:00.000020280,0.9979002650915515
1970-01-01 00:00:00.000020281,0.9979002650915515
1970-01-01 00:00:00.000020282,0.9979002650915515
1970-01-01 00:00:00.000020283,0.9979002650915515
1970-01-01 00:00:00.000020284,0.9979002650915515
1970-01-01 00:00:00.000020285,0.9979002650915515
1970-01-01 00:00:00.000020286,0.9979525387620273
1970-01-01 00:00:00.000020287,0.9978527435081511
1970-01-01 00:00:00.000020288,0.9978527435081511
1970-01-01 00:00:00.000020289,0.9978527435081511
1970-01-01 00:00:00.000020290,0.9962732770314279
1970-01-01 00:00:00.000020291,0.9956948041528273
1970-01-01 00:00:00.000020292,0.9957652021011671
1970-01-01 00:00:00.000020293,0.9956656255809571
1970-01-01 00:00:00.000020294,0.9956656255809571
1970-01-01 00:00:00.000020295,0.9956656255809571
1970-01-01 00:00:00.000020296,0.9956656255809571
1970-01-01 00:00:00.000020297,0.9961996695508432
1970-01-01 00:00:00.000020298,0.9961000495838881
1970-01-01 00:00:00.000020299,0.9961000495838881
1970-01-01 00:00:00.000020300,0.9961000495838881
1970-01-01 00:00:00.000020301,0.9955399893448964
1970-01-01 00:00:00.000020302,0.9955903697059598
1970-01-01 00:00:00.000020303,0.9954908106689893
1970-01-01 00:00:00.000020304,0.9954908106689893
1970-01-01 00:00:00.000020305,0.9954908106689893
1970-01-01 00:00:00.000020306,0.9954908106689893
1970-01-01 00:00:00.000020307,0.9954908106689893
1970-01-01 00:00:00.000020308,0.9954908106689893
1970-01-01 00:00:00.000020309,0.9954908106689893
1970-01-01 00:00:00.000020310,0.9954908106689893
1970-01-01 00:00:00.000020311,0.9954908106689893
1970-01-01 00:00:00.000020312,0.9954908106689893
1970-01-01 00:00:00.000020313,0.9954908106689893
1970-01-01 00:00:00.000020314,0.9954908106689893
1970-01-01 00:00:00.000020315,0.9954908106689893
1970-01-01 00:00:00.000020316,0.9954908106689893
1970-01-01 00:00:00.000020317,0.9954908106689893
1970-01-01 00:00:00.000020318,0.9954908106689893
1970-01-01 00:00:00.000020319,0.9954908106689893
1970-01-01 00:00:00.000020320,0.9954908106689893
1970-01-01 00:00:00.000020321,0.9954908106689893
1970-01-01 00:00:00.000020322,0.9954908106689893
1970-01-01 00:00:00.000020323,0.9954908106689893
1970-01-01 00:00:00.000020324,0.9954908106689893
1970-01-01 00:00:00.000020325,0.9954908106689893
1970-01-01 00:00:00.000020326,0.9954908106689893
1970-01-01 00:00:00.000020327,0.9954908106689893
1970-01-01 00:00:00.000020328,0.9954908106689893
1970-01-01 00:00:00.000020329,0.9954908106689893
1970-01-01 00:00:00.000020330,0.9954908106689893
1970-01-01 00:00:00.000020331,0.9954908106689893
1970-01-01 00:00:00.000020332,0.9954908106689893
1970-01-01 00:00:00.000020333,0.9954908106689893
1970-01-01 00:00:00.000020334,0.9954908106689893
1970-01-01 00:00:00.000020335,0.9954908106689893
1970-01-01 00:00:00.000020336,0.9954908106689893
1970-01-01 00:00:00.000020337,0.9954908106689893
1970-01-01 00:00:00.000020338,0.9954908106689893
1970-01-01 00:00:00.000020339,0.9954908106689893
1970-01-01 00:00:00.000020340,0.9954908106689893
1970-01-01 00:00:00.000020341,0.9954908106689893
1970-01-01 00:00:00.000020342,0.9954908106689893
1970-01-01 00:00:00.000020343,0.9954908106689893
1970-01-01 00:00:00.000020344,0.9954908106689893
1970-01-01 00:00:00.000020345,0.9954908106689893
1970-01-01 00:00:00.000020346,0.9954908106689893
1970-01-01 00:00:00.000020347,0.9954908106689893
1970-01-01 00:00:00.000020348,0.9954908106689893
1970-01-01 00:00:00.000020349,0.9954908106689893
1970-01-01 00:00:00.000020350,0.9954908106689893
1970-01-01 00:00:00.000020351,0.9954908106689893
1970-01-01 00:00:00.000020352,0.9954908106689893
1970-01-01 00:00:00.000020353,0.9954908106689893
1970-01-01 00:00:00.000020354,0.9954908106689893
1970-01-01 00:00:00.000020355,0.9954908106689893
1970-01-01 00:00:00.000020356,0.9954908106689893
1970-01-01 00:00:00.000020357,0.9954908106689893
1970-01-01 00:00:00.000020358,0.9954908106689893
1970-01-01 00:00:00.000020359,0.9954908106689893
1970-01-01 00:00:00.000020360,0.9954908106689893
1970-01-01 00:00:00.000020361,0.9954908106689893
1970-01-01 00:00:00.000020362,0.9954908106689893
1970-01-01 00:00:00.000020363,0.9954908106689893
1970-01-01 00:00:00.000020364,0.9954908106689893
1970-01-01 00:00:00.000020365,0.9954908106689893
1970-01-01 00:00:00.000020366,0.9954908106689893
1970-01-01 00:00:00.000020367,0.9954908106689893
1970-01-01 00:00:00.000020368,0.9954908106689893
1970-01-01 00:00:00.000020369,0.9954908106689893
1970-01-01 00:00:00.000020370,0.9954908106689893
1970-01-01 00:00:00.000020371,0.9954908106689893
1970-01-01 00:00:00.000020372,0.9954908106689893
1970-01-01 00:00:00.000020373,0.9954908106689893
1970-01-01 00:00:00.000020374,0.9954908106689893
1970-01-01 00:00:00.000020375,0.9954908106689893
1970-01-01 00:00:00.000020376,0.9954908106689893
1970-01-01 00:00:00.000020377,0.9954908106689893
1970-01-01 00:00:00.000020378,0.9954908106689893
1970-01-01 00:00:00.000020379,0.9954908106689893
1970-01-01 00:00:00.000020380,0.9954908106689893
1970-01-01 00:00:00.000020381,0.9954908106689893
1970-01-01 00:00:00.000020382,0.9954908106689893
1970-01-01 00:00:00.000020383,0.9954908106689893
1970-01-01 00:00:00.000020384,0.9954908106689893
1970-01-01 00:00:00.000020385,0.9954908106689893
1970-01-01 00:00:00.000020386,0.9954908106689893
1970-01-01 00:00:00.000020387,0.9954908106689893
1970-01-01 00:00:00.000020388,0.9954908106689893
1970-01-01 00:00:00.000020389,0.9954908106689893
1970-01-01 00:00:00.000020390,0.9954908106689893
1970-01-01 00:00:00.000020391,0.9954908106689893
1970-01-01 00:00:00.000020392,0.9954908106689893
1970-01-01 00:00:00.000020393,0.9954908106689893
1970-01-01 00:00:00.000020394,0.9954908106689893
1970-01-01 00:00:00.000020395,0.9954908106689893
1970-01-01 00:00:00.000020396,0.9954908106689893
1970-01-01 00:00:00.000020397,0.9954908106689893
1970-01-01 00:00:00.000020398,0.9954908106689893
1970-01-01 00:00:00.000020399,0.9954908106689893
1970-01-01 00:00:00.000020400,0.9954908106689893
1970-01-01 00:00:00.000020401,0.9954908106689893
1970-01-01 00:00:00.000020402,0.9954908106689893
1970-01-01 00:00:00.000020403,0.9954908106689893
1970-01-01 00:00:00.000020404,0.9954908106689893
1970-01-01 00:00:00.000020405,0.9954908106689893
1970-01-01 00:00:00.000020406,0.9954908106689893
1970-01-01 00:00:00.000020407,0.9954908106689893
1970-01-01 00:00:00.000020408,0.9954908106689893
1970-01-01 00:00:00.000020409,0.9954908106689893
1970-01-01 00:00:00.000020410,0.9954908106689893
1970-01-01 00:00:00.000020411,0.9954908106689893
1970-01-01 00:00:00.000020412,0.9954908106689893
1970-01-01 00:00:00.000020413,0.9954908106689893
1970-01-01 00:00:00.000020414,0.9954908106689893
1970-01-01 00:00:00.000020415,0.9954908106689893
1970-01-01 00:00:00.000020416,0.9954908106689893
1970-01-01 00:00:00.000020417,0.9954908106689893
1970-01-01 00:00:00.000020418,0.9954908106689893
1970-01-01 00:00:00.000020419,0.9954908106689893
1970-01-01 00:00:00.000020420,0.9954908106689893
1970-01-01 00:00:00.000020421,0.9954908106689893
1970-01-01 00:00:00.000020422,0.9954908106689893
1970-01-01 00:00:00.000020423,0.9954908106689893
1970-01-01 00:00:00.000020424,0.9954908106689893
1970-01-01 00:00:00.000020425,0.9954908106689893
1970-01-01 00:00:00.000020426,0.9954908106689893
1970-01-01 00:00:00.000020427,0.9954908106689893
1970-01-01 00:00:00.000020428,0.9954908106689893
1970-01-01 00:00:00.000020429,0.9954908106689893
1970-01-01 00:00:00.000020430,0.9954908106689893
1970-01-01 00:00:00.000020431,0.9954908106689893
1970-01-01 00:00:00.000020432,0.9954908106689893
1970-01-01 00:00:00.000020433,0.9954908106689893
1970-01-01 00:00:00.000020434,0.9954908106689893
1970-01-01 00:00:00.000020435,0.9954908106689893
1970-01-01 00:00:00.000020436,0.9954908106689893
1970-01-01 00:00:00.000020437,0.9954908106689893
1970-01-01 00:00:00.000020438,0.9954908106689893
1970-01-01 00:00:00.000020439,0.9954908106689893
1970-01-01 00:00:00.000020440,0.9954908106689893
1970-01-01 00:00:00.000020441,0.9954908106689893
1970-01-01 00:00:00.000020442,0.9954908106689893
1970-01-01 00:00:00.000020443,0.9954908106689893
1970-01-01 00:00:00.000020444,0.9954908106689893
1970-01-01 00:00:00.000020445,0.9954908106689893
1970-01-01 00:00:00.000020446,0.9954908106689893
1970-01-01 00:00:00.000020447,0.9954908106689893
1970-01-01 00:00:00.000020448,0.9954908106689893
1970-01-01 00:00:00.000020449,0.9954908106689893
1970-01-01 00:00:00.000020450,0.9954908106689893
1970-01-01 00:00:00.000020451,0.9954908106689893
1970-01-01 00:00:00.000020452,0.9954908106689893
1970-01-01 00:00:00.000020453,0.9954908106689893
1970-01-01 00:00:00.000020454,0.9954908106689893
1970-01-01 00:00:00.000020455,0.9954908106689893
1970-01-01 00:00:00.000020456,0.9954908106689893
1970-01-01 00:00:00.000020457,0.9954908106689893
1970-01-01 00:00:00.000020458,0.9954908106689893
1970-01-01 00:00:00.000020459,0.9954908106689893
1970-01-01 00:00:00.000020460,0.9954908106689893
1970-01-01 00:00:00.000020461,0.9954908106689893
1970-01-01 00:00:00.000020462,0.9954908106689893
1970-01-01 00:00:00.000020463,0.9954908106689893
1970-01-01 00:00:00.000020464,0.9954908106689893
1970-01-01 00:00:00.000020465,0.9954908106689893
1970-01-01 00:00:00.000020466,0.9954908106689893
1970-01-01 00:00:00.000020467,0.9954908106689893
1970-01-01 00:00:00.000020468,0.9954908106689893
1970-01-01 00:00:00.000020469,0.9954908106689893
1970-01-01 00:00:00.000020470,0.9954908106689893
1970-01-01 00:00:00.000020471,0.9954908106689893
1970-01-01 00:00:00.000020472,0.9954908106689893
1970-01-01 00:00:00.000020473,0.9954908106689893
1970-01-01 00:00:00.000020474,0.9954908106689893
1970-01-01 00:00:00.000020475,0.9954908106689893
1970-01-01 00:00:00.000020476,0.9954908106689893
1970-01-01 00:00:00.000020477,0.9954908106689893
1970-01-01 00:00:00.000020478,0.9954908106689893
1970-01-01 00:00:00.000020479,0.9954908106689893
1970-01-01 00:00:00.000020480,0.9954908106689893
1970-01-01 00:00:00.000020481,0.9954908106689893
1970-01-01 00:00:00.000020482,0.9954908106689893
1970-01-01 00:00:00.000020483,0.9954908106689893
1970-01-01 00:00:00.000020484,0.9954908106689893
1970-01-01 00:00:00.000020485,0.9954908106689893
1970-01-01 00:00:00.000020486,0.9954908106689893
1970-01-01 00:00:00.000020487,0.9954908106689893
1970-01-01 00:00:00.000020488,0.9954908106689893
1970-01-01 00:00:00.000020489,0.9954908106689893
1970-01-01 00:00:00.000020490,0.9954908106689893
1970-01-01 00:00:00.000020491,0.9954908106689893
1970-01-01 00:00:00.000020492,0.9954908106689893
1970-01-01 00:00:00.000020493,0.9954908106689893
1970-01-01 00:00:00.000020494,0.9954908106689893
1970-01-01 00:00:00.000020495,0.9954908106689893
1970-01-01 00:00:00.000020496,0.9954908106689893
1970-01-01 00:00:00.000020497,0.9954908106689893
1970-01-01 00:00:00.000020498,0.9954908106689893
1970-01-01 00:00:00.000020499,0.9954908106689893
1970-01-01 00:00:00.000020500,0.9954908106689893
1970-01-01 00:00:00.000020501,0.9954908106689893
1970-01-01 00:00:00.000020502,0.9954908106689893
1970-01-01 00:00:00.000020503,0.9954908106689893
1970-01-01 00:00:00.000020504,0.9954908106689893
1970-01-01 00:00:00.000020505,0.9954908106689893
1970-01-01 00:00:00.000020506,0.9954908106689893
1970-01-01 00:00:00.000020507,0.9954908106689893
1970-01-01 00:00:00.000020508,0.9954908106689893
1970-01-01 00:00:00.000020509,0.9954908106689893
1970-01-01 00:00:00.000020510,0.9954908106689893
1970-01-01 00:00:00.000020511,0.9954908106689893
1970-01-01 00:00:00.000020512,0.9954908106689893
1970-01-01 00:00:00.000020513,0.9954908106689893
1970-01-01 00:00:00.000020514,0.9954908106689893
1970-01-01 00:00:00.000020515,0.9954908106689893
1970-01-01 00:00:00.000020516,0.9954908106689893
1970-01-01 00:00:00.000020517,0.9954908106689893
1970-01-01 00:00:00.000020518,0.9954908106689893
1970-01-01 00:00:00.000020519,0.9954908106689893
1970-01-01 00:00:00.000020520,0.9954908106689893
1970-01-01 00:00:00.000020521,0.9954908106689893
1970-01-01 00:00:00.000020522,0.9954908106689893
1970-01-01 00:00:00.000020523,0.9954908106689893
1970-01-01 00:00:00.000020524,0.9954908106689893
1970-01-01 00:00:00.000020525,0.9954908106689893
1970-01-01 00:00:00.000020526,0.9954908106689893
1970-01-01 00:00:00.000020527,0.9954908106689893
1970-01-01 00:00:00.000020528,0.9954908106689893
1970-01-01 00:00:00.000020529,0.9954908106689893
1970-01-01 00:00:00.000020530,0.9954908106689893
1970-01-01 00:00:00.000020531,0.9954908106689893
1970-01-01 00:00:00.000020532,0.9954908106689893
1970-01-01 00:00:00.000020533,0.9954908106689893
1970-01-01 00:00:00.000020534,0.9954908106689893
1970-01-01 00:00:00.000020535,0.9954908106689893
1970-01-01 00:00:00.000020536,0.9954908106689893
1970-01-01 00:00:00.000020537,0.9954908106689893
1970-01-01 00:00:00.000020538,0.9954908106689893
1970-01-01 00:00:00.000020539,0.9954908106689893
1970-01-01 00:00:00.000020540,0.9954908106689893
1970-01-01 00:00:00.000020541,0.9954908106689893
1970-01-01 00:00:00.000020542,0.9954908106689893
1970-01-01 00:00:00.000020543,0.9954908106689893
1970-01-01 00:00:00.000020544,0.9954908106689893
1970-01-01 00:00:00.000020545,0.9954908106689893
1970-01-01 00:00:00.000020546,0.9954908106689893
1970-01-01 00:00:00.000020547,0.9954908106689893
1970-01-01 00:00:00.000020548,0.9954908106689893
1970-01-01 00:00:00.000020549,0.9954908106689893
1970-01-01 00:00:00.000020550,0.9954908106689893
1970-01-01 00:00:00.000020551,0.9954908106689893
1970-01-01 00:00:00.000020552,0.9954908106689893
1970-01-01 00:00:00.000020553,0.9954908106689893
1970-01-01 00:00:00.000020554,0.9954908106689893
1970-01-01 00:00:00.000020555,0.9954908106689893
1970-01-01 00:00:00.000020556,0.9954908106689893
1970-01-01 00:00:00.000020557,0.9954908106689893
1970-01-01 00:00:00.000020558,0.9954908106689893
1970-01-01 00:00:00.000020559,0.9954908106689893
1970-01-01 00:00:00.000020560,0.9954908106689893
1970-01-01 00:00:00.000020561,0.9954908106689893
1970-01-01 00:00:00.000020562,0.9954908106689893
1970-01-01 00:00:00.000020563,0.9954908106689893
1970-01-01 00:00:00.000020564,0.9954908106689893
1970-01-01 00:00:00.000020565,0.9954908106689893
1970-01-01 00:00:00.000020566,0.9954908106689893
1970-01-01 00:00:00.000020567,0.9954908106689893
1970-01-01 00:00:00.000020568,0.9954908106689893
1970-01-01 00:00:00.000020569,0.9954908106689893
1970-01-01 00:00:00.000020570,0.9954908106689893
1970-01-01 00:00:00.000020571,0.9954908106689893
1970-01-01 00:00:00.000020572,0.9954908106689893
1970-01-01 00:00:00.000020573,0.9954908106689893
1970-01-01 00:00:00.000020574,0.9954908106689893
1970-01-01 00:00:00.000020575,0.9954908106689893
1970-01-01 00:00:00.000020576,0.9954908106689893
1970-01-01 00:00:00.000020577,0.9954908106689893
1970-01-01 00:00:00.000020578,0.9954908106689893
1970-01-01 00:00:00.000020579,0.9954908106689893
1970-01-01 00:00:00.000020580,0.9954908106689893
1970-01-01 00:00:00.000020581,0.9954908106689893
1970-01-01 00:00:00.000020582,0.9954908106689893
1970-01-01 00:00:00.000020583,0.9954908106689893
1970-01-01 00:00:00.000020584,0.9954908106689893
1970-01-01 00:00:00.000020585,0.9954908106689893
1970-01-01 00:00:00.000020586,0.9954908106689893
1970-01-01 00:00:00.000020587,0.9954908106689893
1970-01-01 00:00:00.000020588,0.9954908106689893
1970-01-01 00:00:00.000020589,0.9954908106689893
1970-01-01 00:00:00.000020590,0.9954908106689893
1970-01-01 00:00:00.000020591,0.9954908106689893
1970-01-01 00:00:00.000020592,0.9954908106689893
1970-01-01 00:00:00.000020593,0.9954908106689893
1970-01-01 00:00:00.000020594,0.9954908106689893
1970-01-01 00:00:00.000020595,0.9954908106689893
1970-01-01 00:00:00.000020596,0.9954908106689893
1970-01-01 00:00:00.000020597,0.9954908106689893
1970-01-01 00:00:00.000020598,0.9954908106689893
1970-01-01 00:00:00.000020599,0.9954908106689893
1970-01-01 00:00:00.000020600,0.9954908106689893
1970-01-01 00:00:00.000020601,0.9954908106689893
1970-01-01 00:00:00.000020602,0.9954908106689893
1970-01-01 00:00:00.000020603,0.9954908106689893
1970-01-01 00:00:00.000020604,0.9954908106689893
1970-01-01 00:00:00.000020605,0.9954908106689893
1970-01-01 00:00:00.000020606,0.9954908106689893
1970-01-01 00:00:00.000020607,0.9954908106689893
1970-01-01 00:00:00.000020608,0.9954908106689893
1970-01-01 00:00:00.000020609,0.9954908106689893
1970-01-01 00:00:00.000020610,0.9954908106689893
1970-01-01 00:00:00.000020611,0.9954908106689893
1970-01-01 00:00:00.000020612,0.9954908106689893
1970-01-01 00:00:00.000020613,0.9954908106689893
1970-01-01 00:00:00.000020614,0.9954908106689893
1970-01-01 00:00:00.000020615,0.9954908106689893
1970-01-01 00:00:00.000020616,0.9954908106689893
1970-01-01 00:00:00.000020617,0.9954908106689893
1970-01-01 00:00:00.000020618,0.9954908106689893
1970-01-01 00:00:00.000020619,0.9954908106689893
1970-01-01 00:00:00.000020620,0.9954908106689893
1970-01-01 00:00:00.000020621,0.9954908106689893
1970-01-01 00:00:00.000020622,0.9954908106689893
1970-01-01 00:00:00.000020623,0.9954908106689893
1970-01-01 00:00:00.000020624,0.9954908106689893
1970-01-01 00:00:00.000020625,0.9954908106689893
1970-01-01 00:00:00.000020626,0.9954908106689893
1970-01-01 00:00:00.000020627,0.9954908106689893
1970-01-01 00:00:00.000020628,0.9954908106689893
1970-01-01 00:00:00.000020629,0.9954908106689893
1970-01-01 00:00:00.000020630,0.9954908106689893
1970-01-01 00:00:00.000020631,0.9954908106689893
1970-01-01 00:00:00.000020632,0.9954908106689893
1970-01-01 00:00:00.000020633,0.9954908106689893
1970-01-01 00:00:00.000020634,0.9954908106689893
1970-01-01 00:00:00.000020635,0.9954908106689893
1970-01-01 00:00:00.000020636,0.9954908106689893
1970-01-01 00:00:00.000020637,0.9954908106689893
1970-01-01 00:00:00.000020638,0.9954908106689893
1970-01-01 00:00:00.000020639,0.9954908106689893
1970-01-01 00:00:00.000020640,0.9954908106689893
1970-01-01 00:00:00.000020641,0.9954908106689893
1970-01-01 00:00:00.000020642,0.9954908106689893
1970-01-01 00:00:00.000020643,0.9954908106689893
1970-01-01 00:00:00.000020644,0.9954908106689893
1970-01-01 00:00:00.000020645,0.9954908106689893
1970-01-01 00:00:00.000020646,0.9954908106689893
1970-01-01 00:00:00.000020647,0.9954908106689893
1970-01-01 00:00:00.000020648,0.9954908106689893
1970-01-01 00:00:00.000020649,0.9954908106689893
1970-01-01 00:00:00.000020650,0.9954908106689893
1970-01-01 00:00:00.000020651,0.9954908106689893
1970-01-01 00:00:00.000020652,0.9954908106689893
1970-01-01 00:00:00.000020653,0.9954908106689893
1970-01-01 00:00:00.000020654,0.9954908106689893
1970-01-01 00:00:00.000020655,0.9954908106689893
1970-01-01 00:00:00.000020656,0.9954908106689893
1970-01-01 00:00:00.000020657,0.9954908106689893
1970-01-01 00:00:00.000020658,0.9954908106689893
1970-01-01 00:00:00.000020659,0.9954908106689893
1970-01-01 00:00:00.000020660,0.9954908106689893
1970-01-01 00:00:00.000020661,0.9954908106689893
1970-01-01 00:00:00.000020662,0.9954908106689893
1970-01-01 00:00:00.000020663,0.9954908106689893
1970-01-01 00:00:00.000020664,0.9954908106689893
1970-01-01 00:00:00.000020665,0.9954908106689893
1970-01-01 00:00:00.000020666,0.9954908106689893
1970-01-01 00:00:00.000020667,0.9954908106689893
1970-01-01 00:00:00.000020668,0.9954908106689893
1970-01-01 00:00:00.000020669,0.9954908106689893
1970-01-01 00:00:00.000020670,0.9954908106689893
1970-01-01 00:00:00.000020671,0.9954908106689893
1970-01-01 00:00:00.000020672,0.9954908106689893
1970-01-01 00:00:00.000020673,0.9954908106689893
1970-01-01 00:00:00.000020674,0.9954908106689893
1970-01-01 00:00:00.000020675,0.9954908106689893
1970-01-01 00:00:00.000020676,0.9954908106689893
1970-01-01 00:00:00.000020677,0.9954908106689893
1970-01-01 00:00:00.000020678,0.9954908106689893
1970-01-01 00:00:00.000020679,0.9954908106689893
1970-01-01 00:00:00.000020680,0.9954908106689893
1970-01-01 00:00:00.000020681,0.9954908106689893
1970-01-01 00:00:00.000020682,0.9954908106689893
1970-01-01 00:00:00.000020683,0.9954908106689893
1970-01-01 00:00:00.000020684,0.9954908106689893
1970-01-01 00:00:00.000020685,0.9954908106689893
1970-01-01 00:00:00.000020686,0.9954908106689893
1970-01-01 00:00:00.000020687,0.9954908106689893
1970-01-01 00:00:00.000020688,0.9954908106689893
1970-01-01 00:00:00.000020689,0.9954908106689893
1970-01-01 00:00:00.000020690,0.9954908106689893
1970-01-01 00:00:00.000020691,0.9954908106689893
1970-01-01 00:00:00.000020692,0.9954908106689893
1970-01-01 00:00:00.000020693,0.9954908106689893
1970-01-01 00:00:00.000020694,0.9954908106689893
1970-01-01 00:00:00.000020695,0.9954908106689893
1970-01-01 00:00:00.000020696,0.9954908106689893
1970-01-01 00:00:00.000020697,0.9954908106689893
1970-01-01 00:00:00.000020698,0.9954908106689893
1970-01-01 00:00:00.000020699,0.9954908106689893
1970-01-01 00:00:00.000020700,0.9954908106689893
1970-01-01 00:00:00.000020701,0.9954908106689893
1970-01-01 00:00:00.000020702,0.9954908106689893
1970-01-01 00:00:00.000020703,0.9954908106689893
1970-01-01 00:00:00.000020704,0.9954908106689893
1970-01-01 00:00:00.000020705,0.9954908106689893
1970-01-01 00:00:00.000020706,0.9954908106689893
1970-01-01 00:00:00.000020707,0.9954908106689893
1970-01-01 00:00:00.000020708,0.9954908106689893
1970-01-01 00:00:00.000020709,0.9954908106689893
1970-01-01 00:00:00.000020710,0.9954908106689893
1970-01-01 00:00:00.000020711,0.9954908106689893
1970-01-01 00:00:00.000020712,0.9954908106689893
1970-01-01 00:00:00.000020713,0.9954908106689893
1970-01-01 00:00:00.000020714,0.9954908106689893
1970-01-01 00:00:00.000020715,0.9954908106689893
1970-01-01 00:00:00.000020716,0.9954908106689893
1970-01-01 00:00:00.000020717,0.9954908106689893
1970-01-01 00:00:00.000020718,0.9954908106689893
1970-01-01 00:00:00.000020719,0.9954908106689893
1970-01-01 00:00:00.000020720,0.9954908106689893
1970-01-01 00:00:00.000020721,0.9954908106689893
1970-01-01 00:00:00.000020722,0.9954908106689893
1970-01-01 00:00:00.000020723,0.9954908106689893
1970-01-01 00:00:00.000020724,0.9954908106689893
1970-01-01 00:00:00.000020725,0.9954908106689893
1970-01-01 00:00:00.000020726,0.9954908106689893
1970-01-01 00:00:00.000020727,0.9954908106689893
1970-01-01 00:00:00.000020728,0.9954908106689893
1970-01-01 00:00:00.000020729,0.9954908106689893
1970-01-01 00:00:00.000020730,0.9954908106689893
1970-01-01 00:00:00.000020731,0.9954908106689893
1970-01-01 00:00:00.000020732,0.9954908106689893
1970-01-01 00:00:00.000020733,0.9954908106689893
1970-01-01 00:00:00.000020734,0.9954908106689893
1970-01-01 00:00:00.000020735,0.9954908106689893
1970-01-01 00:00:00.000020736,0.9954908106689893
1970-01-01 00:00:00.000020737,0.9954908106689893
1970-01-01 00:00:00.000020738,0.9954908106689893
1970-01-01 00:00:00.000020739,0.9954908106689893
1970-01-01 00:00:00.000020740,0.9954908106689893
1970-01-01 00:00:00.000020741,0.9954908106689893
1970-01-01 00:00:00.000020742,0.9954908106689893
1970-01-01 00:00:00.000020743,0.9954908106689893
1970-01-01 00:00:00.000020744,0.9954908106689893
1970-01-01 00:00:00.000020745,0.9954908106689893
1970-01-01 00:00:00.000020746,0.9954908106689893
1970-01-01 00:00:00.000020747,0.9954908106689893
1970-01-01 00:00:00.000020748,0.9954908106689893
1970-01-01 00:00:00.000020749,0.9954908106689893
1970-01-01 00:00:00.000020750,0.9954908106689893
1970-01-01 00:00:00.000020751,0.9954908106689893
1970-01-01 00:00:00.000020752,0.9954908106689893
1970-01-01 00:00:00.000020753,0.9954908106689893
1970-01-01 00:00:00.000020754,0.9954908106689893
1970-01-01 00:00:00.000020755,0.9954908106689893
1970-01-01 00:00:00.000020756,0.9954908106689893
1970-01-01 00:00:00.000020757,0.9954908106689893
1970-01-01 00:00:00.000020758,0.9954908106689893
1970-01-01 00:00:00.000020759,0.9954908106689893
1970-01-01 00:00:00.000020760,0.9954908106689893
1970-01-01 00:00:00.000020761,0.9954908106689893
1970-01-01 00:00:00.000020762,0.9954908106689893
1970-01-01 00:00:00.000020763,0.9954908106689893
1970-01-01 00:00:00.000020764,0.9954908106689893
1970-01-01 00:00:00.000020765,0.9954908106689893
1970-01-01 00:00:00.000020766,0.9954908106689893
1970-01-01 00:00:00.000020767,0.9954908106689893
1970-01-01 00:00:00.000020768,0.9954908106689893
1970-01-01 00:00:00.000020769,0.9954908106689893
1970-01-01 00:00:00.000020770,0.9954908106689893
1970-01-01 00:00:00.000020771,0.9954908106689893
1970-01-01 00:00:00.000020772,0.9954908106689893
1970-01-01 00:00:00.000020773,0.9954908106689893
1970-01-01 00:00:00.000020774,0.9954908106689893
1970-01-01 00:00:00.000020775,0.9954908106689893
1970-01-01 00:00:00.000020776,0.9954908106689893
1970-01-01 00:00:00.000020777,0.9954908106689893
1970-01-01 00:00:00.000020778,0.9954908106689893
1970-01-01 00:00:00.000020779,0.9954908106689893
1970-01-01 00:00:00.000020780,0.9954908106689893
1970-01-01 00:00:00.000020781,0.9954908106689893
1970-01-01 00:00:00.000020782,0.9954908106689893
1970-01-01 00:00:00.000020783,0.9954908106689893
1970-01-01 00:00:00.000020784,0.9954908106689893
1970-01-01 00:00:00.000020785,0.9954908106689893
1970-01-01 00:00:00.000020786,0.9954908106689893
1970-01-01 00:00:00.000020787,0.9954908106689893
1970-01-01 00:00:00.000020788,0.9954908106689893
1970-01-01 00:00:00.000020789,0.9954908106689893
1970-01-01 00:00:00.000020790,0.9954908106689893
1970-01-01 00:00:00.000020791,0.9954908106689893
1970-01-01 00:00:00.000020792,0.9954908106689893
1970-01-01 00:00:00.000020793,0.9954908106689893
1970-01-01 00:00:00.000020794,0.9954908106689893
1970-01-01 00:00:00.000020795,0.9954908106689893
1970-01-01 00:00:00.000020796,0.9954908106689893
1970-01-01 00:00:00.000020797,0.9954908106689893
1970-01-01 00:00:00.000020798,0.9954908106689893
1970-01-01 00:00:00.000020799,0.9954908106689893
1970-01-01 00:00:00.000020800,0.9954908106689893
1970-01-01 00:00:00.000020801,0.9954908106689893
1970-01-01 00:00:00.000020802,0.9954908106689893
1970-01-01 00:00:00.000020803,0.9954908106689893
1970-01-01 00:00:00.000020804,0.9954908106689893
1970-01-01 00:00:00.000020805,0.9954908106689893
1970-01-01 00:00:00.000020806,0.9954908106689893
1970-01-01 00:00:00.000020807,0.9954908106689893
1970-01-01 00:00:00.000020808,0.9954908106689893
1970-01-01 00:00:00.000020809,0.9954908106689893
1970-01-01 00:00:00.000020810,0.9954908106689893
1970-01-01 00:00:00.000020811,0.9954908106689893
1970-01-01 00:00:00.000020812,0.9954908106689893
1970-01-01 00:00:00.000020813,0.9954908106689893
1970-01-01 00:00:00.000020814,0.9954908106689893
1970-01-01 00:00:00.000020815,0.9954908106689893
1970-01-01 00:00:00.000020816,0.9954908106689893
1970-01-01 00:00:00.000020817,0.9954908106689893
1970-01-01 00:00:00.000020818,0.9954908106689893
1970-01-01 00:00:00.000020819,0.9954908106689893
1970-01-01 00:00:00.000020820,0.9954908106689893
1970-01-01 00:00:00.000020821,0.9954908106689893
1970-01-01 00:00:00.000020822,0.9954908106689893
1970-01-01 00:00:00.000020823,0.9954908106689893
1970-01-01 00:00:00.000020824,0.9954908106689893
1970-01-01 00:00:00.000020825,0.9954908106689893
1970-01-01 00:00:00.000020826,0.9954908106689893
1970-01-01 00:00:00.000020827,0.9954908106689893
1970-01-01 00:00:00.000020828,0.9954908106689893
1970-01-01 00:00:00.000020829,0.9954908106689893
1970-01-01 00:00:00.000020830,0.9954908106689893
1970-01-01 00:00:00.000020831,0.9954908106689893
1970-01-01 00:00:00.000020832,0.9954908106689893
1970-01-01 00:00:00.000020833,0.9954908106689893
1970-01-01 00:00:00.000020834,0.9954908106689893
1970-01-01 00:00:00.000020835,0.9954908106689893
1970-01-01 00:00:00.000020836,0.9954908106689893
1970-01-01 00:00:00.000020837,0.9954908106689893
1970-01-01 00:00:00.000020838,0.9954908106689893
1970-01-01 00:00:00.000020839,0.9954908106689893
1970-01-01 00:00:00.000020840,0.9954908106689893
1970-01-01 00:00:00.000020841,0.9954908106689893
1970-01-01 00:00:00.000020842,0.9954908106689893
1970-01-01 00:00:00.000020843,0.9954908106689893
1970-01-01 00:00:00.000020844,0.9954908106689893
1970-01-01 00:00:00.000020845,0.9954908106689893
1970-01-01 00:00:00.000020846,0.9954908106689893
1970-01-01 00:00:00.000020847,0.9954908106689893
1970-01-01 00:00:00.000020848,0.9954908106689893
1970-01-01 00:00:00.000020849,0.9954908106689893
1970-01-01 00:00:00.000020850,0.9954908106689893
1970-01-01 00:00:00.000020851,0.9954908106689893
1970-01-01 00:00:00.000020852,0.9954908106689893
1970-01-01 00:00:00.000020853,0.9954908106689893
1970-01-01 00:00:00.000020854,0.9954908106689893
1970-01-01 00:00:00.000020855,0.9954908106689893
1970-01-01 00:00:00.000020856,0.9954908106689893
1970-01-01 00:00:00.000020857,0.9954908106689893
1970-01-01 00:00:00.000020858,0.9954908106689893
1970-01-01 00:00:00.000020859,0.9954908106689893
1970-01-01 00:00:00.000020860,0.9954908106689893
1970-01-01 00:00:00.000020861,0.9954908106689893
1970-01-01 00:00:00.000020862,0.9954908106689893
1970-01-01 00:00:00.000020863,0.9954908106689893
1970-01-01 00:00:00.000020864,0.9954908106689893
1970-01-01 00:00:00.000020865,0.9954908106689893
1970-01-01 00:00:00.000020866,0.9954908106689893
1970-01-01 00:00:00.000020867,0.9954908106689893
1970-01-01 00:00:00.000020868,0.9954908106689893
1970-01-01 00:00:00.000020869,0.9954908106689893
1970-01-01 00:00:00.000020870,0.9954908106689893
1970-01-01 00:00:00.000020871,0.9954908106689893
1970-01-01 00:00:00.000020872,0.9954908106689893
1970-01-01 00:00:00.000020873,0.9954908106689893
1970-01-01 00:00:00.000020874,0.9954908106689893
1970-01-01 00:00:00.000020875,0.9954908106689893
1970-01-01 00:00:00.000020876,0.9954908106689893
1970-01-01 00:00:00.000020877,0.9954908106689893
1970-01-01 00:00:00.000020878,0.9954908106689893
1970-01-01 00:00:00.000020879,0.9954908106689893
1970-01-01 00:00:00.000020880,0.9954908106689893
1970-01-01 00:00:00.000020881,0.9954908106689893
1970-01-01 00:00:00.000020882,0.9954908106689893
1970-01-01 00:00:00.000020883,0.9954908106689893
1970-01-01 00:00:00.000020884,0.9954908106689893
1970-01-01 00:00:00.000020885,0.9954908106689893
1970-01-01 00:00:00.000020886,0.9954908106689893
1970-01-01 00:00:00.000020887,0.9954908106689893
1970-01-01 00:00:00.000020888,0.9954908106689893
1970-01-01 00:00:00.000020889,0.9954908106689893
1970-01-01 00:00:00.000020890,0.9954908106689893
1970-01-01 00:00:00.000020891,0.9954908106689893
1970-01-01 00:00:00.000020892,0.9954908106689893
1970-01-01 00:00:00.000020893,0.9954908106689893
1970-01-01 00:00:00.000020894,0.9954908106689893
1970-01-01 00:00:00.000020895,0.9954908106689893
1970-01-01 00:00:00.000020896,0.9954908106689893
1970-01-01 00:00:00.000020897,0.9954908106689893
1970-01-01 00:00:00.000020898,0.9954908106689893
1970-01-01 00:00:00.000020899,0.9954908106689893
1970-01-01 00:00:00.000020900,0.9954908106689893
1970-01-01 00:00:00.000020901,0.9954908106689893
1970-01-01 00:00:00.000020902,0.9954908106689893
1970-01-01 00:00:00.000020903,0.9954908106689893
1970-01-01 00:00:00.000020904,0.9954908106689893
1970-01-01 00:00:00.000020905,0.9954908106689893
1970-01-01 00:00:00.000020906,0.9954908106689893
1970-01-01 00:00:00.000020907,0.9954908106689893
1970-01-01 00:00:00.000020908,0.9954908106689893
1970-01-01 00:00:00.000020909,0.9954908106689893
1970-01-01 00:00:00.000020910,0.9954908106689893
1970-01-01 00:00:00.000020911,0.9954908106689893
1970-01-01 00:00:00.000020912,0.9954908106689893
1970-01-01 00:00:00.000020913,0.9954908106689893
1970-01-01 00:00:00.000020914,0.9954908106689893
1970-01-01 00:00:00.000020915,0.9954908106689893
1970-01-01 00:00:00.000020916,0.9954908106689893
1970-01-01 00:00:00.000020917,0.9954908106689893
1970-01-01 00:00:00.000020918,0.9954908106689893
1970-01-01 00:00:00.000020919,0.9954908106689893
1970-01-01 00:00:00.000020920,0.9954908106689893
1970-01-01 00:00:00.000020921,0.9954908106689893
1970-01-01 00:00:00.000020922,0.9954908106689893
1970-01-01 00:00:00.000020923,0.9954908106689893
1970-01-01 00:00:00.000020924,0.9954908106689893
1970-01-01 00:00:00.000020925,0.9954908106689893
1970-01-01 00:00:00.000020926,0.9954908106689893
1970-01-01 00:00:00.000020927,0.9954908106689893
1970-01-01 00:00:00.000020928,0.9954908106689893
1970-01-01 00:00:00.000020929,0.9954908106689893
1970-01-01 00:00:00.000020930,0.9954908106689893
1970-01-01 00:00:00.000020931,0.9954908106689893
1970-01-01 00:00:00.000020932,0.9954908106689893
1970-01-01 00:00:00.000020933,0.9954908106689893
1970-01-01 00:00:00.000020934,0.9954908106689893
1970-01-01 00:00:00.000020935,0.9954908106689893
1970-01-01 00:00:00.000020936,0.9954908106689893
1970-01-01 00:00:00.000020937,0.9954908106689893
1970-01-01 00:00:00.000020938,0.9954908106689893
1970-01-01 00:00:00.000020939,0.9954908106689893
1970-01-01 00:00:00.000020940,0.9954908106689893
1970-01-01 00:00:00.000020941,0.9954908106689893
1970-01-01 00:00:00.000020942,0.9954908106689893
1970-01-01 00:00:00.000020943,0.9954908106689893
1970-01-01 00:00:00.000020944,0.9954908106689893
1970-01-01 00:00:00.000020945,0.9954908106689893
1970-01-01 00:00:00.000020946,0.9954908106689893
1970-01-01 00:00:00.000020947,0.9954908106689893
1970-01-01 00:00:00.000020948,0.9954908106689893
1970-01-01 00:00:00.000020949,0.9954908106689893
1970-01-01 00:00:00.000020950,0.9954908106689893
1970-01-01 00:00:00.000020951,0.9954908106689893
1970-01-01 00:00:00.000020952,0.9954908106689893
1970-01-01 00:00:00.000020953,0.9954908106689893
1970-01-01 00:00:00.000020954,0.9954908106689893
1970-01-01 00:00:00.000020955,0.9954908106689893
1970-01-01 00:00:00.000020956,0.9954908106689893
1970-01-01 00:00:00.000020957,0.9954908106689893
1970-01-01 00:00:00.000020958,0.9954908106689893
1970-01-01 00:00:00.000020959,0.9954908106689893
1970-01-01 00:00:00.000020960,0.9954908106689893
1970-01-01 00:00:00.000020961,0.9954908106689893
1970-01-01 00:00:00.000020962,0.9954908106689893
1970-01-01 00:00:00.000020963,0.9954908106689893
1970-01-01 00:00:00.000020964,0.9954908106689893
1970-01-01 00:00:00.000020965,0.9954908106689893
1970-01-01 00:00:00.000020966,0.9954908106689893
1970-01-01 00:00:00.000020967,0.9954908106689893
1970-01-01 00:00:00.000020968,0.9954908106689893
1970-01-01 00:00:00.000020969,0.9954908106689893
1970-01-01 00:00:00.000020970,0.9954908106689893
1970-01-01 00:00:00.000020971,0.9954908106689893
1970-01-01 00:00:00.000020972,0.9954908106689893
1970-01-01 00:00:00.000020973,0.9954908106689893
1970-01-01 00:00:00.000020974,0.9954908106689893
1970-01-01 00:00:00.000020975,0.9933713092900848
1970-01-01 00:00:00.000020976,0.9932719721591557
1970-01-01 00:00:00.000020977,0.9932719721591557
1970-01-01 00:00:00.000020978,0.9932719721591557
1970-01-01 00:00:00.000020979,0.9932719721591557
1970-01-01 00:00:00.000020980,0.9932719721591557
1970-01-01 00:00:00.000020981,0.9932719721591557
1970-01-01 00:00:00.000020982,0.9932719721591557
1970-01-01 00:00:00.000020983,0.9932719721591557
1970-01-01 00:00:00.000020984,0.9932719721591557
1970-01-01 00:00:00.000020985,0.9932719721591557
1970-01-01 00:00:00.000020986,0.9932719721591557
1970-01-01 00:00:00.000020987,0.9932719721591557
1970-01-01 00:00:00.000020988,0.9932719721591557
1970-01-01 00:00:00.000020989,0.9932719721591557
1970-01-01 00:00:00.000020990,0.9932719721591557
1970-01-01 00:00:00.000020991,0.9932719721591557
1970-01-01 00:00:00.000020992,0.9932719721591557
1970-01-01 00:00:00.000020993,0.9932719721591557
1970-01-01 00:00:00.000020994,0.9932719721591557
1970-01-01 00:00:00.000020995,0.9932719721591557
1970-01-01 00:00:00.000020996,0.9932719721591557
1970-01-01 00:00:00.000020997,0.9932719721591557
1970-01-01 00:00:00.000020998,0.9932719721591557
1970-01-01 00:00:00.000020999,0.9932719721591557
1970-01-01 00:00:00.000021000,0.9932719721591557
1970-01-01 00:00:00.000021001,0.9932719721591557
1970-01-01 00:00:00.000021002,0.9932719721591557
1970-01-01 00:00:00.000021003,0.9932719721591557
1970-01-01 00:00:00.000021004,0.9932719721591557
1970-01-01 00:00:00.000021005,0.9932719721591557
1970-01-01 00:00:00.000021006,0.9932719721591557
1970-01-01 00:00:00.000021007,0.9932719721591557
1970-01-01 00:00:00.000021008,0.9932719721591557
1970-01-01 00:00:00.000021009,0.9932719721591557
1970-01-01 00:00:00.000021010,0.9932719721591557
1970-01-01 00:00:00.000021011,0.9932719721591557
1970-01-01 00:00:00.000021012,0.9932719721591557
1970-01-01 00:00:00.000021013,0.9932719721591557
1970-01-01 00:00:00.000021014,0.9932719721591557
1970-01-01 00:00:00.000021015,0.9932719721591557
1970-01-01 00:00:00.000021016,0.9932719721591557
1970-01-01 00:00:00.000021017,0.9932719721591557
1970-01-01 00:00:00.000021018,0.9932719721591557
1970-01-01 00:00:00.000021019,0.9932719721591557
1970-01-01 00:00:00.000021020,0.9932719721591557
1970-01-01 00:00:00.000021021,0.9932719721591557
1970-01-01 00:00:00.000021022,0.9932719721591557
1970-01-01 00:00:00.000021023,0.9932719721591557
1970-01-01 00:00:00.000021024,0.9932719721591557
1970-01-01 00:00:00.000021025,0.9932719721591557
1970-01-01 00:00:00.000021026,0.9932719721591557
1970-01-01 00:00:00.000021027,0.9932719721591557
1970-01-01 00:00:00.000021028,0.9932719721591557
1970-01-01 00:00:00.000021029,0.9932719721591557
1970-01-01 00:00:00.000021030,0.9932719721591557
1970-01-01 00:00:00.000021031,0.9932719721591557
1970-01-01 00:00:00.000021032,0.9932719721591557
1970-01-01 00:00:00.000021033,0.9932719721591557
1970-01-01 00:00:00.000021034,0.9932719721591557
1970-01-01 00:00:00.000021035,0.9932719721591557
1970-01-01 00:00:00.000021036,0.9932719721591557
1970-01-01 00:00:00.000021037,0.9932719721591557
1970-01-01 00:00:00.000021038,0.9932719721591557
1970-01-01 00:00:00.000021039,0.9932719721591557
1970-01-01 00:00:00.000021040,0.9932719721591557
1970-01-01 00:00:00.000021041,0.9932719721591557
1970-01-01 00:00:00.000021042,0.9932719721591557
1970-01-01 00:00:00.000021043,0.9932719721591557
1970-01-01 00:00:00.000021044,0.9932719721591557
1970-01-01 00:00:00.000021045,0.9932719721591557
1970-01-01 00:00:00.000021046,0.9932719721591557
1970-01-01 00:00:00.000021047,0.9932719721591557
1970-01-01 00:00:00.000021048,0.9932719721591557
1970-01-01 00:00:00.000021049,0.9932719721591557
1970-01-01 00:00:00.000021050,0.9932719721591557
1970-01-01 00:00:00.000021051,0.9932719721591557
1970-01-01 00:00:00.000021052,0.9932719721591557
1970-01-01 00:00:00.000021053,0.9932719721591557
1970-01-01 00:00:00.000021054,0.9932719721591557
1970-01-01 00:00:00.000021055,0.9932719721591557
1970-01-01 00:00:00.000021056,0.9932719721591557
1970-01-01 00:00:00.000021057,0.9932719721591557
1970-01-01 00:00:00.000021058,0.9932719721591557
1970-01-01 00:00:00.000021059,0.9932719721591557
1970-01-01 00:00:00.000021060,0.9932719721591557
1970-01-01 00:00:00.000021061,0.9932719721591557
1970-01-01 00:00:00.000021062,0.9932719721591557
1970-01-01 00:00:00.000021063,0.9932719721591557
1970-01-01 00:00:00.000021064,0.9932719721591557
1970-01-01 00:00:00.000021065,0.9932719721591557
1970-01-01 00:00:00.000021066,0.9932719721591557
1970-01-01 00:00:00.000021067,0.9932719721591557
1970-01-01 00:00:00.000021068,0.9932719721591557
1970-01-01 00:00:00.000021069,0.9932719721591557
1970-01-01 00:00:00.000021070,0.9932719721591557
1970-01-01 00:00:00.000021071,0.9932719721591557
1970-01-01 00:00:00.000021072,0.9932719721591557
1970-01-01 00:00:00.000021073,0.9932719721591557
1970-01-01 00:00:00.000021074,0.9932719721591557
1970-01-01 00:00:00.000021075,0.9932719721591557
1970-01-01 00:00:00.000021076,0.9932719721591557
1970-01-01 00:00:00.000021077,0.9932719721591557
1970-01-01 00:00:00.000021078,0.9932719721591557
1970-01-01 00:00:00.000021079,0.9932719721591557
1970-01-01 00:00:00.000021080,0.9932719721591557
1970-01-01 00:00:00.000021081,0.9932719721591557
1970-01-01 00:00:00.000021082,0.9932719721591557
1970-01-01 00:00:00.000021083,0.9932719721591557
1970-01-01 00:00:00.000021084,0.9932719721591557
1970-01-01 00:00:00.000021085,0.9932719721591557
1970-01-01 00:00:00.000021086,0.9956376592502474
1970-01-01 00:00:00.000021087,0.9955380954843224
1970-01-01 00:00:00.000021088,0.9955380954843224
1970-01-01 00:00:00.000021089,0.9955380954843224
1970-01-01 00:00:00.000021090,0.9955380954843224
1970-01-01 00:00:00.000021091,0.9955380954843224
1970-01-01 00:00:00.000021092,0.9955380954843224
1970-01-01 00:00:00.000021093,0.9955380954843224
1970-01-01 00:00:00.000021094,0.9955380954843224
1970-01-01 00:00:00.000021095,0.9955380954843224
1970-01-01 00:00:00.000021096,0.9955380954843224
1970-01-01 00:00:00.000021097,0.9955380954843224
1970-01-01 00:00:00.000021098,0.9955380954843224
1970-01-01 00:00:00.000021099,0.9955380954843224
1970-01-01 00:00:00.000021100,0.9955380954843224
1970-01-01 00:00:00.000021101,0.9955380954843224
1970-01-01 00:00:00.000021102,0.9955380954843224
1970-01-01 00:00:00.000021103,0.9955380954843224
1970-01-01 00:00:00.000021104,0.9955380954843224
1970-01-01 00:00:00.000021105,0.9955380954843224
1970-01-01 00:00:00.000021106,0.9955380954843224
1970-01-01 00:00:00.000021107,0.9955380954843224
1970-01-01 00:00:00.000021108,0.9955380954843224
1970-01-01 00:00:00.000021109,0.9955380954843224
1970-01-01 00:00:00.000021110,0.9955380954843224
1970-01-01 00:00:00.000021111,0.9955380954843224
1970-01-01 00:00:00.000021112,0.9955380954843224
1970-01-01 00:00:00.000021113,0.9955380954843224
1970-01-01 00:00:00.000021114,0.9955380954843224
1970-01-01 00:00:00.000021115,0.9955380954843224
1970-01-01 00:00:00.000021116,0.9955380954843224
1970-01-01 00:00:00.000021117,0.9955380954843224
1970-01-01 00:00:00.000021118,0.9955380954843224
1970-01-01 00:00:00.000021119,0.9955380954843224
1970-01-01 00:00:00.000021120,0.9955380954843224
1970-01-01 00:00:00.000021121,0.9955380954843224
1970-01-01 00:00:00.000021122,0.9955380954843224
1970-01-01 00:00:00.000021123,0.9955380954843224
1970-01-01 00:00:00.000021124,0.9955380954843224
1970-01-01 00:00:00.000021125,0.9955380954843224
1970-01-01 00:00:00.000021126,0.9955380954843224
1970-01-01 00:00:00.000021127,0.9955380954843224
1970-01-01 00:00:00.000021128,0.9955380954843224
1970-01-01 00:00:00.000021129,0.9955380954843224
1970-01-01 00:00:00.000021130,0.9955380954843224
1970-01-01 00:00:00.000021131,0.9955380954843224
1970-01-01 00:00:00.000021132,0.9955380954843224
1970-01-01 00:00:00.000021133,0.9955380954843224
1970-01-01 00:00:00.000021134,0.9955380954843224
1970-01-01 00:00:00.000021135,0.9955380954843224
1970-01-01 00:00:00.000021136,0.9955380954843224
1970-01-01 00:00:00.000021137,0.9955380954843224
1970-01-01 00:00:00.000021138,0.9955380954843224
1970-01-01 00:00:00.000021139,0.9955380954843224
1970-01-01 00:00:00.000021140,0.9955380954843224
1970-01-01 00:00:00.000021141,0.9955380954843224
1970-01-01 00:00:00.000021142,0.9955380954843224
1970-01-01 00:00:00.000021143,0.9955380954843224
1970-01-01 00:00:00.000021144,0.9955380954843224
1970-01-01 00:00:00.000021145,0.9955380954843224
1970-01-01 00:00:00.000021146,0.9955380954843224
1970-01-01 00:00:00.000021147,0.9955380954843224
1970-01-01 00:00:00.000021148,0.9955380954843224
1970-01-01 00:00:00.000021149,0.9955380954843224
1970-01-01 00:00:00.000021150,0.9955380954843224
1970-01-01 00:00:00.000021151,0.9955380954843224
1970-01-01 00:00:00.000021152,0.9955380954843224
1970-01-01 00:00:00.000021153,0.9955380954843224
1970-01-01 00:00:00.000021154,0.9955380954843224
1970-01-01 00:00:00.000021155,0.9955380954843224
1970-01-01 00:00:00.000021156,0.9955380954843224
1970-01-01 00:00:00.000021157,0.9955380954843224
1970-01-01 00:00:00.000021158,0.9955380954843224
1970-01-01 00:00:00.000021159,0.9955380954843224
1970-01-01 00:00:00.000021160,0.9955380954843224
1970-01-01 00:00:00.000021161,0.9955380954843224
1970-01-01 00:00:00.000021162,0.9955380954843224
1970-01-01 00:00:00.000021163,0.9955380954843224
1970-01-01 00:00:00.000021164,0.9955380954843224
1970-01-01 00:00:00.000021165,0.9955380954843224
1970-01-01 00:00:00.000021166,0.9955380954843224
1970-01-01 00:00:00.000021167,0.9955380954843224
1970-01-01 00:00:00.000021168,0.9955380954843224
1970-01-01 00:00:00.000021169,0.9955380954843224
1970-01-01 00:00:00.000021170,0.9955380954843224
1970-01-01 00:00:00.000021171,0.9955380954843224
1970-01-01 00:00:00.000021172,0.9955380954843224
1970-01-01 00:00:00.000021173,0.9955380954843224
1970-01-01 00:00:00.000021174,0.9955380954843224
1970-01-01 00:00:00.000021175,0.9955380954843224
1970-01-01 00:00:00.000021176,0.9955380954843224
1970-01-01 00:00:00.000021177,0.9955380954843224
1970-01-01 00:00:00.000021178,0.9955380954843224
1970-01-01 00:00:00.000021179,0.9955380954843224
1970-01-01 00:00:00.000021180,0.9955380954843224
1970-01-01 00:00:00.000021181,0.9955380954843224
1970-01-01 00:00:00.000021182,0.9955380954843224
1970-01-01 00:00:00.000021183,0.9955380954843224
1970-01-01 00:00:00.000021184,0.9955380954843224
1970-01-01 00:00:00.000021185,0.9955380954843224
1970-01-01 00:00:00.000021186,0.9955380954843224
1970-01-01 00:00:00.000021187,0.9955380954843224
1970-01-01 00:00:00.000021188,0.9955380954843224
1970-01-01 00:00:00.000021189,0.9955380954843224
1970-01-01 00:00:00.000021190,0.9955380954843224
1970-01-01 00:00:00.000021191,0.9955380954843224
1970-01-01 00:00:00.000021192,0.9955380954843224
1970-01-01 00:00:00.000021193,0.9955380954843224
1970-01-01 00:00:00.000021194,0.9955380954843224
1970-01-01 00:00:00.000021195,0.9955380954843224
1970-01-01 00:00:00.000021196,0.9955380954843224
1970-01-01 00:00:00.000021197,0.9955380954843224
1970-01-01 00:00:00.000021198,0.9955380954843224
1970-01-01 00:00:00.000021199,0.9955380954843224
1970-01-01 00:00:00.000021200,0.9955380954843224
1970-01-01 00:00:00.000021201,0.9955380954843224
1970-01-01 00:00:00.000021202,0.9955380954843224
1970-01-01 00:00:00.000021203,0.9955380954843224
1970-01-01 00:00:00.000021204,0.9955380954843224
1970-01-01 00:00:00.000021205,0.9955380954843224
1970-01-01 00:00:00.000021206,0.9955380954843224
1970-01-01 00:00:00.000021207,0.9955380954843224
1970-01-01 00:00:00.000021208,0.9955380954843224
1970-01-01 00:00:00.000021209,0.9955380954843224
1970-01-01 00:00:00.000021210,0.9955380954843224
1970-01-01 00:00:00.000021211,0.9955380954843224
1970-01-01 00:00:00.000021212,0.9955380954843224
1970-01-01 00:00:00.000021213,0.9955380954843224
1970-01-01 00:00:00.000021214,0.9955380954843224
1970-01-01 00:00:00.000021215,0.9955380954843224
1970-01-01 00:00:00.000021216,0.9955380954843224
1970-01-01 00:00:00.000021217,0.9955380954843224
1970-01-01 00:00:00.000021218,0.9955380954843224
1970-01-01 00:00:00.000021219,0.9955380954843224
1970-01-01 00:00:00.000021220,0.9955380954843224
1970-01-01 00:00:00.000021221,0.9955380954843224
1970-01-01 00:00:00.000021222,0.9955380954843224
1970-01-01 00:00:00.000021223,0.9955380954843224
1970-01-01 00:00:00.000021224,0.9955380954843224
1970-01-01 00:00:00.000021225,0.9955380954843224
1970-01-01 00:00:00.000021226,0.9955380954843224
1970-01-01 00:00:00.000021227,0.9955380954843224
1970-01-01 00:00:00.000021228,0.9955380954843224
1970-01-01 00:00:00.000021229,0.9955380954843224
1970-01-01 00:00:00.000021230,0.9955380954843224
1970-01-01 00:00:00.000021231,0.9955380954843224
1970-01-01 00:00:00.000021232,0.9955380954843224
1970-01-01 00:00:00.000021233,0.9955380954843224
1970-01-01 00:00:00.000021234,0.9955380954843224
1970-01-01 00:00:00.000021235,0.9955380954843224
1970-01-01 00:00:00.000021236,0.9955380954843224
1970-01-01 00:00:00.000021237,0.9955380954843224
1970-01-01 00:00:00.000021238,0.9955380954843224
1970-01-01 00:00:00.000021239,0.9955380954843224
1970-01-01 00:00:00.000021240,0.9955380954843224
1970-01-01 00:00:00.000021241,0.9955380954843224
1970-01-01 00:00:00.000021242,0.9955380954843224
1970-01-01 00:00:00.000021243,0.9955380954843224
1970-01-01 00:00:00.000021244,0.9955380954843224
1970-01-01 00:00:00.000021245,0.9955380954843224
1970-01-01 00:00:00.000021246,0.9955380954843224
1970-01-01 00:00:00.000021247,0.9955380954843224
1970-01-01 00:00:00.000021248,0.9955380954843224
1970-01-01 00:00:00.000021249,0.9955380954843224
1970-01-01 00:00:00.000021250,0.9955380954843224
1970-01-01 00:00:00.000021251,0.9955380954843224
1970-01-01 00:00:00.000021252,0.9955380954843224
1970-01-01 00:00:00.000021253,0.9955380954843224
1970-01-01 00:00:00.000021254,0.9955380954843224
1970-01-01 00:00:00.000021255,0.9955380954843224
1970-01-01 00:00:00.000021256,0.9955380954843224
1970-01-01 00:00:00.000021257,0.9955380954843224
1970-01-01 00:00:00.000021258,0.9955380954843224
1970-01-01 00:00:00.000021259,0.9955380954843224
1970-01-01 00:00:00.000021260,0.9955380954843224
1970-01-01 00:00:00.000021261,0.9955380954843224
1970-01-01 00:00:00.000021262,0.9955380954843224
1970-01-01 00:00:00.000021263,0.9955380954843224
1970-01-01 00:00:00.000021264,0.9955380954843224
1970-01-01 00:00:00.000021265,0.9955380954843224
1970-01-01 00:00:00.000021266,0.9955380954843224
1970-01-01 00:00:00.000021267,0.9955380954843224
1970-01-01 00:00:00.000021268,0.9955380954843224
1970-01-01 00:00:00.000021269,0.9955380954843224
1970-01-01 00:00:00.000021270,0.9955380954843224
1970-01-01 00:00:00.000021271,0.9955380954843224
1970-01-01 00:00:00.000021272,0.9955380954843224
1970-01-01 00:00:00.000021273,0.9955380954843224
1970-01-01 00:00:00.000021274,0.9955380954843224
1970-01-01 00:00:00.000021275,0.9955380954843224
1970-01-01 00:00:00.000021276,0.9955380954843224
1970-01-01 00:00:00.000021277,0.9955380954843224
1970-01-01 00:00:00.000021278,0.9955380954843224
1970-01-01 00:00:00.000021279,0.9955380954843224
1970-01-01 00:00:00.000021280,0.9955380954843224
1970-01-01 00:00:00.000021281,0.9955380954843224
1970-01-01 00:00:00.000021282,0.9955380954843224
1970-01-01 00:00:00.000021283,0.9955380954843224
1970-01-01 00:00:00.000021284,0.9955380954843224
1970-01-01 00:00:00.000021285,0.9955380954843224
1970-01-01 00:00:00.000021286,0.9955380954843224
1970-01-01 00:00:00.000021287,0.9957225363771871
1970-01-01 00:00:00.000021288,0.9956229641235494
1970-01-01 00:00:00.000021289,0.9956229641235494
1970-01-01 00:00:00.000021290,0.9956229641235494
1970-01-01 00:00:00.000021291,0.9956229641235494
1970-01-01 00:00:00.000021292,0.9956229641235494
1970-01-01 00:00:00.000021293,0.9956229641235494
1970-01-01 00:00:00.000021294,0.9956229641235494
1970-01-01 00:00:00.000021295,0.9956229641235494
1970-01-01 00:00:00.000021296,0.9956229641235494
1970-01-01 00:00:00.000021297,0.9956229641235494
1970-01-01 00:00:00.000021298,0.9956229641235494
1970-01-01 00:00:00.000021299,0.9956229641235494
1970-01-01 00:00:00.000021300,0.9956229641235494
1970-01-01 00:00:00.000021301,0.9956229641235494
1970-01-01 00:00:00.000021302,0.9956229641235494
1970-01-01 00:00:00.000021303,0.9956229641235494
1970-01-01 00:00:00.000021304,0.9956229641235494
1970-01-01 00:00:00.000021305,0.9956229641235494
1970-01-01 00:00:00.000021306,0.9956229641235494
1970-01-01 00:00:00.000021307,0.9956229641235494
1970-01-01 00:00:00.000021308,0.9956229641235494
1970-01-01 00:00:00.000021309,0.9956229641235494
1970-01-01 00:00:00.000021310,0.9956229641235494
1970-01-01 00:00:00.000021311,0.9956229641235494
1970-01-01 00:00:00.000021312,0.9956229641235494
1970-01-01 00:00:00.000021313,0.9956229641235494
1970-01-01 00:00:00.000021314,0.9956229641235494
1970-01-01 00:00:00.000021315,0.9956229641235494
1970-01-01 00:00:00.000021316,0.9956229641235494
1970-01-01 00:00:00.000021317,0.9956229641235494
1970-01-01 00:00:00.000021318,0.9956229641235494
1970-01-01 00:00:00.000021319,0.9956229641235494
1970-01-01 00:00:00.000021320,0.9956229641235494
1970-01-01 00:00:00.000021321,0.9956229641235494
1970-01-01 00:00:00.000021322,0.9956229641235494
1970-01-01 00:00:00.000021323,0.9956229641235494
1970-01-01 00:00:00.000021324,0.9956229641235494
1970-01-01 00:00:00.000021325,0.9956229641235494
1970-01-01 00:00:00.000021326,0.9956229641235494
1970-01-01 00:00:00.000021327,0.9956229641235494
1970-01-01 00:00:00.000021328,0.9956229641235494
1970-01-01 00:00:00.000021329,0.9956229641235494
1970-01-01 00:00:00.000021330,0.9956229641235494
1970-01-01 00:00:00.000021331,0.9956229641235494
1970-01-01 00:00:00.000021332,0.9956229641235494
1970-01-01 00:00:00.000021333,0.9956229641235494
1970-01-01 00:00:00.000021334,0.9956229641235494
1970-01-01 00:00:00.000021335,0.9956229641235494
1970-01-01 00:00:00.000021336,0.9956229641235494
1970-01-01 00:00:00.000021337,0.9956229641235494
1970-01-01 00:00:00.000021338,0.9956229641235494
1970-01-01 00:00:00.000021339,0.9956229641235494
1970-01-01 00:00:00.000021340,0.9956229641235494
1970-01-01 00:00:00.000021341,0.9956229641235494
1970-01-01 00:00:00.000021342,0.9956229641235494
1970-01-01 00:00:00.000021343,0.9956229641235494
1970-01-01 00:00:00.000021344,0.9956229641235494
1970-01-01 00:00:00.000021345,0.9956229641235494
1970-01-01 00:00:00.000021346,0.9956229641235494
1970-01-01 00:00:00.000021347,0.9956229641235494
1970-01-01 00:00:00.000021348,0.9956229641235494
1970-01-01 00:00:00.000021349,0.9956229641235494
1970-01-01 00:00:00.000021350,0.9956229641235494
1970-01-01 00:00:00.000021351,0.9956229641235494
1970-01-01 00:00:00.000021352,0.9956229641235494
1970-01-01 00:00:00.000021353,0.9956229641235494
1970-01-01 00:00:00.000021354,0.9956229641235494
1970-01-01 00:00:00.000021355,0.9956229641235494
1970-01-01 00:00:00.000021356,0.9956229641235494
1970-01-01 00:00:00.000021357,0.9956229641235494
1970-01-01 00:00:00.000021358,0.9956229641235494
1970-01-01 00:00:00.000021359,0.9956229641235494
1970-01-01 00:00:00.000021360,0.9956229641235494
1970-01-01 00:00:00.000021361,0.9956229641235494
1970-01-01 00:00:00.000021362,0.9956229641235494
1970-01-01 00:00:00.000021363,0.9956229641235494
1970-01-01 00:00:00.000021364,0.9956229641235494
1970-01-01 00:00:00.000021365,0.9956229641235494
1970-01-01 00:00:00.000021366,0.9956229641235494
1970-01-01 00:00:00.000021367,0.9956229641235494
1970-01-01 00:00:00.000021368,0.9956229641235494
1970-01-01 00:00:00.000021369,0.9956229641235494
1970-01-01 00:00:00.000021370,0.9956229641235494
1970-01-01 00:00:00.000021371,0.9956229641235494
1970-01-01 00:00:00.000021372,0.9956229641235494
1970-01-01 00:00:00.000021373,0.9956229641235494
1970-01-01 00:00:00.000021374,0.9956229641235494
1970-01-01 00:00:00.000021375,0.9956229641235494
1970-01-01 00:00:00.000021376,0.9956229641235494
1970-01-01 00:00:00.000021377,0.9956229641235494
1970-01-01 00:00:00.000021378,0.9956229641235494
1970-01-01 00:00:00.000021379,0.9956229641235494
1970-01-01 00:00:00.000021380,0.9956229641235494
1970-01-01 00:00:00.000021381,0.9956229641235494
1970-01-01 00:00:00.000021382,0.9956229641235494
1970-01-01 00:00:00.000021383,0.9956229641235494
1970-01-01 00:00:00.000021384,0.9956229641235494
1970-01-01 00:00:00.000021385,0.9956229641235494
1970-01-01 00:00:00.000021386,0.9956229641235494
1970-01-01 00:00:00.000021387,0.9956229641235494
1970-01-01 00:00:00.000021388,0.9956229641235494
1970-01-01 00:00:00.000021389,0.9956229641235494
1970-01-01 00:00:00.000021390,0.9956229641235494
1970-01-01 00:00:00.000021391,0.9956229641235494
1970-01-01 00:00:00.000021392,0.9956229641235494
1970-01-01 00:00:00.000021393,0.9956229641235494
1970-01-01 00:00:00.000021394,0.9956229641235494
1970-01-01 00:00:00.000021395,0.9956229641235494
1970-01-01 00:00:00.000021396,0.9956229641235494
1970-01-01 00:00:00.000021397,0.9956229641235494
1970-01-01 00:00:00.000021398,0.9956229641235494
1970-01-01 00:00:00.000021399,0.9956229641235494
1970-01-01 00:00:00.000021400,0.9956229641235494
1970-01-01 00:00:00.000021401,0.9956229641235494
1970-01-01 00:00:00.000021402,0.9956229641235494
1970-01-01 00:00:00.000021403,0.9956229641235494
1970-01-01 00:00:00.000021404,0.9956229641235494
1970-01-01 00:00:00.000021405,0.9956229641235494
1970-01-01 00:00:00.000021406,0.9956229641235494
1970-01-01 00:00:00.000021407,0.9956229641235494
1970-01-01 00:00:00.000021408,0.9956229641235494
1970-01-01 00:00:00.000021409,0.9956229641235494
1970-01-01 00:00:00.000021410,0.9956229641235494
1970-01-01 00:00:00.000021411,0.9956229641235494
1970-01-01 00:00:00.000021412,0.9956229641235494
1970-01-01 00:00:00.000021413,0.9956229641235494
1970-01-01 00:00:00.000021414,0.9956229641235494
1970-01-01 00:00:00.000021415,0.9956229641235494
1970-01-01 00:00:00.000021416,0.9956229641235494
1970-01-01 00:00:00.000021417,0.9956229641235494
1970-01-01 00:00:00.000021418,0.9956229641235494
1970-01-01 00:00:00.000021419,0.9956229641235494
1970-01-01 00:00:00.000021420,0.9956229641235494
1970-01-01 00:00:00.000021421,0.9956229641235494
1970-01-01 00:00:00.000021422,0.9956229641235494
1970-01-01 00:00:00.000021423,0.9956229641235494
1970-01-01 00:00:00.000021424,0.9956229641235494
1970-01-01 00:00:00.000021425,0.9956229641235494
1970-01-01 00:00:00.000021426,0.9956229641235494
1970-01-01 00:00:00.000021427,0.9956229641235494
1970-01-01 00:00:00.000021428,0.9956229641235494
1970-01-01 00:00:00.000021429,0.9956229641235494
1970-01-01 00:00:00.000021430,0.9956229641235494
1970-01-01 00:00:00.000021431,0.9956229641235494
1970-01-01 00:00:00.000021432,0.9956229641235494
1970-01-01 00:00:00.000021433,0.9956229641235494
1970-01-01 00:00:00.000021434,0.9956229641235494
1970-01-01 00:00:00.000021435,0.9956229641235494
1970-01-01 00:00:00.000021436,0.9956229641235494
1970-01-01 00:00:00.000021437,0.9956229641235494
1970-01-01 00:00:00.000021438,0.9956229641235494
1970-01-01 00:00:00.000021439,0.9956229641235494
1970-01-01 00:00:00.000021440,0.9956229641235494
1970-01-01 00:00:00.000021441,0.9956229641235494
1970-01-01 00:00:00.000021442,0.9956229641235494
1970-01-01 00:00:00.000021443,0.9956229641235494
1970-01-01 00:00:00.000021444,0.9956229641235494
1970-01-01 00:00:00.000021445,0.9956229641235494
1970-01-01 00:00:00.000021446,0.9956229641235494
1970-01-01 00:00:00.000021447,0.9956229641235494
1970-01-01 00:00:00.000021448,0.9956229641235494
1970-01-01 00:00:00.000021449,0.9956229641235494
1970-01-01 00:00:00.000021450,0.9956229641235494
1970-01-01 00:00:00.000021451,0.9956229641235494
1970-01-01 00:00:00.000021452,0.9956229641235494
1970-01-01 00:00:00.000021453,0.9956229641235494
1970-01-01 00:00:00.000021454,0.9956229641235494
1970-01-01 00:00:00.000021455,0.9956229641235494
1970-01-01 00:00:00.000021456,0.9956229641235494
1970-01-01 00:00:00.000021457,0.9956229641235494
1970-01-01 00:00:00.000021458,0.9956229641235494
1970-01-01 00:00:00.000021459,0.9956229641235494
1970-01-01 00:00:00.000021460,0.9956229641235494
1970-01-01 00:00:00.000021461,0.9956229641235494
1970-01-01 00:00:00.000021462,0.9956229641235494
1970-01-01 00:00:00.000021463,0.9956229641235494
1970-01-01 00:00:00.000021464,0.9956229641235494
1970-01-01 00:00:00.000021465,0.9956229641235494
1970-01-01 00:00:00.000021466,0.9956229641235494
1970-01-01 00:00:00.000021467,0.9956229641235494
1970-01-01 00:00:00.000021468,0.9956229641235494
1970-01-01 00:00:00.000021469,0.9956229641235494
1970-01-01 00:00:00.000021470,0.9956229641235494
1970-01-01 00:00:00.000021471,0.9956229641235494
1970-01-01 00:00:00.000021472,0.9956229641235494
1970-01-01 00:00:00.000021473,0.9956229641235494
1970-01-01 00:00:00.000021474,0.9956229641235494
1970-01-01 00:00:00.000021475,0.9956229641235494
1970-01-01 00:00:00.000021476,0.9956229641235494
1970-01-01 00:00:00.000021477,0.9956229641235494
1970-01-01 00:00:00.000021478,0.9956229641235494
1970-01-01 00:00:00.000021479,0.9956229641235494
1970-01-01 00:00:00.000021480,0.9956229641235494
1970-01-01 00:00:00.000021481,0.9956229641235494
1970-01-01 00:00:00.000021482,0.9956229641235494
1970-01-01 00:00:00.000021483,0.9956229641235494
1970-01-01 00:00:00.000021484,0.9956229641235494
1970-01-01 00:00:00.000021485,0.9956229641235494
1970-01-01 00:00:00.000021486,0.9956229641235494
1970-01-01 00:00:00.000021487,0.9956229641235494
1970-01-01 00:00:00.000021488,0.9956229641235494
1970-01-01 00:00:00.000021489,0.9956229641235494
1970-01-01 00:00:00.000021490,0.9956229641235494
1970-01-01 00:00:00.000021491,0.9956229641235494
1970-01-01 00:00:00.000021492,0.9956229641235494
1970-01-01 00:00:00.000021493,0.9956229641235494
1970-01-01 00:00:00.000021494,0.9956229641235494
1970-01-01 00:00:00.000021495,0.9956229641235494
1970-01-01 00:00:00.000021496,0.9956229641235494
1970-01-01 00:00:00.000021497,0.9956229641235494
1970-01-01 00:00:00.000021498,0.9956229641235494
1970-01-01 00:00:00.000021499,0.9956229641235494
1970-01-01 00:00:00.000021500,0.9956229641235494
1970-01-01 00:00:00.000021501,0.9956229641235494
1970-01-01 00:00:00.000021502,0.9956229641235494
1970-01-01 00:00:00.000021503,0.9956229641235494
1970-01-01 00:00:00.000021504,0.9956229641235494
1970-01-01 00:00:00.000021505,0.9956229641235494
1970-01-01 00:00:00.000021506,0.9956229641235494
1970-01-01 00:00:00.000021507,0.9925527469932354
1970-01-01 00:00:00.000021508,0.9937949763687661
1970-01-01 00:00:00.000021509,0.9936955968711293
1970-01-01 00:00:00.000021510,0.9936955968711293
1970-01-01 00:00:00.000021511,0.9936955968711293
1970-01-01 00:00:00.000021512,0.9936955968711293
1970-01-01 00:00:00.000021513,0.9936955968711293
1970-01-01 00:00:00.000021514,0.9936955968711293
1970-01-01 00:00:00.000021515,0.9936955968711293
1970-01-01 00:00:00.000021516,0.9936955968711293
1970-01-01 00:00:00.000021517,0.9936955968711293
1970-01-01 00:00:00.000021518,0.9936955968711293
1970-01-01 00:00:00.000021519,0.9936955968711293
1970-01-01 00:00:00.000021520,0.9936955968711293
1970-01-01 00:00:00.000021521,0.9936955968711293
1970-01-01 00:00:00.000021522,0.9936955968711293
1970-01-01 00:00:00.000021523,0.9936955968711293
1970-01-01 00:00:00.000021524,0.9936955968711293
1970-01-01 00:00:00.000021525,0.9936955968711293
1970-01-01 00:00:00.000021526,0.9936955968711293
1970-01-01 00:00:00.000021527,0.9936955968711293
1970-01-01 00:00:00.000021528,0.9936955968711293
1970-01-01 00:00:00.000021529,0.9936955968711293
1970-01-01 00:00:00.000021530,0.9936955968711293
1970-01-01 00:00:00.000021531,0.9936955968711293
1970-01-01 00:00:00.000021532,0.9936955968711293
1970-01-01 00:00:00.000021533,0.9936955968711293
1970-01-01 00:00:00.000021534,0.9936955968711293
1970-01-01 00:00:00.000021535,0.9936955968711293
1970-01-01 00:00:00.000021536,0.9936955968711293
1970-01-01 00:00:00.000021537,0.9936955968711293
1970-01-01 00:00:00.000021538,0.9936955968711293
1970-01-01 00:00:00.000021539,0.9936955968711293
1970-01-01 00:00:00.000021540,0.9936955968711293
1970-01-01 00:00:00.000021541,0.9936955968711293
1970-01-01 00:00:00.000021542,0.9936955968711293
1970-01-01 00:00:00.000021543,0.9936955968711293
1970-01-01 00:00:00.000021544,0.9936955968711293
1970-01-01 00:00:00.000021545,0.9936955968711293
1970-01-01 00:00:00.000021546,0.9936955968711293
1970-01-01 00:00:00.000021547,0.9936955968711293
1970-01-01 00:00:00.000021548,0.9936955968711293
1970-01-01 00:00:00.000021549,0.9936955968711293
1970-01-01 00:00:00.000021550,0.9936955968711293
1970-01-01 00:00:00.000021551,0.9936955968711293
1970-01-01 00:00:00.000021552,0.9936955968711293
1970-01-01 00:00:00.000021553,0.9936955968711293
1970-01-01 00:00:00.000021554,0.9936955968711293
1970-01-01 00:00:00.000021555,0.9936955968711293
1970-01-01 00:00:00.000021556,0.9936955968711293
1970-01-01 00:00:00.000021557,0.9936955968711293
1970-01-01 00:00:00.000021558,0.9936955968711293
1970-01-01 00:00:00.000021559,0.9936955968711293
1970-01-01 00:00:00.000021560,0.9936955968711293
1970-01-01 00:00:00.000021561,0.9936955968711293
1970-01-01 00:00:00.000021562,0.9936955968711293
1970-01-01 00:00:00.000021563,0.9936955968711293
1970-01-01 00:00:00.000021564,0.9936955968711293
1970-01-01 00:00:00.000021565,0.9936955968711293
1970-01-01 00:00:00.000021566,0.9936955968711293
1970-01-01 00:00:00.000021567,0.9936955968711293
1970-01-01 00:00:00.000021568,0.9936955968711293
1970-01-01 00:00:00.000021569,0.9936955968711293
1970-01-01 00:00:00.000021570,0.9936955968711293
1970-01-01 00:00:00.000021571,0.9936955968711293
1970-01-01 00:00:00.000021572,0.9936955968711293
1970-01-01 00:00:00.000021573,0.9936955968711293
1970-01-01 00:00:00.000021574,0.9936955968711293
1970-01-01 00:00:00.000021575,0.9936955968711293
1970-01-01 00:00:00.000021576,0.9936955968711293
1970-01-01 00:00:00.000021577,0.9936955968711293
1970-01-01 00:00:00.000021578,0.9936955968711293
1970-01-01 00:00:00.000021579,0.9936955968711293
1970-01-01 00:00:00.000021580,0.9936955968711293
1970-01-01 00:00:00.000021581,0.9936955968711293
1970-01-01 00:00:00.000021582,0.9936955968711293
1970-01-01 00:00:00.000021583,0.9936955968711293
1970-01-01 00:00:00.000021584,0.9936955968711293
1970-01-01 00:00:00.000021585,0.9936955968711293
1970-01-01 00:00:00.000021586,0.9936955968711293
1970-01-01 00:00:00.000021587,0.9936955968711293
1970-01-01 00:00:00.000021588,0.9936955968711293
1970-01-01 00:00:00.000021589,0.9936955968711293
1970-01-01 00:00:00.000021590,0.9936955968711293
1970-01-01 00:00:00.000021591,0.9936955968711293
1970-01-01 00:00:00.000021592,0.9936955968711293
1970-01-01 00:00:00.000021593,0.9936955968711293
1970-01-01 00:00:00.000021594,0.9936955968711293
1970-01-01 00:00:00.000021595,0.9936955968711293
1970-01-01 00:00:00.000021596,0.9936955968711293
1970-01-01 00:00:00.000021597,0.9936955968711293
1970-01-01 00:00:00.000021598,0.9936955968711293
1970-01-01 00:00:00.000021599,0.9936955968711293
1970-01-01 00:00:00.000021600,0.9936955968711293
1970-01-01 00:00:00.000021601,0.9936955968711293
1970-01-01 00:00:00.000021602,0.9936955968711293
1970-01-01 00:00:00.000021603,0.9936955968711293
1970-01-01 00:00:00.000021604,0.9936955968711293
1970-01-01 00:00:00.000021605,0.9936955968711293
1970-01-01 00:00:00.000021606,0.9936955968711293
1970-01-01 00:00:00.000021607,0.9936955968711293
1970-01-01 00:00:00.000021608,0.9936955968711293
1970-01-01 00:00:00.000021609,0.9936955968711293
1970-01-01 00:00:00.000021610,0.9936955968711293
1970-01-01 00:00:00.000021611,0.9936955968711293
1970-01-01 00:00:00.000021612,0.9936955968711293
1970-01-01 00:00:00.000021613,0.9936955968711293
1970-01-01 00:00:00.000021614,0.9936955968711293
1970-01-01 00:00:00.000021615,0.9936955968711293
1970-01-01 00:00:00.000021616,0.9936955968711293
1970-01-01 00:00:00.000021617,0.9936955968711293
1970-01-01 00:00:00.000021618,0.9936955968711293
1970-01-01 00:00:00.000021619,0.9936955968711293
1970-01-01 00:00:00.000021620,0.9936955968711293
1970-01-01 00:00:00.000021621,0.9936955968711293
1970-01-01 00:00:00.000021622,0.9936955968711293
1970-01-01 00:00:00.000021623,0.9936955968711293
1970-01-01 00:00:00.000021624,0.9936955968711293
1970-01-01 00:00:00.000021625,0.9936955968711293
1970-01-01 00:00:00.000021626,0.9936955968711293
1970-01-01 00:00:00.000021627,0.9936955968711293
1970-01-01 00:00:00.000021628,0.9936955968711293
1970-01-01 00:00:00.000021629,0.9936955968711293
1970-01-01 00:00:00.000021630,0.9936955968711293
1970-01-01 00:00:00.000021631,0.9936955968711293
1970-01-01 00:00:00.000021632,0.9936955968711293
1970-01-01 00:00:00.000021633,0.9936955968711293
1970-01-01 00:00:00.000021634,0.9936955968711293
1970-01-01 00:00:00.000021635,0.9936955968711293
1970-01-01 00:00:00.000021636,0.9936955968711293
1970-01-01 00:00:00.000021637,0.9936955968711293
1970-01-01 00:00:00.000021638,0.9936955968711293
1970-01-01 00:00:00.000021639,0.9936955968711293
1970-01-01 00:00:00.000021640,0.9936955968711293
1970-01-01 00:00:00.000021641,0.9936955968711293
1970-01-01 00:00:00.000021642,0.9936955968711293
1970-01-01 00:00:00.000021643,0.9936955968711293
1970-01-01 00:00:00.000021644,0.9936955968711293
1970-01-01 00:00:00.000021645,0.9936955968711293
1970-01-01 00:00:00.000021646,0.9936955968711293
1970-01-01 00:00:00.000021647,0.9936955968711293
1970-01-01 00:00:00.000021648,0.9936955968711293
1970-01-01 00:00:00.000021649,0.9936955968711293
1970-01-01 00:00:00.000021650,0.9936955968711293
1970-01-01 00:00:00.000021651,0.9967965147299459
1970-01-01 00:00:00.000021652,0.996696835078473
1970-01-01 00:00:00.000021653,0.99689195520833
1970-01-01 00:00:00.000021654,0.9967922660128091
1970-01-01 00:00:00.000021655,0.9967922660128091
1970-01-01 00:00:00.000021656,0.9967922660128091
1970-01-01 00:00:00.000021657,0.9967922660128091
1970-01-01 00:00:00.000021658,0.9967922660128091
1970-01-01 00:00:00.000021659,0.9967922660128091
1970-01-01 00:00:00.000021660,0.9967922660128091
1970-01-01 00:00:00.000021661,0.9967922660128091
1970-01-01 00:00:00.000021662,0.9967922660128091
1970-01-01 00:00:00.000021663,0.9967922660128091
1970-01-01 00:00:00.000021664,0.9967922660128091
1970-01-01 00:00:00.000021665,0.9967922660128091
1970-01-01 00:00:00.000021666,0.9967922660128091
1970-01-01 00:00:00.000021667,0.9967922660128091
1970-01-01 00:00:00.000021668,0.9967922660128091
1970-01-01 00:00:00.000021669,0.9967922660128091
1970-01-01 00:00:00.000021670,0.9967922660128091
1970-01-01 00:00:00.000021671,0.9967922660128091
1970-01-01 00:00:00.000021672,0.9967922660128091
1970-01-01 00:00:00.000021673,0.9967922660128091
1970-01-01 00:00:00.000021674,0.9967922660128091
1970-01-01 00:00:00.000021675,0.9967922660128091
1970-01-01 00:00:00.000021676,0.9967922660128091
1970-01-01 00:00:00.000021677,0.9967922660128091
1970-01-01 00:00:00.000021678,0.9967922660128091
1970-01-01 00:00:00.000021679,0.9967922660128091
1970-01-01 00:00:00.000021680,0.9967922660128091
1970-01-01 00:00:00.000021681,0.9967922660128091
1970-01-01 00:00:00.000021682,0.9967922660128091
1970-01-01 00:00:00.000021683,0.9967922660128091
1970-01-01 00:00:00.000021684,0.9967922660128091
1970-01-01 00:00:00.000021685,0.9967922660128091
1970-01-01 00:00:00.000021686,0.9967922660128091
1970-01-01 00:00:00.000021687,0.9967922660128091
1970-01-01 00:00:00.000021688,0.9967922660128091
1970-01-01 00:00:00.000021689,0.9967922660128091
1970-01-01 00:00:00.000021690,0.9967922660128091
1970-01-01 00:00:00.000021691,0.9967922660128091
1970-01-01 00:00:00.000021692,0.9967922660128091
1970-01-01 00:00:00.000021693,0.9967922660128091
1970-01-01 00:00:00.000021694,0.9967922660128091
1970-01-01 00:00:00.000021695,0.9967922660128091
1970-01-01 00:00:00.000021696,0.9967922660128091
1970-01-01 00:00:00.000021697,0.9967922660128091
1970-01-01 00:00:00.000021698,0.9967922660128091
1970-01-01 00:00:00.000021699,0.9967922660128091
1970-01-01 00:00:00.000021700,0.9967922660128091
1970-01-01 00:00:00.000021701,0.9967922660128091
1970-01-01 00:00:00.000021702,0.9967922660128091
1970-01-01 00:00:00.000021703,0.9967922660128091
1970-01-01 00:00:00.000021704,0.9967922660128091
1970-01-01 00:00:00.000021705,0.9967922660128091
1970-01-01 00:00:00.000021706,0.9967922660128091
1970-01-01 00:00:00.000021707,0.9967922660128091
1970-01-01 00:00:00.000021708,0.9967922660128091
1970-01-01 00:00:00.000021709,0.9967922660128091
1970-01-01 00:00:00.000021710,0.9967922660128091
1970-01-01 00:00:00.000021711,0.9967922660128091
1970-01-01 00:00:00.000021712,0.9967922660128091
1970-01-01 00:00:00.000021713,0.9967922660128091
1970-01-01 00:00:00.000021714,0.9967922660128091
1970-01-01 00:00:00.000021715,0.9967922660128091
1970-01-01 00:00:00.000021716,0.9967922660128091
1970-01-01 00:00:00.000021717,0.9967922660128091
1970-01-01 00:00:00.000021718,0.9967922660128091
1970-01-01 00:00:00.000021719,0.9967922660128091
1970-01-01 00:00:00.000021720,0.9967922660128091
1970-01-01 00:00:00.000021721,0.9967922660128091
1970-01-01 00:00:00.000021722,0.9967922660128091
1970-01-01 00:00:00.000021723,0.9967922660128091
1970-01-01 00:00:00.000021724,0.9967922660128091
1970-01-01 00:00:00.000021725,0.9967922660128091
1970-01-01 00:00:00.000021726,0.9967922660128091
1970-01-01 00:00:00.000021727,0.9967922660128091
1970-01-01 00:00:00.000021728,0.9967922660128091
1970-01-01 00:00:00.000021729,0.9967922660128091
1970-01-01 00:00:00.000021730,0.9967922660128091
1970-01-01 00:00:00.000021731,0.9967922660128091
1970-01-01 00:00:00.000021732,0.9967922660128091
1970-01-01 00:00:00.000021733,0.9967922660128091
1970-01-01 00:00:00.000021734,0.9967922660128091
1970-01-01 00:00:00.000021735,0.9967922660128091
1970-01-01 00:00:00.000021736,0.9967922660128091
1970-01-01 00:00:00.000021737,0.9967922660128091
1970-01-01 00:00:00.000021738,0.9967922660128091
1970-01-01 00:00:00.000021739,0.9967922660128091
1970-01-01 00:00:00.000021740,0.9967922660128091
1970-01-01 00:00:00.000021741,0.9967922660128091
1970-01-01 00:00:00.000021742,0.9967922660128091
1970-01-01 00:00:00.000021743,0.9967922660128091
1970-01-01 00:00:00.000021744,0.9967922660128091
1970-01-01 00:00:00.000021745,0.9967922660128091
1970-01-01 00:00:00.000021746,0.9967922660128091
1970-01-01 00:00:00.000021747,0.9967922660128091
1970-01-01 00:00:00.000021748,0.9967922660128091
1970-01-01 00:00:00.000021749,0.9967922660128091
1970-01-01 00:00:00.000021750,0.9945345003802177
1970-01-01 00:00:00.000021751,0.9944350469301797
1970-01-01 00:00:00.000021752,0.9944350469301797
1970-01-01 00:00:00.000021753,0.9944350469301797
1970-01-01 00:00:00.000021754,0.9944350469301797
1970-01-01 00:00:00.000021755,0.9944350469301797
1970-01-01 00:00:00.000021756,0.9944350469301797
1970-01-01 00:00:00.000021757,0.9944350469301797
1970-01-01 00:00:00.000021758,0.9944350469301797
1970-01-01 00:00:00.000021759,0.9944350469301797
1970-01-01 00:00:00.000021760,0.9944350469301797
1970-01-01 00:00:00.000021761,0.9944350469301797
1970-01-01 00:00:00.000021762,0.9944350469301797
1970-01-01 00:00:00.000021763,0.9944350469301797
1970-01-01 00:00:00.000021764,0.9944350469301797
1970-01-01 00:00:00.000021765,0.9944350469301797
1970-01-01 00:00:00.000021766,0.9944350469301797
1970-01-01 00:00:00.000021767,0.9944350469301797
1970-01-01 00:00:00.000021768,0.9944350469301797
1970-01-01 00:00:00.000021769,0.9944350469301797
1970-01-01 00:00:00.000021770,0.9944350469301797
1970-01-01 00:00:00.000021771,0.9944350469301797
1970-01-01 00:00:00.000021772,0.9944350469301797
1970-01-01 00:00:00.000021773,0.9944350469301797
1970-01-01 00:00:00.000021774,0.9944350469301797
1970-01-01 00:00:00.000021775,0.9944350469301797
1970-01-01 00:00:00.000021776,0.9944350469301797
1970-01-01 00:00:00.000021777,0.9944350469301797
1970-01-01 00:00:00.000021778,0.9944350469301797
1970-01-01 00:00:00.000021779,0.9944350469301797
1970-01-01 00:00:00.000021780,0.9944350469301797
1970-01-01 00:00:00.000021781,0.9944350469301797
1970-01-01 00:00:00.000021782,0.9944350469301797
1970-01-01 00:00:00.000021783,0.9944350469301797
1970-01-01 00:00:00.000021784,0.9944350469301797
1970-01-01 00:00:00.000021785,0.9944350469301797
1970-01-01 00:00:00.000021786,0.9944350469301797
1970-01-01 00:00:00.000021787,0.9944350469301797
1970-01-01 00:00:00.000021788,0.9944350469301797
1970-01-01 00:00:00.000021789,0.9944350469301797
1970-01-01 00:00:00.000021790,0.9944350469301797
1970-01-01 00:00:00.000021791,0.9944350469301797
1970-01-01 00:00:00.000021792,0.9944350469301797
1970-01-01 00:00:00.000021793,0.9944350469301797
1970-01-01 00:00:00.000021794,0.9944350469301797
1970-01-01 00:00:00.000021795,0.9944350469301797
1970-01-01 00:00:00.000021796,0.9944350469301797
1970-01-01 00:00:00.000021797,0.9944350469301797
1970-01-01 00:00:00.000021798,0.9944350469301797
1970-01-01 00:00:00.000021799,0.9944350469301797
1970-01-01 00:00:00.000021800,0.9944350469301797
1970-01-01 00:00:00.000021801,0.9944350469301797
1970-01-01 00:00:00.000021802,0.9944350469301797
1970-01-01 00:00:00.000021803,0.9944350469301797
1970-01-01 00:00:00.000021804,0.9944350469301797
1970-01-01 00:00:00.000021805,0.9944350469301797
1970-01-01 00:00:00.000021806,0.9944350469301797
1970-01-01 00:00:00.000021807,0.9944350469301797
1970-01-01 00:00:00.000021808,0.9944350469301797
1970-01-01 00:00:00.000021809,0.9944350469301797
1970-01-01 00:00:00.000021810,0.9944350469301797
1970-01-01 00:00:00.000021811,0.9944350469301797
1970-01-01 00:00:00.000021812,0.9944350469301797
1970-01-01 00:00:00.000021813,0.9944350469301797
1970-01-01 00:00:00.000021814,0.9944350469301797
1970-01-01 00:00:00.000021815,0.9944350469301797
1970-01-01 00:00:00.000021816,0.9944350469301797
1970-01-01 00:00:00.000021817,0.9944350469301797
1970-01-01 00:00:00.000021818,0.9944350469301797
1970-01-01 00:00:00.000021819,0.9944350469301797
1970-01-01 00:00:00.000021820,0.9944350469301797
1970-01-01 00:00:00.000021821,0.9944350469301797
1970-01-01 00:00:00.000021822,0.9944350469301797
1970-01-01 00:00:00.000021823,0.9944350469301797
1970-01-01 00:00:00.000021824,0.9944350469301797
1970-01-01 00:00:00.000021825,0.9944350469301797
1970-01-01 00:00:00.000021826,0.9944350469301797
1970-01-01 00:00:00.000021827,0.9944350469301797
1970-01-01 00:00:00.000021828,0.9944350469301797
1970-01-01 00:00:00.000021829,0.9944350469301797
1970-01-01 00:00:00.000021830,0.9944350469301797
1970-01-01 00:00:00.000021831,0.9944350469301797
1970-01-01 00:00:00.000021832,0.9944350469301797
1970-01-01 00:00:00.000021833,0.9944350469301797
1970-01-01 00:00:00.000021834,0.9944350469301797
1970-01-01 00:00:00.000021835,0.9944350469301797
1970-01-01 00:00:00.000021836,0.9944350469301797
1970-01-01 00:00:00.000021837,0.9944350469301797
1970-01-01 00:00:00.000021838,0.9944350469301797
1970-01-01 00:00:00.000021839,0.9944350469301797
1970-01-01 00:00:00.000021840,0.9944350469301797
1970-01-01 00:00:00.000021841,0.9944350469301797
1970-01-01 00:00:00.000021842,0.9944350469301797
1970-01-01 00:00:00.000021843,0.9944350469301797
1970-01-01 00:00:00.000021844,0.9944350469301797
1970-01-01 00:00:00.000021845,0.9944350469301797
1970-01-01 00:00:00.000021846,0.9944350469301797
1970-01-01 00:00:00.000021847,0.9944350469301797
1970-01-01 00:00:00.000021848,0.9944350469301797
1970-01-01 00:00:00.000021849,0.9944350469301797
1970-01-01 00:00:00.000021850,0.9944350469301797
1970-01-01 00:00:00.000021851,0.9944350469301797
1970-01-01 00:00:00.000021852,0.9944350469301797
1970-01-01 00:00:00.000021853,0.9944350469301797
1970-01-01 00:00:00.000021854,0.9944350469301797
1970-01-01 00:00:00.000021855,0.9944350469301797
1970-01-01 00:00:00.000021856,0.9944350469301797
