timestamp,open,high,low,close,volume
2025-08-01 00:00:00+00:00,115764.07,115803.41,115678.75,115775.93,59.01893
2025-08-01 00:05:00+00:00,115775.93,115829.46,115700.0,115700.01,68.85598999999999
2025-08-01 00:10:00+00:00,115700.01,115712.99,115308.55,115313.01,174.28368
2025-08-01 00:15:00+00:00,115313.01,115850.0,115313.0,115840.9,135.23065
2025-08-01 00:20:00+00:00,115840.89,115929.11,115717.0,115920.0,123.48107
2025-08-01 00:25:00+00:00,115920.0,115933.0,115603.88,115800.01,191.82724
2025-08-01 00:30:00+00:00,115800.0,115800.0,115500.0,115514.37,63.81228
2025-08-01 00:35:00+00:00,115514.36,115704.88,115423.87,115704.88,58.012429999999995
2025-08-01 00:40:00+00:00,115704.88,115717.89,115500.0,115517.98,62.60067
2025-08-01 00:45:00+00:00,115517.99,115527.53,115250.0,115250.01,146.31649
2025-08-01 00:50:00+00:00,115250.01,115250.01,114313.13,115032.01,1263.33631
2025-08-01 00:55:00+00:00,115032.01,115500.0,115032.0,115427.27,180.11186999999998
2025-08-01 01:00:00+00:00,115427.27,115609.99,115276.42,115291.99,149.22066
2025-08-01 01:05:00+00:00,115292.0,115329.56,114886.45,114953.04,307.66275
2025-08-01 01:10:00+00:00,114953.04,114953.04,114600.0,114649.9,224.99977
2025-08-01 01:15:00+00:00,114649.9,114982.5,114638.65,114831.99,221.25005
2025-08-01 01:20:00+00:00,114832.0,115198.88,114832.0,115166.0,143.89836
2025-08-01 01:25:00+00:00,115166.0,115271.13,115101.5,115190.38,83.08694
2025-08-01 01:30:00+00:00,115190.37,115218.71,115000.0,115163.95,83.37796
2025-08-01 01:35:00+00:00,115163.95,115413.91,115103.3,115194.55,119.21999000000001
2025-08-01 01:40:00+00:00,115194.55,115333.72,115180.0,115296.45,64.79015
2025-08-01 01:45:00+00:00,115296.46,115337.44,115061.03,115132.62,68.40544
2025-08-01 01:50:00+00:00,115132.63,115407.71,115060.11,115347.28,123.63761
2025-08-01 01:55:00+00:00,115347.28,115347.28,115185.85,115331.86,66.49052999999999
2025-08-01 02:00:00+00:00,115328.67,115365.9,115221.07,115221.07,42.71118
2025-08-01 02:05:00+00:00,115221.07,115441.96,115221.07,115324.89,62.88831
2025-08-01 02:10:00+00:00,115324.9,115600.0,115324.9,115600.0,58.41295
2025-08-01 02:15:00+00:00,115600.0,115712.0,115511.6,115700.0,50.78427
2025-08-01 02:20:00+00:00,115699.99,115810.71,115656.86,115802.11,63.06058
2025-08-01 02:25:00+00:00,115802.11,115802.11,115587.78,115619.94,54.56602
2025-08-01 02:30:00+00:00,115619.95,115780.0,115572.53,115779.99,100.88655999999999
2025-08-01 02:35:00+00:00,115780.0,115999.99,115766.3,115959.36,70.33921
2025-08-01 02:40:00+00:00,115959.37,116019.3,115894.29,115900.01,50.1972
2025-08-01 02:45:00+00:00,115900.01,116019.06,115843.42,115945.29,70.80029
2025-08-01 02:50:00+00:00,115945.29,115990.36,115900.0,115990.36,41.065979999999996
2025-08-01 02:55:00+00:00,115990.35,115995.55,115935.56,115966.12,39.24307
2025-08-01 03:00:00+00:00,115966.11,115990.69,115806.41,115829.06,82.01546
2025-08-01 03:05:00+00:00,115829.07,115911.26,115799.44,115855.5,88.21718
2025-08-01 03:10:00+00:00,115855.49,115887.52,115794.14,115816.0,34.682069999999996
2025-08-01 03:15:00+00:00,115816.0,115939.01,115816.0,115907.67,43.83027
2025-08-01 03:20:00+00:00,115907.67,116052.0,115907.67,115987.41,42.68056
2025-08-01 03:25:00+00:00,115987.41,116052.0,115933.2,116020.38,38.03278
2025-08-01 03:30:00+00:00,116020.39,116035.61,115920.78,115920.79,29.52653
2025-08-01 03:35:00+00:00,115920.79,115948.49,115884.07,115909.65,65.65296000000001
2025-08-01 03:40:00+00:00,115909.66,115932.61,115828.61,115842.5,24.76841
2025-08-01 03:45:00+00:00,115842.5,115894.5,115762.59,115791.6,48.748400000000004
2025-08-01 03:50:00+00:00,115791.6,115791.6,115627.4,115667.99,35.186080000000004
2025-08-01 03:55:00+00:00,115668.0,115668.0,115613.21,115648.03,19.101570000000002
2025-08-01 04:00:00+00:00,115648.03,115648.03,115515.0,115528.88,64.43344
2025-08-01 04:05:00+00:00,115528.88,115540.0,115386.25,115391.64,77.29072
2025-08-01 04:10:00+00:00,115391.64,115475.8,115266.64,115409.12,58.20961
2025-08-01 04:15:00+00:00,115409.12,115471.53,115381.04,115471.52,47.53771
2025-08-01 04:20:00+00:00,115471.53,115504.34,115390.0,115450.27,35.33184
2025-08-01 04:25:00+00:00,115450.26,115559.88,115434.18,115526.01,41.59415
2025-08-01 04:30:00+00:00,115526.01,115594.68,115459.35,115592.53,43.64651
2025-08-01 04:35:00+00:00,115592.53,115627.41,115532.29,115563.09,49.39077
2025-08-01 04:40:00+00:00,115563.08,115602.18,115525.94,115582.27,21.6497
2025-08-01 04:45:00+00:00,115582.26,115582.27,115485.46,115550.38,36.272459999999995
2025-08-01 04:50:00+00:00,115550.37,115674.47,115546.66,115640.21,49.783500000000004
2025-08-01 04:55:00+00:00,115640.22,115699.58,115640.22,115695.52,46.1075
2025-08-01 05:00:00+00:00,115695.53,115833.97,115660.0,115815.01,50.816
2025-08-01 05:05:00+00:00,115815.0,115888.44,115810.14,115888.44,44.81098
2025-08-01 05:10:00+00:00,115888.44,115916.43,115770.34,115847.52,34.17803
2025-08-01 05:15:00+00:00,115847.53,115847.53,115481.14,115481.14,43.379220000000004
2025-08-01 05:20:00+00:00,115481.14,115658.16,115481.14,115546.19,28.29676
2025-08-01 05:25:00+00:00,115546.19,115660.4,115529.91,115588.93,18.55447
2025-08-01 05:30:00+00:00,115588.93,115691.79,115546.18,115546.18,43.554050000000004
2025-08-01 05:35:00+00:00,115546.19,115656.23,115441.18,115656.23,60.44952
2025-08-01 05:40:00+00:00,115656.22,115754.5,115510.69,115510.7,44.935559999999995
2025-08-01 05:45:00+00:00,115510.7,115557.8,115385.92,115522.71,73.58645
2025-08-01 05:50:00+00:00,115522.72,115660.37,115509.1,115615.75,40.10289
2025-08-01 05:55:00+00:00,115615.75,115615.75,115546.18,115568.0,28.52806
2025-08-01 06:00:00+00:00,115568.0,115609.89,115503.99,115550.72,70.82692
2025-08-01 06:05:00+00:00,115550.71,115658.09,115408.18,115605.17,34.929680000000005
2025-08-01 06:10:00+00:00,115605.17,115605.17,115408.17,115424.0,24.33198
2025-08-01 06:15:00+00:00,115423.99,115497.62,115400.0,115404.45,23.15437
2025-08-01 06:20:00+00:00,115404.44,115434.63,115344.7,115385.69,48.66143
2025-08-01 06:25:00+00:00,115385.68,115434.19,115242.37,115258.0,52.92429
2025-08-01 06:30:00+00:00,115258.0,115328.48,115161.39,115232.24,72.62528
2025-08-01 06:35:00+00:00,115232.25,115243.49,115080.52,115207.55,81.28218
2025-08-01 06:40:00+00:00,115207.55,115208.0,115078.16,115084.16,54.52319
2025-08-01 06:45:00+00:00,115084.17,115169.79,115065.55,115110.17,54.24835
2025-08-01 06:50:00+00:00,115110.17,115203.13,115110.16,115175.29,78.80286
2025-08-01 06:55:00+00:00,115175.29,115175.29,115110.17,115156.51,33.08665
2025-08-01 07:00:00+00:00,115156.52,115300.0,115113.0,115146.42,63.71558
2025-08-01 07:05:00+00:00,115146.42,115195.41,115005.0,115005.01,74.7193
2025-08-01 07:10:00+00:00,115005.01,115058.41,114880.0,114974.68,139.21135
2025-08-01 07:15:00+00:00,114974.69,115133.21,114948.09,115114.53,58.73977
2025-08-01 07:20:00+00:00,115114.53,115114.53,114895.55,114931.06,108.8389
2025-08-01 07:25:00+00:00,114931.06,114940.0,114810.43,114840.96,120.45593000000001
2025-08-01 07:30:00+00:00,114840.96,114887.07,114683.87,114686.15,133.84793
2025-08-01 07:35:00+00:00,114686.16,114789.54,114664.2,114664.21,104.97658
2025-08-01 07:40:00+00:00,114664.21,114791.39,114633.18,114772.9,111.73455999999999
2025-08-01 07:45:00+00:00,114772.91,114860.66,114728.38,114824.01,143.27708
2025-08-01 07:50:00+00:00,114824.01,114892.85,114756.51,114759.99,89.87636
2025-08-01 07:55:00+00:00,114760.0,115098.81,114759.99,115081.77,91.27692
2025-08-01 08:00:00+00:00,115081.76,115081.76,114777.4,114846.13,98.39841000000001
2025-08-01 08:05:00+00:00,114846.13,114846.13,114414.74,114710.02,231.59951
2025-08-01 08:10:00+00:00,114710.02,114751.84,114658.36,114670.46,81.39126999999999
2025-08-01 08:15:00+00:00,114670.46,114768.69,114520.0,114745.41,111.29641
2025-08-01 08:20:00+00:00,114745.41,114745.42,114355.27,114359.85,131.46015
2025-08-01 08:25:00+00:00,114359.85,114443.35,114349.9,114430.3,136.51458
2025-08-01 08:30:00+00:00,114430.31,114490.04,114401.02,114445.49,113.58177
2025-08-01 08:35:00+00:00,114445.5,114578.31,114116.0,114484.0,275.92849
2025-08-01 08:40:00+00:00,114484.0,114640.0,114410.06,114590.88,71.20664
2025-08-01 08:45:00+00:00,114590.88,114762.2,114560.0,114726.0,60.16129
2025-08-01 08:50:00+00:00,114726.01,114780.0,114655.15,114756.02,53.66598
2025-08-01 08:55:00+00:00,114756.02,114778.56,114615.99,114615.99,67.35615
2025-08-01 09:00:00+00:00,114615.98,115100.0,114555.41,115099.99,187.20144
2025-08-01 09:05:00+00:00,115100.0,115112.99,114970.69,114970.7,57.46465
2025-08-01 09:10:00+00:00,114970.69,115048.15,114913.88,115004.76,58.14396
2025-08-01 09:15:00+00:00,115004.76,115220.0,114968.59,115159.41,57.540440000000004
2025-08-01 09:20:00+00:00,115159.41,115284.86,115129.94,115280.0,68.29906
2025-08-01 09:25:00+00:00,115280.0,115306.83,115207.88,115306.83,56.56766
2025-08-01 09:30:00+00:00,115306.83,115340.0,115128.01,115165.51,78.79617999999999
2025-08-01 09:35:00+00:00,115165.5,115222.93,115129.12,115222.92,40.02202
2025-08-01 09:40:00+00:00,115222.93,115222.93,115122.26,115201.6,34.06563
2025-08-01 09:45:00+00:00,115201.59,115201.59,115072.26,115072.27,62.70806
2025-08-01 09:50:00+00:00,115072.27,115133.73,115000.0,115007.75,81.60337
2025-08-01 09:55:00+00:00,115007.75,115056.58,114931.68,114938.67,65.79678
2025-08-01 10:00:00+00:00,114938.66,115055.42,114878.61,114982.57,38.365750000000006
2025-08-01 10:05:00+00:00,114982.58,115117.75,114982.57,115089.55,35.22304
2025-08-01 10:10:00+00:00,115089.55,115158.55,115089.54,115158.55,22.04546
2025-08-01 10:15:00+00:00,115158.55,115203.13,115111.06,115203.13,30.05142
2025-08-01 10:20:00+00:00,115203.13,115203.13,115058.78,115071.74,32.39958
2025-08-01 10:25:00+00:00,115071.73,115071.74,115010.7,115020.08,37.06924
2025-08-01 10:30:00+00:00,115020.08,115029.25,114971.43,115004.77,35.695750000000004
2025-08-01 10:35:00+00:00,115004.77,115004.78,114786.72,114891.09,80.6772
2025-08-01 10:40:00+00:00,114891.09,114968.71,114861.82,114945.91,78.04955
2025-08-01 10:45:00+00:00,114945.9,115022.11,114815.3,114815.3,59.38666
2025-08-01 10:50:00+00:00,114815.3,114862.98,114710.02,114714.0,86.88917
2025-08-01 10:55:00+00:00,114713.99,114791.25,114713.99,114762.58,27.23518
2025-08-01 11:00:00+00:00,114762.58,114810.31,114602.4,114647.51,53.85132
2025-08-01 11:05:00+00:00,114647.5,114698.46,114612.85,114698.45,14.477520000000002
2025-08-01 11:10:00+00:00,114698.46,114985.05,114664.48,114985.04,56.697590000000005
2025-08-01 11:15:00+00:00,114985.05,114998.27,114793.03,114836.86,27.08815
2025-08-01 11:20:00+00:00,114836.86,114913.89,114826.0,114900.29,53.17395
2025-08-01 11:25:00+00:00,114900.29,115085.73,114900.28,115085.73,43.40609
2025-08-01 11:30:00+00:00,115085.72,115195.27,115056.95,115148.98,36.91584
2025-08-01 11:35:00+00:00,115148.99,115195.26,115077.68,115172.87,58.8086
2025-08-01 11:40:00+00:00,115172.86,115230.76,115136.4,115175.1,42.028710000000004
2025-08-01 11:45:00+00:00,115175.1,115328.0,115150.7,115304.21,46.51544
2025-08-01 11:50:00+00:00,115304.22,115336.98,115276.83,115300.02,38.15338
2025-08-01 11:55:00+00:00,115300.02,115305.65,115195.55,115305.65,23.554679999999998
2025-08-01 12:00:00+00:00,115305.64,115459.35,115254.87,115388.08,48.24908
2025-08-01 12:05:00+00:00,115388.08,115510.7,115348.0,115490.13,62.20849
2025-08-01 12:10:00+00:00,115490.13,115507.89,115408.17,115499.51,44.36894
2025-08-01 12:15:00+00:00,115499.51,115499.51,115305.64,115305.65,46.10933
2025-08-01 12:20:00+00:00,115305.65,115374.04,115278.81,115374.04,53.293620000000004
2025-08-01 12:25:00+00:00,115374.04,115448.45,115219.68,115448.44,56.74603
2025-08-01 12:30:00+00:00,115448.44,115844.26,115142.62,115602.93,364.9917
2025-08-01 12:35:00+00:00,115602.94,115850.23,115532.42,115670.66,85.38646
2025-08-01 12:40:00+00:00,115670.66,115892.0,115670.65,115882.18,84.10374999999999
2025-08-01 12:45:00+00:00,115882.18,115900.0,115695.91,115809.02,111.21449
2025-08-01 12:50:00+00:00,115809.02,115881.95,115636.16,115881.95,54.67781
2025-08-01 12:55:00+00:00,115881.95,115881.95,115661.22,115732.48,51.28569
2025-08-01 13:00:00+00:00,115732.48,115819.56,115700.0,115770.16,44.35151
2025-08-01 13:05:00+00:00,115770.16,115882.18,115770.15,115875.37,111.50383
2025-08-01 13:10:00+00:00,115875.36,116019.3,115781.85,115781.86,143.81977
2025-08-01 13:15:00+00:00,115781.86,115916.24,115776.26,115827.73,63.69668
2025-08-01 13:20:00+00:00,115827.73,115835.06,115525.47,115744.15,110.38358
2025-08-01 13:25:00+00:00,115744.14,115747.89,115601.13,115679.82,54.76288
2025-08-01 13:30:00+00:00,115679.82,115679.82,115321.61,115409.94,122.95447
2025-08-01 13:35:00+00:00,115409.94,115639.79,115299.08,115299.08,106.70678
2025-08-01 13:40:00+00:00,115299.07,115365.9,114984.87,114985.01,175.12748
2025-08-01 13:45:00+00:00,114985.01,115000.75,114484.36,114484.37,185.97266
2025-08-01 13:50:00+00:00,114484.37,114578.84,114172.0,114319.64,326.44356
2025-08-01 13:55:00+00:00,114319.64,114567.2,114264.76,114352.05,138.35385
2025-08-01 14:00:00+00:00,114352.04,114366.68,113988.47,114308.01,458.31705999999997
2025-08-01 14:05:00+00:00,114308.01,114938.93,114308.0,114908.0,141.37514
2025-08-01 14:10:00+00:00,114908.0,115264.2,114907.99,115054.42,168.15376
2025-08-01 14:15:00+00:00,115054.42,115300.0,114922.01,115202.8,100.70039
2025-08-01 14:20:00+00:00,115202.79,115500.0,115195.13,115443.51,145.56215
2025-08-01 14:25:00+00:00,115443.51,115748.9,115360.17,115746.46,122.60698
2025-08-01 14:30:00+00:00,115746.45,115831.28,115563.14,115800.0,137.18505
2025-08-01 14:35:00+00:00,115800.0,115818.27,115650.39,115653.5,118.41012
2025-08-01 14:40:00+00:00,115653.51,115718.02,115367.71,115432.08,101.95958999999999
2025-08-01 14:45:00+00:00,115432.17,115757.19,115371.61,115427.71,70.5862
2025-08-01 14:50:00+00:00,115427.72,115750.0,115427.72,115644.18,138.77237
2025-08-01 14:55:00+00:00,115644.18,115758.31,115554.59,115619.8,105.36119
2025-08-01 15:00:00+00:00,115619.8,115645.57,115365.74,115365.74,75.73096
2025-08-01 15:05:00+00:00,115365.74,115394.81,115135.27,115142.93,82.88403
2025-08-01 15:10:00+00:00,115142.93,115357.54,115057.25,115133.99,54.11883
2025-08-01 15:15:00+00:00,115133.98,115191.51,114678.83,114879.97,160.3819
2025-08-01 15:20:00+00:00,114879.96,114935.78,114676.03,114719.79,87.54269
2025-08-01 15:25:00+00:00,114719.99,114980.0,114710.02,114785.03,79.66087999999999
2025-08-01 15:30:00+00:00,114786.06,114874.19,114690.51,114776.01,35.93612
2025-08-01 15:35:00+00:00,114776.0,115093.32,114711.39,115035.62,61.647400000000005
2025-08-01 15:40:00+00:00,115035.62,115219.67,114989.57,115219.66,42.11546
2025-08-01 15:45:00+00:00,115219.67,115386.69,115160.0,115305.65,73.16582
2025-08-01 15:50:00+00:00,115305.64,115499.33,115218.65,115463.12,90.96056999999999
2025-08-01 15:55:00+00:00,115463.11,115463.11,115305.64,115357.82,26.11576
2025-08-01 16:00:00+00:00,115357.82,115483.59,115305.64,115477.0,28.93154
2025-08-01 16:05:00+00:00,115477.01,115693.38,115417.82,115677.96,43.37421
2025-08-01 16:10:00+00:00,115677.96,115695.52,115511.45,115620.01,50.19644
2025-08-01 16:15:00+00:00,115620.0,115682.63,115550.2,115655.23,25.31585
2025-08-01 16:20:00+00:00,115655.23,115655.23,115492.05,115613.22,27.615589999999997
2025-08-01 16:25:00+00:00,115613.22,115694.69,115602.17,115602.17,28.17158
2025-08-01 16:30:00+00:00,115602.17,115602.18,115317.77,115420.0,103.79959000000001
2025-08-01 16:35:00+00:00,115420.01,115467.17,115219.68,115219.69,49.95926
2025-08-01 16:40:00+00:00,115219.69,115454.59,115009.27,115438.53,163.84097000000003
2025-08-01 16:45:00+00:00,115438.53,115524.62,115227.46,115329.27,39.43786
2025-08-01 16:50:00+00:00,115329.27,115415.38,115021.42,115066.7,50.86341
2025-08-01 16:55:00+00:00,115066.71,115132.23,114817.81,115015.6,92.41833
2025-08-01 17:00:00+00:00,115015.6,115046.88,114711.66,114711.66,50.107910000000004
2025-08-01 17:05:00+00:00,114711.67,114880.0,114531.0,114815.85,176.81777
2025-08-01 17:10:00+00:00,114815.86,114922.21,114520.92,114594.26,109.17862
2025-08-01 17:15:00+00:00,114594.25,114710.03,114506.21,114524.15,82.38297
2025-08-01 17:20:00+00:00,114524.15,114802.33,114518.74,114644.78,44.586780000000005
2025-08-01 17:25:00+00:00,114644.77,114699.39,114501.0,114655.15,49.11175
2025-08-01 17:30:00+00:00,114655.14,115096.93,114655.14,114811.95,84.90642
2025-08-01 17:35:00+00:00,114811.95,114911.72,114432.99,114594.22,98.82574
2025-08-01 17:40:00+00:00,114594.22,114793.04,114454.96,114454.96,59.32678
2025-08-01 17:45:00+00:00,114454.95,114623.92,114454.95,114542.05,101.15485
2025-08-01 17:50:00+00:00,114542.05,114600.0,114428.26,114494.51,42.63544
2025-08-01 17:55:00+00:00,114494.52,114494.52,114345.0,114420.0,57.21384
2025-08-01 18:00:00+00:00,114420.0,114496.59,114188.01,114246.37,116.34469
2025-08-01 18:05:00+00:00,114246.36,114334.68,114151.39,114196.05,80.92868
2025-08-01 18:10:00+00:00,114196.05,114310.21,114048.44,114124.6,93.88032
2025-08-01 18:15:00+00:00,114124.6,114281.55,113669.01,113766.94,341.98803
2025-08-01 18:20:00+00:00,113766.95,113980.0,113715.64,113915.46,116.25417
2025-08-01 18:25:00+00:00,113915.47,114375.0,113915.47,114154.9,71.41626
2025-08-01 18:30:00+00:00,114154.9,114339.67,114065.07,114202.2,95.52898
2025-08-01 18:35:00+00:00,114202.2,114341.77,114074.38,114302.01,53.85362
2025-08-01 18:40:00+00:00,114302.0,114306.36,114154.0,114188.01,35.6546
2025-08-01 18:45:00+00:00,114188.0,114222.62,114080.0,114222.62,40.494550000000004
2025-08-01 18:50:00+00:00,114222.61,114222.62,113783.04,113915.97,79.90806
2025-08-01 18:55:00+00:00,113915.97,114020.57,113738.63,113836.93,54.636269999999996
2025-08-01 19:00:00+00:00,113836.92,113894.54,113699.0,113725.6,50.251689999999996
2025-08-01 19:05:00+00:00,113725.59,113922.47,113677.45,113889.99,65.52695
2025-08-01 19:10:00+00:00,113889.99,113890.0,113621.0,113680.64,58.46125
2025-08-01 19:15:00+00:00,113680.64,113725.62,113611.0,113680.61,42.70279
2025-08-01 19:20:00+00:00,113680.6,113680.6,113278.69,113328.83,213.73208
2025-08-01 19:25:00+00:00,113328.83,113510.93,113251.0,113396.04,102.42376999999999
2025-08-01 19:30:00+00:00,113396.04,113776.01,113280.01,113761.47,128.27928
2025-08-01 19:35:00+00:00,113761.47,113893.55,113380.42,113515.81,112.68504
2025-08-01 19:40:00+00:00,113515.8,113534.36,113221.93,113245.99,98.79472
2025-08-01 19:45:00+00:00,113246.0,113615.04,113221.96,113444.93,170.88503
2025-08-01 19:50:00+00:00,113444.92,113534.3,113260.0,113466.01,159.462
2025-08-01 19:55:00+00:00,113466.01,113466.01,113278.9,113328.68,91.20869
2025-08-01 20:00:00+00:00,113328.67,113650.01,113270.3,113401.0,109.48941
2025-08-01 20:05:00+00:00,113401.0,113551.53,113168.22,113348.39,133.01313
2025-08-01 20:10:00+00:00,113348.38,113422.67,113235.85,113304.64,56.37607
2025-08-01 20:15:00+00:00,113304.64,113443.71,113186.32,113416.33,77.59631000000002
2025-08-01 20:20:00+00:00,113416.33,113627.82,113367.28,113476.78,129.40322
2025-08-01 20:25:00+00:00,113476.77,113552.53,113420.0,113484.03,49.89002
2025-08-01 20:30:00+00:00,113484.02,113627.56,113484.02,113627.56,37.694630000000004
2025-08-01 20:35:00+00:00,113627.55,113715.64,113572.86,113600.0,75.03533999999999
2025-08-01 20:40:00+00:00,113600.01,113654.09,113408.47,113654.08,57.98516
2025-08-01 20:45:00+00:00,113654.08,113710.98,113595.66,113667.12,106.17382
2025-08-01 20:50:00+00:00,113667.12,113694.93,113588.77,113694.92,35.819
2025-08-01 20:55:00+00:00,113694.92,113980.0,113676.29,113951.09,88.72767
2025-08-01 21:00:00+00:00,113951.1,114067.18,113841.64,114006.01,90.46470000000001
2025-08-01 21:05:00+00:00,114006.01,114040.0,113876.77,113876.78,51.241929999999996
2025-08-01 21:10:00+00:00,113876.77,113959.41,113850.92,113858.84,73.05497
2025-08-01 21:15:00+00:00,113858.84,113895.06,113700.0,113749.99,50.5831
2025-08-01 21:20:00+00:00,113749.99,113912.21,113737.02,113912.2,26.13047
2025-08-01 21:25:00+00:00,113912.21,114018.08,113912.2,114010.72,25.477330000000002
2025-08-01 21:30:00+00:00,114010.73,114094.08,114003.98,114052.91,24.58368
2025-08-01 21:35:00+00:00,114052.92,114052.92,113953.33,114024.85,13.68999
2025-08-01 21:40:00+00:00,114024.84,114052.0,113956.55,113961.9,22.44018
2025-08-01 21:45:00+00:00,113961.9,113972.2,113940.0,113940.01,13.85202
2025-08-01 21:50:00+00:00,113940.01,114086.36,113940.0,114064.92,18.62737
2025-08-01 21:55:00+00:00,114064.92,114065.12,113886.18,113892.12,19.15201
2025-08-01 22:00:00+00:00,113892.11,114010.82,113841.42,113841.43,41.4296
2025-08-01 22:05:00+00:00,113841.43,113841.43,113524.28,113536.0,61.1459
2025-08-01 22:10:00+00:00,113536.0,113673.53,113505.62,113645.99,28.40354
2025-08-01 22:15:00+00:00,113645.99,113800.0,113626.33,113796.0,32.39249
2025-08-01 22:20:00+00:00,113796.0,113807.34,113278.27,113506.0,93.84886
2025-08-01 22:25:00+00:00,113506.01,113696.24,113180.0,113449.0,106.39469
2025-08-01 22:30:00+00:00,113449.01,113494.55,113080.37,113130.0,139.97926999999999
2025-08-01 22:35:00+00:00,113130.0,113291.99,113054.74,113062.0,107.85825
2025-08-01 22:40:00+00:00,113062.0,113180.33,112888.0,113066.0,349.50676
2025-08-01 22:45:00+00:00,113066.0,113153.84,112744.0,112847.99,154.90818000000002
2025-08-01 22:50:00+00:00,112848.0,113115.38,112722.58,112920.01,166.15878999999998
2025-08-01 22:55:00+00:00,112920.01,113252.68,112854.75,113141.05,86.86672
2025-08-01 23:00:00+00:00,113141.05,113229.05,112908.54,113070.04,72.29485
2025-08-01 23:05:00+00:00,113070.04,113303.2,112979.19,113290.01,69.65342
2025-08-01 23:10:00+00:00,113290.01,113356.18,113154.92,113311.32,42.42256
2025-08-01 23:15:00+00:00,113311.32,113368.78,113238.69,113368.78,31.64283
2025-08-01 23:20:00+00:00,113368.78,113495.46,113338.57,113484.4,41.940690000000004
2025-08-01 23:25:00+00:00,113484.39,113560.46,113410.7,113549.44,26.9379
2025-08-01 23:30:00+00:00,113549.44,113549.44,113334.77,113344.55,51.48753
2025-08-01 23:35:00+00:00,113344.54,113348.0,113224.37,113264.76,34.377539999999996
2025-08-01 23:40:00+00:00,113264.76,113347.99,113264.76,113344.67,29.33323
2025-08-01 23:45:00+00:00,113344.67,113347.0,113300.0,113334.79,49.42115
2025-08-01 23:50:00+00:00,113334.01,113381.0,113211.26,113380.99,37.49468
2025-08-01 23:55:00+00:00,113381.0,113400.0,113297.92,113297.93,51.901
2025-08-02 00:00:00+00:00,113297.92,113363.19,113198.63,113218.0,67.08092
2025-08-02 00:05:00+00:00,113218.0,113359.8,113209.23,113313.56,64.47916000000001
2025-08-02 00:10:00+00:00,113313.56,113421.42,113254.51,113352.74,55.44635
2025-08-02 00:15:00+00:00,113352.74,113549.44,113337.7,113549.44,54.57594
2025-08-02 00:20:00+00:00,113549.44,113555.13,113490.96,113555.12,25.22785
2025-08-02 00:25:00+00:00,113555.13,113608.72,113454.61,113565.05,54.4118
2025-08-02 00:30:00+00:00,113565.04,113565.05,113436.52,113495.41,32.35825
2025-08-02 00:35:00+00:00,113495.41,113588.78,113495.41,113565.86,49.78796
2025-08-02 00:40:00+00:00,113565.87,113690.71,113531.01,113624.72,44.8442
2025-08-02 00:45:00+00:00,113624.72,113740.81,113624.72,113740.81,37.41846
2025-08-02 00:50:00+00:00,113740.81,113838.36,113720.0,113838.36,54.72475
2025-08-02 00:55:00+00:00,113838.36,113844.16,113713.08,113822.97,23.92842
2025-08-02 01:00:00+00:00,113822.97,113909.3,113794.52,113909.29,17.68137
2025-08-02 01:05:00+00:00,113909.3,113909.3,113725.49,113734.32,43.07372
2025-08-02 01:10:00+00:00,113734.33,113781.52,113670.82,113781.52,46.02387
2025-08-02 01:15:00+00:00,113781.52,113864.6,113644.21,113644.21,26.17565
2025-08-02 01:20:00+00:00,113644.21,113702.18,113615.38,113615.39,22.63356
2025-08-02 01:25:00+00:00,113615.38,113650.0,113512.81,113560.0,32.13536
2025-08-02 01:30:00+00:00,113560.0,113620.49,113420.76,113620.49,26.78896
2025-08-02 01:35:00+00:00,113620.49,113637.27,113520.13,113520.14,15.34224
2025-08-02 01:40:00+00:00,113520.14,113618.32,113516.35,113550.69,49.91484
2025-08-02 01:45:00+00:00,113550.69,113618.3,113529.15,113592.12,32.851259999999996
2025-08-02 01:50:00+00:00,113592.11,113640.79,113506.22,113588.89,27.25576
2025-08-02 01:55:00+00:00,113588.88,113679.16,113588.88,113674.24,13.33622
2025-08-02 02:00:00+00:00,113674.23,113674.24,113610.87,113648.36,12.50985
2025-08-02 02:05:00+00:00,113648.37,113766.43,113648.36,113766.43,12.70672
2025-08-02 02:10:00+00:00,113766.43,113766.43,113695.42,113738.88,27.25674
2025-08-02 02:15:00+00:00,113738.89,113738.89,113600.0,113600.02,22.52943
2025-08-02 02:20:00+00:00,113600.02,113638.17,113534.3,113568.07,23.33119
2025-08-02 02:25:00+00:00,113568.07,113639.03,113568.07,113639.02,13.14384
2025-08-02 02:30:00+00:00,113639.02,113727.63,113622.34,113700.02,21.71891
2025-08-02 02:35:00+00:00,113700.02,113700.03,113633.94,113675.16,23.790580000000002
2025-08-02 02:40:00+00:00,113675.16,113687.38,113675.0,113675.01,8.42938
2025-08-02 02:45:00+00:00,113675.0,113720.01,113666.0,113666.0,36.15815
2025-08-02 02:50:00+00:00,113666.0,113685.76,113610.95,113667.79,16.55312
2025-08-02 02:55:00+00:00,113667.79,113716.95,113659.11,113702.24,13.143229999999999
2025-08-02 03:00:00+00:00,113702.24,113773.09,113702.24,113773.09,18.06048
2025-08-02 03:05:00+00:00,113773.09,113921.94,113761.22,113889.31,29.57716
2025-08-02 03:10:00+00:00,113889.31,113889.31,113840.01,113879.98,28.315910000000002
2025-08-02 03:15:00+00:00,113879.99,113879.99,113826.8,113826.8,12.10122
2025-08-02 03:20:00+00:00,113826.81,113896.5,113765.41,113795.46,57.87189
2025-08-02 03:25:00+00:00,113795.46,113819.99,113795.46,113809.85,18.53088
2025-08-02 03:30:00+00:00,113809.85,113835.76,113759.34,113820.16,40.721129999999995
2025-08-02 03:35:00+00:00,113820.16,113859.42,113820.15,113837.47,9.01217
2025-08-02 03:40:00+00:00,113837.47,113852.9,113837.47,113852.67,8.09835
2025-08-02 03:45:00+00:00,113852.67,113858.56,113820.73,113842.63,20.68431
2025-08-02 03:50:00+00:00,113842.63,113859.85,113810.53,113859.84,21.39386
2025-08-02 03:55:00+00:00,113859.84,113909.87,113853.24,113909.86,9.83724
2025-08-02 04:00:00+00:00,113909.87,113936.09,113899.9,113936.09,17.92885
2025-08-02 04:05:00+00:00,113936.09,113936.09,113885.72,113891.2,15.738349999999999
2025-08-02 04:10:00+00:00,113891.21,113891.21,113850.01,113854.47,17.53753
2025-08-02 04:15:00+00:00,113854.48,113865.69,113820.0,113865.69,19.46699
2025-08-02 04:20:00+00:00,113865.69,113900.64,113865.68,113899.08,41.12929
2025-08-02 04:25:00+00:00,113899.08,113993.57,113899.07,113993.56,38.75394
2025-08-02 04:30:00+00:00,113993.57,114050.01,113993.56,114050.01,22.39226
2025-08-02 04:35:00+00:00,114050.01,114057.27,114035.18,114035.82,23.84111
2025-08-02 04:40:00+00:00,114035.82,114050.0,114015.07,114022.05,28.83882
2025-08-02 04:45:00+00:00,114022.05,114033.44,114005.34,114005.35,13.94321
2025-08-02 04:50:00+00:00,114005.34,114039.94,114005.34,114017.23,19.753439999999998
2025-08-02 04:55:00+00:00,114017.23,114025.76,114017.22,114025.75,16.97825
2025-08-02 05:00:00+00:00,114025.76,114063.49,114025.75,114039.71,51.2046
2025-08-02 05:05:00+00:00,114039.7,114039.7,113960.93,113971.89,34.48236
2025-08-02 05:10:00+00:00,113971.89,113971.89,113886.37,113886.37,30.60622
2025-08-02 05:15:00+00:00,113886.38,113886.38,113855.01,113872.75,18.17458
2025-08-02 05:20:00+00:00,113872.75,113985.77,113872.74,113985.76,11.274619999999999
2025-08-02 05:25:00+00:00,113985.77,114049.99,113985.76,114049.98,18.80944
2025-08-02 05:30:00+00:00,114049.98,114049.99,113985.97,113992.01,20.10493
2025-08-02 05:35:00+00:00,113992.01,114020.23,113983.91,113983.92,37.50641
2025-08-02 05:40:00+00:00,113983.91,113994.06,113964.21,113968.71,24.436049999999998
2025-08-02 05:45:00+00:00,113968.71,113968.71,113917.0,113957.84,20.07463
2025-08-02 05:50:00+00:00,113957.85,114004.62,113957.84,113984.05,31.121049999999997
2025-08-02 05:55:00+00:00,113984.05,113986.0,113981.06,113981.06,18.22216
2025-08-02 06:00:00+00:00,113981.07,113981.07,113905.45,113906.06,46.67147
2025-08-02 06:05:00+00:00,113906.06,113906.06,113823.85,113823.85,95.98883
2025-08-02 06:10:00+00:00,113823.85,113888.44,113823.85,113834.73,28.529629999999997
2025-08-02 06:15:00+00:00,113834.74,113834.74,113626.12,113652.24,103.47793
2025-08-02 06:20:00+00:00,113652.25,113676.35,113593.84,113612.66,52.01664
2025-08-02 06:25:00+00:00,113612.65,113628.01,113562.39,113562.4,77.76992
2025-08-02 06:30:00+00:00,113562.4,113621.21,113540.64,113549.31,92.33234
2025-08-02 06:35:00+00:00,113549.3,113654.73,113488.65,113525.74,68.07811
2025-08-02 06:40:00+00:00,113525.74,113573.06,113469.43,113554.89,85.08043
2025-08-02 06:45:00+00:00,113554.89,113715.44,113554.88,113664.81,49.95578
2025-08-02 06:50:00+00:00,113664.81,113707.65,113644.02,113704.1,19.28239
2025-08-02 06:55:00+00:00,113704.1,113741.09,113697.84,113697.85,19.46887
2025-08-02 07:00:00+00:00,113697.85,113773.09,113686.32,113773.08,24.84742
2025-08-02 07:05:00+00:00,113773.09,113773.09,113588.77,113588.78,26.31967
2025-08-02 07:10:00+00:00,113588.77,113690.71,113556.19,113679.57,23.37777
2025-08-02 07:15:00+00:00,113679.58,113756.59,113679.58,113756.58,11.244959999999999
2025-08-02 07:20:00+00:00,113756.59,113849.0,113756.58,113848.99,93.26171000000001
2025-08-02 07:25:00+00:00,113849.0,113937.9,113848.99,113932.45,15.7393
2025-08-02 07:30:00+00:00,113932.46,113937.72,113849.0,113866.0,22.96602
2025-08-02 07:35:00+00:00,113866.01,113927.83,113850.0,113927.83,17.535220000000002
2025-08-02 07:40:00+00:00,113927.83,113972.0,113916.43,113916.43,27.52147
2025-08-02 07:45:00+00:00,113916.44,113998.08,113916.43,113998.08,38.21631
2025-08-02 07:50:00+00:00,113998.08,114007.49,113972.67,114006.39,26.79202
2025-08-02 07:55:00+00:00,114006.39,114021.0,113982.48,113982.49,15.596709999999998
2025-08-02 08:00:00+00:00,113982.49,113998.0,113948.44,113974.57,20.92384
2025-08-02 08:05:00+00:00,113974.58,113992.01,113942.91,113975.6,18.16867
2025-08-02 08:10:00+00:00,113975.6,113975.6,113950.0,113967.99,14.92776
2025-08-02 08:15:00+00:00,113968.0,114002.44,113967.99,113994.27,10.58923
2025-08-02 08:20:00+00:00,113994.28,114040.29,113904.04,113945.55,37.96346
2025-08-02 08:25:00+00:00,113945.55,113945.56,113877.3,113877.31,22.13134
2025-08-02 08:30:00+00:00,113877.31,113880.0,113728.0,113748.0,65.89867000000001
2025-08-02 08:35:00+00:00,113748.0,113818.09,113732.0,113818.09,23.0646
2025-08-02 08:40:00+00:00,113818.09,113835.99,113723.05,113724.27,29.99904
2025-08-02 08:45:00+00:00,113724.27,113824.42,113676.81,113794.07,17.57107
2025-08-02 08:50:00+00:00,113794.08,113803.67,113690.7,113692.2,40.3559
2025-08-02 08:55:00+00:00,113692.2,113738.1,113682.0,113682.01,38.92709
2025-08-02 09:00:00+00:00,113682.01,113760.0,113682.0,113758.0,17.79549
2025-08-02 09:05:00+00:00,113757.99,113764.0,113716.82,113734.44,19.31695
2025-08-02 09:10:00+00:00,113734.43,113837.75,113729.7,113804.38,23.007080000000002
2025-08-02 09:15:00+00:00,113804.39,113852.0,113778.64,113778.65,8.93989
2025-08-02 09:20:00+00:00,113778.65,113824.9,113760.0,113816.43,28.870730000000002
2025-08-02 09:25:00+00:00,113816.42,113816.42,113718.83,113718.84,27.6169
2025-08-02 09:30:00+00:00,113718.84,113718.84,113615.0,113652.54,29.64931
2025-08-02 09:35:00+00:00,113652.54,113653.15,113574.25,113592.04,22.998710000000003
2025-08-02 09:40:00+00:00,113592.04,113613.32,113572.19,113572.21,20.75573
2025-08-02 09:45:00+00:00,113572.2,113617.04,113572.2,113608.21,20.63411
2025-08-02 09:50:00+00:00,113608.2,113669.24,113602.06,113631.59,29.92439
2025-08-02 09:55:00+00:00,113633.03,113690.71,113630.04,113690.7,8.45792
2025-08-02 10:00:00+00:00,113690.71,113704.0,113613.19,113652.07,20.68649
2025-08-02 10:05:00+00:00,113652.07,113658.9,113616.65,113621.31,14.69764
2025-08-02 10:10:00+00:00,113621.32,113655.62,113595.89,113608.0,16.88308
2025-08-02 10:15:00+00:00,113608.0,113608.0,113501.0,113554.86,22.97064
2025-08-02 10:20:00+00:00,113554.87,113629.47,113510.62,113600.01,24.83391
2025-08-02 10:25:00+00:00,113600.01,113686.33,113600.0,113649.13,23.63851
2025-08-02 10:30:00+00:00,113649.13,113649.13,113575.96,113614.0,22.50386
2025-08-02 10:35:00+00:00,113614.0,113634.68,113517.56,113517.56,22.441689999999998
2025-08-02 10:40:00+00:00,113516.85,113516.85,113425.58,113440.0,59.9264
2025-08-02 10:45:00+00:00,113440.0,113512.82,113439.99,113500.01,20.8235
2025-08-02 10:50:00+00:00,113500.01,113646.16,113500.0,113646.15,24.59174
2025-08-02 10:55:00+00:00,113646.15,113646.16,113550.88,113550.89,24.16552
2025-08-02 11:00:00+00:00,113550.89,113620.0,113548.01,113620.0,13.63768
2025-08-02 11:05:00+00:00,113620.0,113638.11,113548.01,113548.02,21.014879999999998
2025-08-02 11:10:00+00:00,113548.02,113548.02,113451.77,113492.43,25.108600000000003
2025-08-02 11:15:00+00:00,113492.44,113616.62,113492.43,113616.62,13.58128
2025-08-02 11:20:00+00:00,113616.62,113688.01,113607.06,113678.0,14.42429
2025-08-02 11:25:00+00:00,113677.99,113867.96,113635.48,113860.0,33.53777
2025-08-02 11:30:00+00:00,113860.01,113914.25,113848.0,113881.97,19.45867
2025-08-02 11:35:00+00:00,113881.97,113881.97,113810.99,113870.15,12.359910000000001
2025-08-02 11:40:00+00:00,113870.14,113870.15,113799.83,113799.84,30.794620000000002
2025-08-02 11:45:00+00:00,113799.83,113842.9,113792.63,113792.64,23.43779
2025-08-02 11:50:00+00:00,113792.64,113792.64,113747.52,113747.52,11.99253
2025-08-02 11:55:00+00:00,113747.52,113792.63,113736.01,113787.12,19.36339
2025-08-02 12:00:00+00:00,113787.11,113787.12,113708.98,113711.75,22.956049999999998
2025-08-02 12:05:00+00:00,113711.76,113757.61,113711.75,113729.7,11.78413
2025-08-02 12:10:00+00:00,113729.71,113745.37,113718.94,113718.95,16.68176
2025-08-02 12:15:00+00:00,113718.95,113738.0,113687.23,113707.19,22.49417
2025-08-02 12:20:00+00:00,113707.2,113750.01,113700.0,113701.68,22.04341
2025-08-02 12:25:00+00:00,113701.68,113716.0,113701.67,113714.88,11.413720000000001
2025-08-02 12:30:00+00:00,113714.88,113745.57,113684.35,113684.36,20.66254
2025-08-02 12:35:00+00:00,113684.36,113741.35,113684.36,113704.73,17.37261
2025-08-02 12:40:00+00:00,113704.73,113704.74,113572.11,113576.01,43.48634
2025-08-02 12:45:00+00:00,113576.01,113611.85,113564.99,113611.61,71.21679999999999
2025-08-02 12:50:00+00:00,113611.62,113683.98,113596.66,113683.98,52.4755
2025-08-02 12:55:00+00:00,113683.99,113683.99,113620.0,113620.01,30.960430000000002
2025-08-02 13:00:00+00:00,113620.01,113630.0,113569.23,113569.24,30.76439
2025-08-02 13:05:00+00:00,113569.24,113590.0,113488.32,113520.74,34.05736
2025-08-02 13:10:00+00:00,113520.74,113520.75,113450.0,113450.01,34.05689
2025-08-02 13:15:00+00:00,113450.0,113475.71,113446.75,113448.66,36.367580000000004
2025-08-02 13:20:00+00:00,113448.66,113448.67,113437.47,113443.0,27.690150000000003
2025-08-02 13:25:00+00:00,113443.0,113464.76,113284.64,113284.65,47.7783
2025-08-02 13:30:00+00:00,113284.65,113471.74,113218.0,113447.78,79.02484
2025-08-02 13:35:00+00:00,113447.79,113457.99,113323.36,113340.59,58.64387
2025-08-02 13:40:00+00:00,113340.59,113391.08,113302.54,113350.82,18.75516
2025-08-02 13:45:00+00:00,113350.82,113445.92,113331.09,113429.83,31.567899999999998
2025-08-02 13:50:00+00:00,113429.83,113488.0,113365.55,113488.0,19.3168
2025-08-02 13:55:00+00:00,113488.0,113526.45,113457.85,113457.85,33.41593
2025-08-02 14:00:00+00:00,113457.86,113490.11,113457.85,113490.1,22.37728
2025-08-02 14:05:00+00:00,113490.1,113530.0,113473.23,113473.23,22.64113
2025-08-02 14:10:00+00:00,113473.23,113473.24,113350.56,113350.57,21.6074
2025-08-02 14:15:00+00:00,113350.56,113350.57,113237.75,113237.76,35.10047
2025-08-02 14:20:00+00:00,113237.76,113289.52,113123.85,113237.2,82.31737
2025-08-02 14:25:00+00:00,113237.2,113293.81,113232.12,113262.69,25.35415
2025-08-02 14:30:00+00:00,113262.68,113262.68,113168.79,113207.48,43.6428
2025-08-02 14:35:00+00:00,113207.49,113207.49,113089.55,113097.33,57.026619999999994
2025-08-02 14:40:00+00:00,113097.33,113141.61,112977.0,112999.99,111.94704999999999
2025-08-02 14:45:00+00:00,113000.0,113114.74,112999.99,113016.67,48.20692
2025-08-02 14:50:00+00:00,113016.66,113147.94,112939.39,113084.75,80.1748
2025-08-02 14:55:00+00:00,113084.74,113164.0,113066.0,113099.89,42.28621
2025-08-02 15:00:00+00:00,113099.9,113211.85,113090.01,113190.05,30.59512
2025-08-02 15:05:00+00:00,113190.05,113270.11,113175.26,113258.0,22.25791
2025-08-02 15:10:00+00:00,113258.01,113275.12,113216.51,113260.47,27.69966
2025-08-02 15:15:00+00:00,113260.47,113420.0,113260.46,113273.13,54.50342
2025-08-02 15:20:00+00:00,113273.14,113339.04,113246.73,113257.29,31.261029999999998
2025-08-02 15:25:00+00:00,113257.3,113309.41,113246.9,113246.92,16.64889
2025-08-02 15:30:00+00:00,113246.91,113246.92,112968.59,113048.99,85.85009
2025-08-02 15:35:00+00:00,113048.99,113073.67,113002.05,113050.01,48.30928
2025-08-02 15:40:00+00:00,113050.0,113060.0,113000.0,113029.37,19.33875
2025-08-02 15:45:00+00:00,113029.37,113046.0,112969.0,112972.74,27.046689999999998
2025-08-02 15:50:00+00:00,112972.74,113046.22,112971.13,112980.44,44.350429999999996
2025-08-02 15:55:00+00:00,112980.45,112980.45,112802.31,112840.71,127.19861
2025-08-02 16:00:00+00:00,112840.7,112947.74,112792.04,112883.99,64.22134
2025-08-02 16:05:00+00:00,112884.0,112978.7,112754.84,112758.34,65.12056
2025-08-02 16:10:00+00:00,112758.34,112866.35,112700.07,112766.42,102.96314000000001
2025-08-02 16:15:00+00:00,112766.41,112918.94,112720.0,112918.94,77.63471
2025-08-02 16:20:00+00:00,112918.94,112948.9,112830.0,112936.48,59.12235
2025-08-02 16:25:00+00:00,112936.48,113000.0,112897.87,112915.98,30.255029999999998
2025-08-02 16:30:00+00:00,112915.99,112934.0,112865.36,112933.99,49.39723
2025-08-02 16:35:00+00:00,112934.0,113013.44,112898.79,113004.75,54.61578
2025-08-02 16:40:00+00:00,113004.74,113154.01,113004.74,113107.08,39.48007
2025-08-02 16:45:00+00:00,113107.08,113261.16,113063.75,113063.75,47.03792
2025-08-02 16:50:00+00:00,113063.76,113107.32,112981.82,113107.32,32.14035
2025-08-02 16:55:00+00:00,113107.32,113209.59,113068.38,113200.25,13.19174
2025-08-02 17:00:00+00:00,113200.25,113327.98,113160.0,113327.97,35.08968
2025-08-02 17:05:00+00:00,113327.98,113383.05,113283.32,113383.04,68.13777
2025-08-02 17:10:00+00:00,113383.05,113383.05,113327.98,113355.31,14.886849999999999
2025-08-02 17:15:00+00:00,113355.32,113393.87,113268.34,113393.87,35.86611
2025-08-02 17:20:00+00:00,113393.87,113420.0,113272.1,113272.11,34.151030000000006
2025-08-02 17:25:00+00:00,113272.11,113360.0,113272.1,113360.0,27.87988
2025-08-02 17:30:00+00:00,113359.99,113369.99,113276.86,113338.12,25.255290000000002
2025-08-02 17:35:00+00:00,113338.11,113338.12,113229.31,113229.68,17.91637
2025-08-02 17:40:00+00:00,113229.69,113229.69,113111.86,113138.93,33.71922
2025-08-02 17:45:00+00:00,113138.93,113138.94,113013.89,113035.62,36.7937
2025-08-02 17:50:00+00:00,113035.62,113051.0,112584.23,112643.4,155.19931
2025-08-02 17:55:00+00:00,112643.4,112774.08,112626.61,112724.03,64.12917
2025-08-02 18:00:00+00:00,112724.04,112879.6,112701.33,112796.21,82.52656
2025-08-02 18:05:00+00:00,112796.21,112920.0,112608.2,112715.59,74.53858
2025-08-02 18:10:00+00:00,112715.58,112726.69,112500.0,112500.01,111.30161000000001
2025-08-02 18:15:00+00:00,112500.0,112669.61,112411.02,112509.93,194.31284
2025-08-02 18:20:00+00:00,112509.93,112730.2,112440.0,112565.46,75.22363
2025-08-02 18:25:00+00:00,112565.46,112692.3,112341.18,112386.19,111.59725
2025-08-02 18:30:00+00:00,112386.18,112431.93,112309.01,112353.62,92.51312
2025-08-02 18:35:00+00:00,112353.63,112584.3,112300.0,112506.82,56.71722
2025-08-02 18:40:00+00:00,112506.82,112520.0,112412.3,112502.0,52.92189
2025-08-02 18:45:00+00:00,112502.0,112526.38,112280.0,112360.0,94.85451
2025-08-02 18:50:00+00:00,112359.99,112491.68,112281.35,112286.84,58.93707
2025-08-02 18:55:00+00:00,112286.83,112420.0,112099.22,112327.65,217.38519
2025-08-02 19:00:00+00:00,112327.65,112421.79,112149.47,112240.0,92.12196
2025-08-02 19:05:00+00:00,112240.0,112347.65,112160.06,112207.05,121.49073999999999
2025-08-02 19:10:00+00:00,112207.05,112247.17,112003.0,112046.9,149.71915
2025-08-02 19:15:00+00:00,112046.9,112392.6,112013.87,112357.34,85.47466
2025-08-02 19:20:00+00:00,112357.34,112578.84,112357.33,112578.84,62.77865
2025-08-02 19:25:00+00:00,112578.84,112730.01,112450.0,112708.0,101.87571
2025-08-02 19:30:00+00:00,112708.01,112945.62,112689.34,112887.26,141.9472
2025-08-02 19:35:00+00:00,112887.26,112887.27,112618.79,112651.4,76.1305
2025-08-02 19:40:00+00:00,112651.41,112785.6,112651.4,112762.0,39.16352
2025-08-02 19:45:00+00:00,112762.01,112762.01,112361.71,112361.71,64.64571
2025-08-02 19:50:00+00:00,112361.71,112497.55,112312.26,112362.43,42.62002
2025-08-02 19:55:00+00:00,112362.43,112385.35,112222.28,112229.42,29.7047
2025-08-02 20:00:00+00:00,112229.42,112299.04,112148.64,112170.0,45.80436
2025-08-02 20:05:00+00:00,112170.0,112200.0,112069.86,112137.66,57.8985
2025-08-02 20:10:00+00:00,112137.66,112377.87,112137.65,112352.98,68.07842
2025-08-02 20:15:00+00:00,112352.99,112488.0,112279.71,112279.72,38.03009
2025-08-02 20:20:00+00:00,112279.71,112323.21,112100.16,112230.56,46.1453
2025-08-02 20:25:00+00:00,112230.57,112428.35,112230.56,112427.95,35.09854
2025-08-02 20:30:00+00:00,112427.96,112427.96,112345.94,112361.59,27.81403
2025-08-02 20:35:00+00:00,112361.59,112408.86,112300.0,112337.38,35.13003
2025-08-02 20:40:00+00:00,112337.38,112425.35,112313.66,112425.33,40.78929
2025-08-02 20:45:00+00:00,112425.32,112450.67,112363.21,112422.26,47.58977
2025-08-02 20:50:00+00:00,112422.27,112552.0,112400.0,112547.11,36.826319999999996
2025-08-02 20:55:00+00:00,112547.1,112780.0,112542.0,112780.0,44.79862
2025-08-02 21:00:00+00:00,112780.0,112937.53,112779.38,112820.0,56.35622
2025-08-02 21:05:00+00:00,112820.0,112820.0,112601.86,112719.99,35.18436
2025-08-02 21:10:00+00:00,112719.99,112720.0,112595.88,112603.99,14.35367
2025-08-02 21:15:00+00:00,112603.99,112702.29,112595.62,112600.09,33.85497
2025-08-02 21:20:00+00:00,112600.09,112676.0,112562.02,112629.44,25.13614
2025-08-02 21:25:00+00:00,112629.45,112639.99,112575.55,112591.56,13.222940000000001
2025-08-02 21:30:00+00:00,112591.56,112743.2,112591.55,112743.2,50.90365
2025-08-02 21:35:00+00:00,112743.21,112890.36,112743.21,112890.35,26.30956
2025-08-02 21:40:00+00:00,112890.36,112901.64,112829.03,112867.17,14.718049999999998
2025-08-02 21:45:00+00:00,112867.18,112999.99,112844.79,112989.67,33.64517
2025-08-02 21:50:00+00:00,112989.67,113058.22,112939.88,113055.55,47.936710000000005
2025-08-02 21:55:00+00:00,113055.56,113058.82,112851.55,112859.32,39.16712
2025-08-02 22:00:00+00:00,112859.32,113000.0,112859.32,113000.0,31.31937
2025-08-02 22:05:00+00:00,112999.99,113011.63,112912.66,112934.0,50.25412
2025-08-02 22:10:00+00:00,112933.99,112934.0,112824.27,112824.28,17.82742
2025-08-02 22:15:00+00:00,112824.27,112840.57,112657.77,112685.26,23.7433
2025-08-02 22:20:00+00:00,112685.26,112685.27,112555.0,112597.1,26.77046
2025-08-02 22:25:00+00:00,112597.11,112616.03,112564.23,112586.72,21.57299
2025-08-02 22:30:00+00:00,112586.72,112747.68,112586.71,112736.41,26.70466
2025-08-02 22:35:00+00:00,112736.4,112766.86,112688.61,112766.86,12.58879
2025-08-02 22:40:00+00:00,112766.85,112849.95,112745.11,112796.02,15.89683
2025-08-02 22:45:00+00:00,112796.01,112883.56,112794.03,112870.71,9.40472
2025-08-02 22:50:00+00:00,112870.71,112966.68,112870.71,112949.92,29.9427
2025-08-02 22:55:00+00:00,112949.93,112949.93,112862.13,112862.14,29.890840000000004
2025-08-02 23:00:00+00:00,112862.14,112873.83,112753.58,112753.86,21.11956
2025-08-02 23:05:00+00:00,112753.85,112800.0,112716.96,112743.78,23.54516
2025-08-02 23:10:00+00:00,112743.78,112759.99,112563.22,112615.34,50.76408
2025-08-02 23:15:00+00:00,112615.34,112717.29,112524.95,112576.01,86.12714
2025-08-02 23:20:00+00:00,112576.02,112579.74,112306.9,112478.9,257.38255000000004
2025-08-02 23:25:00+00:00,112478.9,112478.9,112308.85,112308.86,39.96129
2025-08-02 23:30:00+00:00,112308.86,112398.29,112280.86,112398.29,52.235479999999995
2025-08-02 23:35:00+00:00,112398.28,112649.85,112360.62,112649.85,87.74946
2025-08-02 23:40:00+00:00,112649.84,112766.04,112613.27,112706.38,42.07973
2025-08-02 23:45:00+00:00,112706.39,112765.75,112670.12,112683.98,17.48422
2025-08-02 23:50:00+00:00,112683.99,112710.76,112578.42,112578.42,35.96129
2025-08-02 23:55:00+00:00,112578.42,112578.43,112511.57,112546.35,12.0561
2025-08-03 00:00:00+00:00,112546.35,112722.63,112507.1,112640.4,54.93133
2025-08-03 00:05:00+00:00,112640.4,112655.35,112575.3,112655.01,14.7368
2025-08-03 00:10:00+00:00,112655.02,112680.0,112566.83,112659.79,36.942319999999995
2025-08-03 00:15:00+00:00,112659.79,112789.93,112645.65,112768.15,30.241120000000002
2025-08-03 00:20:00+00:00,112768.14,112768.14,112361.74,112361.77,59.8515
2025-08-03 00:25:00+00:00,112361.77,112455.53,112293.05,112371.8,48.00341
2025-08-03 00:30:00+00:00,112371.79,112371.8,112240.0,112250.01,39.8721
2025-08-03 00:35:00+00:00,112250.0,112441.38,111920.0,112337.99,325.47464
2025-08-03 00:40:00+00:00,112338.0,112702.57,112191.61,112634.7,90.70723000000001
2025-08-03 00:45:00+00:00,112634.7,112763.22,112604.36,112763.22,37.24047
2025-08-03 00:50:00+00:00,112763.21,112928.0,112736.03,112927.99,37.65852
2025-08-03 00:55:00+00:00,112928.0,112992.27,112862.96,112956.04,45.87621
2025-08-03 01:00:00+00:00,112956.04,113035.47,112841.46,112892.0,69.41114999999999
2025-08-03 01:05:00+00:00,112891.99,113145.13,112891.99,112982.44,48.67894
2025-08-03 01:10:00+00:00,112982.44,113097.21,112982.44,113020.01,32.52735
2025-08-03 01:15:00+00:00,113020.0,113020.0,112930.0,112947.99,20.93823
2025-08-03 01:20:00+00:00,112948.0,113107.33,112946.6,113070.01,28.6896
2025-08-03 01:25:00+00:00,113070.0,113208.98,113070.0,113201.01,39.21597
2025-08-03 01:30:00+00:00,113201.01,113269.92,113140.0,113178.11,59.23502
2025-08-03 01:35:00+00:00,113178.11,113209.0,113147.3,113171.76,23.82065
2025-08-03 01:40:00+00:00,113171.76,113244.06,113171.75,113200.77,36.11357
2025-08-03 01:45:00+00:00,113200.77,113200.77,112980.28,112980.29,69.62913
2025-08-03 01:50:00+00:00,112980.28,113079.03,112980.28,113040.01,26.15966
2025-08-03 01:55:00+00:00,113040.02,113176.87,113040.01,113107.99,27.085169999999998
2025-08-03 02:00:00+00:00,113107.99,113369.2,113100.0,113346.42,64.2096
2025-08-03 02:05:00+00:00,113346.42,113386.63,113271.85,113311.97,46.25774
2025-08-03 02:10:00+00:00,113311.98,113400.0,113311.97,113399.99,49.94793
2025-08-03 02:15:00+00:00,113399.98,113399.99,113320.55,113320.55,31.527
2025-08-03 02:20:00+00:00,113320.55,113386.22,113282.45,113348.35,39.507310000000004
2025-08-03 02:25:00+00:00,113348.35,113425.01,113331.09,113357.09,109.34421
2025-08-03 02:30:00+00:00,113357.09,113405.16,113357.09,113405.15,18.34586
2025-08-03 02:35:00+00:00,113405.16,113441.0,113405.15,113424.64,18.71695
2025-08-03 02:40:00+00:00,113424.64,113427.81,113401.86,113427.8,15.310839999999999
2025-08-03 02:45:00+00:00,113427.81,113427.81,113410.0,113415.07,12.76832
2025-08-03 02:50:00+00:00,113415.08,113435.58,113350.0,113435.58,28.855339999999998
2025-08-03 02:55:00+00:00,113435.58,113517.58,113435.57,113517.58,15.64659
2025-08-03 03:00:00+00:00,113517.58,113539.96,113460.0,113496.98,45.86373
2025-08-03 03:05:00+00:00,113496.99,113511.34,113458.83,113479.18,18.548280000000002
2025-08-03 03:10:00+00:00,113479.18,113479.18,113444.74,113466.0,5.31316
2025-08-03 03:15:00+00:00,113465.99,113487.64,113419.45,113472.11,33.195840000000004
2025-08-03 03:20:00+00:00,113472.11,113556.2,113463.49,113556.19,34.64675
2025-08-03 03:25:00+00:00,113556.2,113556.2,113468.95,113517.57,20.307560000000002
2025-08-03 03:30:00+00:00,113517.58,113627.79,113517.57,113570.54,65.83489
2025-08-03 03:35:00+00:00,113570.54,113630.62,113538.0,113630.61,36.16081
2025-08-03 03:40:00+00:00,113630.62,113725.0,113600.0,113714.42,31.46873
2025-08-03 03:45:00+00:00,113714.41,113735.91,113700.0,113735.91,21.37207
2025-08-03 03:50:00+00:00,113735.9,113740.69,113712.69,113712.82,25.51359
2025-08-03 03:55:00+00:00,113712.82,113712.83,113604.2,113604.2,14.840910000000001
2025-08-03 04:00:00+00:00,113604.2,113604.2,113469.43,113478.0,22.11825
2025-08-03 04:05:00+00:00,113478.0,113549.0,113454.44,113537.65,18.04519
2025-08-03 04:10:00+00:00,113537.65,113537.65,113407.91,113407.92,20.34994
2025-08-03 04:15:00+00:00,113407.92,113530.25,113407.91,113520.86,42.032939999999996
2025-08-03 04:20:00+00:00,113520.85,113527.99,113469.43,113507.83,8.94033
2025-08-03 04:25:00+00:00,113507.82,113528.14,113457.33,113528.14,8.396560000000001
2025-08-03 04:30:00+00:00,113528.13,113528.14,113341.06,113358.03,61.88132
2025-08-03 04:35:00+00:00,113358.03,113358.03,113341.1,113353.99,7.728680000000001
2025-08-03 04:40:00+00:00,113353.99,113402.47,113353.98,113388.0,14.6647
2025-08-03 04:45:00+00:00,113388.0,113397.77,113345.25,113366.85,8.77267
2025-08-03 04:50:00+00:00,113366.86,113426.06,113363.87,113418.29,13.47853
2025-08-03 04:55:00+00:00,113418.29,113474.4,113418.28,113468.41,11.21268
2025-08-03 05:00:00+00:00,113468.41,113468.41,113408.22,113466.69,16.70832
2025-08-03 05:05:00+00:00,113466.69,113501.66,113466.68,113482.61,31.3331
2025-08-03 05:10:00+00:00,113482.61,113507.99,113482.61,113495.0,8.017109999999999
2025-08-03 05:15:00+00:00,113495.01,113501.67,113486.42,113501.66,14.81516
2025-08-03 05:20:00+00:00,113501.67,113550.92,113501.66,113550.91,12.25619
2025-08-03 05:25:00+00:00,113550.91,113599.49,113550.91,113595.31,13.44238
2025-08-03 05:30:00+00:00,113595.31,113650.27,113572.57,113650.27,16.03405
2025-08-03 05:35:00+00:00,113650.28,113659.0,113570.0,113570.0,40.61141
2025-08-03 05:40:00+00:00,113570.0,113570.0,113533.25,113546.16,16.709960000000002
2025-08-03 05:45:00+00:00,113546.16,113546.17,113486.84,113495.55,9.985520000000001
2025-08-03 05:50:00+00:00,113495.54,113612.0,113495.54,113555.53,13.21732
2025-08-03 05:55:00+00:00,113555.52,113623.81,113555.52,113618.52,10.664909999999999
2025-08-03 06:00:00+00:00,113618.52,113636.5,113586.95,113586.96,22.275129999999997
2025-08-03 06:05:00+00:00,113586.95,113586.96,113531.14,113531.15,16.747030000000002
2025-08-03 06:10:00+00:00,113531.15,113555.19,113525.88,113525.89,15.64829
2025-08-03 06:15:00+00:00,113525.89,113559.52,113505.39,113559.52,6.29133
2025-08-03 06:20:00+00:00,113559.52,113587.77,113559.51,113587.77,10.87164
2025-08-03 06:25:00+00:00,113587.76,113587.77,113541.96,113541.97,11.85427
2025-08-03 06:30:00+00:00,113541.97,113586.3,113541.96,113561.91,8.585989999999999
2025-08-03 06:35:00+00:00,113561.92,113561.92,113480.27,113499.5,7.743220000000001
2025-08-03 06:40:00+00:00,113499.5,113499.51,113472.54,113477.99,15.27084
2025-08-03 06:45:00+00:00,113477.99,113554.38,113477.99,113500.01,19.04497
2025-08-03 06:50:00+00:00,113500.01,113534.9,113500.0,113522.57,8.93726
2025-08-03 06:55:00+00:00,113522.57,113559.34,113522.56,113559.34,4.27015
2025-08-03 07:00:00+00:00,113559.34,113682.38,113559.34,113682.37,19.50977
2025-08-03 07:05:00+00:00,113682.37,113682.37,113618.91,113629.22,13.87822
2025-08-03 07:10:00+00:00,113629.22,113675.42,113629.21,113675.41,12.13757
2025-08-03 07:15:00+00:00,113675.41,113693.71,113629.37,113629.47,13.41295
2025-08-03 07:20:00+00:00,113629.46,113646.01,113629.46,113646.0,9.874939999999999
2025-08-03 07:25:00+00:00,113646.01,113712.88,113646.0,113712.87,13.10833
2025-08-03 07:30:00+00:00,113712.87,113720.16,113680.0,113680.0,10.862129999999999
2025-08-03 07:35:00+00:00,113680.01,113719.03,113666.75,113680.86,12.131879999999999
2025-08-03 07:40:00+00:00,113680.86,113700.01,113666.76,113700.0,9.46743
2025-08-03 07:45:00+00:00,113700.01,113700.01,113663.31,113670.77,11.550089999999999
2025-08-03 07:50:00+00:00,113670.77,113700.01,113670.76,113695.26,10.0242
2025-08-03 07:55:00+00:00,113695.27,113700.0,113669.25,113700.0,39.36212
2025-08-03 08:00:00+00:00,113700.0,113734.6,113699.99,113734.59,28.93703
2025-08-03 08:05:00+00:00,113734.6,113773.09,113734.59,113773.09,28.03662
2025-08-03 08:10:00+00:00,113773.09,113780.0,113773.08,113779.99,17.93094
2025-08-03 08:15:00+00:00,113780.0,113790.0,113779.99,113789.99,15.67386
2025-08-03 08:20:00+00:00,113790.0,113790.0,113720.97,113720.98,20.13248
2025-08-03 08:25:00+00:00,113720.97,113720.98,113680.62,113680.62,20.6017
2025-08-03 08:30:00+00:00,113680.63,113680.63,113619.79,113643.99,46.84548
2025-08-03 08:35:00+00:00,113644.0,113644.0,113581.4,113600.91,14.79381
2025-08-03 08:40:00+00:00,113600.91,113603.0,113594.58,113600.0,23.40344
2025-08-03 08:45:00+00:00,113600.0,113601.42,113551.0,113593.12,21.95385
2025-08-03 08:50:00+00:00,113593.12,113659.32,113593.11,113650.0,15.47637
2025-08-03 08:55:00+00:00,113650.01,113697.02,113621.5,113692.0,28.59916
2025-08-03 09:00:00+00:00,113692.01,113710.51,113670.46,113685.01,33.19461
2025-08-03 09:05:00+00:00,113685.01,113691.8,113641.67,113641.68,16.29022
2025-08-03 09:10:00+00:00,113641.68,113691.8,113630.3,113674.01,25.03757
2025-08-03 09:15:00+00:00,113674.01,113687.71,113630.62,113638.0,17.61228
2025-08-03 09:20:00+00:00,113638.0,113680.0,113630.62,113679.99,28.14718
2025-08-03 09:25:00+00:00,113679.99,113691.75,113631.46,113659.99,15.94076
2025-08-03 09:30:00+00:00,113659.98,113692.47,113659.98,113670.01,18.89543
2025-08-03 09:35:00+00:00,113670.0,113685.97,113634.52,113662.94,43.2714
2025-08-03 09:40:00+00:00,113662.93,113682.88,113662.93,113662.94,8.48695
2025-08-03 09:45:00+00:00,113662.94,113689.29,113662.94,113687.04,4.47881
2025-08-03 09:50:00+00:00,113687.04,113687.04,113648.23,113648.24,10.02181
2025-08-03 09:55:00+00:00,113648.23,113685.0,113648.23,113654.95,12.72243
2025-08-03 10:00:00+00:00,113654.95,113700.0,113654.94,113700.0,10.431750000000001
2025-08-03 10:05:00+00:00,113699.99,113700.0,113699.99,113699.99,9.33182
2025-08-03 10:10:00+00:00,113700.0,113771.47,113699.99,113771.47,12.24421
2025-08-03 10:15:00+00:00,113771.46,113780.0,113753.65,113768.0,12.23554
2025-08-03 10:20:00+00:00,113767.99,113770.92,113748.07,113752.01,11.921759999999999
2025-08-03 10:25:00+00:00,113752.01,113767.03,113752.0,113764.34,8.42513
2025-08-03 10:30:00+00:00,113764.33,113829.53,113720.01,113829.53,34.63778
2025-08-03 10:35:00+00:00,113829.53,113829.53,113799.42,113827.05,16.62741
2025-08-03 10:40:00+00:00,113827.04,113827.05,113810.54,113810.55,14.61028
2025-08-03 10:45:00+00:00,113810.54,113894.57,113806.0,113894.57,24.77448
2025-08-03 10:50:00+00:00,113894.56,113895.0,113858.8,113870.63,14.16022
2025-08-03 10:55:00+00:00,113870.64,113900.0,113870.63,113899.99,12.20778
2025-08-03 11:00:00+00:00,113899.99,113972.46,113899.99,113972.45,28.213810000000002
2025-08-03 11:05:00+00:00,113972.46,114042.31,113972.45,114042.0,62.782849999999996
2025-08-03 11:10:00+00:00,114042.0,114260.31,114042.0,114231.95,153.10635
2025-08-03 11:15:00+00:00,114231.95,114231.95,114076.22,114137.47,68.32255
2025-08-03 11:20:00+00:00,114137.47,114177.05,114085.61,114097.01,30.330280000000002
2025-08-03 11:25:00+00:00,114097.01,114097.02,113996.49,114004.23,68.43902
2025-08-03 11:30:00+00:00,114004.24,114005.84,113920.88,113980.19,34.24431
2025-08-03 11:35:00+00:00,113980.19,113980.2,113902.52,113932.17,17.80773
2025-08-03 11:40:00+00:00,113932.17,113956.13,113900.49,113946.62,16.30988
2025-08-03 11:45:00+00:00,113946.62,114051.74,113946.61,114020.36,31.408379999999998
2025-08-03 11:50:00+00:00,114020.35,114020.36,113990.43,114000.01,17.021790000000003
2025-08-03 11:55:00+00:00,114000.01,114000.01,113861.18,113862.18,34.12947
2025-08-03 12:00:00+00:00,113862.19,113883.75,113798.16,113846.18,73.51641000000001
2025-08-03 12:05:00+00:00,113846.18,113856.0,113792.63,113792.64,11.65109
2025-08-03 12:10:00+00:00,113792.64,113792.64,113684.86,113742.75,32.238929999999996
2025-08-03 12:15:00+00:00,113742.75,113766.91,113656.4,113688.14,13.994430000000001
2025-08-03 12:20:00+00:00,113688.15,113771.99,113688.15,113746.0,34.5874
2025-08-03 12:25:00+00:00,113746.01,113800.0,113746.0,113788.0,17.26826
2025-08-03 12:30:00+00:00,113788.0,113859.82,113765.86,113812.84,24.90843
2025-08-03 12:35:00+00:00,113812.84,113880.0,113812.83,113836.93,30.0837
2025-08-03 12:40:00+00:00,113836.93,114000.0,113836.92,113999.99,27.063270000000003
2025-08-03 12:45:00+00:00,113999.99,114071.73,113966.5,114033.36,30.94195
2025-08-03 12:50:00+00:00,114033.36,114098.45,114033.35,114098.45,12.5154
2025-08-03 12:55:00+00:00,114098.45,114098.45,114000.0,114009.99,28.57561
2025-08-03 13:00:00+00:00,114010.0,114050.45,113931.51,114050.45,59.21689
2025-08-03 13:05:00+00:00,114050.45,114095.35,114017.09,114041.89,32.692989999999995
2025-08-03 13:10:00+00:00,114041.84,114075.14,114000.0,114071.49,22.49633
2025-08-03 13:15:00+00:00,114071.5,114075.0,113887.02,113887.02,23.27837
2025-08-03 13:20:00+00:00,113887.02,113900.0,113803.0,113822.44,17.91976
2025-08-03 13:25:00+00:00,113822.44,113873.72,113803.09,113846.06,25.90401
2025-08-03 13:30:00+00:00,113846.05,113960.0,113846.05,113960.0,6.90438
2025-08-03 13:35:00+00:00,113960.0,113985.42,113933.21,113985.42,10.61375
2025-08-03 13:40:00+00:00,113985.41,113985.42,113894.2,113894.21,18.110870000000002
2025-08-03 13:45:00+00:00,113894.21,113943.44,113811.17,113811.18,14.200569999999999
2025-08-03 13:50:00+00:00,113811.17,113921.37,113811.17,113921.36,17.04418
2025-08-03 13:55:00+00:00,113921.37,113939.0,113921.36,113939.0,9.157160000000001
2025-08-03 14:00:00+00:00,113939.0,114011.0,113938.99,113991.39,25.52619
2025-08-03 14:05:00+00:00,113991.4,114065.54,113991.39,114025.03,18.75049
2025-08-03 14:10:00+00:00,114025.03,114025.03,113758.03,113828.65,33.24157
2025-08-03 14:15:00+00:00,113828.65,113874.55,113700.0,113794.09,52.75047
2025-08-03 14:20:00+00:00,113794.08,113794.09,113679.72,113719.99,36.63423
2025-08-03 14:25:00+00:00,113720.0,113736.28,113579.69,113642.0,31.57314
2025-08-03 14:30:00+00:00,113641.99,113736.95,113613.99,113700.0,23.358060000000002
2025-08-03 14:35:00+00:00,113699.99,113771.87,113684.89,113769.57,40.05463
2025-08-03 14:40:00+00:00,113769.56,113852.6,113731.29,113818.87,23.954190000000004
2025-08-03 14:45:00+00:00,113818.86,113818.87,113720.0,113778.65,14.542539999999999
2025-08-03 14:50:00+00:00,113778.65,113830.45,113746.49,113794.0,10.121559999999999
2025-08-03 14:55:00+00:00,113794.0,113814.29,113780.0,113792.28,9.65969
2025-08-03 15:00:00+00:00,113792.29,113792.29,113680.0,113760.0,13.58601
2025-08-03 15:05:00+00:00,113760.0,113760.0,113695.89,113721.74,16.83734
2025-08-03 15:10:00+00:00,113721.74,113767.96,113704.05,113767.96,14.03855
2025-08-03 15:15:00+00:00,113767.95,113873.72,113767.95,113820.02,15.00857
2025-08-03 15:20:00+00:00,113820.02,113848.21,113759.12,113759.13,13.7604
2025-08-03 15:25:00+00:00,113759.12,113851.91,113759.12,113844.7,6.74711
2025-08-03 15:30:00+00:00,113844.7,113867.23,113674.05,113704.06,29.17784
2025-08-03 15:35:00+00:00,113704.05,113868.0,113704.05,113868.0,53.0785
2025-08-03 15:40:00+00:00,113868.0,113958.76,113846.0,113934.03,20.4192
2025-08-03 15:45:00+00:00,113934.03,113966.0,113891.02,113935.59,17.1532
2025-08-03 15:50:00+00:00,113935.59,113935.59,113891.02,113920.86,7.42782
2025-08-03 15:55:00+00:00,113920.86,113964.35,113920.85,113959.06,9.28142
2025-08-03 16:00:00+00:00,113959.06,113959.06,113905.5,113905.51,35.04635
2025-08-03 16:05:00+00:00,113905.5,113905.51,113837.54,113837.54,9.44145
2025-08-03 16:10:00+00:00,113837.55,113876.25,113775.55,113783.17,41.09326
2025-08-03 16:15:00+00:00,113783.16,113834.97,113775.61,113834.97,40.77413
2025-08-03 16:20:00+00:00,113834.96,113845.0,113810.03,113845.0,14.31007
2025-08-03 16:25:00+00:00,113844.99,113880.71,113844.99,113877.4,14.591280000000001
2025-08-03 16:30:00+00:00,113877.4,113945.83,113877.39,113926.0,9.72979
2025-08-03 16:35:00+00:00,113926.0,113978.44,113925.99,113978.44,19.72191
2025-08-03 16:40:00+00:00,113978.43,113978.44,113946.6,113964.36,11.21113
2025-08-03 16:45:00+00:00,113964.36,113989.85,113964.36,113989.84,10.03616
2025-08-03 16:50:00+00:00,113989.85,114026.82,113912.0,113919.19,31.76459
2025-08-03 16:55:00+00:00,113919.19,113995.16,113919.19,113995.16,8.94067
2025-08-03 17:00:00+00:00,113995.15,114026.12,113990.0,114023.79,16.75389
2025-08-03 17:05:00+00:00,114023.78,114083.23,114023.78,114083.23,13.01267
2025-08-03 17:10:00+00:00,114083.23,114165.09,114083.22,114128.27,55.823930000000004
2025-08-03 17:15:00+00:00,114128.27,114154.0,114029.74,114048.0,17.89744
2025-08-03 17:20:00+00:00,114047.99,114060.0,114007.62,114023.31,11.70459
2025-08-03 17:25:00+00:00,114023.32,114065.0,114020.09,114020.09,8.46842
2025-08-03 17:30:00+00:00,114020.1,114106.7,114020.09,114077.01,7.85848
2025-08-03 17:35:00+00:00,114077.01,114104.93,114043.13,114080.01,10.120750000000001
2025-08-03 17:40:00+00:00,114080.0,114080.01,113953.97,113955.69,19.28733
2025-08-03 17:45:00+00:00,113955.7,114030.03,113955.69,114006.0,20.34982
2025-08-03 17:50:00+00:00,114005.99,114080.0,114005.99,114060.01,10.21555
2025-08-03 17:55:00+00:00,114060.01,114117.42,114060.0,114117.42,7.46354
2025-08-03 18:00:00+00:00,114117.42,114117.42,114100.0,114106.0,6.107100000000001
2025-08-03 18:05:00+00:00,114106.0,114118.74,114060.36,114114.29,22.4216
2025-08-03 18:10:00+00:00,114114.3,114119.99,114107.34,114119.99,4.34802
2025-08-03 18:15:00+00:00,114119.98,114124.35,114077.0,114113.01,13.87815
2025-08-03 18:20:00+00:00,114113.02,114150.0,114113.01,114150.0,12.15861
2025-08-03 18:25:00+00:00,114150.0,114460.15,114149.99,114302.3,169.23554
2025-08-03 18:30:00+00:00,114302.3,114358.14,114180.91,114180.91,23.191429999999997
2025-08-03 18:35:00+00:00,114180.92,114198.72,114127.23,114198.72,12.00735
2025-08-03 18:40:00+00:00,114198.71,114371.02,114198.71,114339.43,16.595579999999998
2025-08-03 18:45:00+00:00,114339.44,114429.3,114339.43,114384.61,49.04333
2025-08-03 18:50:00+00:00,114384.6,114409.31,114331.26,114354.57,19.45813
2025-08-03 18:55:00+00:00,114354.57,114380.41,114316.3,114380.4,13.20374
2025-08-03 19:00:00+00:00,114380.41,114485.17,114340.0,114359.99,30.961979999999997
2025-08-03 19:05:00+00:00,114360.0,114371.55,114294.34,114350.0,16.87914
2025-08-03 19:10:00+00:00,114349.99,114396.74,114349.99,114392.01,11.86589
2025-08-03 19:15:00+00:00,114392.02,114424.21,114392.01,114422.97,12.78059
2025-08-03 19:20:00+00:00,114422.97,114635.0,114422.96,114593.0,70.03601
2025-08-03 19:25:00+00:00,114593.0,114593.0,114506.15,114522.0,27.71148
2025-08-03 19:30:00+00:00,114522.01,114626.61,114522.0,114622.91,45.275200000000005
2025-08-03 19:35:00+00:00,114622.91,114799.97,114622.91,114664.52,98.8005
2025-08-03 19:40:00+00:00,114664.53,114664.53,114412.66,114412.66,65.30105
2025-08-03 19:45:00+00:00,114412.67,114480.0,114384.48,114410.67,22.98096
2025-08-03 19:50:00+00:00,114410.68,114410.68,114286.29,114316.91,27.250700000000002
2025-08-03 19:55:00+00:00,114316.91,114334.77,114259.95,114313.19,17.855809999999998
2025-08-03 20:00:00+00:00,114313.19,114313.19,114206.87,114207.21,22.04442
2025-08-03 20:05:00+00:00,114207.21,114260.0,114182.5,114239.16,27.397660000000002
2025-08-03 20:10:00+00:00,114239.16,114242.81,114190.0,114242.81,30.72225
2025-08-03 20:15:00+00:00,114242.81,114246.3,114163.49,114180.01,13.52939
2025-08-03 20:20:00+00:00,114180.01,114208.3,114180.0,114208.29,10.35018
2025-08-03 20:25:00+00:00,114208.3,114226.05,114202.45,114202.46,14.629790000000002
2025-08-03 20:30:00+00:00,114202.45,114260.24,114172.8,114260.24,7.79683
2025-08-03 20:35:00+00:00,114260.24,114288.25,114235.27,114288.25,4.61217
2025-08-03 20:40:00+00:00,114288.24,114410.69,114288.24,114403.74,40.54159
2025-08-03 20:45:00+00:00,114403.73,114442.11,114403.73,114442.11,10.63003
2025-08-03 20:50:00+00:00,114442.11,114442.11,114375.36,114375.36,10.22888
2025-08-03 20:55:00+00:00,114375.37,114467.0,114375.36,114423.77,8.3364
2025-08-03 21:00:00+00:00,114423.77,114423.77,114407.34,114407.34,11.48587
2025-08-03 21:05:00+00:00,114407.35,114436.52,114383.67,114436.51,14.46805
2025-08-03 21:10:00+00:00,114436.51,114519.48,114436.51,114519.47,18.326430000000002
2025-08-03 21:15:00+00:00,114519.48,114521.68,114442.52,114455.99,21.24864
2025-08-03 21:20:00+00:00,114456.0,114520.2,114456.0,114520.19,10.03355
2025-08-03 21:25:00+00:00,114520.19,114520.2,114467.9,114482.45,32.527010000000004
2025-08-03 21:30:00+00:00,114482.45,114506.5,114425.36,114459.99,34.85391
2025-08-03 21:35:00+00:00,114459.99,114460.0,114387.42,114419.52,22.28425
2025-08-03 21:40:00+00:00,114419.51,114448.33,114363.46,114363.47,23.488709999999998
2025-08-03 21:45:00+00:00,114363.46,114396.04,114363.46,114370.65,9.87248
2025-08-03 21:50:00+00:00,114370.66,114462.5,114370.18,114462.49,10.33327
2025-08-03 21:55:00+00:00,114462.5,114485.54,114435.46,114435.47,14.52641
2025-08-03 22:00:00+00:00,114435.46,114612.24,114312.5,114364.95,50.527069999999995
2025-08-03 22:05:00+00:00,114364.95,114364.95,114212.53,114226.19,38.661390000000004
2025-08-03 22:10:00+00:00,114226.19,114300.0,114226.19,114228.23,14.23298
2025-08-03 22:15:00+00:00,114228.23,114245.69,114114.29,114184.0,31.90813
2025-08-03 22:20:00+00:00,114184.01,114191.99,114086.14,114095.93,18.56614
2025-08-03 22:25:00+00:00,114095.92,114120.11,114066.56,114113.99,11.648219999999998
2025-08-03 22:30:00+00:00,114113.99,114239.56,114113.99,114239.56,15.503219999999999
2025-08-03 22:35:00+00:00,114239.56,114263.19,114201.17,114217.45,7.00873
2025-08-03 22:40:00+00:00,114217.44,114263.48,114193.04,114263.47,11.15356
2025-08-03 22:45:00+00:00,114263.48,114337.01,114245.65,114337.01,10.338989999999999
2025-08-03 22:50:00+00:00,114337.0,114369.55,114300.77,114369.55,11.06049
2025-08-03 22:55:00+00:00,114369.54,114369.54,114300.83,114324.83,17.20435
2025-08-03 23:00:00+00:00,114324.84,114380.0,114268.38,114376.64,33.85083
2025-08-03 23:05:00+00:00,114376.65,114390.97,114306.52,114389.99,21.15709
2025-08-03 23:10:00+00:00,114389.99,114400.0,114359.25,114393.46,17.356740000000002
2025-08-03 23:15:00+00:00,114393.47,114500.0,114375.36,114497.36,26.08279
2025-08-03 23:20:00+00:00,114497.36,114497.37,114360.0,114387.84,19.90634
2025-08-03 23:25:00+00:00,114387.84,114387.84,114270.71,114270.72,19.03655
2025-08-03 23:30:00+00:00,114270.72,114298.6,114229.15,114244.0,17.99023
2025-08-03 23:35:00+00:00,114244.93,114251.43,114222.0,114225.02,7.78682
2025-08-03 23:40:00+00:00,114225.01,114240.99,114213.91,114238.0,11.39665
2025-08-03 23:45:00+00:00,114238.0,114238.0,114176.25,114180.31,20.17824
2025-08-03 23:50:00+00:00,114180.31,114191.87,114176.0,114176.0,10.04168
2025-08-03 23:55:00+00:00,114176.0,114218.71,114176.0,114208.8,13.333269999999999
2025-08-04 00:00:00+00:00,114208.81,114331.7,114208.8,114228.15,55.796220000000005
2025-08-04 00:05:00+00:00,114228.15,114228.15,114122.64,114136.0,76.21831
2025-08-04 00:10:00+00:00,114135.99,114183.93,114107.6,114158.99,26.91726
2025-08-04 00:15:00+00:00,114159.0,114160.0,114112.09,114160.0,37.65251
2025-08-04 00:20:00+00:00,114159.99,114342.63,114131.95,114302.81,36.96573
2025-08-04 00:25:00+00:00,114302.8,114400.0,114250.25,114350.47,46.188230000000004
2025-08-04 00:30:00+00:00,114350.47,114404.23,114292.52,114329.57,27.5398
2025-08-04 00:35:00+00:00,114329.58,114440.0,114329.58,114430.11,18.80649
2025-08-04 00:40:00+00:00,114430.11,114590.91,114430.11,114590.91,24.74966
2025-08-04 00:45:00+00:00,114590.91,114865.22,114590.9,114804.62,75.0511
2025-08-04 00:50:00+00:00,114804.62,114888.0,114781.5,114876.0,38.180260000000004
2025-08-04 00:55:00+00:00,114876.0,114914.29,114836.05,114899.87,44.25168
2025-08-04 01:00:00+00:00,114899.86,115000.0,114748.44,114788.86,73.42705000000001
2025-08-04 01:05:00+00:00,114788.87,114853.0,114662.0,114662.0,55.545100000000005
2025-08-04 01:10:00+00:00,114662.01,114814.18,114660.0,114757.01,43.22671
2025-08-04 01:15:00+00:00,114757.0,114757.01,114626.2,114663.16,27.94423
2025-08-04 01:20:00+00:00,114663.16,114688.0,114620.14,114688.0,42.32887
2025-08-04 01:25:00+00:00,114687.99,114921.0,114687.99,114825.26,37.2238
2025-08-04 01:30:00+00:00,114825.27,114934.79,114825.27,114860.2,38.63527
2025-08-04 01:35:00+00:00,114860.2,114903.21,114769.92,114816.01,28.89107
2025-08-04 01:40:00+00:00,114816.01,114816.01,114713.43,114728.26,17.22581
2025-08-04 01:45:00+00:00,114728.26,114785.61,114646.68,114691.69,24.25427
2025-08-04 01:50:00+00:00,114691.69,114746.88,114672.38,114708.08,19.51333
2025-08-04 01:55:00+00:00,114708.08,114708.08,114644.88,114671.96,15.2269
2025-08-04 02:00:00+00:00,114671.96,114732.54,114621.4,114621.4,26.380679999999998
2025-08-04 02:05:00+00:00,114621.41,114640.0,114418.68,114434.65,54.47191
2025-08-04 02:10:00+00:00,114434.66,114509.7,114434.66,114461.92,41.94269
2025-08-04 02:15:00+00:00,114461.92,114567.83,114453.47,114513.65,36.16457
2025-08-04 02:20:00+00:00,114513.64,114710.03,114495.8,114710.03,25.58619
2025-08-04 02:25:00+00:00,114710.02,114745.02,114710.02,114712.32,27.43728
2025-08-04 02:30:00+00:00,114712.32,114877.98,114712.32,114814.18,28.13886
2025-08-04 02:35:00+00:00,114814.17,114814.18,114632.41,114638.0,18.06765
2025-08-04 02:40:00+00:00,114638.01,114638.01,114575.96,114583.99,18.82877
2025-08-04 02:45:00+00:00,114584.0,114701.93,114569.04,114696.0,20.97745
2025-08-04 02:50:00+00:00,114695.99,114797.9,114684.06,114759.4,20.504
2025-08-04 02:55:00+00:00,114759.4,114797.9,114723.66,114797.9,32.72542
2025-08-04 03:00:00+00:00,114797.9,114799.0,114737.37,114791.2,18.641189999999998
2025-08-04 03:05:00+00:00,114791.21,114791.21,114700.0,114700.0,30.45355
2025-08-04 03:10:00+00:00,114700.01,114735.15,114700.0,114713.71,18.695410000000003
2025-08-04 03:15:00+00:00,114713.7,114713.71,114685.92,114706.72,43.84022
2025-08-04 03:20:00+00:00,114706.71,114762.85,114706.71,114714.28,23.15356
2025-08-04 03:25:00+00:00,114714.29,114714.29,114681.48,114691.74,19.441599999999998
2025-08-04 03:30:00+00:00,114691.74,114691.74,114597.76,114597.76,13.82774
2025-08-04 03:35:00+00:00,114597.76,114597.77,114527.73,114592.27,18.07642
2025-08-04 03:40:00+00:00,114592.27,114654.42,114592.26,114654.42,7.00926
2025-08-04 03:45:00+00:00,114654.41,114654.42,114627.79,114631.79,21.87794
2025-08-04 03:50:00+00:00,114631.8,114659.92,114571.48,114571.48,11.74569
2025-08-04 03:55:00+00:00,114571.49,114594.2,114570.6,114570.61,15.25815
2025-08-04 04:00:00+00:00,114570.61,114653.51,114570.61,114644.01,10.25023
2025-08-04 04:05:00+00:00,114644.0,114645.96,114605.15,114605.16,9.31498
2025-08-04 04:10:00+00:00,114605.16,114640.0,114586.74,114619.99,28.84534
2025-08-04 04:15:00+00:00,114620.0,114620.0,114543.14,114557.39,14.77262
2025-08-04 04:20:00+00:00,114557.39,114557.39,114500.02,114545.0,21.89243
2025-08-04 04:25:00+00:00,114545.0,114608.09,114544.99,114598.18,7.17318
2025-08-04 04:30:00+00:00,114598.18,114598.19,114519.67,114557.29,15.88565
2025-08-04 04:35:00+00:00,114557.28,114557.29,114434.74,114434.74,29.03577
2025-08-04 04:40:00+00:00,114434.74,114434.75,114388.88,114388.88,36.09059
2025-08-04 04:45:00+00:00,114388.88,114434.75,114369.72,114400.66,25.62852
2025-08-04 04:50:00+00:00,114400.66,114434.75,114347.47,114348.35,50.89017
2025-08-04 04:55:00+00:00,114348.35,114383.55,114345.74,114383.55,19.606749999999998
2025-08-04 05:00:00+00:00,114383.54,114410.57,114321.88,114330.0,17.37787
2025-08-04 05:05:00+00:00,114329.99,114330.0,114296.01,114308.27,20.95124
2025-08-04 05:10:00+00:00,114308.27,114337.01,114290.0,114337.01,11.75024
2025-08-04 05:15:00+00:00,114337.0,114337.0,114240.88,114250.0,24.13505
2025-08-04 05:20:00+00:00,114249.99,114315.11,114244.01,114288.5,28.46691
2025-08-04 05:25:00+00:00,114288.51,114296.29,114226.18,114226.19,36.9028
2025-08-04 05:30:00+00:00,114226.18,114298.95,114226.18,114228.53,45.16005
2025-08-04 05:35:00+00:00,114228.53,114299.04,114188.0,114285.5,19.71708
2025-08-04 05:40:00+00:00,114285.51,114285.51,114188.0,114235.83,11.52213
2025-08-04 05:45:00+00:00,114235.84,114265.62,114222.07,114260.54,11.11442
2025-08-04 05:50:00+00:00,114260.54,114343.94,114260.53,114339.75,19.12385
2025-08-04 05:55:00+00:00,114339.75,114418.75,114339.75,114391.26,19.353620000000003
2025-08-04 06:00:00+00:00,114391.26,114442.27,114390.55,114403.41,26.508960000000002
2025-08-04 06:05:00+00:00,114403.4,114427.15,114367.55,114367.55,46.00141
2025-08-04 06:10:00+00:00,114367.56,114378.0,114265.57,114265.57,23.18165
2025-08-04 06:15:00+00:00,114265.58,114265.58,114184.52,114261.5,45.22325
2025-08-04 06:20:00+00:00,114261.5,114318.08,114165.5,114166.64,49.01418
2025-08-04 06:25:00+00:00,114166.64,114265.92,114148.58,114250.25,16.56272
2025-08-04 06:30:00+00:00,114250.25,114250.26,114201.11,114222.57,19.27026
2025-08-04 06:35:00+00:00,114222.56,114263.48,114188.42,114246.98,20.81879
2025-08-04 06:40:00+00:00,114246.98,114447.49,114246.98,114386.94,33.46889
2025-08-04 06:45:00+00:00,114386.94,114386.95,114302.29,114335.65,15.11487
2025-08-04 06:50:00+00:00,114335.65,114482.49,114321.76,114418.12,23.96827
2025-08-04 06:55:00+00:00,114418.13,114428.74,114403.55,114423.76,12.02929
2025-08-04 07:00:00+00:00,114423.77,114474.12,114402.45,114463.99,28.89448
2025-08-04 07:05:00+00:00,114463.99,114481.67,114426.06,114481.66,14.71659
2025-08-04 07:10:00+00:00,114481.67,114546.02,114481.66,114538.56,24.12504
2025-08-04 07:15:00+00:00,114538.56,114543.0,114511.9,114511.9,22.415750000000003
2025-08-04 07:20:00+00:00,114511.9,114535.64,114489.77,114520.0,16.58905
2025-08-04 07:25:00+00:00,114520.0,114526.13,114496.55,114502.0,26.185940000000002
2025-08-04 07:30:00+00:00,114502.0,114558.39,114489.78,114555.92,69.65546
2025-08-04 07:35:00+00:00,114555.93,114680.0,114555.92,114670.0,41.67141
2025-08-04 07:40:00+00:00,114670.0,114679.43,114634.89,114679.43,23.63929
2025-08-04 07:45:00+00:00,114679.43,114778.5,114679.42,114778.5,29.31759
2025-08-04 07:50:00+00:00,114778.5,114778.5,114697.0,114697.01,32.117149999999995
2025-08-04 07:55:00+00:00,114697.0,114716.95,114652.97,114652.97,25.821289999999998
2025-08-04 08:00:00+00:00,114652.98,114742.23,114608.41,114732.01,53.58121
2025-08-04 08:05:00+00:00,114732.0,114732.01,114628.89,114699.41,25.06131
2025-08-04 08:10:00+00:00,114699.4,114699.41,114640.0,114644.78,27.89945
2025-08-04 08:15:00+00:00,114644.78,114735.0,114644.77,114712.82,31.52411
2025-08-04 08:20:00+00:00,114712.81,114750.0,114623.44,114623.44,39.84408
2025-08-04 08:25:00+00:00,114623.44,114623.45,114459.92,114459.93,42.37219
2025-08-04 08:30:00+00:00,114459.92,114489.0,114360.99,114429.99,29.08588
2025-08-04 08:35:00+00:00,114429.99,114571.01,114414.64,114571.0,26.40853
2025-08-04 08:40:00+00:00,114571.0,114618.61,114543.28,114543.31,30.19095
2025-08-04 08:45:00+00:00,114543.35,114592.03,114506.15,114549.68,23.92156
2025-08-04 08:50:00+00:00,114549.67,114562.38,114510.52,114536.01,59.21917
2025-08-04 08:55:00+00:00,114536.0,114557.36,114456.07,114546.25,22.04585
2025-08-04 09:00:00+00:00,114546.25,114608.09,114545.16,114608.08,22.28591
2025-08-04 09:05:00+00:00,114608.09,114626.64,114565.28,114571.7,23.52253
2025-08-04 09:10:00+00:00,114571.7,114635.62,114571.7,114589.83,14.38263
2025-08-04 09:15:00+00:00,114589.84,114589.84,114454.72,114552.25,24.790860000000002
2025-08-04 09:20:00+00:00,114552.25,114732.01,114552.24,114732.0,22.615000000000002
2025-08-04 09:25:00+00:00,114732.01,114744.2,114630.41,114630.41,29.66402
2025-08-04 09:30:00+00:00,114630.42,114698.86,114604.56,114604.61,26.00969
2025-08-04 09:35:00+00:00,114604.61,114632.84,114571.7,114589.03,18.58403
2025-08-04 09:40:00+00:00,114589.03,114590.28,114500.0,114500.0,14.84486
2025-08-04 09:45:00+00:00,114500.01,114500.01,114406.34,114451.81,25.25613
2025-08-04 09:50:00+00:00,114451.81,114475.98,114418.29,114418.3,21.96545
2025-08-04 09:55:00+00:00,114418.3,114418.3,114302.29,114325.92,34.75463
2025-08-04 10:00:00+00:00,114325.92,114380.39,114287.42,114380.39,25.591070000000002
2025-08-04 10:05:00+00:00,114380.39,114417.42,114354.95,114370.51,19.313760000000002
2025-08-04 10:10:00+00:00,114370.51,114448.29,114356.26,114448.29,14.42212
2025-08-04 10:15:00+00:00,114448.29,114464.0,114356.89,114356.9,27.32573
2025-08-04 10:20:00+00:00,114356.89,114475.82,114356.89,114474.29,37.05457
2025-08-04 10:25:00+00:00,114474.29,114506.16,114349.05,114349.05,29.427419999999998
2025-08-04 10:30:00+00:00,114349.05,114411.98,114349.05,114411.98,18.235789999999998
2025-08-04 10:35:00+00:00,114411.98,114448.19,114326.61,114354.17,29.09929
2025-08-04 10:40:00+00:00,114354.16,114391.15,114342.58,114345.0,10.27106
2025-08-04 10:45:00+00:00,114345.0,114347.78,114297.18,114337.0,16.40074
2025-08-04 10:50:00+00:00,114337.0,114375.36,114316.43,114317.01,10.20677
2025-08-04 10:55:00+00:00,114317.01,114317.02,114234.58,114251.83,27.21246
2025-08-04 11:00:00+00:00,114251.83,114291.43,114217.97,114291.43,11.60733
2025-08-04 11:05:00+00:00,114291.43,114367.37,114291.42,114367.37,8.73425
2025-08-04 11:10:00+00:00,114367.37,114367.37,114317.24,114317.24,14.29635
2025-08-04 11:15:00+00:00,114317.24,114317.25,114252.06,114252.07,12.34918
2025-08-04 11:20:00+00:00,114252.07,114323.07,114237.52,114323.07,16.24893
2025-08-04 11:25:00+00:00,114323.07,114367.37,114323.06,114367.37,9.71531
2025-08-04 11:30:00+00:00,114367.37,114400.0,114367.36,114384.56,18.9584
2025-08-04 11:35:00+00:00,114384.56,114404.23,114338.04,114378.59,15.33948
2025-08-04 11:40:00+00:00,114378.6,114433.86,114370.22,114419.49,22.87822
2025-08-04 11:45:00+00:00,114419.49,114421.8,114380.0,114421.8,21.27621
2025-08-04 11:50:00+00:00,114421.8,114446.05,114374.93,114390.53,38.83846
2025-08-04 11:55:00+00:00,114390.53,114517.55,114390.53,114493.09,44.01201
2025-08-04 12:00:00+00:00,114493.09,114526.43,114446.79,114473.96,31.65429
2025-08-04 12:05:00+00:00,114473.96,114535.48,114473.96,114505.56,14.43448
2025-08-04 12:10:00+00:00,114505.55,114535.32,114488.54,114499.55,22.4223
2025-08-04 12:15:00+00:00,114499.55,114510.53,114449.95,114494.99,15.553930000000001
2025-08-04 12:20:00+00:00,114494.98,114494.99,114453.92,114460.0,16.87745
2025-08-04 12:25:00+00:00,114460.0,114460.01,114373.96,114427.0,25.70435
2025-08-04 12:30:00+00:00,114426.99,114427.0,114337.0,114386.01,14.732600000000001
2025-08-04 12:35:00+00:00,114386.0,114401.21,114384.52,114398.97,6.79308
2025-08-04 12:40:00+00:00,114398.96,114447.1,114381.73,114382.77,19.730809999999998
2025-08-04 12:45:00+00:00,114382.77,114382.78,114327.95,114327.95,17.71783
2025-08-04 12:50:00+00:00,114327.96,114398.81,114327.95,114380.39,22.13281
2025-08-04 12:55:00+00:00,114380.38,114450.0,114366.75,114444.36,14.09197
2025-08-04 13:00:00+00:00,114444.36,114500.42,114340.0,114392.13,56.058980000000005
2025-08-04 13:05:00+00:00,114392.13,114392.14,114338.06,114340.55,12.26564
2025-08-04 13:10:00+00:00,114340.56,114447.91,114340.55,114407.38,23.32925
2025-08-04 13:15:00+00:00,114407.39,114457.87,114366.85,114366.86,13.97915
2025-08-04 13:20:00+00:00,114366.85,114366.86,114256.91,114278.59,22.22017
2025-08-04 13:25:00+00:00,114278.58,114278.59,114188.42,114203.23,49.63778
2025-08-04 13:30:00+00:00,114203.23,114269.06,114121.0,114226.19,39.06173
2025-08-04 13:35:00+00:00,114226.18,114600.0,114216.16,114484.33,203.20786999999999
2025-08-04 13:40:00+00:00,114484.34,114800.0,114416.88,114788.1,79.39114000000001
2025-08-04 13:45:00+00:00,114788.1,114900.0,114632.58,114632.58,202.3919
2025-08-04 13:50:00+00:00,114632.58,114722.26,114554.84,114635.3,92.46141999999999
2025-08-04 13:55:00+00:00,114635.3,114913.89,114635.29,114913.88,45.66059
2025-08-04 14:00:00+00:00,114913.89,115338.32,114903.6,115236.47,285.08122
2025-08-04 14:05:00+00:00,115236.47,115466.0,115204.79,115349.01,216.57913
2025-08-04 14:10:00+00:00,115349.01,115349.02,115186.91,115242.24,87.00424
2025-08-04 14:15:00+00:00,115242.23,115400.98,115242.23,115311.67,132.68615
2025-08-04 14:20:00+00:00,115311.68,115409.98,115186.91,115386.08,112.42576
2025-08-04 14:25:00+00:00,115386.07,115419.02,115299.9,115419.0,113.02006
2025-08-04 14:30:00+00:00,115419.0,115465.16,115303.19,115324.65,59.1248
2025-08-04 14:35:00+00:00,115324.65,115351.54,115091.19,115105.98,79.90189000000001
2025-08-04 14:40:00+00:00,115105.99,115157.13,114973.3,115004.33,65.77103
2025-08-04 14:45:00+00:00,115004.32,115156.71,114815.36,115144.01,97.28281000000001
2025-08-04 14:50:00+00:00,115144.0,115160.0,114710.02,114765.9,86.13153
2025-08-04 14:55:00+00:00,114765.9,114779.35,114652.96,114736.78,51.31525
2025-08-04 15:00:00+00:00,114736.78,114887.61,114667.77,114887.61,43.4822
2025-08-04 15:05:00+00:00,114887.6,115022.97,114823.75,115022.97,47.72936
2025-08-04 15:10:00+00:00,115022.97,115022.97,114893.24,114989.64,52.62605
2025-08-04 15:15:00+00:00,114989.65,115020.28,114862.01,114873.57,41.430119999999995
2025-08-04 15:20:00+00:00,114873.58,114900.0,114801.28,114857.52,25.11945
2025-08-04 15:25:00+00:00,114857.52,114885.26,114779.57,114779.58,17.72717
2025-08-04 15:30:00+00:00,114779.58,114913.89,114769.23,114872.22,28.75421
2025-08-04 15:35:00+00:00,114872.24,114872.25,114714.4,114714.41,24.259700000000002
2025-08-04 15:40:00+00:00,114714.4,114731.76,114560.33,114718.28,39.16953
2025-08-04 15:45:00+00:00,114718.28,114732.0,114600.0,114650.01,27.64533
2025-08-04 15:50:00+00:00,114650.01,114872.12,114650.0,114833.38,64.46131
2025-08-04 15:55:00+00:00,114833.38,114858.58,114826.0,114826.0,25.22144
2025-08-04 16:00:00+00:00,114826.01,114974.09,114826.0,114972.08,61.27254
2025-08-04 16:05:00+00:00,114972.07,115200.0,114948.7,115067.89,66.75263
2025-08-04 16:10:00+00:00,115067.89,115183.24,115000.0,115015.81,55.57333
2025-08-04 16:15:00+00:00,115015.82,115117.75,115001.54,115045.02,30.25561
2025-08-04 16:20:00+00:00,115045.02,115137.78,114922.72,114976.27,35.11414
2025-08-04 16:25:00+00:00,114976.28,115026.81,114901.0,114901.0,28.429090000000002
2025-08-04 16:30:00+00:00,114901.01,115027.9,114900.0,115000.0,49.39063
2025-08-04 16:35:00+00:00,114999.99,115000.16,114916.72,114954.45,28.18958
2025-08-04 16:40:00+00:00,114954.45,115161.21,114944.39,115066.72,80.62376
2025-08-04 16:45:00+00:00,115066.73,115390.0,115066.72,115338.99,60.64815
2025-08-04 16:50:00+00:00,115338.98,115404.22,115276.73,115404.21,61.59089
2025-08-04 16:55:00+00:00,115404.22,115405.22,115301.0,115301.0,54.84458
2025-08-04 17:00:00+00:00,115301.0,115400.0,115252.27,115400.0,39.582
2025-08-04 17:05:00+00:00,115399.99,115593.73,115382.33,115536.4,78.11332
2025-08-04 17:10:00+00:00,115536.39,115696.8,115466.42,115696.79,82.41284999999999
2025-08-04 17:15:00+00:00,115696.8,115720.0,115490.62,115535.25,78.73147
2025-08-04 17:20:00+00:00,115535.25,115535.26,115428.29,115485.43,62.37292
2025-08-04 17:25:00+00:00,115485.43,115559.98,115465.97,115519.86,34.32253
2025-08-04 17:30:00+00:00,115519.86,115535.84,115265.61,115300.36,41.84387
2025-08-04 17:35:00+00:00,115300.35,115405.02,115300.0,115335.08,30.11993
2025-08-04 17:40:00+00:00,115335.08,115335.08,115219.68,115242.36,30.582600000000003
2025-08-04 17:45:00+00:00,115242.36,115294.59,115154.62,115279.28,23.18731
2025-08-04 17:50:00+00:00,115279.29,115279.29,115176.0,115193.67,23.85939
2025-08-04 17:55:00+00:00,115193.68,115198.74,115148.08,115193.41,21.35389
2025-08-04 18:00:00+00:00,115193.41,115268.13,115160.0,115181.57,23.98499
2025-08-04 18:05:00+00:00,115181.57,115240.0,115161.26,115161.28,18.58979
2025-08-04 18:10:00+00:00,115161.28,115189.69,115075.46,115075.46,25.47935
2025-08-04 18:15:00+00:00,115075.46,115217.04,115055.76,115158.56,16.5493
2025-08-04 18:20:00+00:00,115158.57,115312.76,115158.56,115235.11,24.63298
2025-08-04 18:25:00+00:00,115235.11,115290.89,115233.15,115274.14,10.57189
2025-08-04 18:30:00+00:00,115274.14,115274.14,115175.07,115209.32,20.29858
2025-08-04 18:35:00+00:00,115209.32,115237.99,115104.76,115104.77,19.41294
2025-08-04 18:40:00+00:00,115104.77,115104.77,115048.47,115069.25,16.01603
2025-08-04 18:45:00+00:00,115069.25,115117.83,115031.87,115085.11,19.05094
2025-08-04 18:50:00+00:00,115085.12,115085.12,115011.79,115011.79,21.41471
2025-08-04 18:55:00+00:00,115011.8,115011.8,114913.88,114957.64,82.66785
2025-08-04 19:00:00+00:00,114957.63,115000.0,114913.88,114913.89,24.92326
2025-08-04 19:05:00+00:00,114913.88,115034.96,114887.09,115034.96,58.82082
2025-08-04 19:10:00+00:00,115034.96,115078.39,114960.0,114971.47,74.27172
2025-08-04 19:15:00+00:00,114971.47,115134.46,114971.47,115015.82,25.77658
2025-08-04 19:20:00+00:00,115015.83,115040.0,114940.0,114940.01,15.49489
2025-08-04 19:25:00+00:00,114940.0,114971.0,114884.57,114913.82,28.96555
2025-08-04 19:30:00+00:00,114913.82,114946.89,114806.0,114811.59,28.12915
2025-08-04 19:35:00+00:00,114811.59,114874.05,114780.0,114810.49,28.22052
2025-08-04 19:40:00+00:00,114810.49,114852.34,114775.27,114802.33,23.84632
2025-08-04 19:45:00+00:00,114802.33,114845.3,114766.64,114776.33,25.6421
2025-08-04 19:50:00+00:00,114776.32,114809.33,114750.0,114770.79,19.41953
2025-08-04 19:55:00+00:00,114770.8,114782.14,114732.65,114777.62,31.769379999999998
2025-08-04 20:00:00+00:00,114777.62,114777.63,114632.79,114681.47,22.80108
2025-08-04 20:05:00+00:00,114681.47,114866.95,114681.47,114793.9,32.55812
2025-08-04 20:10:00+00:00,114793.9,114793.91,114616.33,114699.99,52.46279
2025-08-04 20:15:00+00:00,114699.99,114700.0,114636.42,114656.0,23.98269
2025-08-04 20:20:00+00:00,114656.0,114834.84,114645.12,114785.19,20.74315
2025-08-04 20:25:00+00:00,114785.19,114785.2,114690.31,114728.79,20.60433
2025-08-04 20:30:00+00:00,114728.79,115015.82,114728.78,115015.81,72.6841
2025-08-04 20:35:00+00:00,115015.81,115076.34,114952.33,115005.65,35.0225
2025-08-04 20:40:00+00:00,115005.64,115060.0,114993.12,115022.0,12.40728
2025-08-04 20:45:00+00:00,115022.01,115022.01,114892.65,114909.99,15.35309
2025-08-04 20:50:00+00:00,114910.0,114960.0,114892.65,114950.0,16.34033
2025-08-04 20:55:00+00:00,114950.01,114950.01,114811.95,114811.96,38.45742
2025-08-04 21:00:00+00:00,114811.95,114890.0,114810.75,114862.31,13.79947
2025-08-04 21:05:00+00:00,114862.3,114929.68,114835.22,114929.68,34.45098
2025-08-04 21:10:00+00:00,114929.67,115027.14,114916.59,115027.14,26.95816
2025-08-04 21:15:00+00:00,115027.14,115151.43,115027.13,115092.79,24.99951
2025-08-04 21:20:00+00:00,115092.78,115092.79,114927.47,114927.47,18.65496
2025-08-04 21:25:00+00:00,114927.47,115009.38,114927.47,114994.59,7.70839
2025-08-04 21:30:00+00:00,114994.58,115081.55,114972.08,115077.1,15.659590000000001
2025-08-04 21:35:00+00:00,115077.11,115194.31,115077.1,115176.51,15.87879
2025-08-04 21:40:00+00:00,115176.51,115245.94,115155.0,115245.94,20.12854
2025-08-04 21:45:00+00:00,115245.93,115250.0,115196.02,115230.61,11.91251
2025-08-04 21:50:00+00:00,115230.62,115258.62,115200.0,115218.17,11.89166
2025-08-04 21:55:00+00:00,115218.16,115218.17,115082.51,115111.09,27.80917
2025-08-04 22:00:00+00:00,115111.09,115219.69,115096.54,115215.6,42.835840000000005
2025-08-04 22:05:00+00:00,115215.6,115219.69,115120.0,115199.99,20.05015
2025-08-04 22:10:00+00:00,115199.99,115233.16,115145.67,115233.16,19.61779
2025-08-04 22:15:00+00:00,115233.16,115288.3,115216.55,115218.6,20.44138
2025-08-04 22:20:00+00:00,115218.6,115240.0,115150.96,115185.53,15.04936
2025-08-04 22:25:00+00:00,115185.53,115185.53,115086.72,115086.72,9.52382
2025-08-04 22:30:00+00:00,115086.73,115252.01,115086.73,115194.59,21.77979
2025-08-04 22:35:00+00:00,115194.6,115216.29,115167.24,115174.36,9.17207
2025-08-04 22:40:00+00:00,115174.35,115179.98,115116.83,115177.9,16.38303
2025-08-04 22:45:00+00:00,115177.89,115186.84,115143.38,115169.57,11.07404
2025-08-04 22:50:00+00:00,115169.57,115318.0,115161.2,115293.74,30.46738
2025-08-04 22:55:00+00:00,115293.74,115325.88,115286.69,115325.88,9.45786
2025-08-04 23:00:00+00:00,115325.88,115334.73,115325.87,115333.99,8.42894
2025-08-04 23:05:00+00:00,115334.0,115334.0,115265.88,115273.41,17.71527
2025-08-04 23:10:00+00:00,115273.4,115340.0,115270.44,115339.35,14.064229999999998
2025-08-04 23:15:00+00:00,115339.36,115339.36,115280.1,115280.1,7.7391000000000005
2025-08-04 23:20:00+00:00,115280.11,115280.11,115255.66,115279.99,19.87868
2025-08-04 23:25:00+00:00,115280.0,115316.71,115280.0,115305.36,6.49076
2025-08-04 23:30:00+00:00,115305.36,115305.36,115205.76,115266.4,26.27111
2025-08-04 23:35:00+00:00,115266.39,115290.53,115215.43,115215.43,12.50197
2025-08-04 23:40:00+00:00,115215.43,115234.69,115215.43,115228.23,8.52049
2025-08-04 23:45:00+00:00,115228.24,115228.24,115052.03,115105.95,41.47452
2025-08-04 23:50:00+00:00,115105.95,115151.98,115046.67,115121.76,12.502469999999999
2025-08-04 23:55:00+00:00,115121.75,115121.76,115055.02,115055.03,9.46919
2025-08-05 00:00:00+00:00,115055.03,115088.37,114935.48,115004.44,69.56351000000001
2025-08-05 00:05:00+00:00,115004.44,115127.81,115004.44,115043.58,83.49317
2025-08-05 00:10:00+00:00,115043.59,115045.44,115000.0,115020.01,27.43824
2025-08-05 00:15:00+00:00,115020.02,115020.02,114914.31,114918.26,29.42487
2025-08-05 00:20:00+00:00,114918.27,114973.11,114893.25,114939.15,14.07906
2025-08-05 00:25:00+00:00,114939.15,114939.15,114869.84,114900.36,11.61053
2025-08-05 00:30:00+00:00,114900.36,115000.0,114890.86,114999.99,18.39252
2025-08-05 00:35:00+00:00,115000.0,115117.76,115000.0,115041.56,23.16094
2025-08-05 00:40:00+00:00,115041.56,115060.0,114900.94,114900.94,17.44531
2025-08-05 00:45:00+00:00,114900.95,115000.0,114883.69,114960.01,12.03021
2025-08-05 00:50:00+00:00,114960.01,114980.0,114858.87,114862.25,25.44423
2025-08-05 00:55:00+00:00,114862.26,114887.09,114840.0,114886.96,15.32892
2025-08-05 01:00:00+00:00,114886.97,114977.25,114853.4,114977.25,15.90582
2025-08-05 01:05:00+00:00,114977.24,115046.68,114963.53,114994.15,25.31472
2025-08-05 01:10:00+00:00,114994.15,114994.16,114913.88,114968.19,29.58895
2025-08-05 01:15:00+00:00,114968.19,114968.2,114800.0,114872.87,40.7678
2025-08-05 01:20:00+00:00,114872.87,114931.49,114846.51,114900.94,21.23517
2025-08-05 01:25:00+00:00,114900.95,114900.95,114824.06,114885.67,14.17531
2025-08-05 01:30:00+00:00,114885.67,114885.67,114800.0,114860.0,27.96996
2025-08-05 01:35:00+00:00,114860.0,114887.65,114748.48,114829.39,33.32702
2025-08-05 01:40:00+00:00,114829.39,114897.5,114825.35,114897.49,22.66122
2025-08-05 01:45:00+00:00,114897.5,114932.54,114770.79,114808.57,24.91728
2025-08-05 01:50:00+00:00,114808.57,114808.58,114704.51,114710.04,30.662889999999997
2025-08-05 01:55:00+00:00,114710.04,114724.88,114695.18,114708.11,23.02678
2025-08-05 02:00:00+00:00,114708.11,114780.0,114703.88,114771.0,31.473309999999998
2025-08-05 02:05:00+00:00,114771.0,114813.87,114742.19,114749.22,21.36817
2025-08-05 02:10:00+00:00,114749.21,114760.01,114651.56,114665.88,16.224269999999997
2025-08-05 02:15:00+00:00,114665.89,114724.52,114653.23,114706.68,24.787599999999998
2025-08-05 02:20:00+00:00,114706.68,114712.83,114662.9,114691.94,16.02436
2025-08-05 02:25:00+00:00,114691.93,114691.93,114614.94,114614.95,21.57791
2025-08-05 02:30:00+00:00,114614.95,114692.03,114614.94,114647.64,17.30379
2025-08-05 02:35:00+00:00,114647.64,114677.87,114630.92,114630.93,10.06589
2025-08-05 02:40:00+00:00,114630.92,114630.93,114624.77,114630.93,16.37919
2025-08-05 02:45:00+00:00,114630.92,114748.32,114630.92,114748.32,20.04805
2025-08-05 02:50:00+00:00,114748.32,114827.79,114710.02,114710.03,22.66369
2025-08-05 02:55:00+00:00,114710.02,114732.72,114691.31,114719.27,20.3548
2025-08-05 03:00:00+00:00,114719.27,114737.82,114656.42,114656.43,28.36766
2025-08-05 03:05:00+00:00,114656.43,114656.43,114469.86,114487.36,71.65206
2025-08-05 03:10:00+00:00,114487.36,114487.37,114411.68,114466.9,39.40334
2025-08-05 03:15:00+00:00,114466.9,114486.44,114407.44,114416.0,37.15854
2025-08-05 03:20:00+00:00,114416.0,114416.0,114288.99,114289.0,90.57339
2025-08-05 03:25:00+00:00,114289.0,114358.98,114288.99,114336.61,55.92056
2025-08-05 03:30:00+00:00,114336.61,114347.31,114274.75,114308.19,35.15823
2025-08-05 03:35:00+00:00,114308.18,114308.23,114266.76,114279.72,33.364580000000004
2025-08-05 03:40:00+00:00,114279.72,114404.23,114279.7,114312.71,49.16733
2025-08-05 03:45:00+00:00,114312.71,114352.75,114260.76,114260.77,30.61338
2025-08-05 03:50:00+00:00,114260.77,114318.11,114260.76,114265.01,23.36815
2025-08-05 03:55:00+00:00,114265.0,114265.01,114256.85,114256.85,8.94127
2025-08-05 04:00:00+00:00,114256.85,114256.85,114222.04,114222.04,23.65788
2025-08-05 04:05:00+00:00,114222.04,114380.0,114217.44,114344.0,104.5248
2025-08-05 04:10:00+00:00,114344.0,114426.65,114340.0,114401.11,55.358360000000005
2025-08-05 04:15:00+00:00,114401.11,114405.95,114196.83,114197.5,64.26788
2025-08-05 04:20:00+00:00,114197.51,114253.62,114197.5,114232.0,90.08798
2025-08-05 04:25:00+00:00,114232.0,114284.0,114231.99,114250.26,14.830549999999999
2025-08-05 04:30:00+00:00,114250.26,114250.26,114149.95,114197.13,91.52329999999999
2025-08-05 04:35:00+00:00,114197.12,114246.05,114192.03,114246.04,15.45928
2025-08-05 04:40:00+00:00,114246.04,114291.43,114224.08,114260.0,16.81438
2025-08-05 04:45:00+00:00,114260.01,114366.25,114260.01,114365.9,32.17602
2025-08-05 04:50:00+00:00,114365.9,114371.37,114311.91,114350.0,27.101509999999998
2025-08-05 04:55:00+00:00,114350.0,114377.0,114338.06,114338.06,41.76383
2025-08-05 05:00:00+00:00,114338.07,114479.38,114307.0,114459.3,33.63425
2025-08-05 05:05:00+00:00,114459.31,114487.25,114412.65,114415.63,22.49352
2025-08-05 05:10:00+00:00,114415.64,114442.26,114405.74,114440.07,13.66839
2025-08-05 05:15:00+00:00,114440.08,114440.08,114409.99,114409.99,12.36078
2025-08-05 05:20:00+00:00,114409.41,114417.54,114351.48,114351.48,26.29173
2025-08-05 05:25:00+00:00,114351.49,114401.46,114351.48,114394.0,18.67317
2025-08-05 05:30:00+00:00,114394.0,114454.3,114334.63,114370.11,60.59946000000001
2025-08-05 05:35:00+00:00,114370.1,114426.96,114323.19,114323.19,25.71311
2025-08-05 05:40:00+00:00,114323.19,114323.2,114244.51,114244.91,28.722990000000003
2025-08-05 05:45:00+00:00,114244.9,114332.18,114239.87,114296.04,17.87507
2025-08-05 05:50:00+00:00,114296.03,114405.82,114269.99,114405.81,59.95644
2025-08-05 05:55:00+00:00,114405.81,114432.34,114394.33,114405.99,17.64451
2025-08-05 06:00:00+00:00,114406.0,114440.0,114369.34,114439.99,20.93745
2025-08-05 06:05:00+00:00,114440.0,114476.8,114434.0,114445.44,16.41592
2025-08-05 06:10:00+00:00,114445.45,114465.13,114429.97,114429.98,9.28475
2025-08-05 06:15:00+00:00,114429.97,114500.0,114423.76,114489.99,16.55446
2025-08-05 06:20:00+00:00,114490.0,114500.66,114481.85,114495.16,13.77825
2025-08-05 06:25:00+00:00,114495.17,114495.17,114476.04,114476.04,17.22929
2025-08-05 06:30:00+00:00,114476.04,114476.05,114376.8,114395.04,15.83264
2025-08-05 06:35:00+00:00,114395.04,114395.04,114296.87,114323.98,74.09708
2025-08-05 06:40:00+00:00,114323.98,114345.04,114295.01,114319.0,63.0925
2025-08-05 06:45:00+00:00,114319.0,114319.01,114260.93,114263.01,61.45517
2025-08-05 06:50:00+00:00,114263.01,114263.01,114105.71,114168.01,56.41971
2025-08-05 06:55:00+00:00,114168.0,114178.64,114120.01,114178.63,24.744909999999997
2025-08-05 07:00:00+00:00,114178.64,114255.35,114133.59,114255.34,24.15497
2025-08-05 07:05:00+00:00,114255.34,114263.01,114180.6,114214.73,139.58445
2025-08-05 07:10:00+00:00,114214.73,114295.09,114149.6,114283.81,83.39617
2025-08-05 07:15:00+00:00,114283.8,114312.2,114261.46,114312.2,39.03024
2025-08-05 07:20:00+00:00,114312.2,114395.3,114312.19,114345.44,28.064999999999998
2025-08-05 07:25:00+00:00,114345.44,114345.44,114213.73,114213.73,17.104210000000002
2025-08-05 07:30:00+00:00,114213.74,114258.92,114105.4,114116.98,50.488600000000005
2025-08-05 07:35:00+00:00,114116.98,114117.99,113725.72,113855.46,247.81232
2025-08-05 07:40:00+00:00,113855.45,114085.25,113855.45,114066.0,56.95925
2025-08-05 07:45:00+00:00,114066.01,114204.0,114051.53,114128.18,54.801860000000005
2025-08-05 07:50:00+00:00,114128.18,114128.19,113946.6,114007.16,50.5429
2025-08-05 07:55:00+00:00,114007.15,114077.3,113961.45,113969.7,28.56194
2025-08-05 08:00:00+00:00,113969.7,114017.97,113928.87,114010.25,57.66501
2025-08-05 08:05:00+00:00,114010.25,114131.53,113956.02,113989.98,37.46021
2025-08-05 08:10:00+00:00,113989.98,114043.89,113979.03,114003.82,29.15308
2025-08-05 08:15:00+00:00,114003.82,114224.65,114003.82,114177.21,30.85473
2025-08-05 08:20:00+00:00,114177.22,114312.59,114177.21,114275.54,37.69861
2025-08-05 08:25:00+00:00,114275.55,114382.64,114275.55,114373.02,51.658820000000006
2025-08-05 08:30:00+00:00,114373.02,114540.0,114350.0,114504.3,60.34939
2025-08-05 08:35:00+00:00,114504.31,114512.62,114330.49,114330.49,34.29482
2025-08-05 08:40:00+00:00,114330.5,114434.85,114259.67,114308.21,54.25825
2025-08-05 08:45:00+00:00,114308.21,114337.39,114239.01,114239.01,29.69596
2025-08-05 08:50:00+00:00,114239.02,114343.93,114220.91,114250.26,19.21445
2025-08-05 08:55:00+00:00,114250.26,114303.16,114232.32,114281.09,18.01544
2025-08-05 09:00:00+00:00,114281.09,114364.12,114281.08,114364.12,23.92904
2025-08-05 09:05:00+00:00,114364.12,114373.37,114319.71,114343.5,33.91023
2025-08-05 09:10:00+00:00,114343.5,114467.15,114343.5,114467.15,40.57971
2025-08-05 09:15:00+00:00,114467.14,114467.15,114402.56,114467.15,16.97405
2025-08-05 09:20:00+00:00,114467.15,114524.0,114460.0,114521.01,18.51433
2025-08-05 09:25:00+00:00,114521.0,114583.94,114496.16,114576.94,35.04846
2025-08-05 09:30:00+00:00,114576.94,114584.86,114520.0,114566.41,35.40788
2025-08-05 09:35:00+00:00,114566.41,114570.47,114512.65,114570.46,30.6363
2025-08-05 09:40:00+00:00,114570.46,114786.89,114570.46,114716.02,52.31386
2025-08-05 09:45:00+00:00,114716.02,114792.72,114650.0,114650.01,66.26361
2025-08-05 09:50:00+00:00,114650.0,114690.61,114609.33,114634.91,60.04849
2025-08-05 09:55:00+00:00,114634.91,114710.42,114634.9,114694.76,68.68003
2025-08-05 10:00:00+00:00,114694.76,114797.19,114621.88,114621.89,70.71421
2025-08-05 10:05:00+00:00,114621.88,114714.91,114599.13,114599.14,21.195420000000002
2025-08-05 10:10:00+00:00,114599.14,114636.43,114586.73,114636.43,10.174980000000001
2025-08-05 10:15:00+00:00,114636.43,114746.81,114636.42,114666.98,16.228189999999998
2025-08-05 10:20:00+00:00,114666.97,114772.0,114666.97,114771.99,12.615020000000001
2025-08-05 10:25:00+00:00,114771.99,115096.73,114771.99,114960.03,106.07122
2025-08-05 10:30:00+00:00,114960.03,115093.13,114960.03,115093.13,37.10071
2025-08-05 10:35:00+00:00,115093.13,115093.13,114935.76,114959.28,47.43375
2025-08-05 10:40:00+00:00,114959.27,114976.16,114866.29,114976.16,52.93147
2025-08-05 10:45:00+00:00,114976.15,114976.16,114880.0,114880.01,36.01009
2025-08-05 10:50:00+00:00,114880.01,114914.69,114869.63,114878.62,15.652449999999998
2025-08-05 10:55:00+00:00,114878.62,114878.63,114827.07,114841.27,12.54822
2025-08-05 11:00:00+00:00,114841.28,114852.76,114780.0,114814.14,19.19555
2025-08-05 11:05:00+00:00,114814.14,114814.14,114750.0,114750.0,12.096250000000001
2025-08-05 11:10:00+00:00,114750.0,114787.16,114750.0,114787.15,8.10975
2025-08-05 11:15:00+00:00,114787.15,114842.21,114787.15,114814.18,12.359770000000001
2025-08-05 11:20:00+00:00,114814.18,114866.28,114776.92,114866.27,28.890620000000002
2025-08-05 11:25:00+00:00,114866.27,114913.89,114866.27,114903.77,12.950109999999999
2025-08-05 11:30:00+00:00,114903.77,114913.88,114770.79,114831.06,17.57002
2025-08-05 11:35:00+00:00,114831.06,114943.62,114785.6,114920.0,25.98068
2025-08-05 11:40:00+00:00,114920.0,114972.0,114901.71,114947.99,14.34319
2025-08-05 11:45:00+00:00,114947.99,114948.0,114809.92,114851.78,26.12955
2025-08-05 11:50:00+00:00,114851.78,114851.78,114760.0,114795.51,28.38069
2025-08-05 11:55:00+00:00,114795.52,114851.23,114787.26,114827.07,6.25565
2025-08-05 12:00:00+00:00,114827.07,114837.48,114768.93,114794.26,13.8504
2025-08-05 12:05:00+00:00,114794.26,114866.28,114780.0,114842.68,18.02668
2025-08-05 12:10:00+00:00,114842.68,114893.13,114807.38,114893.13,18.73085
2025-08-05 12:15:00+00:00,114893.12,114893.13,114613.03,114725.74,31.14242
2025-08-05 12:20:00+00:00,114725.74,114738.7,114369.46,114494.29,121.80939000000001
2025-08-05 12:25:00+00:00,114494.28,114565.62,114437.25,114530.01,43.58788
2025-08-05 12:30:00+00:00,114530.01,114530.02,114385.92,114415.86,17.52252
2025-08-05 12:35:00+00:00,114415.85,114415.86,113500.01,113693.99,212.54586999999998
2025-08-05 12:40:00+00:00,113693.99,114085.51,113693.99,113885.48,235.35852
2025-08-05 12:45:00+00:00,113885.49,114072.93,113860.6,113963.02,130.03852
2025-08-05 12:50:00+00:00,113963.02,114098.44,113958.23,113978.47,57.91256
2025-08-05 12:55:00+00:00,113978.47,114098.44,113896.36,113937.35,35.40308
2025-08-05 13:00:00+00:00,113937.35,114067.21,113868.0,114067.2,51.27594
2025-08-05 13:05:00+00:00,114067.21,114114.2,113931.5,113958.16,67.53107
2025-08-05 13:10:00+00:00,113958.15,114033.0,113927.82,114033.0,25.40442
2025-08-05 13:15:00+00:00,114033.0,114215.56,114021.75,114174.25,38.25273
2025-08-05 13:20:00+00:00,114174.25,114198.83,114098.43,114160.46,36.13027
2025-08-05 13:25:00+00:00,114160.45,114189.98,114110.0,114171.91,22.43525
2025-08-05 13:30:00+00:00,114171.9,114400.0,114048.62,114051.91,206.01661000000001
2025-08-05 13:35:00+00:00,114051.9,114455.86,114051.9,114383.28,48.96129
2025-08-05 13:40:00+00:00,114383.27,114383.27,114232.86,114281.73,45.26124
2025-08-05 13:45:00+00:00,114281.73,114573.17,114281.73,114440.64,42.74935
2025-08-05 13:50:00+00:00,114440.65,114449.53,114327.9,114400.0,23.23425
2025-08-05 13:55:00+00:00,114400.0,114452.0,114297.83,114381.43,27.6873
2025-08-05 14:00:00+00:00,114380.75,114386.37,114063.35,114079.91,84.40884
2025-08-05 14:05:00+00:00,114079.9,114124.0,113886.31,114033.35,152.02514
2025-08-05 14:10:00+00:00,114033.35,114087.85,113707.41,113864.58,99.32382000000001
2025-08-05 14:15:00+00:00,113864.57,113883.63,113525.31,113612.39,180.9366
2025-08-05 14:20:00+00:00,113612.39,113612.39,113262.0,113287.98,247.80069
2025-08-05 14:25:00+00:00,113287.98,113426.06,113148.0,113248.66,221.06336
2025-08-05 14:30:00+00:00,113248.67,113268.09,112995.44,113014.01,292.89236999999997
2025-08-05 14:35:00+00:00,113014.0,113120.0,112960.13,113030.55,96.36157
2025-08-05 14:40:00+00:00,113030.54,113218.39,112750.0,112776.01,195.47937
2025-08-05 14:45:00+00:00,112776.0,112923.07,112650.0,112725.66,363.154
2025-08-05 14:50:00+00:00,112725.66,112818.98,112711.64,112760.0,97.58988
2025-08-05 14:55:00+00:00,112759.99,113066.52,112750.11,113037.12,94.40215
2025-08-05 15:00:00+00:00,113037.12,113037.12,112692.3,112895.21,137.44490000000002
2025-08-05 15:05:00+00:00,112895.99,113249.11,112881.04,113240.01,85.69915
2025-08-05 15:10:00+00:00,113240.01,113240.01,113045.0,113187.78,75.80238
2025-08-05 15:15:00+00:00,113187.79,113221.14,113060.0,113174.0,120.53277
2025-08-05 15:20:00+00:00,113174.0,113230.66,112930.11,112992.37,65.97599
2025-08-05 15:25:00+00:00,112992.37,113041.73,112844.33,112976.72,49.5297
2025-08-05 15:30:00+00:00,112976.73,113093.61,112865.47,112902.43,63.319599999999994
2025-08-05 15:35:00+00:00,112902.43,112915.42,112720.0,112805.97,94.80755
2025-08-05 15:40:00+00:00,112805.97,112848.82,112710.0,112793.95,50.88465
2025-08-05 15:45:00+00:00,112793.96,112902.09,112740.01,112768.0,46.58656
2025-08-05 15:50:00+00:00,112768.01,112885.6,112716.0,112872.75,61.53068
2025-08-05 15:55:00+00:00,112872.75,112994.49,112800.77,112934.0,42.04827
2025-08-05 16:00:00+00:00,112934.0,113043.18,112836.0,113036.0,44.89351
2025-08-05 16:05:00+00:00,113036.0,113130.9,113004.67,113102.56,41.75374
2025-08-05 16:10:00+00:00,113102.56,113149.62,113025.57,113127.88,60.90642
2025-08-05 16:15:00+00:00,113127.88,113205.6,113035.79,113035.79,27.02145
2025-08-05 16:20:00+00:00,113035.71,113206.05,113023.61,113061.73,30.52834
2025-08-05 16:25:00+00:00,113061.74,113225.82,113061.73,113205.24,32.86295
2025-08-05 16:30:00+00:00,113205.24,113367.31,113160.0,113212.0,49.24769
2025-08-05 16:35:00+00:00,113212.0,113286.62,113131.0,113131.0,24.15204
2025-08-05 16:40:00+00:00,113131.01,113170.01,112815.68,113046.45,64.55859
2025-08-05 16:45:00+00:00,113046.46,113052.0,112865.72,113040.0,75.66341
2025-08-05 16:50:00+00:00,113040.01,113197.63,112993.97,113197.63,24.07222
2025-08-05 16:55:00+00:00,113197.63,113197.63,113104.7,113175.73,29.91592
2025-08-05 17:00:00+00:00,113175.73,113229.01,113100.88,113208.01,27.7638
2025-08-05 17:05:00+00:00,113208.0,113225.52,113096.0,113172.89,21.8449
2025-08-05 17:10:00+00:00,113172.89,113252.55,113165.78,113240.09,22.6302
2025-08-05 17:15:00+00:00,113240.08,113265.02,113200.0,113236.98,33.81889
2025-08-05 17:20:00+00:00,113236.98,113362.61,113210.21,113362.61,23.76665
2025-08-05 17:25:00+00:00,113362.61,113476.1,113362.61,113387.18,38.48374
2025-08-05 17:30:00+00:00,113387.19,113523.11,113386.76,113437.21,23.315440000000002
2025-08-05 17:35:00+00:00,113437.21,113460.0,113306.68,113352.01,25.91418
2025-08-05 17:40:00+00:00,113352.01,113440.0,113340.0,113340.0,26.38534
2025-08-05 17:45:00+00:00,113340.0,113416.0,113256.68,113346.35,42.18996
2025-08-05 17:50:00+00:00,113346.35,113501.98,113346.34,113501.98,14.79356
2025-08-05 17:55:00+00:00,113501.98,113661.96,113501.97,113640.01,58.29799
2025-08-05 18:00:00+00:00,113640.01,113644.72,113537.26,113537.26,24.989359999999998
2025-08-05 18:05:00+00:00,113537.27,113653.93,113537.26,113621.35,16.93252
2025-08-05 18:10:00+00:00,113621.35,113621.35,113502.37,113502.53,30.02892
2025-08-05 18:15:00+00:00,113502.52,113588.78,113397.55,113575.51,39.85585
2025-08-05 18:20:00+00:00,113575.51,113598.28,113517.57,113554.09,16.70618
2025-08-05 18:25:00+00:00,113554.09,113581.98,113384.61,113439.99,21.91161
2025-08-05 18:30:00+00:00,113439.99,113512.0,113364.64,113503.33,18.70973
2025-08-05 18:35:00+00:00,113503.32,113503.33,113389.67,113463.73,16.29938
2025-08-05 18:40:00+00:00,113463.73,113468.49,113364.8,113385.34,24.480719999999998
2025-08-05 18:45:00+00:00,113385.35,113490.0,113261.79,113419.99,32.37921
2025-08-05 18:50:00+00:00,113420.0,113581.77,113326.45,113581.76,31.30061
2025-08-05 18:55:00+00:00,113581.76,113644.72,113522.34,113644.71,40.035619999999994
2025-08-05 19:00:00+00:00,113644.72,113762.68,113644.71,113746.52,46.22425
2025-08-05 19:05:00+00:00,113746.52,113755.7,113704.05,113734.81,12.62373
2025-08-05 19:10:00+00:00,113734.82,113763.27,113603.66,113603.66,18.09676
2025-08-05 19:15:00+00:00,113603.67,113666.76,113556.19,113660.64,22.53536
2025-08-05 19:20:00+00:00,113660.63,113706.7,113615.62,113655.48,19.78804
2025-08-05 19:25:00+00:00,113655.49,113655.49,113568.0,113611.61,15.07346
2025-08-05 19:30:00+00:00,113611.62,113675.83,113600.0,113655.76,10.61235
2025-08-05 19:35:00+00:00,113655.76,113681.42,113621.99,113672.01,11.59409
2025-08-05 19:40:00+00:00,113672.01,113672.01,113594.33,113604.88,12.81564
2025-08-05 19:45:00+00:00,113604.87,113658.46,113498.62,113498.62,30.01072
2025-08-05 19:50:00+00:00,113498.62,113507.23,113407.35,113501.4,28.35042
2025-08-05 19:55:00+00:00,113501.39,113702.63,113487.4,113616.52,28.38528
2025-08-05 20:00:00+00:00,113616.51,113766.85,113616.51,113762.1,19.75879
2025-08-05 20:05:00+00:00,113762.1,113806.02,113695.61,113806.01,17.40501
2025-08-05 20:10:00+00:00,113806.02,113814.18,113796.31,113814.17,10.68402
2025-08-05 20:15:00+00:00,113814.18,113846.15,113797.4,113846.15,12.88953
2025-08-05 20:20:00+00:00,113846.15,113929.65,113846.14,113849.96,15.80783
2025-08-05 20:25:00+00:00,113849.96,113989.97,113849.95,113989.91,29.844459999999998
2025-08-05 20:30:00+00:00,113989.9,113989.91,113916.43,113916.43,10.01025
2025-08-05 20:35:00+00:00,113916.44,113916.44,113650.13,113650.14,47.724149999999995
2025-08-05 20:40:00+00:00,113650.14,113708.9,113624.01,113658.77,17.80388
2025-08-05 20:45:00+00:00,113658.77,113678.91,113494.47,113509.98,24.7105
2025-08-05 20:50:00+00:00,113509.98,113588.79,113509.97,113575.49,9.35845
2025-08-05 20:55:00+00:00,113575.49,113690.71,113525.09,113690.71,26.47131
2025-08-05 21:00:00+00:00,113690.71,113771.44,113669.98,113771.44,15.199330000000002
2025-08-05 21:05:00+00:00,113771.44,113862.45,113770.05,113804.2,18.67187
2025-08-05 21:10:00+00:00,113804.2,113804.2,113670.38,113676.0,18.904310000000002
2025-08-05 21:15:00+00:00,113675.99,113800.0,113620.0,113800.0,45.7999
2025-08-05 21:20:00+00:00,113800.0,113831.38,113780.3,113801.22,9.32162
2025-08-05 21:25:00+00:00,113801.22,113848.31,113801.21,113848.3,3.6545300000000003
2025-08-05 21:30:00+00:00,113848.31,113848.31,113793.47,113848.03,8.89866
2025-08-05 21:35:00+00:00,113848.02,113848.03,113758.94,113758.94,10.0854
2025-08-05 21:40:00+00:00,113758.95,113761.25,113690.7,113690.7,11.11443
2025-08-05 21:45:00+00:00,113690.7,113690.71,113611.29,113613.02,8.70016
2025-08-05 21:50:00+00:00,113613.03,113613.03,113569.07,113606.53,16.49763
2025-08-05 21:55:00+00:00,113606.53,113637.77,113606.52,113606.53,16.571089999999998
2025-08-05 22:00:00+00:00,113606.52,113606.52,113304.0,113355.56,63.309169999999995
2025-08-05 22:05:00+00:00,113355.56,113641.53,113355.56,113618.0,35.22026
2025-08-05 22:10:00+00:00,113618.0,113792.64,113617.99,113769.77,15.36694
2025-08-05 22:15:00+00:00,113769.77,113843.93,113729.49,113771.6,22.50675
2025-08-05 22:20:00+00:00,113771.6,113833.97,113750.4,113833.97,10.05255
2025-08-05 22:25:00+00:00,113833.96,113873.07,113763.53,113873.07,19.03058
2025-08-05 22:30:00+00:00,113873.07,113915.0,113849.99,113890.52,17.38525
2025-08-05 22:35:00+00:00,113890.52,113937.73,113876.52,113930.0,21.63
2025-08-05 22:40:00+00:00,113930.0,113940.52,113875.27,113940.51,23.38143
2025-08-05 22:45:00+00:00,113940.52,113989.4,113915.72,113959.47,14.329719999999998
2025-08-05 22:50:00+00:00,113959.48,113975.83,113959.47,113959.49,5.19315
2025-08-05 22:55:00+00:00,113959.49,113975.71,113918.4,113961.25,20.84027
2025-08-05 23:00:00+00:00,113961.25,114072.0,113918.4,114071.99,31.74156
2025-08-05 23:05:00+00:00,114071.99,114074.27,114040.96,114055.19,16.07037
2025-08-05 23:10:00+00:00,114055.19,114087.52,114055.19,114087.18,19.94004
2025-08-05 23:15:00+00:00,114087.18,114140.71,114067.21,114085.75,20.87505
2025-08-05 23:20:00+00:00,114085.76,114111.56,114022.98,114061.4,17.01026
2025-08-05 23:25:00+00:00,114061.39,114077.56,114020.0,114044.63,13.06842
2025-08-05 23:30:00+00:00,114044.64,114098.75,114040.0,114080.43,16.94081
2025-08-05 23:35:00+00:00,114080.43,114114.3,114080.43,114109.97,10.03552
2025-08-05 23:40:00+00:00,114109.97,114228.88,114109.97,114170.41,25.95675
2025-08-05 23:45:00+00:00,114170.42,114171.71,114136.36,114136.37,10.96531
2025-08-05 23:50:00+00:00,114136.37,114179.03,114131.09,114153.69,11.78386
2025-08-05 23:55:00+00:00,114153.7,114153.7,114114.3,114129.75,11.25101
2025-08-06 00:00:00+00:00,114129.75,114139.38,114044.12,114099.99,25.26251
2025-08-06 00:05:00+00:00,114099.99,114100.0,114016.55,114034.52,13.97223
2025-08-06 00:10:00+00:00,114034.52,114059.21,113955.03,114049.9,23.975649999999998
2025-08-06 00:15:00+00:00,114049.9,114049.91,113952.6,113997.62,25.506259999999997
2025-08-06 00:20:00+00:00,113997.63,114032.72,113970.66,113986.36,11.06042
2025-08-06 00:25:00+00:00,113986.37,114000.0,113928.93,113948.54,19.49736
2025-08-06 00:30:00+00:00,113948.54,113953.81,113882.85,113882.86,19.90428
2025-08-06 00:35:00+00:00,113882.86,114027.17,113871.31,114027.16,32.566089999999996
2025-08-06 00:40:00+00:00,114027.16,114027.16,113926.9,113937.29,18.740389999999998
2025-08-06 00:45:00+00:00,113937.29,113937.29,113760.2,113760.2,66.64922
2025-08-06 00:50:00+00:00,113760.2,113915.22,113748.67,113864.14,26.039469999999998
2025-08-06 00:55:00+00:00,113864.14,113879.7,113804.76,113879.7,12.17372
2025-08-06 01:00:00+00:00,113879.69,113899.21,113771.39,113899.2,14.853580000000001
2025-08-06 01:05:00+00:00,113899.2,113935.69,113860.0,113914.44,26.86664
2025-08-06 01:10:00+00:00,113914.44,113945.14,113830.42,113851.45,20.25766
2025-08-06 01:15:00+00:00,113851.46,113893.01,113712.6,113732.52,18.40082
2025-08-06 01:20:00+00:00,113732.51,113740.0,113620.0,113685.08,42.68269
2025-08-06 01:25:00+00:00,113685.08,113685.08,113588.77,113594.1,20.76298
2025-08-06 01:30:00+00:00,113594.1,113737.19,113588.77,113674.42,39.34653
2025-08-06 01:35:00+00:00,113674.42,113748.95,113604.38,113724.89,30.815980000000003
2025-08-06 01:40:00+00:00,113724.9,113877.5,113724.89,113792.9,17.97056
2025-08-06 01:45:00+00:00,113792.91,113853.24,113673.82,113673.82,16.92296
2025-08-06 01:50:00+00:00,113673.82,113826.21,113673.82,113798.3,19.00326
2025-08-06 01:55:00+00:00,113798.31,113880.0,113798.3,113821.21,24.625189999999996
2025-08-06 02:00:00+00:00,113820.77,113833.88,113772.53,113772.53,12.85132
2025-08-06 02:05:00+00:00,113772.54,113772.54,113623.39,113623.39,28.13055
2025-08-06 02:10:00+00:00,113623.4,113626.24,113491.76,113626.23,28.64325
2025-08-06 02:15:00+00:00,113626.23,113739.06,113611.29,113695.61,15.56307
2025-08-06 02:20:00+00:00,113695.61,113714.0,113662.85,113713.99,12.24009
2025-08-06 02:25:00+00:00,113714.0,113714.0,113640.38,113678.3,9.34995
2025-08-06 02:30:00+00:00,113678.3,113729.72,113648.44,113692.56,22.16788
2025-08-06 02:35:00+00:00,113692.55,113700.0,113542.91,113599.58,11.64573
2025-08-06 02:40:00+00:00,113599.58,113712.61,113566.86,113668.02,24.46353
2025-08-06 02:45:00+00:00,113668.02,113668.03,113566.35,113624.43,17.287959999999998
2025-08-06 02:50:00+00:00,113624.43,113682.26,113604.04,113675.02,14.86401
2025-08-06 02:55:00+00:00,113675.02,113686.33,113596.73,113623.22,9.57893
2025-08-06 03:00:00+00:00,113623.23,113658.13,113523.53,113523.53,16.39751
2025-08-06 03:05:00+00:00,113523.53,113650.0,113500.0,113604.8,24.77835
2025-08-06 03:10:00+00:00,113604.79,113650.0,113604.79,113618.4,14.71919
2025-08-06 03:15:00+00:00,113618.39,113618.4,113522.54,113574.41,13.77613
2025-08-06 03:20:00+00:00,113574.41,113574.41,113463.81,113477.88,23.6086
2025-08-06 03:25:00+00:00,113477.88,113504.63,113400.0,113432.01,30.211180000000002
2025-08-06 03:30:00+00:00,113432.02,113487.38,113425.37,113448.09,17.97767
2025-08-06 03:35:00+00:00,113448.08,113517.58,113448.08,113496.43,36.71573
2025-08-06 03:40:00+00:00,113496.42,113540.0,113469.44,113539.99,23.88395
2025-08-06 03:45:00+00:00,113540.0,113611.3,113534.02,113611.3,12.08553
2025-08-06 03:50:00+00:00,113611.3,113611.3,113548.47,113568.1,30.85912
2025-08-06 03:55:00+00:00,113568.1,113579.96,113509.97,113509.97,21.88196
2025-08-06 04:00:00+00:00,113509.98,113582.71,113459.28,113468.93,24.24304
2025-08-06 04:05:00+00:00,113468.93,113497.07,113430.9,113440.01,14.89517
2025-08-06 04:10:00+00:00,113440.0,113479.18,113387.81,113389.16,34.23189
2025-08-06 04:15:00+00:00,113389.17,113459.13,113386.89,113436.74,30.99857
2025-08-06 04:20:00+00:00,113436.74,113488.38,113427.02,113478.89,28.13502
2025-08-06 04:25:00+00:00,113478.89,113494.11,113464.2,113464.2,7.11595
2025-08-06 04:30:00+00:00,113464.21,113479.54,113446.23,113467.99,13.383
2025-08-06 04:35:00+00:00,113467.98,113467.99,113355.13,113395.79,13.76509
2025-08-06 04:40:00+00:00,113395.79,113408.67,113384.06,113408.67,18.67141
2025-08-06 04:45:00+00:00,113408.67,113441.14,113373.91,113420.62,9.756920000000001
2025-08-06 04:50:00+00:00,113420.63,113473.78,113420.34,113420.35,23.38295
2025-08-06 04:55:00+00:00,113420.35,113436.9,113409.04,113429.21,30.40232
2025-08-06 05:00:00+00:00,113429.21,113517.58,113384.81,113517.58,22.094289999999997
2025-08-06 05:05:00+00:00,113517.58,113815.94,113517.57,113815.93,77.37931
2025-08-06 05:10:00+00:00,113815.94,113932.19,113815.93,113927.69,41.85856
2025-08-06 05:15:00+00:00,113927.69,114138.78,113906.83,114057.01,75.5165
2025-08-06 05:20:00+00:00,114057.02,114088.46,113810.98,113871.11,33.48934
2025-08-06 05:25:00+00:00,113871.1,113994.67,113829.23,113927.19,23.39679
2025-08-06 05:30:00+00:00,113927.19,114016.56,113927.19,113986.65,19.71673
2025-08-06 05:35:00+00:00,113986.65,114417.02,113971.29,114407.99,141.32493
2025-08-06 05:40:00+00:00,114408.0,114416.0,114221.33,114244.53,68.40377
2025-08-06 05:45:00+00:00,114244.53,114320.0,114184.53,114211.54,35.982820000000004
2025-08-06 05:50:00+00:00,114211.53,114211.54,114117.64,114146.22,41.6995
2025-08-06 05:55:00+00:00,114146.21,114160.03,114137.4,114148.01,21.84303
2025-08-06 06:00:00+00:00,114148.01,114180.0,113986.65,113986.66,21.60516
2025-08-06 06:05:00+00:00,113986.65,114080.0,113933.23,113933.23,30.47848
2025-08-06 06:10:00+00:00,113933.23,114021.55,113933.23,113994.16,17.88421
2025-08-06 06:15:00+00:00,113994.16,114082.54,113944.96,114060.01,23.453989999999997
2025-08-06 06:20:00+00:00,114060.0,114099.58,114051.9,114073.92,17.52779
2025-08-06 06:25:00+00:00,114073.91,114073.91,113933.91,113988.01,25.00034
2025-08-06 06:30:00+00:00,113988.0,114058.54,113938.0,114007.51,27.18526
2025-08-06 06:35:00+00:00,114006.43,114096.28,114006.42,114065.53,18.09279
2025-08-06 06:40:00+00:00,114065.52,114139.75,114057.54,114057.54,25.291
2025-08-06 06:45:00+00:00,114057.55,114200.0,114057.55,114146.72,26.69194
2025-08-06 06:50:00+00:00,114146.72,114171.68,114106.02,114121.86,15.05836
2025-08-06 06:55:00+00:00,114121.86,114121.87,114034.89,114084.93,17.38196
2025-08-06 07:00:00+00:00,114084.92,114137.95,114019.66,114137.95,29.38741
2025-08-06 07:05:00+00:00,114137.95,114139.75,114085.52,114127.57,13.103259999999999
2025-08-06 07:10:00+00:00,114127.56,114290.02,114124.29,114251.91,69.76433999999999
2025-08-06 07:15:00+00:00,114251.91,114251.91,114199.37,114213.99,24.894199999999998
2025-08-06 07:20:00+00:00,114214.0,114249.99,114194.48,114223.97,18.07768
2025-08-06 07:25:00+00:00,114223.97,114300.0,114223.96,114287.78,21.62923
2025-08-06 07:30:00+00:00,114287.78,114287.79,114227.1,114227.11,28.20977
2025-08-06 07:35:00+00:00,114227.11,114266.44,114183.21,114183.21,26.488979999999998
2025-08-06 07:40:00+00:00,114183.22,114183.22,114112.12,114175.0,30.890700000000002
2025-08-06 07:45:00+00:00,114175.0,114199.53,114156.4,114188.12,15.1524
2025-08-06 07:50:00+00:00,114188.12,114245.76,114171.28,114188.84,19.76143
2025-08-06 07:55:00+00:00,114188.84,114243.01,114188.84,114227.91,22.33313
2025-08-06 08:00:00+00:00,114227.9,114250.0,114144.49,114249.99,34.21969
2025-08-06 08:05:00+00:00,114249.99,114250.0,114081.08,114137.21,56.14018
2025-08-06 08:10:00+00:00,114137.22,114137.22,114033.32,114062.0,72.76553000000001
2025-08-06 08:15:00+00:00,114062.0,114079.87,114000.0,114079.32,23.42162
2025-08-06 08:20:00+00:00,114079.31,114088.3,114067.2,114088.0,8.38243
2025-08-06 08:25:00+00:00,114087.99,114132.74,114069.35,114069.35,10.37002
2025-08-06 08:30:00+00:00,114069.36,114069.36,113954.24,113954.24,46.03402
2025-08-06 08:35:00+00:00,113954.25,113954.25,113884.0,113899.32,36.64438
2025-08-06 08:40:00+00:00,113899.21,113911.64,113768.0,113768.0,35.28496
2025-08-06 08:45:00+00:00,113768.01,113857.69,113727.57,113846.44,24.06203
2025-08-06 08:50:00+00:00,113846.44,113937.92,113836.79,113863.98,20.2043
2025-08-06 08:55:00+00:00,113863.99,113965.63,113863.99,113948.22,14.82713
2025-08-06 09:00:00+00:00,113948.23,113960.1,113906.96,113949.99,18.50082
2025-08-06 09:05:00+00:00,113949.99,113984.0,113940.01,113971.68,10.51638
2025-08-06 09:10:00+00:00,113971.69,114181.85,113920.06,114168.57,46.11923
2025-08-06 09:15:00+00:00,114168.58,114368.31,114168.57,114222.62,67.05876
2025-08-06 09:20:00+00:00,114222.62,114233.55,114110.51,114166.02,35.73931
2025-08-06 09:25:00+00:00,114166.02,114180.66,114100.69,114100.69,15.431550000000001
2025-08-06 09:30:00+00:00,114100.69,114113.08,114054.26,114072.44,32.57723
2025-08-06 09:35:00+00:00,114072.45,114072.45,113972.84,113972.84,27.21088
2025-08-06 09:40:00+00:00,113972.84,113992.93,113949.86,113979.99,18.18395
2025-08-06 09:45:00+00:00,113979.99,114034.73,113974.41,114019.23,20.34797
2025-08-06 09:50:00+00:00,114019.23,114151.43,114019.22,114151.42,20.491319999999998
2025-08-06 09:55:00+00:00,114151.43,114151.43,114064.18,114093.15,28.79597
2025-08-06 10:00:00+00:00,114093.15,114226.69,114080.01,114098.01,42.32269
2025-08-06 10:05:00+00:00,114098.01,114132.21,114048.23,114076.63,35.17441
2025-08-06 10:10:00+00:00,114076.63,114131.3,114047.75,114127.34,23.43297
2025-08-06 10:15:00+00:00,114127.34,114223.75,113964.21,113964.21,73.35012
2025-08-06 10:20:00+00:00,113964.21,113971.94,113899.2,113915.99,33.81526
2025-08-06 10:25:00+00:00,113916.0,113974.39,113900.58,113974.39,31.54008
2025-08-06 10:30:00+00:00,113974.38,114064.54,113940.18,114064.53,35.11996
2025-08-06 10:35:00+00:00,114064.54,114098.44,114018.81,114088.94,11.51712
2025-08-06 10:40:00+00:00,114088.94,114143.79,114080.0,114121.14,13.11174
2025-08-06 10:45:00+00:00,114121.14,114133.37,114029.33,114038.05,11.305779999999999
2025-08-06 10:50:00+00:00,114038.05,114063.53,114029.33,114039.01,13.48176
2025-08-06 10:55:00+00:00,114039.0,114067.21,114031.87,114067.2,11.80114
2025-08-06 11:00:00+00:00,114067.2,114133.37,114067.2,114080.07,10.835339999999999
2025-08-06 11:05:00+00:00,114080.08,114138.42,114007.86,114007.86,27.10943
2025-08-06 11:10:00+00:00,114007.87,114139.75,114007.85,114139.74,25.93828
2025-08-06 11:15:00+00:00,114139.74,114215.1,114139.74,114215.09,14.067029999999999
2025-08-06 11:20:00+00:00,114215.09,114242.67,114169.41,114215.1,22.18759
2025-08-06 11:25:00+00:00,114215.09,114242.53,114207.97,114240.7,11.12515
2025-08-06 11:30:00+00:00,114240.71,114404.23,114240.71,114306.39,57.64761
2025-08-06 11:35:00+00:00,114306.39,114350.42,114297.14,114350.41,6.038320000000001
2025-08-06 11:40:00+00:00,114350.41,114350.42,114270.15,114315.08,14.64153
2025-08-06 11:45:00+00:00,114315.08,114315.09,114223.57,114223.57,17.775750000000002
2025-08-06 11:50:00+00:00,114223.57,114223.57,114187.99,114204.99,6.89097
2025-08-06 11:55:00+00:00,114205.0,114226.69,114170.69,114226.69,6.7379500000000005
2025-08-06 12:00:00+00:00,114226.68,114332.88,114226.68,114332.88,61.86145
2025-08-06 12:05:00+00:00,114332.88,114333.59,114245.99,114246.03,12.340580000000001
2025-08-06 12:10:00+00:00,114246.02,114246.02,113933.52,113955.95,26.83104
2025-08-06 12:15:00+00:00,113955.95,114126.27,113809.02,114126.27,43.70667
2025-08-06 12:20:00+00:00,114126.26,114196.0,114111.47,114143.46,21.70816
2025-08-06 12:25:00+00:00,114143.46,114143.46,114064.8,114067.2,16.92214
2025-08-06 12:30:00+00:00,114067.21,114226.69,114060.03,114225.99,24.80294
2025-08-06 12:35:00+00:00,114226.0,114255.0,114188.63,114212.38,16.44638
2025-08-06 12:40:00+00:00,114212.38,114220.0,114060.49,114060.49,18.3908
2025-08-06 12:45:00+00:00,114060.48,114093.72,114000.0,114000.01,20.99782
2025-08-06 12:50:00+00:00,114000.0,114000.0,113919.33,113937.48,21.36862
2025-08-06 12:55:00+00:00,113937.48,113959.48,113884.51,113914.31,20.69328
2025-08-06 13:00:00+00:00,113914.31,114026.06,113914.31,113934.73,16.71634
2025-08-06 13:05:00+00:00,113934.73,113934.73,113852.99,113870.0,14.73423
2025-08-06 13:10:00+00:00,113869.99,113893.51,113825.84,113893.51,28.581
2025-08-06 13:15:00+00:00,113893.5,113893.51,113835.44,113860.01,23.21304
2025-08-06 13:20:00+00:00,113860.01,113958.82,113850.59,113932.25,29.29017
2025-08-06 13:25:00+00:00,113932.24,113952.69,113864.57,113904.0,16.04919
2025-08-06 13:30:00+00:00,113906.8,114117.87,113827.52,113978.7,48.16396
2025-08-06 13:35:00+00:00,113978.69,114048.0,113579.9,114048.0,116.22128
2025-08-06 13:40:00+00:00,114047.99,114208.0,114013.75,114171.0,90.92296999999999
2025-08-06 13:45:00+00:00,114171.0,114390.88,114008.47,114167.68,150.15134999999998
2025-08-06 13:50:00+00:00,114167.68,114302.3,113903.66,114301.11,73.99465000000001
2025-08-06 13:55:00+00:00,114301.11,114328.06,114150.09,114270.09,63.156819999999996
2025-08-06 14:00:00+00:00,114270.09,114488.46,114236.03,114334.81,110.9761
2025-08-06 14:05:00+00:00,114334.81,114500.0,114295.45,114408.64,70.31031
2025-08-06 14:10:00+00:00,114408.63,114408.64,114248.01,114250.67,34.79917
2025-08-06 14:15:00+00:00,114250.66,114298.62,114088.59,114258.05,48.95955
2025-08-06 14:20:00+00:00,114258.05,114332.32,113946.0,113955.46,49.72502
2025-08-06 14:25:00+00:00,113955.47,114094.4,113869.88,114094.39,52.59479
2025-08-06 14:30:00+00:00,114094.39,114226.76,114020.0,114226.76,40.60969
2025-08-06 14:35:00+00:00,114226.75,114309.21,114201.55,114230.3,36.5112
2025-08-06 14:40:00+00:00,114226.68,114367.79,114177.4,114300.96,38.41568
2025-08-06 14:45:00+00:00,114300.95,114374.43,114249.04,114286.12,30.78047
2025-08-06 14:50:00+00:00,114286.13,114444.0,114157.96,114443.99,58.913309999999996
2025-08-06 14:55:00+00:00,114443.99,115200.0,114435.7,115187.96,469.07366
2025-08-06 15:00:00+00:00,115187.96,115300.0,114977.45,114987.93,251.2261
2025-08-06 15:05:00+00:00,114987.93,114987.93,114832.38,114955.28,206.38508
2025-08-06 15:10:00+00:00,114955.27,115052.0,114848.0,115030.0,73.05812
2025-08-06 15:15:00+00:00,115030.0,115080.36,114923.66,115052.61,88.37147
2025-08-06 15:20:00+00:00,115052.61,115069.87,114913.88,114919.53,62.19697
2025-08-06 15:25:00+00:00,114919.54,115000.0,114873.57,114947.89,43.8124
2025-08-06 15:30:00+00:00,114947.9,115271.08,114935.26,115271.07,116.48659
2025-08-06 15:35:00+00:00,115271.07,115345.0,115231.47,115248.0,285.34298
2025-08-06 15:40:00+00:00,115248.0,115253.28,115117.74,115205.19,73.98549
2025-08-06 15:45:00+00:00,115205.18,115244.17,115124.79,115139.56,50.91335
2025-08-06 15:50:00+00:00,115139.56,115333.65,115137.56,115324.99,47.5174
2025-08-06 15:55:00+00:00,115324.99,115515.09,115324.99,115413.87,191.45035000000001
2025-08-06 16:00:00+00:00,115413.87,115471.61,115328.37,115426.05,88.61107
2025-08-06 16:05:00+00:00,115426.04,115477.06,115345.73,115374.75,56.32804
2025-08-06 16:10:00+00:00,115374.75,115374.75,115128.79,115204.77,107.05846
2025-08-06 16:15:00+00:00,115204.76,115268.89,115179.96,115200.0,86.5206
2025-08-06 16:20:00+00:00,115200.0,115200.0,115046.01,115116.09,90.60251
2025-08-06 16:25:00+00:00,115116.09,115199.0,115100.09,115128.91,40.13642
2025-08-06 16:30:00+00:00,115128.92,115200.0,115111.0,115181.05,25.9163
2025-08-06 16:35:00+00:00,115181.06,115181.06,115057.02,115102.05,28.185290000000002
2025-08-06 16:40:00+00:00,115102.05,115119.99,114948.56,114955.11,25.107509999999998
2025-08-06 16:45:00+00:00,114955.1,115100.0,114942.18,115081.86,45.811589999999995
2025-08-06 16:50:00+00:00,115081.85,115167.58,115038.89,115134.62,26.12582
2025-08-06 16:55:00+00:00,115134.61,115154.65,115095.7,115132.49,21.98498
2025-08-06 17:00:00+00:00,115132.49,115179.65,115095.7,115131.02,23.18076
2025-08-06 17:05:00+00:00,115131.01,115131.02,115024.0,115105.99,17.40397
2025-08-06 17:10:00+00:00,115106.0,115153.25,115068.87,115153.24,11.10075
2025-08-06 17:15:00+00:00,115153.25,115209.91,115153.24,115209.91,38.0633
2025-08-06 17:20:00+00:00,115209.91,115269.36,115195.05,115238.49,24.32199
2025-08-06 17:25:00+00:00,115238.5,115360.38,115216.29,115360.0,109.34302
2025-08-06 17:30:00+00:00,115360.0,115360.01,115231.16,115297.8,29.21794
2025-08-06 17:35:00+00:00,115297.81,115370.55,115297.8,115370.55,12.93346
2025-08-06 17:40:00+00:00,115370.55,115460.71,115362.01,115460.71,32.83113
2025-08-06 17:45:00+00:00,115460.7,115514.28,115426.15,115458.12,57.32591
2025-08-06 17:50:00+00:00,115458.12,115492.85,115389.34,115433.37,24.26602
2025-08-06 17:55:00+00:00,115433.37,115500.02,115433.36,115500.0,12.99384
2025-08-06 18:00:00+00:00,115500.0,115661.21,115500.0,115661.21,114.76527
2025-08-06 18:05:00+00:00,115661.21,115661.21,115548.72,115640.36,35.171659999999996
2025-08-06 18:10:00+00:00,115640.36,115692.52,115568.07,115692.37,30.913449999999997
2025-08-06 18:15:00+00:00,115692.38,115716.0,115645.59,115645.6,54.87054
2025-08-06 18:20:00+00:00,115645.6,115645.6,115473.75,115474.08,49.61862
2025-08-06 18:25:00+00:00,115474.07,115500.0,115426.65,115426.66,48.03504
2025-08-06 18:30:00+00:00,115426.66,115536.0,115418.27,115536.0,30.98574
2025-08-06 18:35:00+00:00,115536.0,115573.2,115427.81,115427.82,18.34156
2025-08-06 18:40:00+00:00,115427.82,115447.14,115301.27,115327.76,42.78787
2025-08-06 18:45:00+00:00,115327.76,115375.26,115306.14,115334.36,21.795920000000002
2025-08-06 18:50:00+00:00,115334.37,115423.55,115329.6,115359.77,16.591359999999998
2025-08-06 18:55:00+00:00,115359.77,115479.46,115359.77,115423.22,15.46579
2025-08-06 19:00:00+00:00,115423.23,115508.0,115414.34,115508.0,8.80828
2025-08-06 19:05:00+00:00,115508.0,115525.48,115389.49,115394.5,23.84312
2025-08-06 19:10:00+00:00,115394.49,115426.16,115345.2,115408.89,18.91904
2025-08-06 19:15:00+00:00,115408.89,115462.13,115388.14,115450.98,8.74649
2025-08-06 19:20:00+00:00,115450.98,115480.0,115388.62,115480.0,15.05602
2025-08-06 19:25:00+00:00,115479.99,115480.0,115406.08,115406.08,11.07129
2025-08-06 19:30:00+00:00,115406.09,115406.09,115286.91,115286.92,18.61371
2025-08-06 19:35:00+00:00,115286.92,115321.62,115284.06,115310.24,9.74633
2025-08-06 19:40:00+00:00,115310.25,115310.25,115265.73,115272.63,13.121269999999999
2025-08-06 19:45:00+00:00,115272.63,115298.19,115187.0,115214.8,25.396220000000003
2025-08-06 19:50:00+00:00,115214.79,115214.79,115140.26,115165.88,40.03108
2025-08-06 19:55:00+00:00,115165.88,115260.0,115118.8,115259.99,19.89274
2025-08-06 20:00:00+00:00,115260.0,115260.0,115181.66,115181.67,14.238010000000001
2025-08-06 20:05:00+00:00,115181.67,115260.0,115154.99,115236.4,21.367910000000002
2025-08-06 20:10:00+00:00,115236.39,115236.4,115200.0,115219.19,31.29928
2025-08-06 20:15:00+00:00,115219.19,115231.0,115219.17,115231.0,3.4724500000000003
2025-08-06 20:20:00+00:00,115231.0,115231.0,115219.17,115219.17,2.83019
2025-08-06 20:25:00+00:00,115219.17,115219.18,115188.48,115188.49,5.8331
2025-08-06 20:30:00+00:00,115188.48,115188.49,115062.44,115075.06,39.505990000000004
2025-08-06 20:35:00+00:00,115075.06,115087.66,114987.68,115007.48,55.08801
2025-08-06 20:40:00+00:00,115007.48,115055.46,115007.47,115055.45,8.59629
2025-08-06 20:45:00+00:00,115055.45,115057.5,115030.31,115057.49,8.53204
2025-08-06 20:50:00+00:00,115057.5,115100.0,115057.49,115099.99,6.11702
2025-08-06 20:55:00+00:00,115100.0,115100.0,115045.64,115045.64,13.62542
2025-08-06 21:00:00+00:00,115045.65,115098.71,115029.93,115098.7,14.592039999999999
2025-08-06 21:05:00+00:00,115098.69,115148.11,115098.69,115148.1,7.45217
2025-08-06 21:10:00+00:00,115148.1,115219.69,115140.46,115219.68,14.99251
2025-08-06 21:15:00+00:00,115219.69,115221.14,115185.56,115203.11,18.022019999999998
2025-08-06 21:20:00+00:00,115203.12,115203.12,115181.67,115181.67,17.772489999999998
2025-08-06 21:25:00+00:00,115181.67,115181.68,115136.32,115136.32,20.493100000000002
2025-08-06 21:30:00+00:00,115136.32,115136.33,114982.33,115016.0,24.24733
2025-08-06 21:35:00+00:00,115016.0,115016.0,114887.0,114887.0,11.08982
2025-08-06 21:40:00+00:00,114887.0,114911.71,114793.01,114911.71,21.210240000000002
2025-08-06 21:45:00+00:00,114911.71,114977.99,114911.7,114977.98,9.49043
2025-08-06 21:50:00+00:00,114977.99,115046.43,114977.98,115037.76,9.54975
2025-08-06 21:55:00+00:00,115037.77,115048.78,114997.01,115048.78,16.74867
2025-08-06 22:00:00+00:00,115048.77,115141.18,115048.77,115136.96,27.60844
2025-08-06 22:05:00+00:00,115136.96,115210.95,115136.96,115188.86,15.2571
2025-08-06 22:10:00+00:00,115188.86,115188.86,115120.02,115155.22,15.6994
2025-08-06 22:15:00+00:00,115155.22,115177.9,115060.64,115060.65,15.634540000000001
2025-08-06 22:20:00+00:00,115060.65,115096.09,115048.77,115096.08,5.86688
2025-08-06 22:25:00+00:00,115096.08,115131.02,115096.08,115100.16,15.58891
2025-08-06 22:30:00+00:00,115100.17,115171.67,115100.16,115142.26,19.32805
2025-08-06 22:35:00+00:00,115142.26,115142.27,115061.39,115061.39,17.75991
2025-08-06 22:40:00+00:00,115061.4,115061.4,115039.14,115059.99,10.89679
2025-08-06 22:45:00+00:00,115060.0,115168.36,115059.99,115140.01,8.63233
2025-08-06 22:50:00+00:00,115140.01,115150.0,115118.76,115118.77,9.78879
2025-08-06 22:55:00+00:00,115118.77,115118.77,115106.66,115106.67,3.20398
2025-08-06 23:00:00+00:00,115106.66,115122.34,115037.39,115037.39,15.215010000000001
2025-08-06 23:05:00+00:00,115037.39,115060.0,115032.0,115059.99,6.06708
2025-08-06 23:10:00+00:00,115060.0,115060.0,115059.99,115059.99,4.8905
2025-08-06 23:15:00+00:00,115060.0,115076.75,115006.31,115006.31,11.0354
2025-08-06 23:20:00+00:00,115006.32,115025.28,114972.94,115009.14,20.13119
2025-08-06 23:25:00+00:00,115009.14,115009.15,115002.47,115002.47,4.12428
2025-08-06 23:30:00+00:00,115002.47,115035.27,115000.58,115003.1,15.33981
2025-08-06 23:35:00+00:00,115003.11,115003.11,114968.53,114976.3,40.510760000000005
2025-08-06 23:40:00+00:00,114976.3,114976.31,114976.29,114976.3,8.86796
2025-08-06 23:45:00+00:00,114976.29,115023.14,114976.29,114999.0,11.04081
2025-08-06 23:50:00+00:00,114999.01,115027.59,114963.2,114980.76,29.943209999999997
2025-08-06 23:55:00+00:00,114980.76,114992.27,114980.76,114992.27,16.05056
2025-08-07 00:00:00+00:00,114992.27,114992.27,114948.34,114948.35,15.43922
2025-08-07 00:05:00+00:00,114948.35,114948.35,114903.24,114903.25,19.43352
2025-08-07 00:10:00+00:00,114903.24,114941.68,114903.24,114941.67,15.427480000000001
2025-08-07 00:15:00+00:00,114941.68,114941.68,114910.36,114910.36,8.70412
2025-08-07 00:20:00+00:00,114910.36,114910.37,114866.27,114881.99,18.278579999999998
2025-08-07 00:25:00+00:00,114881.99,114938.8,114881.99,114938.8,8.710830000000001
2025-08-07 00:30:00+00:00,114938.8,115015.82,114938.79,115004.58,25.73377
2025-08-07 00:35:00+00:00,115004.57,115004.58,114932.3,114932.31,10.357790000000001
2025-08-07 00:40:00+00:00,114932.3,114932.31,114915.23,114915.24,6.22708
2025-08-07 00:45:00+00:00,114915.24,114915.24,114856.15,114856.16,12.376439999999999
2025-08-07 00:50:00+00:00,114856.16,114920.0,114856.16,114894.19,15.778419999999999
2025-08-07 00:55:00+00:00,114894.19,114894.19,114887.75,114890.65,6.90662
2025-08-07 01:00:00+00:00,114890.66,114901.33,114873.43,114894.65,13.403229999999999
2025-08-07 01:05:00+00:00,114894.66,114918.17,114880.0,114900.0,11.20608
2025-08-07 01:10:00+00:00,114899.99,114929.57,114899.99,114929.56,8.21949
2025-08-07 01:15:00+00:00,114929.57,114979.06,114917.73,114972.02,13.094619999999999
2025-08-07 01:20:00+00:00,114972.01,115063.99,114972.01,115060.02,12.132100000000001
2025-08-07 01:25:00+00:00,115060.01,115181.68,115060.01,115153.41,44.29329
2025-08-07 01:30:00+00:00,115153.41,115185.58,115083.0,115083.0,27.52577
2025-08-07 01:35:00+00:00,115083.0,115083.01,115020.32,115046.65,15.05457
2025-08-07 01:40:00+00:00,115046.65,115050.01,115015.81,115018.96,19.153669999999998
2025-08-07 01:45:00+00:00,115018.96,115018.97,114960.68,114960.69,11.45375
2025-08-07 01:50:00+00:00,114960.69,114982.85,114828.38,114836.03,53.291650000000004
2025-08-07 01:55:00+00:00,114836.02,114836.03,114580.53,114763.46,175.77899000000002
2025-08-07 02:00:00+00:00,114763.47,114763.47,114674.92,114674.92,147.72111999999998
2025-08-07 02:05:00+00:00,114674.92,114827.95,114639.12,114798.0,36.67473
2025-08-07 02:10:00+00:00,114798.01,114830.39,114785.41,114830.39,11.83185
2025-08-07 02:15:00+00:00,114830.38,114859.0,114819.31,114838.0,24.31231
2025-08-07 02:20:00+00:00,114838.0,114838.0,114769.71,114769.71,19.15354
2025-08-07 02:25:00+00:00,114769.71,114796.13,114767.01,114796.1,11.1463
2025-08-07 02:30:00+00:00,114796.1,114796.11,114667.04,114707.83,35.79232
2025-08-07 02:35:00+00:00,114707.82,114756.74,114698.14,114698.14,12.95993
2025-08-07 02:40:00+00:00,114698.14,114698.15,114592.0,114592.0,22.01753
2025-08-07 02:45:00+00:00,114592.01,114611.52,114556.37,114599.52,27.329659999999997
2025-08-07 02:50:00+00:00,114599.52,114599.52,114404.22,114474.19,56.492549999999994
2025-08-07 02:55:00+00:00,114474.19,114582.92,114474.19,114565.28,46.76225
2025-08-07 03:00:00+00:00,114564.76,114564.76,114506.91,114506.92,13.884640000000001
2025-08-07 03:05:00+00:00,114506.92,114523.99,114476.61,114491.07,13.00689
2025-08-07 03:10:00+00:00,114491.07,114515.01,114452.0,114452.01,8.84167
2025-08-07 03:15:00+00:00,114452.0,114511.89,114452.0,114465.84,17.61632
2025-08-07 03:20:00+00:00,114465.84,114472.47,114404.7,114472.47,14.55416
2025-08-07 03:25:00+00:00,114472.47,114505.3,114472.46,114505.3,15.28913
2025-08-07 03:30:00+00:00,114505.29,114573.79,114505.29,114534.28,10.50272
2025-08-07 03:35:00+00:00,114534.28,114572.55,114531.95,114572.54,11.575050000000001
2025-08-07 03:40:00+00:00,114572.54,114572.55,114558.13,114570.41,17.43677
2025-08-07 03:45:00+00:00,114570.4,114624.3,114556.36,114606.46,30.716079999999998
2025-08-07 03:50:00+00:00,114606.45,114606.46,114560.13,114560.14,8.598090000000001
2025-08-07 03:55:00+00:00,114560.14,114560.14,114544.37,114546.03,10.71764
2025-08-07 04:00:00+00:00,114546.03,114572.54,114506.15,114572.54,25.0345
2025-08-07 04:05:00+00:00,114572.54,114648.0,114572.53,114648.0,17.05084
2025-08-07 04:10:00+00:00,114648.0,114648.0,114578.61,114578.61,8.75595
2025-08-07 04:15:00+00:00,114578.61,114578.61,114556.19,114556.19,9.34567
2025-08-07 04:20:00+00:00,114556.2,114618.14,114556.19,114601.37,31.88865
2025-08-07 04:25:00+00:00,114601.38,114601.38,114549.64,114549.65,10.92187
2025-08-07 04:30:00+00:00,114549.64,114549.65,114460.0,114460.0,32.15907
2025-08-07 04:35:00+00:00,114460.0,114460.01,114400.0,114441.02,30.347459999999998
2025-08-07 04:40:00+00:00,114441.01,114441.02,114426.15,114434.01,21.73254
2025-08-07 04:45:00+00:00,114434.01,114434.01,114390.24,114390.25,17.73369
2025-08-07 04:50:00+00:00,114390.24,114390.24,114281.16,114281.17,31.98638
2025-08-07 04:55:00+00:00,114281.17,114372.0,114259.0,114349.58,33.108670000000004
2025-08-07 05:00:00+00:00,114349.58,114349.58,114295.45,114319.13,73.59621
2025-08-07 05:05:00+00:00,114319.13,114337.99,114278.02,114308.7,27.32336
2025-08-07 05:10:00+00:00,114308.71,114350.05,114308.7,114343.99,31.302979999999998
2025-08-07 05:15:00+00:00,114344.0,114369.03,114343.99,114369.03,15.06066
2025-08-07 05:20:00+00:00,114369.02,114520.55,114369.02,114499.47,40.19133
2025-08-07 05:25:00+00:00,114499.46,114499.46,114432.0,114463.91,15.89796
2025-08-07 05:30:00+00:00,114463.9,114526.58,114463.9,114492.23,18.99669
2025-08-07 05:35:00+00:00,114492.23,114526.57,114486.4,114510.51,31.291710000000002
2025-08-07 05:40:00+00:00,114510.51,114521.39,114486.61,114521.39,20.69164
2025-08-07 05:45:00+00:00,114521.39,114555.57,114492.3,114543.21,37.46942
2025-08-07 05:50:00+00:00,114543.21,114543.21,114459.16,114513.0,39.69454
2025-08-07 05:55:00+00:00,114513.0,114568.74,114500.26,114568.73,52.75774
2025-08-07 06:00:00+00:00,114568.74,114632.23,114531.23,114600.0,60.002039999999994
2025-08-07 06:05:00+00:00,114600.01,114649.2,114562.51,114649.2,28.10951
2025-08-07 06:10:00+00:00,114649.2,114714.37,114620.0,114677.88,38.48619
2025-08-07 06:15:00+00:00,114677.89,114677.89,114603.83,114675.12,21.94974
2025-08-07 06:20:00+00:00,114675.11,114675.12,114584.75,114651.29,34.90358
2025-08-07 06:25:00+00:00,114651.3,114651.3,114570.0,114570.0,5.636229999999999
2025-08-07 06:30:00+00:00,114570.0,114580.0,114511.96,114570.01,40.23928
2025-08-07 06:35:00+00:00,114570.01,114570.01,114536.01,114545.99,7.26216
2025-08-07 06:40:00+00:00,114546.0,114574.07,114545.99,114572.0,8.26695
2025-08-07 06:45:00+00:00,114572.0,114784.0,114571.99,114756.29,82.7915
2025-08-07 06:50:00+00:00,114756.28,114756.29,114702.01,114702.01,43.61481
2025-08-07 06:55:00+00:00,114702.01,114702.02,114647.68,114650.01,15.99017
2025-08-07 07:00:00+00:00,114650.01,114771.54,114640.03,114771.53,32.93176
2025-08-07 07:05:00+00:00,114771.53,114771.54,114732.65,114769.83,17.88142
2025-08-07 07:10:00+00:00,114770.08,114790.43,114748.32,114790.43,10.836829999999999
2025-08-07 07:15:00+00:00,114790.43,114811.96,114760.0,114811.96,28.57574
2025-08-07 07:20:00+00:00,114811.96,114876.79,114791.79,114876.65,29.6098
2025-08-07 07:25:00+00:00,114876.65,114876.65,114781.89,114835.24,19.33994
2025-08-07 07:30:00+00:00,114835.23,114835.24,114790.0,114790.0,17.56836
2025-08-07 07:35:00+00:00,114790.01,114790.01,114763.86,114769.68,12.14287
2025-08-07 07:40:00+00:00,114769.68,114787.99,114736.25,114736.26,11.41765
2025-08-07 07:45:00+00:00,114736.25,114787.99,114736.25,114755.01,16.22869
2025-08-07 07:50:00+00:00,114755.0,114787.99,114755.0,114786.06,18.77234
2025-08-07 07:55:00+00:00,114786.07,114787.99,114782.0,114787.99,14.06406
2025-08-07 08:00:00+00:00,114787.99,114999.0,114787.98,114988.54,80.50184
2025-08-07 08:05:00+00:00,114988.53,114988.53,114909.98,114942.73,27.60592
2025-08-07 08:10:00+00:00,114942.72,114975.19,114913.46,114950.84,19.677889999999998
2025-08-07 08:15:00+00:00,114950.84,115029.71,114931.56,115029.7,29.515320000000003
2025-08-07 08:20:00+00:00,115029.7,115138.32,115024.01,115121.04,48.290729999999996
2025-08-07 08:25:00+00:00,115121.05,115179.99,115089.12,115146.03,13.81468
2025-08-07 08:30:00+00:00,115146.03,115146.03,115029.7,115029.71,15.7675
2025-08-07 08:35:00+00:00,115029.71,115077.42,115015.81,115023.59,14.75173
2025-08-07 08:40:00+00:00,115023.59,115042.37,115000.0,115042.36,13.769269999999999
2025-08-07 08:45:00+00:00,115042.36,115058.2,115001.47,115001.48,10.028920000000001
2025-08-07 08:50:00+00:00,115001.47,115028.48,115000.0,115020.93,9.83629
2025-08-07 08:55:00+00:00,115020.92,115040.0,114948.73,114948.74,19.06181
2025-08-07 09:00:00+00:00,114948.74,115020.0,114927.96,115019.99,14.86961
2025-08-07 09:05:00+00:00,115020.0,115040.8,114973.14,114973.14,19.437939999999998
2025-08-07 09:10:00+00:00,114973.15,114973.15,114879.8,114910.17,12.66366
2025-08-07 09:15:00+00:00,114910.18,114913.99,114844.78,114892.78,24.20928
2025-08-07 09:20:00+00:00,114892.77,114966.62,114892.77,114942.28,24.388150000000003
2025-08-07 09:25:00+00:00,114942.28,115023.68,114942.27,115023.67,21.91182
2025-08-07 09:30:00+00:00,115023.67,115023.68,114938.81,114938.82,19.64879
2025-08-07 09:35:00+00:00,114938.81,114971.89,114900.0,114900.01,19.85491
2025-08-07 09:40:00+00:00,114900.01,115008.48,114900.0,115007.43,15.406310000000001
2025-08-07 09:45:00+00:00,115007.42,115041.22,114980.0,114980.0,15.093069999999999
2025-08-07 09:50:00+00:00,114980.01,115043.32,114980.0,115009.85,9.1949
2025-08-07 09:55:00+00:00,115009.86,115077.37,114993.59,115062.19,20.26465
2025-08-07 10:00:00+00:00,115062.19,115463.0,115038.06,115462.99,124.4866
2025-08-07 10:05:00+00:00,115462.99,115470.0,115294.72,115439.12,123.15087999999999
2025-08-07 10:10:00+00:00,115439.11,115566.78,115360.79,115500.01,105.06421
2025-08-07 10:15:00+00:00,115500.0,115667.56,115470.42,115660.01,273.01342999999997
2025-08-07 10:20:00+00:00,115660.01,115660.01,115550.0,115593.66,79.71446
2025-08-07 10:25:00+00:00,115593.66,115872.77,115593.65,115867.99,264.27012
2025-08-07 10:30:00+00:00,115868.0,116115.0,115839.71,116114.99,300.35897
2025-08-07 10:35:00+00:00,116115.0,116297.0,115971.99,116297.0,156.75516
2025-08-07 10:40:00+00:00,116296.99,116384.49,116296.99,116384.49,119.80162
2025-08-07 10:45:00+00:00,116384.48,116410.66,116249.49,116280.0,99.71638
2025-08-07 10:50:00+00:00,116279.99,116383.37,116257.79,116374.99,121.34132000000001
2025-08-07 10:55:00+00:00,116374.99,116430.01,116346.79,116347.22,145.01571
2025-08-07 11:00:00+00:00,116347.23,116460.01,116347.23,116452.01,129.92031
2025-08-07 11:05:00+00:00,116452.01,116461.65,116377.08,116435.54,57.79435
2025-08-07 11:10:00+00:00,116435.54,116496.6,116435.52,116482.42,103.57016
2025-08-07 11:15:00+00:00,116482.42,116678.88,116423.28,116647.01,140.02846
2025-08-07 11:20:00+00:00,116647.01,116690.5,116540.0,116690.5,75.36363
2025-08-07 11:25:00+00:00,116690.49,116828.93,116666.0,116828.29,205.28521
2025-08-07 11:30:00+00:00,116828.3,116828.3,116534.01,116561.8,183.86296
2025-08-07 11:35:00+00:00,116561.79,116630.0,116561.79,116603.34,55.91524
2025-08-07 11:40:00+00:00,116603.34,116676.35,116551.0,116650.75,50.14309
2025-08-07 11:45:00+00:00,116650.74,116730.01,116644.69,116730.0,71.07441
2025-08-07 11:50:00+00:00,116730.0,116812.8,116650.0,116650.01,127.083
2025-08-07 11:55:00+00:00,116650.0,116650.01,116516.0,116519.53,65.81418
2025-08-07 12:00:00+00:00,116519.54,116588.02,116438.27,116440.0,123.10338
2025-08-07 12:05:00+00:00,116440.01,116448.36,116311.32,116316.67,126.53281
2025-08-07 12:10:00+00:00,116316.67,116316.68,116270.36,116283.1,55.42635
2025-08-07 12:15:00+00:00,116283.1,116340.0,116257.65,116257.66,123.56723000000001
2025-08-07 12:20:00+00:00,116257.66,116328.31,116257.65,116299.99,28.95553
2025-08-07 12:25:00+00:00,116300.0,116442.87,116299.99,116392.03,42.88313
2025-08-07 12:30:00+00:00,116392.02,116400.0,116327.75,116342.24,53.10103
2025-08-07 12:35:00+00:00,116342.25,116468.0,116342.24,116429.32,24.734289999999998
2025-08-07 12:40:00+00:00,116429.32,116446.57,116238.99,116249.96,64.59703
2025-08-07 12:45:00+00:00,116249.96,116263.99,116035.84,116054.0,82.92528
2025-08-07 12:50:00+00:00,116054.0,116363.76,116042.38,116363.76,48.82989
2025-08-07 12:55:00+00:00,116363.77,116411.06,116317.34,116390.0,22.40575
2025-08-07 13:00:00+00:00,116390.01,116424.73,116302.81,116312.39,38.38102
2025-08-07 13:05:00+00:00,116312.4,116356.0,116248.0,116248.01,21.51959
2025-08-07 13:10:00+00:00,116248.01,116282.69,116238.99,116244.17,17.321849999999998
2025-08-07 13:15:00+00:00,116244.16,116320.0,116200.0,116269.17,25.99999
2025-08-07 13:20:00+00:00,116269.16,116340.93,116269.16,116311.26,23.368920000000003
2025-08-07 13:25:00+00:00,116311.26,116442.87,116311.26,116400.0,34.47068
2025-08-07 13:30:00+00:00,116400.0,116514.98,116332.02,116500.0,114.27355
2025-08-07 13:35:00+00:00,116500.0,116723.57,116475.45,116723.57,123.1655
2025-08-07 13:40:00+00:00,116723.57,116741.05,116490.17,116610.94,103.59074
2025-08-07 13:45:00+00:00,116610.93,116610.93,116417.24,116564.0,72.59162
2025-08-07 13:50:00+00:00,116563.99,116680.0,116518.15,116610.93,36.187290000000004
2025-08-07 13:55:00+00:00,116610.93,116696.42,116511.71,116640.0,58.11948
2025-08-07 14:00:00+00:00,116640.01,116680.0,116500.11,116500.11,50.27577
2025-08-07 14:05:00+00:00,116500.12,116540.0,116317.45,116317.46,52.77707
2025-08-07 14:10:00+00:00,116317.46,116360.0,116223.45,116272.45,58.89915
2025-08-07 14:15:00+00:00,116272.45,116474.63,116272.44,116433.79,65.06028
2025-08-07 14:20:00+00:00,116433.79,116474.62,116304.26,116304.26,37.75495
2025-08-07 14:25:00+00:00,116304.25,116413.22,116304.25,116350.0,21.68487
2025-08-07 14:30:00+00:00,116350.01,116394.53,116204.32,116394.52,88.42373
2025-08-07 14:35:00+00:00,116394.52,116656.0,116388.0,116630.23,104.63089
2025-08-07 14:40:00+00:00,116630.23,116630.23,116397.45,116449.85,122.404
2025-08-07 14:45:00+00:00,116449.85,116498.22,116296.13,116374.29,98.68722
2025-08-07 14:50:00+00:00,116374.3,116477.07,116330.83,116410.09,58.113189999999996
2025-08-07 14:55:00+00:00,116410.08,116410.09,116261.14,116363.16,34.77233
2025-08-07 15:00:00+00:00,116363.16,116432.1,116240.0,116251.39,48.48149
2025-08-07 15:05:00+00:00,116251.4,116420.0,116251.39,116420.0,30.04343
2025-08-07 15:10:00+00:00,116420.0,116488.01,116376.25,116403.65,28.370449999999998
2025-08-07 15:15:00+00:00,116403.66,116549.43,116350.0,116537.09,35.64114
2025-08-07 15:20:00+00:00,116537.08,116590.53,116498.76,116590.52,38.31856
2025-08-07 15:25:00+00:00,116590.52,116601.16,116425.91,116535.79,35.86662
2025-08-07 15:30:00+00:00,116535.79,116625.26,116532.6,116588.64,63.64939
2025-08-07 15:35:00+00:00,116588.64,116605.85,116511.76,116567.99,26.66228
2025-08-07 15:40:00+00:00,116568.0,116750.0,116567.99,116749.99,44.907129999999995
2025-08-07 15:45:00+00:00,116749.99,116764.2,116588.47,116603.27,60.77397
2025-08-07 15:50:00+00:00,116603.28,116758.34,116600.51,116730.6,24.011699999999998
2025-08-07 15:55:00+00:00,116730.59,116791.11,116689.8,116689.81,50.47023
2025-08-07 16:00:00+00:00,116689.8,116719.17,116622.3,116659.42,47.27919
2025-08-07 16:05:00+00:00,116659.42,116728.0,116629.55,116629.55,25.96068
2025-08-07 16:10:00+00:00,116629.55,116679.0,116512.67,116646.81,33.22856
2025-08-07 16:15:00+00:00,116646.82,116646.82,116544.98,116578.71,86.20261
2025-08-07 16:20:00+00:00,116578.71,116709.07,116578.71,116709.06,49.29752
2025-08-07 16:25:00+00:00,116709.06,116748.66,116679.87,116679.87,85.72773
2025-08-07 16:30:00+00:00,116679.87,116715.99,116646.72,116715.99,26.1532
2025-08-07 16:35:00+00:00,116715.99,116715.99,116522.9,116528.84,41.42233
2025-08-07 16:40:00+00:00,116528.84,116528.84,116100.0,116100.01,72.57801
2025-08-07 16:45:00+00:00,116100.01,116115.89,115632.31,116084.89,192.01197000000002
2025-08-07 16:50:00+00:00,116084.89,116310.68,116021.1,116194.55,72.70737
2025-08-07 16:55:00+00:00,116194.56,116300.0,116179.41,116259.24,35.30794
2025-08-07 17:00:00+00:00,116259.24,116333.05,116167.12,116226.55,53.65683
2025-08-07 17:05:00+00:00,116226.55,116295.67,116120.0,116205.7,70.51903
2025-08-07 17:10:00+00:00,116205.69,116455.88,116157.49,116393.12,38.30491
2025-08-07 17:15:00+00:00,116393.11,116489.99,116351.51,116404.0,30.64752
2025-08-07 17:20:00+00:00,116404.01,116529.64,116400.0,116529.63,45.57347
2025-08-07 17:25:00+00:00,116529.63,116560.0,116398.83,116398.83,87.54031
2025-08-07 17:30:00+00:00,116398.82,116489.26,116369.98,116380.01,27.2532
2025-08-07 17:35:00+00:00,116380.01,116395.0,116196.8,116283.57,36.43251
2025-08-07 17:40:00+00:00,116283.57,116439.92,116283.57,116390.27,24.349140000000002
2025-08-07 17:45:00+00:00,116390.26,116454.0,116352.91,116435.2,25.32656
2025-08-07 17:50:00+00:00,116435.2,116477.57,116362.4,116477.57,34.47885
2025-08-07 17:55:00+00:00,116477.75,116544.8,116443.5,116511.54,30.98163
2025-08-07 18:00:00+00:00,116511.55,116543.83,116403.77,116406.83,72.61758999999999
2025-08-07 18:05:00+00:00,116406.83,116469.91,116397.17,116414.0,24.89878
2025-08-07 18:10:00+00:00,116414.01,116414.01,116158.64,116217.16,90.58223
2025-08-07 18:15:00+00:00,116217.15,116258.7,116123.72,116202.26,55.59653
2025-08-07 18:20:00+00:00,116202.26,116272.17,116202.25,116260.99,13.80955
2025-08-07 18:25:00+00:00,116261.0,116381.33,116260.99,116346.78,15.885110000000001
2025-08-07 18:30:00+00:00,116346.78,116370.06,116259.43,116286.6,21.719540000000002
2025-08-07 18:35:00+00:00,116286.61,116336.35,116251.09,116317.97,15.932
2025-08-07 18:40:00+00:00,116317.97,116317.98,116274.3,116274.3,8.86139
2025-08-07 18:45:00+00:00,116274.31,116300.0,116248.27,116299.99,12.20717
2025-08-07 18:50:00+00:00,116300.0,116440.0,116296.63,116439.99,63.725590000000004
2025-08-07 18:55:00+00:00,116439.99,116573.36,116439.99,116561.05,26.23273
2025-08-07 19:00:00+00:00,116561.05,116641.26,116557.46,116627.51,34.75785
2025-08-07 19:05:00+00:00,116627.51,116627.52,116515.69,116580.0,24.5555
2025-08-07 19:10:00+00:00,116579.99,116580.0,116488.0,116550.12,17.25443
2025-08-07 19:15:00+00:00,116550.12,116589.34,116500.0,116573.34,19.1294
2025-08-07 19:20:00+00:00,116573.34,116598.37,116572.0,116597.0,11.76514
2025-08-07 19:25:00+00:00,116596.99,116700.0,116583.73,116695.99,46.25438
2025-08-07 19:30:00+00:00,116695.99,116713.99,116677.52,116694.69,26.72581
2025-08-07 19:35:00+00:00,116694.69,116896.0,116694.69,116896.0,95.04016
2025-08-07 19:40:00+00:00,116895.99,117139.52,116895.99,117139.51,183.14974
2025-08-07 19:45:00+00:00,117139.52,117434.46,117139.51,117434.45,235.22728
2025-08-07 19:50:00+00:00,117434.46,117520.0,117235.73,117341.6,198.80173
2025-08-07 19:55:00+00:00,117341.6,117508.0,117246.58,117461.98,147.95486
2025-08-07 20:00:00+00:00,117461.99,117496.05,117322.0,117322.01,98.89390999999999
2025-08-07 20:05:00+00:00,117322.0,117442.42,117285.33,117381.45,43.03385
2025-08-07 20:10:00+00:00,117381.44,117381.45,117277.22,117305.39,26.630209999999998
2025-08-07 20:15:00+00:00,117305.4,117409.35,117267.2,117332.6,58.43374
2025-08-07 20:20:00+00:00,117332.6,117464.75,117324.84,117464.75,31.20477
2025-08-07 20:25:00+00:00,117464.75,117464.75,117380.0,117424.86,26.615949999999998
2025-08-07 20:30:00+00:00,117424.86,117454.26,117375.77,117375.77,29.32727
2025-08-07 20:35:00+00:00,117375.77,117435.5,117375.77,117433.99,19.57286
2025-08-07 20:40:00+00:00,117433.99,117449.33,117311.76,117338.3,32.56654
2025-08-07 20:45:00+00:00,117338.29,117338.3,117226.92,117323.32,47.41048
2025-08-07 20:50:00+00:00,117323.33,117323.33,117208.99,117208.99,41.45582
2025-08-07 20:55:00+00:00,117209.0,117213.01,117140.32,117182.19,55.67769
2025-08-07 21:00:00+00:00,117182.19,117249.7,117182.18,117249.7,12.538450000000001
2025-08-07 21:05:00+00:00,117249.69,117249.7,117215.8,117245.37,22.96961
2025-08-07 21:10:00+00:00,117245.38,117354.21,117240.0,117340.7,26.54167
2025-08-07 21:15:00+00:00,117340.7,117354.2,117313.56,117324.0,17.57994
2025-08-07 21:20:00+00:00,117323.99,117336.98,117315.99,117315.99,8.88496
2025-08-07 21:25:00+00:00,117315.99,117316.0,117269.59,117314.0,11.38093
2025-08-07 21:30:00+00:00,117314.01,117324.85,117230.0,117237.99,60.65484
2025-08-07 21:35:00+00:00,117238.0,117238.0,117111.01,117175.99,26.66492
2025-08-07 21:40:00+00:00,117175.99,117175.99,117012.0,117106.65,33.21071
2025-08-07 21:45:00+00:00,117106.65,117300.01,117056.0,117249.69,64.29015
2025-08-07 21:50:00+00:00,117249.7,117249.7,117061.23,117174.55,28.98435
2025-08-07 21:55:00+00:00,117174.54,117182.88,117085.15,117105.78,24.08674
2025-08-07 22:00:00+00:00,117105.77,117225.87,117084.78,117123.95,41.8389
2025-08-07 22:05:00+00:00,117123.96,117206.99,117079.39,117206.98,23.01866
2025-08-07 22:10:00+00:00,117206.98,117466.52,117206.98,117462.99,37.12617
2025-08-07 22:15:00+00:00,117462.99,117462.99,117299.31,117299.32,44.650549999999996
2025-08-07 22:20:00+00:00,117299.31,117480.0,117284.56,117480.0,25.958
2025-08-07 22:25:00+00:00,117480.0,117511.92,117411.41,117494.75,45.93063
2025-08-07 22:30:00+00:00,117494.76,117494.76,117320.01,117378.23,39.39261
2025-08-07 22:35:00+00:00,117378.23,117436.44,117343.53,117343.53,42.72784
2025-08-07 22:40:00+00:00,117343.53,117430.47,117328.2,117426.18,79.33739
2025-08-07 22:45:00+00:00,117426.18,117588.0,117418.63,117509.93,139.38036
2025-08-07 22:50:00+00:00,117509.92,117600.0,117475.14,117596.0,81.07686000000001
2025-08-07 22:55:00+00:00,117595.99,117621.0,117554.22,117554.23,76.38202
2025-08-07 23:00:00+00:00,117554.23,117579.98,117462.17,117467.55,37.33434
2025-08-07 23:05:00+00:00,117467.55,117477.6,117400.0,117413.78,39.6259
2025-08-07 23:10:00+00:00,117413.78,117435.75,117379.99,117379.99,20.27828
2025-08-07 23:15:00+00:00,117380.0,117388.63,117343.96,117388.62,12.573789999999999
2025-08-07 23:20:00+00:00,117388.63,117388.63,117316.0,117336.29,17.54184
2025-08-07 23:25:00+00:00,117336.3,117348.35,117319.61,117319.62,8.94386
2025-08-07 23:30:00+00:00,117319.61,117340.1,117302.08,117333.0,13.33169
2025-08-07 23:35:00+00:00,117332.99,117333.01,117292.88,117309.99,27.32979
2025-08-07 23:40:00+00:00,117309.99,117394.49,117309.99,117394.49,29.24992
2025-08-07 23:45:00+00:00,117394.48,117450.0,117390.0,117450.0,25.90791
2025-08-07 23:50:00+00:00,117450.0,117462.18,117442.63,117456.01,24.09555
2025-08-07 23:55:00+00:00,117456.02,117473.8,117456.01,117472.01,22.57775
2025-08-08 00:00:00+00:00,117472.02,117489.53,117385.22,117420.01,48.46454
2025-08-08 00:05:00+00:00,117420.01,117434.44,117292.02,117300.01,39.9206
2025-08-08 00:10:00+00:00,117300.01,117410.61,117300.0,117372.38,28.149189999999997
2025-08-08 00:15:00+00:00,117372.37,117372.38,116877.65,116878.05,154.27954
2025-08-08 00:20:00+00:00,116878.05,117091.03,116870.21,117010.96,91.14917
2025-08-08 00:25:00+00:00,117010.97,117227.53,117010.96,117132.17,69.16204
2025-08-08 00:30:00+00:00,117132.17,117132.18,117054.45,117060.0,41.045339999999996
2025-08-08 00:35:00+00:00,117060.01,117625.82,117026.12,117532.73,133.03057
2025-08-08 00:40:00+00:00,117532.73,117630.0,117453.75,117573.88,75.03978000000001
2025-08-08 00:45:00+00:00,117573.89,117599.0,117412.87,117533.16,76.32788
2025-08-08 00:50:00+00:00,117533.15,117533.15,117360.24,117370.01,28.11781
2025-08-08 00:55:00+00:00,117370.01,117370.02,117264.12,117264.12,21.66868
2025-08-08 01:00:00+00:00,117264.11,117264.12,116968.33,116968.33,47.11542
2025-08-08 01:05:00+00:00,116968.34,117068.83,116824.17,116947.89,109.64991
2025-08-08 01:10:00+00:00,116947.89,117174.54,116947.89,117174.53,61.97014
2025-08-08 01:15:00+00:00,117174.53,117174.53,116823.56,116833.06,72.70226
2025-08-08 01:20:00+00:00,116833.05,117054.46,116823.07,116930.0,57.01441
2025-08-08 01:25:00+00:00,116930.01,116974.12,116907.75,116911.86,34.12402
2025-08-08 01:30:00+00:00,116911.87,116996.19,116883.99,116884.0,46.79428
2025-08-08 01:35:00+00:00,116883.99,116908.0,116841.24,116841.24,32.69543
2025-08-08 01:40:00+00:00,116841.23,116906.52,116829.59,116829.6,51.69479
2025-08-08 01:45:00+00:00,116829.6,116920.0,116786.43,116836.38,61.77033
2025-08-08 01:50:00+00:00,116836.39,116896.18,116808.59,116879.63,45.97932
2025-08-08 01:55:00+00:00,116879.63,116895.05,116832.6,116888.02,37.827040000000004
2025-08-08 02:00:00+00:00,116888.01,116923.21,116852.01,116860.34,27.031299999999998
2025-08-08 02:05:00+00:00,116860.34,116871.73,116780.79,116825.32,42.86508
2025-08-08 02:10:00+00:00,116825.32,116897.69,116823.05,116873.96,19.60347
2025-08-08 02:15:00+00:00,116873.96,116888.08,116777.89,116777.9,18.862080000000002
2025-08-08 02:20:00+00:00,116777.89,116800.09,116770.05,116800.09,23.926560000000002
2025-08-08 02:25:00+00:00,116800.09,116828.74,116770.0,116779.23,9.56834
2025-08-08 02:30:00+00:00,116779.22,116797.95,116770.0,116794.0,11.983329999999999
2025-08-08 02:35:00+00:00,116793.99,116830.0,116733.0,116733.0,29.31538
2025-08-08 02:40:00+00:00,116733.0,116792.97,116697.31,116753.27,33.74364
2025-08-08 02:45:00+00:00,116753.28,116899.46,116751.54,116899.46,44.68753
2025-08-08 02:50:00+00:00,116899.46,116899.46,116761.23,116762.5,27.713929999999998
2025-08-08 02:55:00+00:00,116762.5,116773.78,116694.28,116700.0,31.17244
2025-08-08 03:00:00+00:00,116700.0,116752.06,116699.6,116709.5,38.21265
2025-08-08 03:05:00+00:00,116709.49,116760.0,116700.0,116700.01,14.37873
2025-08-08 03:10:00+00:00,116700.0,116805.04,116700.0,116805.04,14.54418
2025-08-08 03:15:00+00:00,116805.03,116860.0,116757.98,116856.44,42.93873
2025-08-08 03:20:00+00:00,116856.44,116980.0,116823.85,116946.37,124.43311
2025-08-08 03:25:00+00:00,116946.38,116980.0,116902.21,116921.99,68.49019
2025-08-08 03:30:00+00:00,116921.99,116922.0,116800.0,116800.01,53.14918
2025-08-08 03:35:00+00:00,116800.0,116843.34,116766.54,116766.54,29.71405
2025-08-08 03:40:00+00:00,116766.55,116774.0,116732.0,116743.76,72.22346
2025-08-08 03:45:00+00:00,116743.76,116743.77,116725.0,116731.01,60.55118
2025-08-08 03:50:00+00:00,116731.01,116731.01,116717.98,116729.99,58.66192
2025-08-08 03:55:00+00:00,116730.0,116750.15,116729.99,116737.35,30.456789999999998
2025-08-08 04:00:00+00:00,116737.34,116737.35,116677.67,116713.03,47.32416
2025-08-08 04:05:00+00:00,116713.03,116728.59,116666.0,116703.91,43.36136
2025-08-08 04:10:00+00:00,116703.9,116842.81,116703.9,116815.41,28.677660000000003
2025-08-08 04:15:00+00:00,116815.4,116869.49,116802.71,116802.72,24.835659999999997
2025-08-08 04:20:00+00:00,116802.71,116802.72,116761.23,116790.01,19.03482
2025-08-08 04:25:00+00:00,116790.0,116790.01,116758.0,116774.03,29.92847
2025-08-08 04:30:00+00:00,116774.04,116826.02,116768.18,116790.0,26.21949
2025-08-08 04:35:00+00:00,116790.0,116820.0,116790.0,116819.98,24.93249
2025-08-08 04:40:00+00:00,116819.97,116819.98,116753.56,116753.56,18.56046
2025-08-08 04:45:00+00:00,116753.57,116765.91,116750.0,116750.0,19.00854
2025-08-08 04:50:00+00:00,116750.01,116799.38,116750.0,116779.59,36.13222
2025-08-08 04:55:00+00:00,116779.6,116779.6,116750.0,116750.01,7.8293
2025-08-08 05:00:00+00:00,116750.01,116750.01,116654.66,116654.66,22.60583
2025-08-08 05:05:00+00:00,116654.67,116654.67,116614.61,116650.58,33.43083
2025-08-08 05:10:00+00:00,116650.59,116748.66,116650.58,116650.75,34.697630000000004
2025-08-08 05:15:00+00:00,116650.75,116696.96,116650.75,116679.7,12.907919999999999
2025-08-08 05:20:00+00:00,116679.7,116694.4,116651.59,116651.6,31.83676
2025-08-08 05:25:00+00:00,116651.59,116658.1,116620.31,116658.1,12.07799
2025-08-08 05:30:00+00:00,116658.09,116658.09,116584.0,116584.0,32.10651
2025-08-08 05:35:00+00:00,116584.0,116593.73,116584.0,116586.67,21.30311
2025-08-08 05:40:00+00:00,116586.68,116589.89,116579.37,116579.38,38.598710000000004
2025-08-08 05:45:00+00:00,116579.38,116579.38,116555.97,116556.0,42.87371
2025-08-08 05:50:00+00:00,116556.0,116557.84,116550.0,116550.0,46.80588
2025-08-08 05:55:00+00:00,116550.01,116550.01,116505.0,116530.63,17.11669
2025-08-08 06:00:00+00:00,116530.64,116530.64,116477.4,116495.11,34.36486
2025-08-08 06:05:00+00:00,116495.11,116495.11,116401.0,116401.01,26.29452
2025-08-08 06:10:00+00:00,116401.01,116564.4,116401.0,116564.4,68.62538
2025-08-08 06:15:00+00:00,116564.39,116566.0,116505.78,116505.79,14.69866
2025-08-08 06:20:00+00:00,116505.79,116533.33,116462.78,116531.98,40.6331
2025-08-08 06:25:00+00:00,116531.98,116664.99,116531.98,116637.98,41.21008
2025-08-08 06:30:00+00:00,116637.99,116680.39,116586.0,116589.38,25.18205
2025-08-08 06:35:00+00:00,116589.38,116684.68,116589.38,116628.13,10.82246
2025-08-08 06:40:00+00:00,116628.14,116723.19,116625.33,116723.19,14.57151
2025-08-08 06:45:00+00:00,116723.19,116723.19,116658.22,116666.58,14.607040000000001
2025-08-08 06:50:00+00:00,116666.58,116687.29,116652.84,116687.29,13.23628
2025-08-08 06:55:00+00:00,116687.29,116763.44,116687.28,116740.01,32.236760000000004
2025-08-08 07:00:00+00:00,116740.01,116753.66,116674.67,116674.68,57.01374
2025-08-08 07:05:00+00:00,116674.68,116674.68,116557.54,116557.55,27.007019999999997
2025-08-08 07:10:00+00:00,116557.54,116676.19,116557.54,116676.18,15.03974
2025-08-08 07:15:00+00:00,116676.19,116915.19,116676.18,116860.01,40.75174
2025-08-08 07:20:00+00:00,116860.02,116866.12,116748.65,116790.15,32.585679999999996
2025-08-08 07:25:00+00:00,116790.15,116973.3,116790.15,116973.29,28.91855
2025-08-08 07:30:00+00:00,116973.29,116973.3,116911.52,116911.52,49.43615
2025-08-08 07:35:00+00:00,116911.52,116941.5,116900.0,116900.02,44.274159999999995
2025-08-08 07:40:00+00:00,116900.01,116900.02,116827.14,116833.17,26.766840000000002
2025-08-08 07:45:00+00:00,116833.18,116900.01,116820.0,116847.97,40.159040000000005
2025-08-08 07:50:00+00:00,116847.97,116891.36,116830.3,116856.14,50.04796
2025-08-08 07:55:00+00:00,116856.13,116856.13,116817.19,116817.19,35.585390000000004
2025-08-08 08:00:00+00:00,116817.2,116817.2,116720.3,116776.61,16.96347
2025-08-08 08:05:00+00:00,116776.61,116867.92,116776.6,116860.0,20.05606
2025-08-08 08:10:00+00:00,116860.0,116914.6,116859.99,116908.59,20.89118
2025-08-08 08:15:00+00:00,116908.6,116908.6,116868.0,116882.12,18.20495
2025-08-08 08:20:00+00:00,116882.12,116882.13,116800.0,116804.59,15.19022
2025-08-08 08:25:00+00:00,116804.6,116804.6,116678.22,116678.22,29.47958
2025-08-08 08:30:00+00:00,116678.23,116678.23,116558.53,116560.01,49.78168
2025-08-08 08:35:00+00:00,116560.01,116560.02,116449.51,116500.55,70.14237
2025-08-08 08:40:00+00:00,116500.55,116532.5,116472.19,116523.08,17.25696
2025-08-08 08:45:00+00:00,116523.08,116570.62,116504.67,116534.18,37.90312
2025-08-08 08:50:00+00:00,116534.18,116571.14,116472.19,116566.0,18.74536
2025-08-08 08:55:00+00:00,116566.0,116639.99,116566.0,116620.63,20.86468
2025-08-08 09:00:00+00:00,116620.63,116620.64,116558.43,116558.43,16.4642
2025-08-08 09:05:00+00:00,116558.44,116579.73,116531.5,116565.25,20.87471
2025-08-08 09:10:00+00:00,116565.25,116646.73,116565.25,116582.24,13.44872
2025-08-08 09:15:00+00:00,116582.24,116628.43,116569.08,116573.35,19.71501
2025-08-08 09:20:00+00:00,116573.35,116579.01,116500.0,116505.52,23.67281
2025-08-08 09:25:00+00:00,116505.52,116531.73,116481.44,116531.72,16.53932
2025-08-08 09:30:00+00:00,116531.73,116548.87,116524.51,116548.86,27.5823
2025-08-08 09:35:00+00:00,116548.86,116639.08,116548.86,116614.13,19.51751
2025-08-08 09:40:00+00:00,116614.12,116615.01,116585.04,116585.05,18.85993
2025-08-08 09:45:00+00:00,116585.05,116653.0,116585.05,116651.71,25.0901
2025-08-08 09:50:00+00:00,116651.71,116726.88,116651.71,116726.87,15.00313
2025-08-08 09:55:00+00:00,116726.88,116726.88,116685.17,116685.17,14.38069
2025-08-08 10:00:00+00:00,116685.17,116685.18,116661.94,116661.95,8.710049999999999
2025-08-08 10:05:00+00:00,116661.94,116714.46,116654.96,116654.96,26.37878
2025-08-08 10:10:00+00:00,116654.96,116654.97,116610.74,116612.0,12.8397
2025-08-08 10:15:00+00:00,116612.0,116630.27,116590.0,116590.0,15.93763
2025-08-08 10:20:00+00:00,116590.01,116590.01,116526.68,116526.68,16.19068
2025-08-08 10:25:00+00:00,116526.68,116526.69,116500.03,116500.03,13.54253
2025-08-08 10:30:00+00:00,116500.03,116505.83,116498.21,116498.21,36.80006
2025-08-08 10:35:00+00:00,116498.22,116535.8,116498.21,116505.84,22.227510000000002
2025-08-08 10:40:00+00:00,116505.84,116505.85,116433.86,116453.45,40.810900000000004
2025-08-08 10:45:00+00:00,116453.45,116453.46,116377.52,116390.76,50.412859999999995
2025-08-08 10:50:00+00:00,116390.77,116521.34,116317.08,116521.33,56.902319999999996
2025-08-08 10:55:00+00:00,116521.33,116569.53,116506.5,116544.39,31.1078
2025-08-08 11:00:00+00:00,116544.39,116625.69,116544.39,116621.78,17.43
2025-08-08 11:05:00+00:00,116621.78,116764.7,116614.09,116764.69,27.70026
2025-08-08 11:10:00+00:00,116764.69,116790.77,116752.05,116765.69,15.88556
2025-08-08 11:15:00+00:00,116765.68,116829.0,116765.68,116824.46,22.56634
2025-08-08 11:20:00+00:00,116824.47,116828.0,116800.0,116800.0,13.95475
2025-08-08 11:25:00+00:00,116800.0,116800.01,116761.23,116761.23,9.70548
2025-08-08 11:30:00+00:00,116761.23,116798.81,116761.23,116792.24,12.88799
2025-08-08 11:35:00+00:00,116792.24,116832.49,116792.24,116798.8,13.06642
2025-08-08 11:40:00+00:00,116798.8,116798.81,116755.9,116761.23,12.294089999999999
2025-08-08 11:45:00+00:00,116761.23,116761.24,116749.4,116749.41,26.02438
2025-08-08 11:50:00+00:00,116749.41,116850.59,116737.99,116845.4,22.38287
2025-08-08 11:55:00+00:00,116845.4,116899.78,116845.4,116891.51,16.59309
2025-08-08 12:00:00+00:00,116891.51,116891.52,116807.65,116816.72,12.2873
2025-08-08 12:05:00+00:00,116816.72,116816.73,116646.65,116646.66,34.83592
2025-08-08 12:10:00+00:00,116646.65,116646.66,116580.66,116619.86,23.3106
2025-08-08 12:15:00+00:00,116619.86,116680.0,116587.78,116587.78,87.21496
2025-08-08 12:20:00+00:00,116587.78,116623.67,116560.0,116586.05,18.15005
2025-08-08 12:25:00+00:00,116586.05,116620.0,116576.23,116618.0,15.75102
2025-08-08 12:30:00+00:00,116618.0,116666.64,116592.05,116650.75,33.738
2025-08-08 12:35:00+00:00,116650.74,116650.75,116558.43,116558.43,10.97121
2025-08-08 12:40:00+00:00,116558.43,116596.59,116557.94,116596.59,12.1285
2025-08-08 12:45:00+00:00,116596.58,116596.59,116550.0,116550.0,13.05084
2025-08-08 12:50:00+00:00,116550.01,116550.01,116492.45,116518.46,24.0904
2025-08-08 12:55:00+00:00,116518.46,116525.17,116500.48,116500.48,7.49399
2025-08-08 13:00:00+00:00,116500.49,116542.1,116499.43,116536.99,21.60929
2025-08-08 13:05:00+00:00,116537.0,116542.09,116500.22,116515.0,13.85319
2025-08-08 13:10:00+00:00,116515.0,116607.92,116515.0,116563.39,39.716139999999996
2025-08-08 13:15:00+00:00,116563.39,116650.75,116530.0,116626.43,28.70213
2025-08-08 13:20:00+00:00,116626.43,116739.8,116621.99,116739.8,18.32743
2025-08-08 13:25:00+00:00,116739.8,116742.81,116718.0,116742.81,15.30973
2025-08-08 13:30:00+00:00,116742.81,116754.69,116521.86,116546.2,25.48665
2025-08-08 13:35:00+00:00,116546.2,116780.0,116546.2,116773.14,38.37586
2025-08-08 13:40:00+00:00,116773.13,116945.63,116771.48,116820.37,43.95028
2025-08-08 13:45:00+00:00,116820.37,116900.0,116776.77,116848.75,168.38044
2025-08-08 13:50:00+00:00,116848.75,116914.29,116689.14,116793.76,108.48013
2025-08-08 13:55:00+00:00,116793.75,116917.98,116734.98,116917.97,90.75079
2025-08-08 14:00:00+00:00,116917.98,117125.0,116862.95,117125.0,98.93932
2025-08-08 14:05:00+00:00,117125.0,117271.73,116657.64,116935.71,140.01190000000003
2025-08-08 14:10:00+00:00,116935.72,116967.7,116655.26,116763.59,97.21836
2025-08-08 14:15:00+00:00,116763.59,116769.83,116633.28,116716.88,54.32799
2025-08-08 14:20:00+00:00,116716.87,116772.0,116658.74,116733.62,37.27672
2025-08-08 14:25:00+00:00,116733.62,116810.63,116693.54,116746.32,45.38402
2025-08-08 14:30:00+00:00,116746.32,116746.32,116517.82,116528.99,39.69831
2025-08-08 14:35:00+00:00,116528.98,116665.37,116494.13,116494.14,35.910759999999996
2025-08-08 14:40:00+00:00,116494.13,116571.66,116381.32,116540.9,69.92754
2025-08-08 14:45:00+00:00,116540.9,116694.0,116517.52,116676.15,49.69923
2025-08-08 14:50:00+00:00,116676.16,116676.16,116521.57,116544.71,24.53452
2025-08-08 14:55:00+00:00,116544.71,116544.71,116433.19,116491.53,32.825250000000004
2025-08-08 15:00:00+00:00,116491.53,116506.8,116379.0,116426.2,135.55566
2025-08-08 15:05:00+00:00,116426.19,116456.24,116280.0,116296.14,48.889450000000004
2025-08-08 15:10:00+00:00,116296.14,116347.63,116206.16,116336.0,45.735510000000005
2025-08-08 15:15:00+00:00,116335.99,116360.0,116221.49,116307.6,59.99661
2025-08-08 15:20:00+00:00,116307.6,116467.91,116307.59,116467.91,31.41602
2025-08-08 15:25:00+00:00,116467.91,116538.94,116288.4,116288.4,52.3912
2025-08-08 15:30:00+00:00,116288.41,116289.59,116160.03,116236.08,45.640660000000004
2025-08-08 15:35:00+00:00,116236.07,116255.99,116080.51,116100.01,46.24315
2025-08-08 15:40:00+00:00,116100.01,116100.02,115878.71,115920.01,224.94569
2025-08-08 15:45:00+00:00,115920.01,116088.29,115900.0,116086.29,101.80521
2025-08-08 15:50:00+00:00,116086.3,116164.29,116086.29,116127.24,36.740899999999996
2025-08-08 15:55:00+00:00,116127.25,116232.0,116127.24,116207.69,79.73965
2025-08-08 16:00:00+00:00,116207.7,116364.82,116170.0,116266.99,51.15746
2025-08-08 16:05:00+00:00,116266.99,116308.61,116093.5,116120.0,46.93203
2025-08-08 16:10:00+00:00,116119.99,116189.04,116082.37,116140.0,27.40517
2025-08-08 16:15:00+00:00,116140.0,116166.96,116082.38,116140.0,27.66188
2025-08-08 16:20:00+00:00,116140.0,116284.83,116138.42,116171.65,36.80908
2025-08-08 16:25:00+00:00,116171.65,116205.13,116072.0,116096.43,18.60501
2025-08-08 16:30:00+00:00,116096.43,116140.73,116006.14,116140.73,27.98552
2025-08-08 16:35:00+00:00,116140.72,116253.27,116100.89,116100.89,24.955740000000002
2025-08-08 16:40:00+00:00,116100.9,116170.91,116100.9,116127.2,25.8334
2025-08-08 16:45:00+00:00,116127.19,116217.0,116127.19,116174.02,23.22175
2025-08-08 16:50:00+00:00,116174.01,116270.78,116160.04,116207.7,26.0105
2025-08-08 16:55:00+00:00,116207.69,116227.37,116181.31,116193.63,7.45005
2025-08-08 17:00:00+00:00,116193.63,116370.13,116161.11,116317.29,59.529669999999996
2025-08-08 17:05:00+00:00,116317.29,116481.64,116317.28,116469.03,27.50208
2025-08-08 17:10:00+00:00,116469.03,116490.19,116427.73,116427.74,19.3238
2025-08-08 17:15:00+00:00,116427.73,116439.3,116311.36,116345.43,77.40287
2025-08-08 17:20:00+00:00,116345.43,116489.77,116345.42,116411.53,28.16176
2025-08-08 17:25:00+00:00,116411.52,116411.52,116320.0,116353.77,16.494880000000002
2025-08-08 17:30:00+00:00,116353.77,116497.99,116353.77,116497.99,27.28265
2025-08-08 17:35:00+00:00,116497.98,116503.65,116446.12,116457.51,25.15871
2025-08-08 17:40:00+00:00,116457.51,116565.69,116457.51,116565.69,73.70770999999999
2025-08-08 17:45:00+00:00,116565.69,116605.42,116523.81,116590.13,23.949930000000002
2025-08-08 17:50:00+00:00,116590.12,116590.12,116525.0,116553.91,37.3372
2025-08-08 17:55:00+00:00,116553.91,116708.86,116553.9,116708.86,34.96117
2025-08-08 18:00:00+00:00,116708.86,116835.02,116703.02,116830.0,69.64531
2025-08-08 18:05:00+00:00,116830.01,116874.78,116772.67,116870.01,54.84578
2025-08-08 18:10:00+00:00,116870.01,116891.59,116745.72,116745.72,35.01076
2025-08-08 18:15:00+00:00,116745.72,116879.91,116735.67,116879.91,29.532610000000002
2025-08-08 18:20:00+00:00,116879.9,116900.0,116796.72,116847.59,22.84846
2025-08-08 18:25:00+00:00,116847.59,116847.6,116603.18,116603.18,65.20570000000001
2025-08-08 18:30:00+00:00,116603.19,116683.38,116588.0,116633.61,49.852289999999996
2025-08-08 18:35:00+00:00,116633.6,116665.0,116383.33,116432.03,122.19836000000001
2025-08-08 18:40:00+00:00,116432.03,116432.03,116356.0,116406.89,56.55616
2025-08-08 18:45:00+00:00,116406.88,116497.05,116336.0,116497.05,21.35616
2025-08-08 18:50:00+00:00,116497.05,116535.79,116462.1,116535.79,26.10439
2025-08-08 18:55:00+00:00,116535.79,116535.79,116474.52,116497.99,18.510920000000002
2025-08-08 19:00:00+00:00,116497.99,116549.43,116488.18,116546.66,44.33029
2025-08-08 19:05:00+00:00,116546.66,116607.07,116512.2,116606.41,21.229370000000003
2025-08-08 19:10:00+00:00,116606.42,116640.7,116588.01,116626.01,10.06227
2025-08-08 19:15:00+00:00,116626.01,116693.64,116626.0,116679.99,19.17568
2025-08-08 19:20:00+00:00,116680.0,116716.26,116561.7,116561.71,31.51991
2025-08-08 19:25:00+00:00,116561.7,116561.7,116463.16,116486.76,41.65292
2025-08-08 19:30:00+00:00,116486.76,116486.77,116428.4,116428.4,28.286920000000002
2025-08-08 19:35:00+00:00,116428.41,116428.41,116337.91,116338.86,30.912010000000002
2025-08-08 19:40:00+00:00,116338.87,116486.22,116338.86,116440.01,18.434980000000003
2025-08-08 19:45:00+00:00,116440.01,116524.36,116422.24,116431.57,22.69406
2025-08-08 19:50:00+00:00,116431.57,116485.0,116397.45,116468.13,26.2182
2025-08-08 19:55:00+00:00,116468.13,116515.32,116409.12,116453.41,29.773600000000002
2025-08-08 20:00:00+00:00,116453.41,116462.78,116319.06,116349.11,27.54493
2025-08-08 20:05:00+00:00,116349.12,116473.94,116349.12,116405.99,16.3863
2025-08-08 20:10:00+00:00,116406.0,116473.0,116405.99,116473.0,8.59524
2025-08-08 20:15:00+00:00,116472.99,116498.77,116392.67,116408.0,21.89439
2025-08-08 20:20:00+00:00,116407.99,116478.19,116407.99,116478.19,8.05383
2025-08-08 20:25:00+00:00,116478.19,116511.55,116478.18,116506.66,7.15455
2025-08-08 20:30:00+00:00,116506.66,116557.05,116506.65,116557.05,15.06933
2025-08-08 20:35:00+00:00,116557.04,116606.0,116557.04,116605.99,12.55531
2025-08-08 20:40:00+00:00,116605.99,116775.2,116605.99,116775.2,18.86943
2025-08-08 20:45:00+00:00,116775.2,116900.0,116775.19,116822.5,61.27653
2025-08-08 20:50:00+00:00,116822.49,116824.0,116793.03,116823.99,17.947789999999998
2025-08-08 20:55:00+00:00,116823.99,116890.0,116823.99,116888.52,33.30978
2025-08-08 21:00:00+00:00,116888.52,116888.53,116794.0,116794.01,23.70971
2025-08-08 21:05:00+00:00,116794.0,116830.0,116794.0,116822.19,18.39376
2025-08-08 21:10:00+00:00,116822.19,116829.16,116809.99,116828.99,25.75874
2025-08-08 21:15:00+00:00,116828.99,116829.0,116755.53,116755.54,17.43005
2025-08-08 21:20:00+00:00,116755.53,116800.0,116755.53,116800.0,11.306339999999999
2025-08-08 21:25:00+00:00,116800.0,116800.0,116772.21,116800.0,21.801090000000002
2025-08-08 21:30:00+00:00,116800.0,116860.0,116799.99,116859.99,20.221049999999998
2025-08-08 21:35:00+00:00,116859.99,116923.06,116859.99,116860.01,36.07994
2025-08-08 21:40:00+00:00,116860.01,116971.28,116860.01,116970.0,36.63048
2025-08-08 21:45:00+00:00,116970.0,116970.0,116925.42,116950.01,21.36317
2025-08-08 21:50:00+00:00,116950.01,116970.0,116950.0,116969.99,7.78987
2025-08-08 21:55:00+00:00,116969.99,116979.95,116931.43,116931.44,17.417180000000002
2025-08-08 22:00:00+00:00,116931.43,116931.44,116861.14,116903.79,18.14091
2025-08-08 22:05:00+00:00,116903.79,116903.8,116752.05,116894.05,77.88473
2025-08-08 22:10:00+00:00,116894.05,116938.26,116879.87,116938.25,9.26535
2025-08-08 22:15:00+00:00,116938.25,116980.0,116907.58,116920.0,12.65438
2025-08-08 22:20:00+00:00,116920.0,116935.42,116915.03,116919.99,6.8964
2025-08-08 22:25:00+00:00,116920.0,116959.47,116920.0,116959.47,4.80403
2025-08-08 22:30:00+00:00,116959.47,116960.0,116894.28,116915.98,19.58047
2025-08-08 22:35:00+00:00,116915.99,116943.45,116865.89,116865.9,9.65877
2025-08-08 22:40:00+00:00,116865.89,116927.77,116865.89,116927.76,12.77328
2025-08-08 22:45:00+00:00,116927.77,116934.82,116904.39,116908.0,9.39266
2025-08-08 22:50:00+00:00,116907.99,116922.24,116888.91,116888.91,18.17483
2025-08-08 22:55:00+00:00,116888.91,116888.92,116888.9,116888.9,11.174890000000001
2025-08-08 23:00:00+00:00,116888.9,116917.74,116860.0,116917.73,20.13665
2025-08-08 23:05:00+00:00,116917.74,116917.74,116907.38,116907.39,5.33477
2025-08-08 23:10:00+00:00,116907.39,116907.39,116882.98,116882.98,7.35577
2025-08-08 23:15:00+00:00,116882.99,116882.99,116858.64,116858.64,9.82121
2025-08-08 23:20:00+00:00,116858.65,116858.65,116845.44,116858.0,11.00884
2025-08-08 23:25:00+00:00,116857.99,116858.0,116800.0,116800.0,17.79082
2025-08-08 23:30:00+00:00,116800.01,116800.01,116730.0,116730.01,13.94135
2025-08-08 23:35:00+00:00,116730.01,116730.02,116657.26,116657.26,21.082819999999998
2025-08-08 23:40:00+00:00,116657.27,116716.25,116657.26,116716.24,16.04726
2025-08-08 23:45:00+00:00,116716.24,116716.25,116706.0,116706.01,3.73281
2025-08-08 23:50:00+00:00,116706.01,116706.01,116676.32,116676.32,5.45463
2025-08-08 23:55:00+00:00,116674.74,116674.75,116670.6,116674.74,5.85599
2025-08-09 00:00:00+00:00,116674.74,116695.45,116664.28,116674.99,16.47872
2025-08-09 00:05:00+00:00,116674.99,116707.46,116615.96,116667.99,32.87845
2025-08-09 00:10:00+00:00,116668.0,116708.87,116667.99,116708.87,14.05041
2025-08-09 00:15:00+00:00,116708.87,116747.59,116655.65,116697.97,16.94097
2025-08-09 00:20:00+00:00,116697.96,116714.91,116697.96,116714.9,4.69302
2025-08-09 00:25:00+00:00,116714.91,116750.0,116701.39,116728.6,13.42462
2025-08-09 00:30:00+00:00,116728.59,116728.6,116631.09,116631.09,16.73005
2025-08-09 00:35:00+00:00,116631.1,116681.84,116614.09,116636.92,11.91081
2025-08-09 00:40:00+00:00,116636.92,116636.93,116636.92,116636.93,3.4198
2025-08-09 00:45:00+00:00,116636.93,116646.3,116614.09,116628.78,9.67473
2025-08-09 00:50:00+00:00,116628.79,116628.79,116600.0,116600.0,3.97874
2025-08-09 00:55:00+00:00,116600.01,116600.01,116577.72,116586.0,9.44068
2025-08-09 01:00:00+00:00,116586.0,116586.0,116550.39,116557.06,10.78735
2025-08-09 01:05:00+00:00,116557.06,116640.0,116554.95,116639.99,20.19847
2025-08-09 01:10:00+00:00,116639.99,116650.01,116611.47,116611.47,8.54917
2025-08-09 01:15:00+00:00,116611.47,116611.48,116544.85,116544.85,9.73178
2025-08-09 01:20:00+00:00,116544.86,116544.86,116521.38,116521.38,6.64953
2025-08-09 01:25:00+00:00,116521.39,116556.99,116521.38,116547.21,10.37225
2025-08-09 01:30:00+00:00,116547.22,116569.49,116545.85,116569.48,13.00757
2025-08-09 01:35:00+00:00,116569.49,116581.18,116569.48,116574.01,7.73109
2025-08-09 01:40:00+00:00,116574.01,116639.99,116574.0,116639.99,27.21416
2025-08-09 01:45:00+00:00,116639.99,116650.01,116588.54,116588.55,21.33145
2025-08-09 01:50:00+00:00,116588.54,116632.0,116588.54,116606.38,17.18393
2025-08-09 01:55:00+00:00,116606.39,116606.39,116563.25,116563.26,10.35856
2025-08-09 02:00:00+00:00,116563.26,116563.26,116522.91,116522.91,32.815870000000004
2025-08-09 02:05:00+00:00,116522.91,116522.92,116500.0,116500.0,10.446
2025-08-09 02:10:00+00:00,116500.01,116500.01,116435.0,116435.0,25.01656
2025-08-09 02:15:00+00:00,116435.01,116459.5,116415.63,116459.5,16.01173
2025-08-09 02:20:00+00:00,116459.49,116494.22,116454.44,116467.32,16.84541
2025-08-09 02:25:00+00:00,116467.32,116467.32,116448.12,116448.13,7.96004
2025-08-09 02:30:00+00:00,116448.13,116448.13,116419.0,116419.0,9.53397
2025-08-09 02:35:00+00:00,116419.0,116419.01,116400.0,116404.04,15.251999999999999
2025-08-09 02:40:00+00:00,116404.04,116450.46,116404.03,116450.45,6.83047
2025-08-09 02:45:00+00:00,116450.46,116450.46,116415.88,116430.0,16.72838
2025-08-09 02:50:00+00:00,116429.99,116468.12,116429.99,116440.01,5.448650000000001
2025-08-09 02:55:00+00:00,116440.0,116440.01,116404.0,116404.0,10.22049
2025-08-09 03:00:00+00:00,116404.0,116404.01,116369.94,116369.95,7.92545
2025-08-09 03:05:00+00:00,116369.95,116375.62,116364.76,116364.77,13.535039999999999
2025-08-09 03:10:00+00:00,116364.76,116468.14,116364.76,116449.61,30.108790000000003
2025-08-09 03:15:00+00:00,116449.6,116449.61,116426.3,116443.71,7.47652
2025-08-09 03:20:00+00:00,116443.72,116443.72,116408.45,116408.46,12.32881
2025-08-09 03:25:00+00:00,116408.45,116482.28,116408.45,116462.61,11.58813
2025-08-09 03:30:00+00:00,116462.61,116462.61,116410.91,116410.92,8.299479999999999
2025-08-09 03:35:00+00:00,116410.91,116440.0,116410.91,116440.0,15.01226
2025-08-09 03:40:00+00:00,116439.99,116440.0,116299.13,116415.67,248.31067
2025-08-09 03:45:00+00:00,116415.67,116434.0,116353.2,116384.0,56.93221
2025-08-09 03:50:00+00:00,116384.0,116387.76,116357.48,116373.52,45.08675
2025-08-09 03:55:00+00:00,116373.51,116387.33,116359.27,116384.01,25.44237
2025-08-09 04:00:00+00:00,116384.01,116385.48,116339.45,116376.5,52.450450000000004
2025-08-09 04:05:00+00:00,116376.51,116389.44,116362.93,116389.44,16.19871
2025-08-09 04:10:00+00:00,116389.43,116548.66,116388.0,116548.66,70.60116
2025-08-09 04:15:00+00:00,116548.66,116548.66,116477.56,116477.57,9.14542
2025-08-09 04:20:00+00:00,116477.57,116477.57,116435.98,116442.55,14.869060000000001
2025-08-09 04:25:00+00:00,116442.55,116480.0,116442.54,116472.4,16.45005
2025-08-09 04:30:00+00:00,116472.41,116599.15,116457.66,116599.15,24.81484
2025-08-09 04:35:00+00:00,116599.15,116675.99,116535.28,116625.14,103.30938
2025-08-09 04:40:00+00:00,116625.14,116625.14,116409.83,116416.0,28.907049999999998
2025-08-09 04:45:00+00:00,116416.0,116421.94,116387.02,116387.03,9.55109
2025-08-09 04:50:00+00:00,116387.03,116448.12,116387.02,116397.46,17.31718
2025-08-09 04:55:00+00:00,116397.47,116434.77,116397.46,116434.76,13.81063
2025-08-09 05:00:00+00:00,116434.77,116560.0,116418.0,116555.09,27.88845
2025-08-09 05:05:00+00:00,116555.09,116752.06,116518.3,116643.67,267.33066
2025-08-09 05:10:00+00:00,116643.67,116643.67,116501.88,116552.0,112.48689
2025-08-09 05:15:00+00:00,116552.0,116798.81,116551.99,116798.81,48.631060000000005
2025-08-09 05:20:00+00:00,116798.8,116979.0,116743.51,116979.0,126.3192
2025-08-09 05:25:00+00:00,116979.0,116980.0,116877.0,116966.68,95.65062999999999
2025-08-09 05:30:00+00:00,116966.67,116966.68,116897.16,116956.4,84.29621
2025-08-09 05:35:00+00:00,116956.4,116956.41,116727.33,116873.96,71.85024999999999
2025-08-09 05:40:00+00:00,116873.95,116894.75,116832.0,116894.75,38.72396
2025-08-09 05:45:00+00:00,116894.74,116930.0,116862.3,116887.91,45.76518
2025-08-09 05:50:00+00:00,116887.91,116887.92,116750.0,116778.44,58.0376
2025-08-09 05:55:00+00:00,116778.45,116778.45,116714.31,116739.23,35.60128
2025-08-09 06:00:00+00:00,116739.23,116753.39,116672.59,116672.59,40.573409999999996
2025-08-09 06:05:00+00:00,116672.59,116672.59,116569.5,116604.24,38.23786
2025-08-09 06:10:00+00:00,116604.24,116604.24,116580.0,116580.0,29.93437
2025-08-09 06:15:00+00:00,116580.01,116641.02,116541.62,116641.02,19.79498
2025-08-09 06:20:00+00:00,116641.01,116756.24,116641.01,116681.77,90.0176
2025-08-09 06:25:00+00:00,116681.77,116740.0,116616.26,116616.26,24.64288
2025-08-09 06:30:00+00:00,116616.25,116616.25,116541.56,116547.99,24.39357
2025-08-09 06:35:00+00:00,116548.0,116642.68,116532.77,116642.67,49.779939999999996
2025-08-09 06:40:00+00:00,116642.68,116667.74,116604.0,116604.0,17.27635
2025-08-09 06:45:00+00:00,116604.0,116604.01,116563.61,116582.64,20.89418
2025-08-09 06:50:00+00:00,116582.64,116613.82,116582.63,116600.08,10.032869999999999
2025-08-09 06:55:00+00:00,116600.08,116697.28,116600.08,116650.75,22.72644
2025-08-09 07:00:00+00:00,116650.75,116650.75,116633.88,116650.75,9.762310000000001
2025-08-09 07:05:00+00:00,116650.75,116700.0,116650.74,116669.38,16.79305
2025-08-09 07:10:00+00:00,116669.38,116746.64,116669.38,116740.01,43.59013
2025-08-09 07:15:00+00:00,116740.0,116841.92,116740.0,116841.91,35.10347
2025-08-09 07:20:00+00:00,116841.92,116851.34,116808.67,116810.05,32.59101
2025-08-09 07:25:00+00:00,116810.04,116880.0,116810.04,116879.99,21.61061
2025-08-09 07:30:00+00:00,116880.0,116902.22,116840.0,116840.01,19.12436
2025-08-09 07:35:00+00:00,116840.0,116840.01,116784.0,116798.51,15.77381
2025-08-09 07:40:00+00:00,116798.5,116823.54,116780.0,116780.01,10.09271
2025-08-09 07:45:00+00:00,116780.0,116780.01,116758.78,116758.78,12.87674
2025-08-09 07:50:00+00:00,116758.78,116762.76,116752.05,116756.0,12.20314
2025-08-09 07:55:00+00:00,116756.0,116756.01,116756.0,116756.01,13.18041
2025-08-09 08:00:00+00:00,116756.0,116756.01,116756.0,116756.01,15.34522
2025-08-09 08:05:00+00:00,116756.01,116797.92,116756.0,116797.91,19.10034
2025-08-09 08:10:00+00:00,116797.92,116797.92,116757.04,116769.24,14.87408
2025-08-09 08:15:00+00:00,116769.23,116797.9,116757.04,116797.89,12.43797
2025-08-09 08:20:00+00:00,116797.89,116802.71,116782.04,116802.71,10.585989999999999
2025-08-09 08:25:00+00:00,116802.71,116868.51,116802.7,116868.5,27.06616
2025-08-09 08:30:00+00:00,116868.51,116876.63,116836.0,116836.01,22.49712
2025-08-09 08:35:00+00:00,116836.0,116954.57,116836.0,116954.57,27.5477
2025-08-09 08:40:00+00:00,116954.56,117155.66,116949.1,117155.65,87.22879
2025-08-09 08:45:00+00:00,117155.65,117181.0,116982.12,116982.12,47.88077
2025-08-09 08:50:00+00:00,116982.13,116991.81,116793.34,116940.8,49.231210000000004
2025-08-09 08:55:00+00:00,116940.8,117106.66,116940.79,117106.65,39.39566
2025-08-09 09:00:00+00:00,117106.66,117162.49,117058.52,117058.53,40.43
2025-08-09 09:05:00+00:00,117058.53,117258.99,117045.54,117258.99,44.84671
2025-08-09 09:10:00+00:00,117258.99,117419.56,117231.32,117417.34,88.32404
2025-08-09 09:15:00+00:00,117417.35,117436.92,117299.95,117311.27,91.7477
2025-08-09 09:20:00+00:00,117311.26,117329.79,117240.6,117317.97,31.60435
2025-08-09 09:25:00+00:00,117317.97,117317.97,117224.9,117286.34,27.892120000000002
2025-08-09 09:30:00+00:00,117286.33,117370.41,117249.83,117355.07,32.46927
2025-08-09 09:35:00+00:00,117355.08,117355.08,117302.02,117321.99,26.6491
2025-08-09 09:40:00+00:00,117322.0,117364.72,117266.87,117266.87,21.28895
2025-08-09 09:45:00+00:00,117266.87,117323.21,117234.99,117287.99,69.43426
2025-08-09 09:50:00+00:00,117287.99,117420.0,117274.64,117419.99,135.71203
2025-08-09 09:55:00+00:00,117419.99,117510.88,117419.99,117510.87,164.52385
2025-08-09 10:00:00+00:00,117510.88,117574.85,117475.14,117574.85,80.01506
2025-08-09 10:05:00+00:00,117574.85,117601.93,117574.84,117601.92,39.532199999999996
2025-08-09 10:10:00+00:00,117601.92,117777.0,117601.92,117762.76,108.86761
2025-08-09 10:15:00+00:00,117762.77,117871.36,117682.28,117792.74,141.29117
2025-08-09 10:20:00+00:00,117792.74,117944.05,117713.72,117791.13,87.04987
2025-08-09 10:25:00+00:00,117791.14,117864.39,117700.0,117776.43,53.79012
2025-08-09 10:30:00+00:00,117776.43,117776.43,117681.99,117728.2,75.13559
2025-08-09 10:35:00+00:00,117728.2,117733.26,117520.0,117597.99,64.35144
2025-08-09 10:40:00+00:00,117597.99,117599.56,117442.17,117520.01,92.99335
2025-08-09 10:45:00+00:00,117520.01,117650.0,117500.0,117517.03,37.99172
2025-08-09 10:50:00+00:00,117517.02,117537.31,117439.99,117455.78,62.40577
2025-08-09 10:55:00+00:00,117455.79,117455.79,117382.27,117424.16,24.22069
2025-08-09 11:00:00+00:00,117424.16,117471.73,117380.68,117380.69,29.265559999999997
2025-08-09 11:05:00+00:00,117380.69,117418.98,117360.0,117400.0,13.52774
2025-08-09 11:10:00+00:00,117399.99,117400.0,117233.11,117233.11,55.811429999999994
2025-08-09 11:15:00+00:00,117233.11,117290.37,117230.0,117276.28,15.55051
2025-08-09 11:20:00+00:00,117276.28,117299.17,117228.96,117242.0,16.04524
2025-08-09 11:25:00+00:00,117242.0,117268.13,117242.0,117268.13,8.68522
2025-08-09 11:30:00+00:00,117268.12,117280.0,117229.5,117229.5,18.34568
2025-08-09 11:35:00+00:00,117229.51,117232.8,117096.33,117103.0,47.1142
2025-08-09 11:40:00+00:00,117103.0,117235.0,117086.0,117235.0,24.09643
2025-08-09 11:45:00+00:00,117234.99,117235.0,117104.06,117116.1,18.7438
2025-08-09 11:50:00+00:00,117116.1,117223.7,117116.09,117216.01,41.27582
2025-08-09 11:55:00+00:00,117216.01,117237.75,117082.43,117110.0,49.15179
2025-08-09 12:00:00+00:00,117110.0,117137.82,117070.11,117079.17,36.50629
2025-08-09 12:05:00+00:00,117079.18,117128.03,117057.55,117120.97,21.48879
2025-08-09 12:10:00+00:00,117121.66,117238.04,117121.66,117212.12,34.92654
2025-08-09 12:15:00+00:00,117212.13,117222.19,117174.76,117178.0,26.83547
2025-08-09 12:20:00+00:00,117178.01,117190.92,117129.3,117144.0,24.85377
2025-08-09 12:25:00+00:00,117144.01,117193.36,117124.02,117172.03,26.57895
2025-08-09 12:30:00+00:00,117172.03,117184.13,117070.63,117112.59,37.33894
2025-08-09 12:35:00+00:00,117112.59,117138.41,117058.52,117058.52,15.850010000000001
2025-08-09 12:40:00+00:00,117058.52,117058.53,117010.0,117033.7,35.4905
2025-08-09 12:45:00+00:00,117033.69,117110.86,117033.69,117100.92,11.868210000000001
2025-08-09 12:50:00+00:00,117100.91,117146.46,117100.91,117130.54,9.712890000000002
2025-08-09 12:55:00+00:00,117130.53,117130.54,117100.0,117116.64,20.18495
2025-08-09 13:00:00+00:00,117116.65,117136.58,117100.0,117136.57,17.83232
2025-08-09 13:05:00+00:00,117136.58,117154.15,117033.7,117033.71,18.85756
2025-08-09 13:10:00+00:00,117033.7,117033.71,116878.68,116900.0,42.90692
2025-08-09 13:15:00+00:00,116900.0,116954.39,116880.0,116951.93,44.532579999999996
2025-08-09 13:20:00+00:00,116951.94,117017.38,116945.62,117017.38,23.56636
2025-08-09 13:25:00+00:00,117017.38,117065.15,117010.04,117010.05,20.675060000000002
2025-08-09 13:30:00+00:00,117010.04,117010.05,116888.28,116888.28,24.56848
2025-08-09 13:35:00+00:00,116888.28,116969.49,116888.28,116969.49,22.25001
2025-08-09 13:40:00+00:00,116969.49,117014.5,116955.16,117002.09,21.00273
2025-08-09 13:45:00+00:00,117002.09,117002.09,116931.01,117000.37,32.52319
2025-08-09 13:50:00+00:00,117000.36,117058.53,116987.36,117032.44,21.29254
2025-08-09 13:55:00+00:00,117032.43,117032.44,116968.31,116968.32,16.0301
2025-08-09 14:00:00+00:00,116968.32,116968.32,116748.2,116870.01,90.46079
2025-08-09 14:05:00+00:00,116870.01,116918.96,116861.06,116894.71,29.56887
2025-08-09 14:10:00+00:00,116894.71,116971.05,116894.7,116971.05,26.67978
2025-08-09 14:15:00+00:00,116971.05,117000.0,116885.58,116898.0,28.75111
2025-08-09 14:20:00+00:00,116898.01,116940.01,116898.0,116923.88,10.95626
2025-08-09 14:25:00+00:00,116923.89,116936.71,116923.88,116936.71,17.71576
2025-08-09 14:30:00+00:00,116936.7,116936.71,116854.0,116861.0,24.67986
2025-08-09 14:35:00+00:00,116861.0,116863.42,116836.37,116849.63,25.81256
2025-08-09 14:40:00+00:00,116849.63,116849.64,116826.28,116842.0,16.052680000000002
2025-08-09 14:45:00+00:00,116842.01,116842.02,116811.88,116841.19,39.31937
2025-08-09 14:50:00+00:00,116841.19,116927.83,116841.19,116927.83,22.88328
2025-08-09 14:55:00+00:00,116927.82,116979.06,116927.82,116972.87,24.21892
2025-08-09 15:00:00+00:00,116972.87,117020.0,116968.0,116999.4,26.981720000000003
2025-08-09 15:05:00+00:00,116999.41,116999.41,116938.56,116969.2,52.11147
2025-08-09 15:10:00+00:00,116969.2,116996.03,116903.9,116996.02,21.96502
2025-08-09 15:15:00+00:00,116996.02,117132.75,116996.02,117063.86,67.57639999999999
2025-08-09 15:20:00+00:00,117063.86,117073.53,116700.01,116850.61,72.72311
2025-08-09 15:25:00+00:00,116850.6,116897.39,116787.64,116833.04,38.01625
2025-08-09 15:30:00+00:00,116833.04,116880.0,116798.36,116854.01,43.95125
2025-08-09 15:35:00+00:00,116854.0,116863.04,116797.0,116822.78,21.84523
2025-08-09 15:40:00+00:00,116822.78,116856.44,116792.6,116813.85,18.858810000000002
2025-08-09 15:45:00+00:00,116813.86,116836.38,116785.04,116835.39,18.69908
2025-08-09 15:50:00+00:00,116835.38,116858.18,116815.4,116831.13,14.35181
2025-08-09 15:55:00+00:00,116831.12,116892.48,116831.12,116892.47,20.81182
2025-08-09 16:00:00+00:00,116892.48,116947.16,116868.14,116868.15,25.78298
2025-08-09 16:05:00+00:00,116868.14,116903.21,116837.93,116837.93,25.54782
2025-08-09 16:10:00+00:00,116837.93,116837.94,116820.0,116820.0,14.4126
2025-08-09 16:15:00+00:00,116820.0,116820.01,116777.0,116790.01,37.48405
2025-08-09 16:20:00+00:00,116790.01,116790.01,116724.01,116730.19,28.38468
2025-08-09 16:25:00+00:00,116730.19,116730.19,116730.18,116730.19,9.0822
2025-08-09 16:30:00+00:00,116730.19,116730.19,116642.67,116728.58,47.84228
2025-08-09 16:35:00+00:00,116728.59,116768.0,116704.16,116708.32,17.01744
2025-08-09 16:40:00+00:00,116708.32,116763.36,116708.31,116750.0,15.06858
2025-08-09 16:45:00+00:00,116750.0,116750.0,116648.0,116648.01,15.53854
2025-08-09 16:50:00+00:00,116648.01,116676.88,116642.67,116676.87,35.70859
2025-08-09 16:55:00+00:00,116676.87,116690.99,116648.5,116648.51,16.69362
2025-08-09 17:00:00+00:00,116648.51,116648.51,116635.05,116648.5,33.13026
2025-08-09 17:05:00+00:00,116648.5,116713.08,116648.5,116713.05,17.2873
2025-08-09 17:10:00+00:00,116713.04,116782.46,116713.04,116739.26,23.912969999999998
2025-08-09 17:15:00+00:00,116739.27,116764.0,116739.26,116741.42,33.90117
2025-08-09 17:20:00+00:00,116741.41,116741.42,116711.98,116711.99,18.3773
2025-08-09 17:25:00+00:00,116711.99,116743.74,116711.63,116743.73,12.499030000000001
2025-08-09 17:30:00+00:00,116743.73,116743.74,116674.2,116678.04,18.78722
2025-08-09 17:35:00+00:00,116678.05,116770.59,116678.04,116696.94,26.86514
2025-08-09 17:40:00+00:00,116695.4,116711.66,116680.56,116698.93,11.03106
2025-08-09 17:45:00+00:00,116698.94,116698.94,116619.77,116626.69,23.08576
2025-08-09 17:50:00+00:00,116626.69,116656.84,116626.68,116656.84,15.493559999999999
2025-08-09 17:55:00+00:00,116656.83,116670.22,116656.83,116670.22,17.630580000000002
2025-08-09 18:00:00+00:00,116670.22,116715.59,116656.84,116675.81,19.03769
2025-08-09 18:05:00+00:00,116675.8,116685.59,116660.83,116666.16,13.24254
2025-08-09 18:10:00+00:00,116666.15,116666.16,116652.44,116652.44,18.68181
2025-08-09 18:15:00+00:00,116652.44,116678.0,116652.44,116667.66,22.34188
2025-08-09 18:20:00+00:00,116667.66,116716.36,116667.66,116716.36,18.34658
2025-08-09 18:25:00+00:00,116716.35,116720.96,116669.22,116669.23,15.53843
2025-08-09 18:30:00+00:00,116669.23,116669.23,116657.55,116657.56,7.56513
2025-08-09 18:35:00+00:00,116657.55,116657.56,116657.53,116657.54,8.64524
2025-08-09 18:40:00+00:00,116657.54,116657.54,116616.13,116616.14,30.87744
2025-08-09 18:45:00+00:00,116616.14,116616.14,116555.02,116555.03,19.62906
2025-08-09 18:50:00+00:00,116555.04,116680.01,116555.03,116680.0,41.15688
2025-08-09 18:55:00+00:00,116680.01,116680.01,116634.91,116634.91,12.010909999999999
2025-08-09 19:00:00+00:00,116634.91,116634.92,116634.9,116634.9,12.11395
2025-08-09 19:05:00+00:00,116634.91,116696.95,116634.9,116696.95,48.54423
2025-08-09 19:10:00+00:00,116696.95,116721.74,116647.13,116647.14,53.57302
2025-08-09 19:15:00+00:00,116647.14,116662.01,116602.89,116624.0,26.61092
2025-08-09 19:20:00+00:00,116623.98,116623.98,116577.51,116577.51,10.41331
2025-08-09 19:25:00+00:00,116577.52,116608.19,116500.0,116608.18,92.66081999999999
2025-08-09 19:30:00+00:00,116608.19,116608.19,116562.57,116562.57,27.16015
2025-08-09 19:35:00+00:00,116562.58,116574.39,116539.34,116554.86,38.3937
2025-08-09 19:40:00+00:00,116554.87,116593.44,116554.86,116561.08,26.78277
2025-08-09 19:45:00+00:00,116561.08,116620.0,116554.86,116554.86,36.96861
2025-08-09 19:50:00+00:00,116554.86,116554.87,116508.84,116524.75,23.37666
2025-08-09 19:55:00+00:00,116524.75,116535.69,116514.0,116535.69,38.54393
2025-08-09 20:00:00+00:00,116535.68,116535.69,116524.74,116533.99,8.08537
2025-08-09 20:05:00+00:00,116533.99,116547.0,116511.22,116538.73,35.65097
2025-08-09 20:10:00+00:00,116538.73,116613.29,116504.53,116537.99,84.02209
2025-08-09 20:15:00+00:00,116538.0,116538.0,116510.02,116533.57,11.43448
2025-08-09 20:20:00+00:00,116533.57,116591.66,116533.57,116591.66,22.76559
2025-08-09 20:25:00+00:00,116591.65,116737.36,116586.01,116737.35,131.10268
2025-08-09 20:30:00+00:00,116737.36,116797.76,116708.31,116759.21,91.83407
2025-08-09 20:35:00+00:00,116759.21,116807.81,116720.0,116807.8,28.40502
2025-08-09 20:40:00+00:00,116807.8,117021.16,116807.8,116910.94,88.54946000000001
2025-08-09 20:45:00+00:00,116910.94,116910.95,116782.68,116796.6,23.81827
2025-08-09 20:50:00+00:00,116796.61,116796.61,116740.99,116740.99,18.00377
2025-08-09 20:55:00+00:00,116741.0,116787.79,116740.99,116778.07,18.40664
2025-08-09 21:00:00+00:00,116778.07,116778.07,116704.96,116735.69,20.47759
2025-08-09 21:05:00+00:00,116735.7,116794.4,116735.69,116780.0,11.78065
2025-08-09 21:10:00+00:00,116779.99,116790.0,116700.0,116700.0,41.05288
2025-08-09 21:15:00+00:00,116700.0,116700.01,116582.97,116648.16,51.10341
2025-08-09 21:20:00+00:00,116648.16,116648.16,116554.95,116560.0,21.91875
2025-08-09 21:25:00+00:00,116560.0,116560.01,116359.89,116411.99,171.86633
2025-08-09 21:30:00+00:00,116412.0,116531.35,116402.8,116531.34,54.335679999999996
2025-08-09 21:35:00+00:00,116531.35,116531.35,116445.16,116445.17,19.106930000000002
2025-08-09 21:40:00+00:00,116445.16,116477.63,116435.93,116435.94,14.51572
2025-08-09 21:45:00+00:00,116435.94,116544.63,116435.93,116521.79,20.25398
2025-08-09 21:50:00+00:00,116521.78,116593.34,116521.78,116593.33,14.705
2025-08-09 21:55:00+00:00,116593.33,116600.0,116524.09,116524.09,11.33811
2025-08-09 22:00:00+00:00,116524.09,116580.01,116500.33,116568.49,52.24236
2025-08-09 22:05:00+00:00,116568.48,116600.0,116554.94,116564.0,11.92408
2025-08-09 22:10:00+00:00,116564.0,116573.36,116500.0,116573.35,18.68647
2025-08-09 22:15:00+00:00,116573.35,116650.0,116573.35,116649.99,24.85736
2025-08-09 22:20:00+00:00,116650.0,116742.28,116626.73,116705.41,52.17764
2025-08-09 22:25:00+00:00,116705.42,116724.08,116683.32,116683.5,42.44905
2025-08-09 22:30:00+00:00,116683.5,116693.21,116618.42,116618.42,30.24747
2025-08-09 22:35:00+00:00,116618.42,116641.77,116576.0,116598.37,30.69379
2025-08-09 22:40:00+00:00,116598.37,116616.66,116598.37,116607.85,16.37115
2025-08-09 22:45:00+00:00,116607.85,116607.86,116504.01,116557.27,36.39145
2025-08-09 22:50:00+00:00,116557.26,116597.68,116516.18,116539.98,77.22126
2025-08-09 22:55:00+00:00,116539.98,116558.86,116539.98,116541.63,13.49107
2025-08-09 23:00:00+00:00,116541.62,116584.65,116500.0,116584.64,27.57694
2025-08-09 23:05:00+00:00,116584.64,116590.0,116506.62,116506.62,20.3735
2025-08-09 23:10:00+00:00,116506.63,116506.63,116500.0,116500.0,12.62494
2025-08-09 23:15:00+00:00,116500.0,116514.0,116500.0,116514.0,17.70884
2025-08-09 23:20:00+00:00,116513.99,116514.0,116513.99,116514.0,3.72863
2025-08-09 23:25:00+00:00,116514.0,116514.0,116450.0,116450.0,17.78
2025-08-09 23:30:00+00:00,116450.01,116510.02,116436.15,116508.85,28.292559999999998
2025-08-09 23:35:00+00:00,116508.86,116508.86,116500.0,116500.0,5.61726
2025-08-09 23:40:00+00:00,116500.0,116500.01,116461.24,116461.25,4.9785900000000005
2025-08-09 23:45:00+00:00,116461.25,116489.99,116461.24,116489.99,6.9343
2025-08-09 23:50:00+00:00,116489.98,116500.0,116484.0,116496.72,10.20365
2025-08-09 23:55:00+00:00,116496.71,116496.72,116462.24,116462.25,5.30453
2025-08-10 00:00:00+00:00,116462.25,116519.66,116460.63,116518.95,25.27386
2025-08-10 00:05:00+00:00,116518.95,116524.77,116505.23,116524.77,14.41565
2025-08-10 00:10:00+00:00,116524.77,116589.41,116524.76,116574.0,35.42823
2025-08-10 00:15:00+00:00,116574.0,116610.94,116574.0,116605.64,12.57595
2025-08-10 00:20:00+00:00,116605.64,116628.33,116584.85,116585.69,19.89044
2025-08-10 00:25:00+00:00,116585.68,116604.0,116585.68,116592.34,8.93943
2025-08-10 00:30:00+00:00,116592.35,116592.35,116548.01,116548.01,7.89072
2025-08-10 00:35:00+00:00,116548.01,116598.76,116547.14,116598.76,22.48648
2025-08-10 00:40:00+00:00,116598.75,116650.0,116598.75,116626.63,14.58149
2025-08-10 00:45:00+00:00,116626.62,116691.83,116587.38,116691.83,12.77237
2025-08-10 00:50:00+00:00,116691.83,116750.0,116691.83,116750.0,28.1825
2025-08-10 00:55:00+00:00,116749.99,116759.08,116685.17,116749.47,87.09916
2025-08-10 01:00:00+00:00,116749.46,116776.59,116736.85,116736.85,45.57338
2025-08-10 01:05:00+00:00,116736.85,116736.86,116617.77,116646.25,36.24289
2025-08-10 01:10:00+00:00,116646.25,116677.37,116611.67,116611.67,29.411959999999997
2025-08-10 01:15:00+00:00,116611.67,116681.3,116611.67,116659.55,14.88027
2025-08-10 01:20:00+00:00,116659.55,116659.56,116617.49,116617.5,9.220369999999999
2025-08-10 01:25:00+00:00,116617.49,116624.57,116614.86,116614.86,9.115
2025-08-10 01:30:00+00:00,116614.87,116658.23,116603.47,116622.19,16.55316
2025-08-10 01:35:00+00:00,116622.18,116649.47,116622.18,116648.3,25.434240000000003
2025-08-10 01:40:00+00:00,116648.3,116648.3,116602.75,116608.91,33.08733
2025-08-10 01:45:00+00:00,116608.91,116608.91,116573.35,116573.99,23.2006
2025-08-10 01:50:00+00:00,116573.99,116578.0,116539.99,116555.21,26.12763
2025-08-10 01:55:00+00:00,116555.22,116576.42,116555.21,116576.42,6.33486
2025-08-10 02:00:00+00:00,116576.42,116584.0,116576.41,116584.0,4.473269999999999
2025-08-10 02:05:00+00:00,116584.0,116647.83,116583.99,116647.82,7.52355
2025-08-10 02:10:00+00:00,116647.82,116647.83,116586.22,116627.85,29.03818
2025-08-10 02:15:00+00:00,116627.85,116699.64,116622.17,116699.64,22.62557
2025-08-10 02:20:00+00:00,116699.63,116750.15,116691.62,116732.78,52.613299999999995
2025-08-10 02:25:00+00:00,116732.78,116794.26,116703.85,116794.25,57.93309
2025-08-10 02:30:00+00:00,116794.25,116934.38,116762.01,116934.37,75.7178
2025-08-10 02:35:00+00:00,116934.38,117119.26,116918.0,117019.99,104.086
2025-08-10 02:40:00+00:00,117020.0,117033.4,116972.87,117033.4,39.0472
2025-08-10 02:45:00+00:00,117033.41,117196.33,117033.41,117159.99,85.90973
2025-08-10 02:50:00+00:00,117159.99,117200.0,117159.99,117200.0,48.93516
2025-08-10 02:55:00+00:00,117199.99,117318.0,117199.99,117317.99,51.846720000000005
2025-08-10 03:00:00+00:00,117317.99,117449.99,117250.41,117449.99,92.64941999999999
2025-08-10 03:05:00+00:00,117449.99,117899.99,117449.98,117897.32,461.74565
2025-08-10 03:10:00+00:00,117897.32,117999.99,117811.03,117914.26,295.77312
2025-08-10 03:15:00+00:00,117914.25,117950.0,117580.0,117945.36,227.14702
2025-08-10 03:20:00+00:00,117945.37,118233.2,117933.72,118213.85,465.35842
2025-08-10 03:25:00+00:00,118213.85,118500.0,118063.35,118362.97,511.75224000000003
2025-08-10 03:30:00+00:00,118362.97,118494.32,118300.0,118361.99,216.06942
2025-08-10 03:35:00+00:00,118362.0,118480.0,118335.41,118368.64,127.44551999999999
2025-08-10 03:40:00+00:00,118368.65,118412.83,118172.0,118217.31,113.75422
2025-08-10 03:45:00+00:00,118217.31,118291.27,118152.0,118160.0,76.55735
2025-08-10 03:50:00+00:00,118160.0,118415.02,118156.0,118396.67,76.5824
2025-08-10 03:55:00+00:00,118396.66,118500.0,118358.69,118500.0,83.38092
2025-08-10 04:00:00+00:00,118500.0,118739.91,118499.99,118666.72,259.34943
2025-08-10 04:05:00+00:00,118666.72,118741.77,118595.53,118623.99,94.28996000000001
2025-08-10 04:10:00+00:00,118624.0,118738.07,118623.99,118714.42,57.8283
2025-08-10 04:15:00+00:00,118714.43,118728.86,118570.47,118613.78,81.8678
2025-08-10 04:20:00+00:00,118613.78,118673.09,118543.44,118579.99,29.82331
2025-08-10 04:25:00+00:00,118579.99,118660.84,118571.01,118648.1,96.88508
2025-08-10 04:30:00+00:00,118648.1,118648.1,118530.03,118636.69,57.57654
2025-08-10 04:35:00+00:00,118636.7,118636.7,118438.44,118474.68,68.98314
2025-08-10 04:40:00+00:00,118474.67,118520.0,118394.81,118394.81,32.86764
2025-08-10 04:45:00+00:00,118394.82,118519.15,118380.0,118519.15,68.3384
2025-08-10 04:50:00+00:00,118519.15,118566.18,118478.16,118528.78,52.27293
2025-08-10 04:55:00+00:00,118528.79,118553.97,118416.84,118485.45,80.77326
2025-08-10 05:00:00+00:00,118485.45,118511.0,118406.25,118441.56,48.50603
2025-08-10 05:05:00+00:00,118441.56,118500.0,118259.66,118267.66,42.9759
2025-08-10 05:10:00+00:00,118267.65,118366.9,118258.02,118267.71,55.38348
2025-08-10 05:15:00+00:00,118267.7,118285.98,118010.0,118141.35,85.77972
2025-08-10 05:20:00+00:00,118141.35,118141.35,118043.93,118051.99,47.90849
2025-08-10 05:25:00+00:00,118051.99,118057.93,117902.62,117908.85,64.66387
2025-08-10 05:30:00+00:00,117908.85,118133.81,117908.84,118130.97,80.28433
2025-08-10 05:35:00+00:00,118130.96,118247.86,118130.96,118212.1,26.15333
2025-08-10 05:40:00+00:00,118212.1,118277.37,118212.09,118273.3,52.19755
2025-08-10 05:45:00+00:00,118273.29,118273.29,118090.25,118103.83,26.25965
2025-08-10 05:50:00+00:00,118103.83,118103.83,117938.57,118014.73,30.75821
2025-08-10 05:55:00+00:00,118014.74,118045.0,118014.73,118045.0,5.94891
2025-08-10 06:00:00+00:00,118045.0,118135.5,118045.0,118114.0,26.628610000000002
2025-08-10 06:05:00+00:00,118114.0,118161.05,118100.0,118154.95,19.39831
2025-08-10 06:10:00+00:00,118154.94,118154.95,118016.0,118016.0,31.17546
2025-08-10 06:15:00+00:00,118016.01,118016.01,117847.93,117851.14,40.09894
2025-08-10 06:20:00+00:00,117851.13,117899.0,117830.81,117836.46,21.90634
2025-08-10 06:25:00+00:00,117836.46,117900.0,117836.46,117857.18,17.19142
2025-08-10 06:30:00+00:00,117857.19,117857.19,117756.57,117756.58,16.64499
2025-08-10 06:35:00+00:00,117756.58,117850.98,117743.44,117816.83,24.96983
2025-08-10 06:40:00+00:00,117816.83,118000.0,117816.83,117982.05,30.91635
2025-08-10 06:45:00+00:00,117982.05,118070.35,117940.23,117943.98,39.94622
2025-08-10 06:50:00+00:00,117943.99,118124.43,117943.98,118074.38,34.84223
2025-08-10 06:55:00+00:00,118074.39,118143.99,118074.23,118074.24,15.74429
2025-08-10 07:00:00+00:00,118074.24,118236.93,118074.23,118236.92,41.70488
2025-08-10 07:05:00+00:00,118236.92,118236.93,118124.63,118124.63,18.45254
2025-08-10 07:10:00+00:00,118124.63,118171.12,118109.91,118151.38,20.08212
2025-08-10 07:15:00+00:00,118151.38,118153.03,118086.97,118153.02,19.517770000000002
2025-08-10 07:20:00+00:00,118153.02,118238.87,118153.02,118221.6,32.32585
2025-08-10 07:25:00+00:00,118221.6,118221.6,118085.59,118085.59,42.89486
2025-08-10 07:30:00+00:00,118085.59,118113.3,117952.42,117960.6,26.01284
2025-08-10 07:35:00+00:00,117960.6,117970.0,117700.0,117700.01,64.57114
2025-08-10 07:40:00+00:00,117700.0,117735.78,117592.39,117638.95,66.313
2025-08-10 07:45:00+00:00,117638.95,117780.0,117466.34,117779.99,172.48303
2025-08-10 07:50:00+00:00,117779.99,117856.27,117676.24,117712.0,42.57849
2025-08-10 07:55:00+00:00,117712.01,117850.8,117710.65,117808.3,30.00903
2025-08-10 08:00:00+00:00,117808.29,117823.69,117608.01,117620.01,37.2029
2025-08-10 08:05:00+00:00,117620.01,117797.8,117620.0,117754.15,34.68691
2025-08-10 08:10:00+00:00,117754.15,118027.67,117754.15,118002.2,45.677670000000006
2025-08-10 08:15:00+00:00,118002.19,118162.44,118002.19,118119.7,44.90296
2025-08-10 08:20:00+00:00,118119.7,118150.0,118106.0,118141.48,29.222830000000002
2025-08-10 08:25:00+00:00,118141.48,118141.49,118070.0,118125.48,13.506499999999999
2025-08-10 08:30:00+00:00,118125.48,118192.31,118125.47,118192.3,30.29731
2025-08-10 08:35:00+00:00,118192.31,118216.41,118118.81,118124.14,12.16368
2025-08-10 08:40:00+00:00,118124.13,118134.14,118088.89,118134.13,11.13943
2025-08-10 08:45:00+00:00,118134.14,118264.65,118134.14,118264.64,11.79391
2025-08-10 08:50:00+00:00,118264.64,118365.92,118244.0,118365.89,51.582480000000004
2025-08-10 08:55:00+00:00,118365.9,118400.0,118291.45,118308.85,53.78226
2025-08-10 09:00:00+00:00,118308.86,118387.55,118308.86,118338.1,30.82713
2025-08-10 09:05:00+00:00,118338.1,118357.68,118276.78,118278.73,45.78526
2025-08-10 09:10:00+00:00,118278.73,118342.0,118258.0,118324.0,29.04775
2025-08-10 09:15:00+00:00,118324.0,118400.0,118324.0,118357.79,36.51583
2025-08-10 09:20:00+00:00,118357.78,118357.78,118261.5,118261.5,13.161340000000001
2025-08-10 09:25:00+00:00,118261.5,118286.87,118258.02,118270.0,29.27333
2025-08-10 09:30:00+00:00,118270.0,118270.01,118202.6,118237.99,31.81917
2025-08-10 09:35:00+00:00,118238.0,118253.94,118141.35,118141.36,26.78531
2025-08-10 09:40:00+00:00,118141.35,118211.22,118110.64,118110.64,16.34642
2025-08-10 09:45:00+00:00,118110.64,118421.49,118110.64,118421.48,52.67827
2025-08-10 09:50:00+00:00,118421.48,118441.48,118306.04,118332.22,43.57316
2025-08-10 09:55:00+00:00,118332.21,118332.22,118265.9,118293.08,16.70364
2025-08-10 10:00:00+00:00,118293.09,118293.45,118207.86,118244.94,64.54386000000001
2025-08-10 10:05:00+00:00,118244.95,118262.0,118122.11,118122.11,27.39474
2025-08-10 10:10:00+00:00,118122.11,118200.0,118122.11,118154.95,17.15949
2025-08-10 10:15:00+00:00,118154.95,118154.95,118101.26,118128.79,18.79973
2025-08-10 10:20:00+00:00,118128.79,118240.05,118128.79,118147.22,23.6186
2025-08-10 10:25:00+00:00,118147.21,118241.75,118147.21,118185.69,19.78659
2025-08-10 10:30:00+00:00,118185.7,118211.91,118056.91,118059.86,28.834699999999998
2025-08-10 10:35:00+00:00,118059.85,118099.99,117998.9,118099.98,40.31843
2025-08-10 10:40:00+00:00,118099.99,118200.0,118092.0,118198.0,24.89546
2025-08-10 10:45:00+00:00,118198.0,118250.0,118170.03,118170.03,17.189410000000002
2025-08-10 10:50:00+00:00,118170.03,118170.03,118032.0,118032.0,23.09606
2025-08-10 10:55:00+00:00,118032.0,118067.86,118020.0,118020.0,22.73986
2025-08-10 11:00:00+00:00,118020.01,118066.31,118010.87,118020.0,27.16274
2025-08-10 11:05:00+00:00,118020.0,118025.13,117940.0,117978.72,27.55269
2025-08-10 11:10:00+00:00,117978.71,118030.81,117963.75,118018.63,23.742150000000002
2025-08-10 11:15:00+00:00,118018.63,118029.33,117965.54,118027.87,17.45141
2025-08-10 11:20:00+00:00,118027.86,118144.0,118027.86,118120.0,24.7516
2025-08-10 11:25:00+00:00,118119.99,118287.53,118119.99,118287.53,29.09636
2025-08-10 11:30:00+00:00,118287.52,118291.27,118206.0,118206.0,34.378240000000005
2025-08-10 11:35:00+00:00,118206.0,118280.07,118206.0,118240.0,39.18328
2025-08-10 11:40:00+00:00,118240.01,118456.2,118236.84,118388.15,78.2061
2025-08-10 11:45:00+00:00,118388.16,118464.25,118388.15,118460.0,28.24601
2025-08-10 11:50:00+00:00,118460.01,118500.0,118415.03,118498.99,34.99243
2025-08-10 11:55:00+00:00,118499.0,118499.0,118293.97,118330.58,64.70964000000001
2025-08-10 12:00:00+00:00,118330.58,118400.0,118232.0,118358.17,44.81856
2025-08-10 12:05:00+00:00,118358.17,118550.31,118347.84,118517.47,84.59996
2025-08-10 12:10:00+00:00,118517.47,118536.12,118382.72,118510.6,112.75942
2025-08-10 12:15:00+00:00,118510.6,118628.45,118462.78,118628.45,57.81431
2025-08-10 12:20:00+00:00,118628.45,118668.0,118575.84,118660.0,33.46299
2025-08-10 12:25:00+00:00,118659.99,118660.0,118570.17,118570.17,27.3631
2025-08-10 12:30:00+00:00,118570.18,118678.33,118570.17,118678.32,75.9132
2025-08-10 12:35:00+00:00,118678.32,118683.87,118650.01,118650.02,40.11439
2025-08-10 12:40:00+00:00,118650.02,118700.0,118650.01,118699.99,47.287440000000004
2025-08-10 12:45:00+00:00,118699.99,118737.26,118631.19,118714.6,43.03626
2025-08-10 12:50:00+00:00,118714.61,118725.74,118466.65,118466.72,41.8316
2025-08-10 12:55:00+00:00,118466.72,118528.79,118466.71,118514.0,20.53048
2025-08-10 13:00:00+00:00,118514.0,118547.22,118459.37,118547.21,25.71432
2025-08-10 13:05:00+00:00,118547.22,118617.88,118528.78,118617.88,26.08612
2025-08-10 13:10:00+00:00,118617.87,118683.87,118582.0,118582.0,19.327840000000002
2025-08-10 13:15:00+00:00,118582.01,118591.66,118387.18,118469.94,26.34112
2025-08-10 13:20:00+00:00,118469.93,118548.86,118469.93,118499.73,24.05261
2025-08-10 13:25:00+00:00,118499.72,118600.0,118499.72,118579.37,24.34671
2025-08-10 13:30:00+00:00,118579.37,118579.37,118402.53,118427.12,34.12447
2025-08-10 13:35:00+00:00,118427.12,118464.72,118370.39,118445.0,30.58548
2025-08-10 13:40:00+00:00,118445.0,118560.0,118444.29,118546.0,58.51716999999999
2025-08-10 13:45:00+00:00,118546.0,118600.0,118491.4,118560.01,24.51797
2025-08-10 13:50:00+00:00,118560.01,118677.73,118560.0,118677.72,51.62843
2025-08-10 13:55:00+00:00,118677.72,118677.72,118430.55,118452.0,47.40562
2025-08-10 14:00:00+00:00,118451.99,118452.0,118308.02,118363.61,45.2189
2025-08-10 14:05:00+00:00,118363.62,118547.73,118363.62,118528.99,33.163740000000004
2025-08-10 14:10:00+00:00,118528.99,118623.05,118520.0,118595.44,68.92143
2025-08-10 14:15:00+00:00,118595.44,118651.42,118560.0,118571.97,25.62678
2025-08-10 14:20:00+00:00,118571.97,118770.4,118571.97,118769.98,78.75896
2025-08-10 14:25:00+00:00,118769.99,118818.0,118742.51,118802.0,126.58192
2025-08-10 14:30:00+00:00,118802.0,118816.82,118629.21,118641.99,79.41599
2025-08-10 14:35:00+00:00,118642.0,118750.0,118627.0,118734.23,36.08883
2025-08-10 14:40:00+00:00,118734.22,118780.0,118710.19,118780.0,24.800749999999997
2025-08-10 14:45:00+00:00,118780.0,118850.0,118594.34,118670.22,138.50014
2025-08-10 14:50:00+00:00,118670.23,118758.0,118670.22,118726.77,46.709779999999995
2025-08-10 14:55:00+00:00,118726.77,118779.0,118726.77,118779.0,36.464040000000004
2025-08-10 15:00:00+00:00,118778.99,118813.82,118778.99,118800.6,45.26656
2025-08-10 15:05:00+00:00,118800.6,119113.94,118800.59,119082.59,323.9763
2025-08-10 15:10:00+00:00,119082.58,119089.24,118745.29,118883.34,101.44333
2025-08-10 15:15:00+00:00,118883.33,118947.84,118644.34,118741.76,60.66319
2025-08-10 15:20:00+00:00,118741.77,118763.36,118640.0,118738.62,101.24484000000001
2025-08-10 15:25:00+00:00,118738.61,118738.61,118683.86,118683.86,18.44466
2025-08-10 15:30:00+00:00,118683.86,118685.58,118600.0,118626.74,34.59662
2025-08-10 15:35:00+00:00,118626.74,118626.75,118568.07,118568.08,63.01796
2025-08-10 15:40:00+00:00,118568.07,118727.99,118568.07,118727.98,43.58634
2025-08-10 15:45:00+00:00,118727.99,118889.65,118716.32,118780.41,128.45671000000002
2025-08-10 15:50:00+00:00,118780.4,118836.82,118729.24,118800.01,80.94660999999999
2025-08-10 15:55:00+00:00,118800.01,118827.32,118779.28,118815.0,45.15365
2025-08-10 16:00:00+00:00,118815.0,118900.0,118796.42,118880.43,36.18849
2025-08-10 16:05:00+00:00,118880.43,118922.93,118857.16,118922.93,28.16699
2025-08-10 16:10:00+00:00,118922.94,118944.24,118828.44,118835.16,25.31116
2025-08-10 16:15:00+00:00,118835.16,118838.82,118765.85,118774.93,28.63506
2025-08-10 16:20:00+00:00,118774.93,118774.94,118668.74,118668.75,24.19628
2025-08-10 16:25:00+00:00,118668.74,118776.48,118668.74,118719.99,55.23373
2025-08-10 16:30:00+00:00,118720.0,118747.99,118687.27,118695.11,27.22654
2025-08-10 16:35:00+00:00,118695.12,118740.0,118672.21,118673.87,46.64871
2025-08-10 16:40:00+00:00,118673.87,118773.1,118623.14,118773.1,55.05457
2025-08-10 16:45:00+00:00,118773.09,118834.11,118688.06,118688.06,42.07749
2025-08-10 16:50:00+00:00,118688.07,118702.83,118653.23,118670.5,15.562840000000001
2025-08-10 16:55:00+00:00,118670.51,118687.38,118635.31,118671.74,18.57942
2025-08-10 17:00:00+00:00,118671.75,118691.21,118642.45,118642.45,8.07473
2025-08-10 17:05:00+00:00,118642.46,118645.79,118560.46,118635.77,28.14279
2025-08-10 17:10:00+00:00,118635.77,118693.02,118581.5,118581.5,29.07239
2025-08-10 17:15:00+00:00,118581.51,118585.3,118489.44,118585.29,26.91657
2025-08-10 17:20:00+00:00,118585.29,118606.16,118465.3,118465.31,20.32257
2025-08-10 17:25:00+00:00,118465.31,118493.5,118453.48,118453.49,17.18624
2025-08-10 17:30:00+00:00,118453.48,118554.13,118453.48,118554.13,48.06096
2025-08-10 17:35:00+00:00,118554.13,118602.1,118509.9,118534.11,14.64001
2025-08-10 17:40:00+00:00,118534.12,118550.0,118520.32,118520.32,8.66079
2025-08-10 17:45:00+00:00,118520.33,118562.3,118520.32,118562.28,9.09608
2025-08-10 17:50:00+00:00,118562.28,118570.69,118530.62,118530.62,10.30559
2025-08-10 17:55:00+00:00,118530.63,118561.01,118520.32,118520.32,9.68051
2025-08-10 18:00:00+00:00,118520.33,118529.08,118492.0,118513.33,15.23681
2025-08-10 18:05:00+00:00,118513.33,118547.48,118513.32,118517.25,6.4097
2025-08-10 18:10:00+00:00,118517.25,118554.14,118489.24,118554.13,9.54262
2025-08-10 18:15:00+00:00,118554.13,118554.13,118498.0,118498.0,7.64631
2025-08-10 18:20:00+00:00,118498.0,118498.01,118442.57,118446.06,16.06502
2025-08-10 18:25:00+00:00,118446.06,118453.01,118433.8,118434.36,12.5578
2025-08-10 18:30:00+00:00,118434.36,118503.07,118434.36,118503.07,11.110009999999999
2025-08-10 18:35:00+00:00,118503.06,118529.96,118499.46,118529.95,10.05604
2025-08-10 18:40:00+00:00,118529.95,118562.55,118529.95,118562.54,8.01575
2025-08-10 18:45:00+00:00,118562.55,118562.55,118523.5,118559.56,14.325520000000001
2025-08-10 18:50:00+00:00,118559.56,118611.91,118559.55,118581.49,20.787010000000002
2025-08-10 18:55:00+00:00,118581.48,118581.49,118550.4,118554.01,11.2791
2025-08-10 19:00:00+00:00,118554.01,118554.01,118506.1,118506.11,7.85419
2025-08-10 19:05:00+00:00,118506.1,118549.91,118462.29,118549.9,17.02063
2025-08-10 19:10:00+00:00,118549.9,118648.11,118549.9,118648.11,17.38598
2025-08-10 19:15:00+00:00,118648.1,118683.87,118561.08,118561.08,23.62481
2025-08-10 19:20:00+00:00,118561.08,118615.18,118556.0,118584.15,19.01525
2025-08-10 19:25:00+00:00,118584.14,118606.16,118568.28,118568.28,12.23762
2025-08-10 19:30:00+00:00,118568.29,118589.47,118530.69,118589.46,18.00584
2025-08-10 19:35:00+00:00,118589.46,118683.87,118563.69,118683.87,24.59425
2025-08-10 19:40:00+00:00,118683.87,118714.28,118662.85,118663.08,17.66541
2025-08-10 19:45:00+00:00,118663.09,118704.24,118637.54,118704.23,16.02585
2025-08-10 19:50:00+00:00,118704.23,118708.48,118690.4,118708.48,19.052300000000002
2025-08-10 19:55:00+00:00,118708.48,118708.48,118663.08,118663.08,27.30379
2025-08-10 20:00:00+00:00,118663.09,118684.54,118602.83,118636.38,49.80014
2025-08-10 20:05:00+00:00,118636.38,118688.0,118606.15,118606.16,65.41736
2025-08-10 20:10:00+00:00,118606.15,118606.16,118255.18,118312.44,134.47831
2025-08-10 20:15:00+00:00,118312.44,118384.81,118100.0,118158.02,102.99864000000001
2025-08-10 20:20:00+00:00,118158.01,118278.24,118074.99,118160.02,76.37411
2025-08-10 20:25:00+00:00,118160.01,118374.68,118143.36,118284.14,79.31551
2025-08-10 20:30:00+00:00,118284.14,118400.57,118284.14,118372.05,42.43634
2025-08-10 20:35:00+00:00,118372.05,118503.51,118372.05,118503.5,44.78825
2025-08-10 20:40:00+00:00,118503.5,118708.16,118479.09,118688.14,56.68797
2025-08-10 20:45:00+00:00,118688.15,118765.71,118666.71,118686.88,30.25565
2025-08-10 20:50:00+00:00,118686.88,118703.34,118612.79,118703.34,30.83794
2025-08-10 20:55:00+00:00,118703.33,118703.33,118323.16,118323.16,46.15737
2025-08-10 21:00:00+00:00,118323.0,118323.0,118100.0,118100.0,77.90796
2025-08-10 21:05:00+00:00,118100.0,118355.61,118092.0,118355.61,49.31182
2025-08-10 21:10:00+00:00,118355.6,118355.61,118211.13,118239.47,42.89267
2025-08-10 21:15:00+00:00,118239.99,118335.17,118188.14,118335.16,41.71646
2025-08-10 21:20:00+00:00,118335.16,118471.54,118335.16,118388.96,71.18807000000001
2025-08-10 21:25:00+00:00,118388.97,118410.3,118200.0,118224.23,61.68481
2025-08-10 21:30:00+00:00,118224.23,118281.38,118166.96,118268.13,40.90945
2025-08-10 21:35:00+00:00,118268.13,118270.85,118174.2,118200.68,47.42164
2025-08-10 21:40:00+00:00,118200.69,118297.14,118163.23,118253.64,43.85194
2025-08-10 21:45:00+00:00,118253.65,118495.94,118253.64,118495.94,35.76849
2025-08-10 21:50:00+00:00,118495.94,118618.44,118495.94,118598.27,44.34341
2025-08-10 21:55:00+00:00,118598.28,118716.91,118598.27,118716.9,41.55325
2025-08-10 22:00:00+00:00,118716.9,118765.71,118639.44,118742.0,91.03411
2025-08-10 22:05:00+00:00,118742.0,118946.45,118615.44,118824.84,109.59477000000001
2025-08-10 22:10:00+00:00,118824.83,118945.65,118824.83,118872.01,36.70176
2025-08-10 22:15:00+00:00,118872.01,118928.52,118831.52,118889.31,44.17058
2025-08-10 22:20:00+00:00,118889.31,118966.92,118869.8,118875.69,35.41314
2025-08-10 22:25:00+00:00,118875.7,118883.0,118827.44,118837.0,23.13378
2025-08-10 22:30:00+00:00,118837.0,118962.53,118836.99,118953.37,27.36781
2025-08-10 22:35:00+00:00,118953.37,118966.0,118900.97,118904.19,17.40337
2025-08-10 22:40:00+00:00,118904.18,118960.76,118904.18,118950.0,14.595939999999999
2025-08-10 22:45:00+00:00,118950.0,118960.76,118900.97,118916.68,24.81418
2025-08-10 22:50:00+00:00,118916.68,118998.0,118916.67,118990.36,72.57853
2025-08-10 22:55:00+00:00,118990.36,119084.93,118990.36,119084.92,66.70953
2025-08-10 23:00:00+00:00,119084.93,119240.0,119070.71,119188.61,147.4855
2025-08-10 23:05:00+00:00,119188.61,119188.62,119072.54,119111.25,56.86911
2025-08-10 23:10:00+00:00,119111.25,119123.73,118948.45,118952.23,74.34819
2025-08-10 23:15:00+00:00,118952.24,118984.74,118880.0,118892.85,50.835390000000004
2025-08-10 23:20:00+00:00,118892.85,118937.38,118861.16,118922.0,40.5773
2025-08-10 23:25:00+00:00,118922.0,119030.82,118875.0,119020.0,57.46602
2025-08-10 23:30:00+00:00,119020.0,119311.11,119013.67,119259.99,102.35281
2025-08-10 23:35:00+00:00,119260.0,119277.33,119117.01,119226.09,63.34245
2025-08-10 23:40:00+00:00,119226.09,119278.66,119181.36,119256.36,63.02901
2025-08-10 23:45:00+00:00,119256.35,119300.0,119242.0,119287.62,44.42592
2025-08-10 23:50:00+00:00,119287.62,119287.62,119208.1,119267.13,31.06543
2025-08-10 23:55:00+00:00,119267.13,119294.7,119267.12,119294.01,21.18075
2025-08-11 00:00:00+00:00,119294.27,119310.82,119206.94,119208.14,64.03186
2025-08-11 00:05:00+00:00,119208.14,119302.0,119208.13,119237.04,53.62692
2025-08-11 00:10:00+00:00,119237.05,119245.86,119141.45,119220.01,82.6305
2025-08-11 00:15:00+00:00,119220.01,119295.44,119207.07,119230.0,50.98733
2025-08-11 00:20:00+00:00,119230.01,119465.01,119230.01,119399.15,101.01008
2025-08-11 00:25:00+00:00,119399.15,119500.0,119340.01,119415.3,75.42761
2025-08-11 00:30:00+00:00,119415.3,119450.0,119294.69,119327.4,47.50508
2025-08-11 00:35:00+00:00,119327.41,119388.29,119156.0,119240.31,65.95054
2025-08-11 00:40:00+00:00,119240.32,119280.0,119206.32,119237.97,67.66087
2025-08-11 00:45:00+00:00,119237.97,119238.14,119104.17,119207.07,97.20832
2025-08-11 00:50:00+00:00,119207.08,119328.46,119202.0,119300.0,34.26036
2025-08-11 00:55:00+00:00,119300.01,119300.01,119126.35,119126.35,45.43036
2025-08-11 01:00:00+00:00,119126.35,119197.67,119122.58,119130.85,20.37297
2025-08-11 01:05:00+00:00,119130.85,119215.57,119055.78,119141.79,48.506330000000005
2025-08-11 01:10:00+00:00,119141.8,119213.3,119110.27,119110.27,37.88739
2025-08-11 01:15:00+00:00,119110.27,119182.28,118972.59,118981.99,76.13619
2025-08-11 01:20:00+00:00,118982.0,119095.17,118979.2,119054.2,59.75387
2025-08-11 01:25:00+00:00,119054.2,119249.35,119054.19,119174.53,55.85312999999999
2025-08-11 01:30:00+00:00,119174.53,119784.35,119174.53,119764.25,287.23348
2025-08-11 01:35:00+00:00,119764.24,119770.81,119480.05,119757.0,131.53373
2025-08-11 01:40:00+00:00,119756.99,119800.0,119688.99,119758.9,108.77278000000001
2025-08-11 01:45:00+00:00,119758.91,119784.94,119648.92,119654.69,94.03881
2025-08-11 01:50:00+00:00,119654.7,119789.07,119633.4,119719.99,65.06909
2025-08-11 01:55:00+00:00,119720.0,119999.0,119719.99,119988.0,232.17621000000003
2025-08-11 02:00:00+00:00,119988.0,120800.0,119937.59,120694.02,1181.81126
2025-08-11 02:05:00+00:00,120694.01,120948.99,120551.01,120813.28,314.03487
2025-08-11 02:10:00+00:00,120813.28,121286.8,120741.99,121286.34,498.12849
2025-08-11 02:15:00+00:00,121286.33,121286.34,120933.22,121171.03,332.46816
2025-08-11 02:20:00+00:00,121171.03,121743.55,121119.83,121615.47,503.50261
2025-08-11 02:25:00+00:00,121615.47,121700.0,121429.33,121488.83,283.16967999999997
2025-08-11 02:30:00+00:00,121488.84,121620.0,121357.1,121609.53,201.2915
2025-08-11 02:35:00+00:00,121609.53,121750.0,121550.0,121639.92,114.30399
2025-08-11 02:40:00+00:00,121639.93,121789.58,121621.41,121719.99,131.78211
2025-08-11 02:45:00+00:00,121719.99,121800.0,121628.84,121789.25,110.48936
2025-08-11 02:50:00+00:00,121789.26,121860.87,121782.13,121839.09,103.49192
2025-08-11 02:55:00+00:00,121839.09,121894.64,121800.0,121876.0,115.165
2025-08-11 03:00:00+00:00,121875.99,121962.71,121727.71,121749.73,238.05674
2025-08-11 03:05:00+00:00,121749.73,121892.98,121563.16,121885.46,161.57265
2025-08-11 03:10:00+00:00,121885.47,121991.77,121879.79,121991.55,96.21798
2025-08-11 03:15:00+00:00,121991.54,122164.07,121765.24,121879.8,288.76841
2025-08-11 03:20:00+00:00,121879.79,121899.84,121671.11,121785.14,116.30269000000001
2025-08-11 03:25:00+00:00,121785.14,121799.98,121657.61,121751.53,128.56656
2025-08-11 03:30:00+00:00,121751.53,121776.57,121638.92,121672.11,110.7233
2025-08-11 03:35:00+00:00,121672.1,121700.0,121559.11,121634.1,137.27034
2025-08-11 03:40:00+00:00,121634.1,121760.46,121588.26,121588.26,108.90375999999999
2025-08-11 03:45:00+00:00,121588.26,121800.0,121565.67,121799.99,185.10696
2025-08-11 03:50:00+00:00,121800.0,121949.53,121792.0,121895.76,111.41063
2025-08-11 03:55:00+00:00,121895.76,121895.77,121728.99,121728.99,50.58979
2025-08-11 04:00:00+00:00,121729.0,121824.87,121728.99,121824.87,70.34035
2025-08-11 04:05:00+00:00,121824.86,121900.0,121670.5,121704.68,92.66338
2025-08-11 04:10:00+00:00,121704.69,121852.0,121647.35,121718.16,114.87316
2025-08-11 04:15:00+00:00,121718.16,121817.81,121660.8,121804.04,73.43903
2025-08-11 04:20:00+00:00,121804.04,121904.82,121720.0,121757.07,70.25303
2025-08-11 04:25:00+00:00,121757.07,121801.9,121693.64,121708.54,46.98318
2025-08-11 04:30:00+00:00,121708.54,121723.08,121623.14,121651.21,69.43563
2025-08-11 04:35:00+00:00,121651.21,121780.38,121645.42,121776.44,54.39948
2025-08-11 04:40:00+00:00,121776.45,121851.26,121629.18,121682.53,195.65476
2025-08-11 04:45:00+00:00,121682.53,121782.99,121666.48,121714.67,63.96511
2025-08-11 04:50:00+00:00,121714.66,122100.0,121714.66,122047.57,372.44398
2025-08-11 04:55:00+00:00,122047.56,122175.88,121939.88,122080.0,93.5981
2025-08-11 05:00:00+00:00,122080.0,122188.0,122022.29,122113.84,77.28678000000001
2025-08-11 05:05:00+00:00,122113.84,122236.96,122104.73,122196.05,100.13492
2025-08-11 05:10:00+00:00,122196.05,122335.16,122179.73,122304.02,121.37792999999999
2025-08-11 05:15:00+00:00,122304.02,122304.02,122062.87,122096.64,101.6046
2025-08-11 05:20:00+00:00,122096.64,122096.65,121827.0,121852.03,85.36035000000001
2025-08-11 05:25:00+00:00,121852.02,122052.01,121852.02,121980.63,55.02861
2025-08-11 05:30:00+00:00,121980.63,122046.08,121925.19,122010.55,66.57491999999999
2025-08-11 05:35:00+00:00,122010.55,122030.54,121912.0,121979.9,68.76718
2025-08-11 05:40:00+00:00,121979.91,121979.91,121875.0,121875.0,35.37451
2025-08-11 05:45:00+00:00,121875.0,121875.01,121823.24,121836.29,63.69631
2025-08-11 05:50:00+00:00,121836.3,122043.97,121836.29,122043.97,86.26679
2025-08-11 05:55:00+00:00,122043.97,122129.09,121985.62,122059.34,99.06739999999999
2025-08-11 06:00:00+00:00,122059.34,122129.09,122059.34,122072.68,64.99457
2025-08-11 06:05:00+00:00,122072.69,122081.51,122000.0,122056.0,74.20834
2025-08-11 06:10:00+00:00,122056.0,122100.0,122027.13,122094.57,55.53582
2025-08-11 06:15:00+00:00,122094.58,122116.17,121954.79,121993.32,66.91416
2025-08-11 06:20:00+00:00,121993.33,122143.0,121993.33,122073.96,73.0249
2025-08-11 06:25:00+00:00,122073.96,122150.0,122058.72,122103.35,39.39248
2025-08-11 06:30:00+00:00,122103.35,122197.2,122083.98,122193.55,108.93183
2025-08-11 06:35:00+00:00,122193.54,122248.78,122157.16,122164.59,89.67299
2025-08-11 06:40:00+00:00,122164.6,122230.0,122164.59,122223.25,54.42287
2025-08-11 06:45:00+00:00,122223.25,122290.0,122170.27,122194.0,79.15562
2025-08-11 06:50:00+00:00,122194.0,122332.98,122194.0,122324.72,62.12885
2025-08-11 06:55:00+00:00,122324.72,122324.73,122231.03,122300.63,74.55727
2025-08-11 07:00:00+00:00,122300.64,122313.0,122117.17,122182.0,62.4944
2025-08-11 07:05:00+00:00,122182.0,122190.0,122027.14,122068.31,101.75808
2025-08-11 07:10:00+00:00,122068.32,122081.06,121986.0,121986.0,53.16029
2025-08-11 07:15:00+00:00,121986.0,122092.69,121966.64,122092.68,55.96725
2025-08-11 07:20:00+00:00,122092.68,122111.58,121863.56,121950.0,50.01822
2025-08-11 07:25:00+00:00,121949.99,122004.0,121880.63,121900.91,53.86888
2025-08-11 07:30:00+00:00,121900.9,121958.01,121800.55,121864.42,109.64792
2025-08-11 07:35:00+00:00,121864.41,121958.0,121669.98,121691.17,106.48421
2025-08-11 07:40:00+00:00,121691.17,121806.49,121675.27,121800.82,135.22245999999998
2025-08-11 07:45:00+00:00,121800.82,121813.99,121636.13,121646.94,94.17367
2025-08-11 07:50:00+00:00,121646.94,121689.53,121605.45,121620.8,154.95912
2025-08-11 07:55:00+00:00,121620.81,121694.97,121466.08,121537.15,180.60421
2025-08-11 08:00:00+00:00,121537.14,121591.9,121329.77,121336.01,151.43221
2025-08-11 08:05:00+00:00,121336.01,121489.99,121207.34,121485.54,195.85771
2025-08-11 08:10:00+00:00,121485.55,121667.24,121485.54,121650.69,101.15015
2025-08-11 08:15:00+00:00,121650.69,121656.67,121582.71,121619.35,52.7284
2025-08-11 08:20:00+00:00,121619.36,121677.06,121610.14,121640.54,48.53734
2025-08-11 08:25:00+00:00,121640.54,121734.1,121601.0,121730.0,92.01432
2025-08-11 08:30:00+00:00,121730.01,121730.01,121595.17,121640.0,38.58865
2025-08-11 08:35:00+00:00,121639.99,121823.0,121639.99,121675.82,79.63408
2025-08-11 08:40:00+00:00,121675.81,121730.56,121670.17,121703.28,36.08714
2025-08-11 08:45:00+00:00,121703.28,121769.71,121660.89,121694.0,42.3802
2025-08-11 08:50:00+00:00,121694.0,121700.0,121645.78,121699.99,20.21508
2025-08-11 08:55:00+00:00,121699.99,121784.05,121679.12,121679.13,30.496090000000002
2025-08-11 09:00:00+00:00,121679.13,121704.78,121625.93,121625.93,26.50721
2025-08-11 09:05:00+00:00,121625.94,121655.2,121582.76,121586.7,49.097120000000004
2025-08-11 09:10:00+00:00,121586.7,121586.73,121483.22,121494.33,71.13646
2025-08-11 09:15:00+00:00,121494.34,121494.34,121415.45,121415.45,60.50273
2025-08-11 09:20:00+00:00,121415.46,121435.27,121345.92,121348.61,71.72454
2025-08-11 09:25:00+00:00,121348.61,121358.96,121250.0,121294.79,79.90814
2025-08-11 09:30:00+00:00,121294.79,121399.73,121250.0,121250.0,85.42024
2025-08-11 09:35:00+00:00,121250.0,121262.58,121080.0,121216.06,80.98760999999999
2025-08-11 09:40:00+00:00,121216.05,121447.42,121167.73,121447.42,111.53785
2025-08-11 09:45:00+00:00,121447.42,121474.96,121362.77,121472.16,41.617129999999996
2025-08-11 09:50:00+00:00,121472.16,121472.17,121349.23,121380.0,48.42018
2025-08-11 09:55:00+00:00,121380.0,121439.75,121313.51,121439.75,67.11517
2025-08-11 10:00:00+00:00,121439.75,121455.02,121231.26,121231.26,56.067769999999996
2025-08-11 10:05:00+00:00,121231.27,121245.16,121141.51,121181.49,53.68701
2025-08-11 10:10:00+00:00,121181.48,121333.39,121181.48,121290.05,61.12693
2025-08-11 10:15:00+00:00,121290.06,121400.0,121132.0,121288.12,89.26485
2025-08-11 10:20:00+00:00,121288.13,121369.09,121239.93,121368.0,44.01283
2025-08-11 10:25:00+00:00,121368.01,121403.51,121277.98,121277.98,25.84883
2025-08-11 10:30:00+00:00,121277.98,121298.0,121168.0,121187.8,83.23827
2025-08-11 10:35:00+00:00,121187.81,121200.0,121120.01,121135.06,66.16155
2025-08-11 10:40:00+00:00,121135.06,121150.0,121117.82,121141.29,49.10421
2025-08-11 10:45:00+00:00,121141.3,121149.99,121035.16,121067.33,70.23339
2025-08-11 10:50:00+00:00,121067.33,121214.98,121036.0,121036.01,54.412459999999996
2025-08-11 10:55:00+00:00,121036.01,121231.94,120954.13,121184.84,171.65318
2025-08-11 11:00:00+00:00,121184.84,121283.29,120933.77,120934.03,94.58618
2025-08-11 11:05:00+00:00,120934.04,121124.39,120810.12,121045.99,168.43526
2025-08-11 11:10:00+00:00,121046.0,121046.0,120950.92,120955.0,51.53671
2025-08-11 11:15:00+00:00,120955.0,120955.01,120712.59,120791.98,177.78296
2025-08-11 11:20:00+00:00,120791.99,120856.88,120688.0,120688.0,90.78264
2025-08-11 11:25:00+00:00,120688.01,120718.0,120507.11,120507.11,104.26606
2025-08-11 11:30:00+00:00,120507.11,120695.43,120342.4,120694.96,246.47557
2025-08-11 11:35:00+00:00,120694.95,120733.83,120629.0,120656.33,154.6316
2025-08-11 11:40:00+00:00,120656.33,120837.73,120598.95,120681.93,186.84667000000002
2025-08-11 11:45:00+00:00,120681.94,120688.59,120400.0,120407.77,115.29717
2025-08-11 11:50:00+00:00,120407.78,120500.0,120286.4,120455.37,129.304
2025-08-11 11:55:00+00:00,120455.37,120705.59,120455.37,120561.54,188.41547
2025-08-11 12:00:00+00:00,120561.53,120667.54,120351.57,120473.9,137.31869
2025-08-11 12:05:00+00:00,120473.9,120540.75,120323.79,120323.8,101.42023
2025-08-11 12:10:00+00:00,120323.8,120345.04,120056.2,120193.7,165.95747999999998
2025-08-11 12:15:00+00:00,120193.7,120264.44,120006.0,120264.43,156.30113
2025-08-11 12:20:00+00:00,120264.43,120294.24,120104.0,120189.99,97.26539
2025-08-11 12:25:00+00:00,120190.0,120300.32,120159.76,120174.01,163.91273
2025-08-11 12:30:00+00:00,120174.02,120290.87,119775.82,120245.99,226.65531000000001
2025-08-11 12:35:00+00:00,120245.98,120254.55,119736.0,119736.0,210.18129
2025-08-11 12:40:00+00:00,119736.0,119877.62,119600.0,119600.0,151.50404
2025-08-11 12:45:00+00:00,119600.0,119734.15,119570.31,119642.1,122.77924999999999
2025-08-11 12:50:00+00:00,119642.09,119783.24,119608.69,119637.2,91.57384
2025-08-11 12:55:00+00:00,119637.21,119674.92,119536.75,119643.7,114.58756
2025-08-11 13:00:00+00:00,119643.7,119674.4,119382.91,119509.99,142.24815
2025-08-11 13:05:00+00:00,119510.0,119720.64,119405.53,119629.92,133.74613
2025-08-11 13:10:00+00:00,119629.93,119629.93,119478.08,119523.48,91.68321
2025-08-11 13:15:00+00:00,119523.48,119756.0,119452.32,119662.01,109.9654
2025-08-11 13:20:00+00:00,119662.01,119662.01,119540.0,119600.01,74.13692
2025-08-11 13:25:00+00:00,119600.0,119600.01,119443.99,119535.19,49.26847
2025-08-11 13:30:00+00:00,119535.19,119773.86,119496.0,119737.81,104.69262
2025-08-11 13:35:00+00:00,119737.81,120013.11,119709.3,119844.06,181.00865
2025-08-11 13:40:00+00:00,119844.06,120220.71,119726.06,120192.09,149.88351
2025-08-11 13:45:00+00:00,120192.1,120328.93,120090.14,120100.01,204.07136
2025-08-11 13:50:00+00:00,120100.0,120100.01,119823.26,119876.98,125.77824
2025-08-11 13:55:00+00:00,119876.98,120062.28,119856.87,120010.0,87.05493
2025-08-11 14:00:00+00:00,120009.99,120249.85,120008.52,120249.84,89.95933
2025-08-11 14:05:00+00:00,120249.85,120249.85,119940.22,120095.96,95.06938
2025-08-11 14:10:00+00:00,120095.96,120122.06,119947.03,120067.19,64.92826
2025-08-11 14:15:00+00:00,120066.63,120155.85,119954.72,120037.75,109.73468
2025-08-11 14:20:00+00:00,120037.76,120037.76,119809.06,119825.18,85.07344
2025-08-11 14:25:00+00:00,119825.19,119967.33,119825.18,119904.9,36.362500000000004
2025-08-11 14:30:00+00:00,119904.9,120360.86,119865.81,120284.16,195.83801
2025-08-11 14:35:00+00:00,120284.15,120586.54,120284.15,120312.46,180.34465
2025-08-11 14:40:00+00:00,120312.46,120312.47,120080.0,120105.36,185.84597
2025-08-11 14:45:00+00:00,120105.36,120165.04,119913.04,119984.0,86.64563
2025-08-11 14:50:00+00:00,119983.99,120238.03,119983.99,120237.38,63.57682
2025-08-11 14:55:00+00:00,120237.38,120291.3,120192.09,120243.59,41.74948
2025-08-11 15:00:00+00:00,120243.6,120250.01,120144.97,120201.41,94.49305
2025-08-11 15:05:00+00:00,120201.4,120212.0,119895.1,119902.97,103.27479
2025-08-11 15:10:00+00:00,119902.98,120000.0,119843.18,120000.0,53.82449
2025-08-11 15:15:00+00:00,120000.0,120140.39,119992.0,120107.52,33.23352
2025-08-11 15:20:00+00:00,120107.52,120341.17,120090.14,120107.27,97.85714999999999
2025-08-11 15:25:00+00:00,120107.27,120174.06,120064.97,120102.01,32.89663
2025-08-11 15:30:00+00:00,120102.0,120288.7,120090.14,120288.0,48.56145
2025-08-11 15:35:00+00:00,120287.99,120408.01,120275.1,120350.29,134.94973
2025-08-11 15:40:00+00:00,120350.29,120382.39,120297.05,120382.38,30.86708
2025-08-11 15:45:00+00:00,120382.38,120382.38,120237.99,120324.01,59.707770000000004
2025-08-11 15:50:00+00:00,120324.0,120390.41,120164.36,120213.01,74.74689
2025-08-11 15:55:00+00:00,120213.0,120376.27,120213.0,120314.4,43.727000000000004
2025-08-11 16:00:00+00:00,120314.4,120394.19,120232.0,120362.98,96.28155000000001
2025-08-11 16:05:00+00:00,120362.99,120783.92,120362.98,120701.16,174.62481
2025-08-11 16:10:00+00:00,120701.17,120790.0,120544.78,120688.98,78.84413
2025-08-11 16:15:00+00:00,120688.98,120794.05,120688.98,120751.73,45.47309
2025-08-11 16:20:00+00:00,120751.72,120751.72,120504.0,120540.0,76.29988
2025-08-11 16:25:00+00:00,120540.01,120562.16,120426.66,120548.01,43.00029
2025-08-11 16:30:00+00:00,120548.01,120599.89,120434.35,120460.0,38.63971
2025-08-11 16:35:00+00:00,120459.99,120499.3,120264.51,120287.89,46.45783
2025-08-11 16:40:00+00:00,120287.9,120287.9,119950.0,119954.0,142.99693
2025-08-11 16:45:00+00:00,119954.01,120171.49,119920.0,120053.3,79.44579
2025-08-11 16:50:00+00:00,120053.31,120165.75,120049.97,120049.98,46.992779999999996
2025-08-11 16:55:00+00:00,120049.97,120084.45,119953.65,119953.65,46.57091
2025-08-11 17:00:00+00:00,119953.65,120124.36,119925.32,120080.36,59.912420000000004
2025-08-11 17:05:00+00:00,120080.36,120150.0,120061.62,120113.97,25.60606
2025-08-11 17:10:00+00:00,120113.97,120113.97,119900.0,119907.1,40.173770000000005
2025-08-11 17:15:00+00:00,119907.11,119907.11,119646.03,119765.99,96.7097
2025-08-11 17:20:00+00:00,119766.0,119848.0,119732.26,119760.0,25.249209999999998
2025-08-11 17:25:00+00:00,119760.0,119825.46,119719.35,119795.78,16.98091
2025-08-11 17:30:00+00:00,119795.77,119816.0,119630.59,119668.83,60.24355
2025-08-11 17:35:00+00:00,119668.83,119850.0,119655.85,119753.11,38.31281
2025-08-11 17:40:00+00:00,119753.11,119784.31,119657.93,119754.02,26.1577
2025-08-11 17:45:00+00:00,119754.02,119754.02,119500.0,119571.42,81.39111
2025-08-11 17:50:00+00:00,119571.42,119598.57,119500.0,119500.36,31.01921
2025-08-11 17:55:00+00:00,119500.35,119553.98,119461.97,119500.0,34.47502
2025-08-11 18:00:00+00:00,119500.01,119515.33,119261.57,119261.57,74.76714
2025-08-11 18:05:00+00:00,119261.58,119364.89,119261.57,119340.0,73.93419
2025-08-11 18:10:00+00:00,119340.0,119610.0,119340.0,119494.0,76.4267
2025-08-11 18:15:00+00:00,119493.99,119682.37,119432.87,119645.02,66.25902
2025-08-11 18:20:00+00:00,119645.02,119661.97,119583.07,119587.89,29.20784
2025-08-11 18:25:00+00:00,119587.89,119715.54,119583.05,119600.0,38.95739
2025-08-11 18:30:00+00:00,119600.0,119719.36,119600.0,119689.67,20.43589
2025-08-11 18:35:00+00:00,119689.67,119870.0,119689.67,119870.0,34.49013
2025-08-11 18:40:00+00:00,119869.99,119870.2,119561.5,119561.5,37.66496
2025-08-11 18:45:00+00:00,119561.5,119682.37,119493.91,119682.36,34.39017
2025-08-11 18:50:00+00:00,119682.36,119794.27,119682.36,119767.84,29.16768
2025-08-11 18:55:00+00:00,119767.83,119791.98,119742.18,119773.92,15.041590000000001
2025-08-11 19:00:00+00:00,119773.92,119785.72,119644.0,119679.99,16.85297
2025-08-11 19:05:00+00:00,119679.99,119680.0,119608.18,119644.17,13.44369
2025-08-11 19:10:00+00:00,119644.17,119728.0,119586.98,119586.98,17.860689999999998
2025-08-11 19:15:00+00:00,119586.99,119592.01,119512.88,119548.96,22.06542
2025-08-11 19:20:00+00:00,119548.96,119601.92,119547.6,119591.96,15.00285
2025-08-11 19:25:00+00:00,119591.95,119591.95,119481.48,119481.48,22.574109999999997
2025-08-11 19:30:00+00:00,119481.45,119484.17,119305.3,119315.36,49.38147
2025-08-11 19:35:00+00:00,119315.36,119315.36,119125.35,119256.34,221.36992
2025-08-11 19:40:00+00:00,119256.34,119256.34,119136.88,119166.01,48.979690000000005
2025-08-11 19:45:00+00:00,119166.01,119187.23,119064.59,119096.11,50.40081
2025-08-11 19:50:00+00:00,119096.11,119158.91,118604.17,118773.88,285.94089
2025-08-11 19:55:00+00:00,118773.87,119136.0,118708.44,119089.3,66.44834
2025-08-11 20:00:00+00:00,119089.3,119093.0,118700.0,118848.43,94.31654
2025-08-11 20:05:00+00:00,118848.43,118905.23,118780.6,118811.54,52.47802
2025-08-11 20:10:00+00:00,118811.54,118865.38,118646.33,118727.45,89.25512
2025-08-11 20:15:00+00:00,118727.45,118750.01,118565.69,118620.11,51.50652999999999
2025-08-11 20:20:00+00:00,118620.1,118826.78,118620.1,118789.38,70.99918
2025-08-11 20:25:00+00:00,118789.38,118880.0,118782.17,118860.01,30.66405
2025-08-11 20:30:00+00:00,118860.01,118958.61,118860.0,118899.89,39.929
2025-08-11 20:35:00+00:00,118899.88,118933.82,118873.5,118930.0,25.104850000000003
2025-08-11 20:40:00+00:00,118930.0,119062.53,118930.0,119002.22,18.22706
2025-08-11 20:45:00+00:00,119002.22,119053.49,119002.22,119028.17,9.31599
2025-08-11 20:50:00+00:00,119028.16,119028.17,118946.09,118946.1,27.07228
2025-08-11 20:55:00+00:00,118946.09,118946.1,118800.0,118824.34,44.15311
2025-08-11 21:00:00+00:00,118824.33,118847.51,118777.0,118835.12,35.20067
2025-08-11 21:05:00+00:00,118835.12,118856.89,118810.11,118825.16,22.325409999999998
2025-08-11 21:10:00+00:00,118825.16,119070.0,118825.15,119069.99,49.89038
2025-08-11 21:15:00+00:00,119069.99,119172.63,118998.57,118998.57,43.44305
2025-08-11 21:20:00+00:00,118998.56,119057.61,118945.43,119051.92,21.69179
2025-08-11 21:25:00+00:00,119051.92,119051.92,119021.76,119021.77,11.313600000000001
2025-08-11 21:30:00+00:00,119021.77,119021.77,118618.43,118618.44,80.88326
2025-08-11 21:35:00+00:00,118618.44,118712.4,118373.37,118660.06,126.07417000000001
2025-08-11 21:40:00+00:00,118660.05,118754.8,118647.3,118710.37,28.48255
2025-08-11 21:45:00+00:00,118710.37,118710.38,118373.4,118428.97,59.16458
2025-08-11 21:50:00+00:00,118428.97,118448.0,118050.11,118447.99,240.51491000000001
2025-08-11 21:55:00+00:00,118448.0,118728.0,118405.77,118712.61,128.52542
2025-08-11 22:00:00+00:00,118712.61,118749.96,118542.84,118593.27,75.07311
2025-08-11 22:05:00+00:00,118593.27,118601.22,118376.25,118455.82,71.7324
2025-08-11 22:10:00+00:00,118455.83,118581.23,118455.82,118576.67,27.8448
2025-08-11 22:15:00+00:00,118576.67,118747.49,118465.31,118469.81,57.034060000000004
2025-08-11 22:20:00+00:00,118469.8,118488.0,118280.71,118330.86,181.71113
2025-08-11 22:25:00+00:00,118330.86,118540.0,118306.74,118517.99,45.421099999999996
2025-08-11 22:30:00+00:00,118518.0,118686.37,118338.24,118686.37,43.20507
2025-08-11 22:35:00+00:00,118686.37,118729.18,118658.38,118708.9,23.23539
2025-08-11 22:40:00+00:00,118708.9,118730.3,118638.16,118712.0,26.934669999999997
2025-08-11 22:45:00+00:00,118712.0,118780.0,118711.99,118780.0,23.10271
2025-08-11 22:50:00+00:00,118779.99,118906.41,118779.99,118871.64,40.2626
2025-08-11 22:55:00+00:00,118871.64,118899.15,118823.38,118886.96,13.78952
2025-08-11 23:00:00+00:00,118886.97,118886.97,118748.0,118871.29,40.53275
2025-08-11 23:05:00+00:00,118871.29,118871.29,118768.07,118818.07,20.81484
2025-08-11 23:10:00+00:00,118818.08,118889.0,118791.03,118861.84,30.1931
2025-08-11 23:15:00+00:00,118861.84,118861.85,118768.07,118798.95,38.76919
2025-08-11 23:20:00+00:00,118798.94,118798.95,118760.0,118760.0,8.04813
2025-08-11 23:25:00+00:00,118760.0,118760.01,118662.85,118680.02,20.1704
2025-08-11 23:30:00+00:00,118680.02,118705.0,118588.78,118667.55,27.82113
2025-08-11 23:35:00+00:00,118667.56,118689.11,118662.89,118682.0,21.23337
2025-08-11 23:40:00+00:00,118682.0,118738.81,118635.19,118738.81,23.47436
2025-08-11 23:45:00+00:00,118738.81,118794.05,118715.69,118794.05,15.59651
2025-08-11 23:50:00+00:00,118794.05,118820.0,118708.9,118774.77,29.22462
2025-08-11 23:55:00+00:00,118774.76,118774.77,118686.0,118686.0,17.04507
2025-08-12 00:00:00+00:00,118686.0,118780.0,118640.27,118706.01,40.9185
2025-08-12 00:05:00+00:00,118706.0,118706.54,118593.39,118593.39,30.32295
2025-08-12 00:10:00+00:00,118593.4,118731.35,118593.39,118729.02,29.02037
2025-08-12 00:15:00+00:00,118729.02,118991.07,118729.02,118851.77,173.65685
2025-08-12 00:20:00+00:00,118851.77,118933.6,118851.76,118923.24,19.48178
2025-08-12 00:25:00+00:00,118923.23,118953.5,118780.57,118886.83,23.989449999999998
2025-08-12 00:30:00+00:00,118886.82,118968.74,118724.0,118776.79,124.97288999999999
2025-08-12 00:35:00+00:00,118776.79,118776.79,118706.41,118712.69,13.40417
2025-08-12 00:40:00+00:00,118712.69,118764.85,118653.99,118752.01,23.54394
2025-08-12 00:45:00+00:00,118752.01,118820.0,118735.92,118819.99,59.34992
2025-08-12 00:50:00+00:00,118820.0,118908.0,118820.0,118908.0,23.50583
2025-08-12 00:55:00+00:00,118908.0,119021.77,118882.21,118949.31,47.58804
2025-08-12 01:00:00+00:00,118949.31,118957.79,118871.54,118877.07,36.96237
2025-08-12 01:05:00+00:00,118877.06,119094.62,118851.99,119094.61,67.75213000000001
2025-08-12 01:10:00+00:00,119094.62,119108.06,118856.17,118860.28,59.818380000000005
2025-08-12 01:15:00+00:00,118860.28,119001.41,118767.54,119001.41,37.18232
2025-08-12 01:20:00+00:00,119001.41,119052.47,118895.45,119052.47,37.20592
2025-08-12 01:25:00+00:00,119052.46,119052.47,118992.07,119050.0,18.47406
2025-08-12 01:30:00+00:00,119050.0,119050.0,118923.29,118963.19,32.58157
2025-08-12 01:35:00+00:00,118963.19,119052.0,118946.26,119050.0,23.71811
2025-08-12 01:40:00+00:00,119049.99,119052.87,119032.86,119042.05,17.60109
2025-08-12 01:45:00+00:00,119042.06,119059.61,119002.21,119037.51,40.35438
2025-08-12 01:50:00+00:00,119037.51,119059.61,118974.79,118995.76,21.66289
2025-08-12 01:55:00+00:00,118995.77,119030.86,118977.09,118977.1,20.62639
2025-08-12 02:00:00+00:00,118977.09,118992.89,118834.51,118834.52,25.91035
2025-08-12 02:05:00+00:00,118834.51,119050.0,118834.51,119049.99,21.51322
2025-08-12 02:10:00+00:00,119050.0,119059.61,118979.05,118979.06,16.76663
2025-08-12 02:15:00+00:00,118979.06,119019.6,118910.97,119013.07,16.90805
2025-08-12 02:20:00+00:00,119013.07,119059.61,118968.73,119059.61,32.91211
2025-08-12 02:25:00+00:00,119059.6,119138.97,119059.6,119121.09,66.28641
2025-08-12 02:30:00+00:00,119121.08,119163.98,119098.63,119163.98,34.55628
2025-08-12 02:35:00+00:00,119163.98,119274.58,119142.24,119274.57,40.54757
2025-08-12 02:40:00+00:00,119274.57,119275.46,119140.0,119169.26,53.33818
2025-08-12 02:45:00+00:00,119169.26,119169.26,119100.62,119117.47,28.087040000000002
2025-08-12 02:50:00+00:00,119118.0,119143.09,119098.76,119111.96,20.245420000000003
2025-08-12 02:55:00+00:00,119111.96,119111.96,119049.5,119054.13,42.236
2025-08-12 03:00:00+00:00,119054.14,119084.72,119043.56,119043.56,42.02641
2025-08-12 03:05:00+00:00,119043.56,119043.56,118850.37,119019.0,84.65971
2025-08-12 03:10:00+00:00,119019.0,119019.0,118942.48,118984.05,36.09717
2025-08-12 03:15:00+00:00,118984.05,118990.0,118868.11,118922.74,31.02915
2025-08-12 03:20:00+00:00,118922.75,118978.58,118896.01,118900.01,40.55641
2025-08-12 03:25:00+00:00,118900.0,118954.43,118900.0,118936.65,25.74902
2025-08-12 03:30:00+00:00,118936.65,119009.0,118936.65,118982.03,42.83036
2025-08-12 03:35:00+00:00,118982.02,119120.0,118982.02,119109.99,40.71506
2025-08-12 03:40:00+00:00,119110.0,119110.0,118860.84,118872.79,34.78405
2025-08-12 03:45:00+00:00,118872.78,118890.0,118749.06,118890.0,29.16958
2025-08-12 03:50:00+00:00,118889.99,118921.43,118866.0,118866.0,29.640330000000002
2025-08-12 03:55:00+00:00,118866.01,118866.01,118824.51,118857.7,34.37647
2025-08-12 04:00:00+00:00,118857.7,118907.07,118804.75,118907.07,18.78413
2025-08-12 04:05:00+00:00,118907.07,118968.74,118904.98,118968.74,11.54984
2025-08-12 04:10:00+00:00,118968.74,118968.74,118915.15,118946.03,11.96592
2025-08-12 04:15:00+00:00,118946.03,118957.78,118904.98,118937.38,24.51104
2025-08-12 04:20:00+00:00,118937.38,118967.9,118911.24,118959.99,16.90331
2025-08-12 04:25:00+00:00,118960.0,119030.0,118959.99,119030.0,30.41191
2025-08-12 04:30:00+00:00,119030.0,119099.99,119000.0,119073.62,101.19959
2025-08-12 04:35:00+00:00,119073.63,119130.0,119036.16,119122.0,38.416920000000005
2025-08-12 04:40:00+00:00,119122.0,119149.4,119080.0,119080.01,33.66855
2025-08-12 04:45:00+00:00,119080.01,119080.01,119000.0,119004.03,31.42765
2025-08-12 04:50:00+00:00,119004.03,119129.8,119004.02,119129.62,32.810249999999996
2025-08-12 04:55:00+00:00,119129.62,119158.06,119067.97,119067.97,16.5387
2025-08-12 05:00:00+00:00,119067.97,119067.97,118671.53,118776.0,128.65108
2025-08-12 05:05:00+00:00,118776.01,118835.12,118729.85,118835.12,167.64789
2025-08-12 05:10:00+00:00,118835.12,118900.0,118788.97,118841.53,40.145540000000004
2025-08-12 05:15:00+00:00,118841.53,118860.0,118699.99,118700.18,77.94049
2025-08-12 05:20:00+00:00,118700.18,118756.01,118620.84,118737.35,25.09711
2025-08-12 05:25:00+00:00,118737.36,118747.79,118615.98,118620.79,41.55096
2025-08-12 05:30:00+00:00,118620.79,118633.26,118506.25,118506.82,92.19029
2025-08-12 05:35:00+00:00,118506.81,118566.82,118506.81,118538.46,44.85215
2025-08-12 05:40:00+00:00,118538.47,118541.0,118424.86,118499.99,137.28402
2025-08-12 05:45:00+00:00,118500.0,118662.9,118499.99,118662.89,32.24939
2025-08-12 05:50:00+00:00,118662.9,118760.0,118662.89,118760.0,33.50753
2025-08-12 05:55:00+00:00,118759.99,118820.0,118759.99,118819.99,15.8637
2025-08-12 06:00:00+00:00,118820.0,118884.55,118819.99,118848.25,23.30256
2025-08-12 06:05:00+00:00,118848.25,118884.0,118760.0,118786.01,62.985
2025-08-12 06:10:00+00:00,118786.02,118797.9,118709.29,118709.3,102.15021999999999
2025-08-12 06:15:00+00:00,118709.29,118850.0,118607.85,118849.98,94.3496
2025-08-12 06:20:00+00:00,118849.98,118982.0,118809.94,118981.99,210.41306000000003
2025-08-12 06:25:00+00:00,118981.99,119032.0,118970.55,118992.07,107.88519
2025-08-12 06:30:00+00:00,118992.07,119008.62,118914.68,118930.51,69.48304
2025-08-12 06:35:00+00:00,118930.52,118962.22,118908.0,118914.96,121.60703000000001
2025-08-12 06:40:00+00:00,118914.97,118991.22,118896.72,118965.35,136.38812000000001
2025-08-12 06:45:00+00:00,118965.34,118992.0,118866.78,118986.01,117.15659
2025-08-12 06:50:00+00:00,118986.01,119032.0,118889.89,118889.89,90.41382
2025-08-12 06:55:00+00:00,118889.89,118896.66,118839.96,118839.97,74.57542000000001
2025-08-12 07:00:00+00:00,118839.97,118984.43,118839.97,118983.59,118.66148
2025-08-12 07:05:00+00:00,118983.6,119097.46,118968.73,119085.63,96.47351
2025-08-12 07:10:00+00:00,119085.62,119127.49,119080.0,119099.96,103.16154
2025-08-12 07:15:00+00:00,119099.96,119150.0,119089.26,119150.0,74.55524
2025-08-12 07:20:00+00:00,119150.0,119150.0,119099.92,119128.19,44.01613999999999
2025-08-12 07:25:00+00:00,119128.19,119140.0,119128.18,119139.99,17.94482
2025-08-12 07:30:00+00:00,119139.99,119140.0,119011.37,119011.38,47.2318
2025-08-12 07:35:00+00:00,119011.37,119023.95,118977.3,119011.37,54.56287
2025-08-12 07:40:00+00:00,119011.36,119023.95,118993.77,119009.99,53.53303
2025-08-12 07:45:00+00:00,119009.99,119023.95,119009.0,119018.31,32.40683
2025-08-12 07:50:00+00:00,119018.31,119079.99,119012.54,119012.55,37.96929
2025-08-12 07:55:00+00:00,119012.54,119012.55,118958.86,118986.72,38.98981
2025-08-12 08:00:00+00:00,118986.73,119009.64,118900.0,118926.19,56.63107
2025-08-12 08:05:00+00:00,118924.83,118935.4,118863.05,118912.88,25.35347
2025-08-12 08:10:00+00:00,118912.88,118922.0,118912.87,118916.0,10.359219999999999
2025-08-12 08:15:00+00:00,118916.0,118940.0,118846.72,118939.99,70.62696
2025-08-12 08:20:00+00:00,118940.0,118940.0,118853.72,118908.61,36.68369
2025-08-12 08:25:00+00:00,118908.62,118908.62,118800.0,118825.85,21.54659
2025-08-12 08:30:00+00:00,118825.84,118825.85,118740.0,118752.0,43.703340000000004
2025-08-12 08:35:00+00:00,118751.99,118832.42,118751.99,118832.42,52.99154
2025-08-12 08:40:00+00:00,118832.43,119037.63,118832.42,119037.63,103.47913
2025-08-12 08:45:00+00:00,119037.63,119058.43,118949.03,118972.0,100.51886
2025-08-12 08:50:00+00:00,118972.0,118972.01,118846.0,118846.0,98.73334
2025-08-12 08:55:00+00:00,118846.01,118846.01,118810.01,118814.7,94.64746
2025-08-12 09:00:00+00:00,118814.71,118887.78,118775.81,118887.78,60.42116
2025-08-12 09:05:00+00:00,118887.77,118893.29,118642.85,118646.83,35.691069999999996
2025-08-12 09:10:00+00:00,118646.82,118646.82,118561.1,118628.38,53.72588
2025-08-12 09:15:00+00:00,118628.38,118772.53,118586.92,118739.99,127.12598
2025-08-12 09:20:00+00:00,118739.98,118775.7,118629.88,118658.38,115.89618999999999
2025-08-12 09:25:00+00:00,118658.38,118720.46,118544.84,118690.89,133.65708999999998
2025-08-12 09:30:00+00:00,118690.9,118690.9,118583.0,118596.91,33.57473
2025-08-12 09:35:00+00:00,118596.92,118646.76,118594.8,118610.68,27.76022
2025-08-12 09:40:00+00:00,118610.68,118610.69,118541.95,118552.89,26.90454
2025-08-12 09:45:00+00:00,118552.89,118598.8,118528.45,118541.6,39.96316
2025-08-12 09:50:00+00:00,118541.61,118587.31,118503.01,118512.0,31.131220000000003
2025-08-12 09:55:00+00:00,118511.99,118512.0,118400.01,118408.38,52.10411
2025-08-12 10:00:00+00:00,118408.38,118471.29,118318.74,118318.75,74.80887
2025-08-12 10:05:00+00:00,118318.75,118385.76,118240.0,118244.18,79.25464
2025-08-12 10:10:00+00:00,118244.18,118294.43,118207.47,118241.59,43.94156
2025-08-12 10:15:00+00:00,118241.6,118357.06,118241.6,118353.99,42.04297
2025-08-12 10:20:00+00:00,118353.99,118574.58,118353.99,118549.48,35.50118
2025-08-12 10:25:00+00:00,118549.48,118595.21,118500.0,118530.59,13.52038
2025-08-12 10:30:00+00:00,118530.58,118662.9,118530.58,118610.15,19.0362
2025-08-12 10:35:00+00:00,118610.15,118610.16,118451.85,118459.01,30.60467
2025-08-12 10:40:00+00:00,118459.0,118459.01,118370.26,118399.98,24.2375
2025-08-12 10:45:00+00:00,118399.98,118590.5,118350.0,118590.5,34.14126
2025-08-12 10:50:00+00:00,118590.5,118618.46,118537.35,118537.36,20.75517
2025-08-12 10:55:00+00:00,118537.35,118537.36,118399.97,118449.99,151.94579000000002
2025-08-12 11:00:00+00:00,118449.99,118506.48,118420.03,118497.13,29.78998
2025-08-12 11:05:00+00:00,118497.12,118521.04,118459.36,118499.02,27.785539999999997
2025-08-12 11:10:00+00:00,118499.02,118499.02,118250.0,118260.9,45.12284
2025-08-12 11:15:00+00:00,118260.9,118448.84,118222.0,118418.38,48.38309
2025-08-12 11:20:00+00:00,118418.38,118485.93,118361.49,118485.25,23.82418
2025-08-12 11:25:00+00:00,118485.24,118506.82,118426.0,118500.3,18.93879
2025-08-12 11:30:00+00:00,118500.29,118662.9,118500.29,118662.89,23.58593
2025-08-12 11:35:00+00:00,118662.9,118662.9,118540.0,118540.01,19.25506
2025-08-12 11:40:00+00:00,118540.0,118540.0,118405.73,118412.62,18.06954
2025-08-12 11:45:00+00:00,118412.62,118556.26,118412.61,118539.66,15.11336
2025-08-12 11:50:00+00:00,118539.66,118574.86,118508.94,118508.94,22.51776
2025-08-12 11:55:00+00:00,118508.95,118577.34,118506.81,118522.22,30.97272
2025-08-12 12:00:00+00:00,118522.22,118557.34,118451.01,118496.46,192.05247
2025-08-12 12:05:00+00:00,118496.46,118496.46,118379.0,118399.99,47.95875
2025-08-12 12:10:00+00:00,118400.0,118400.0,118360.96,118371.43,40.55773
2025-08-12 12:15:00+00:00,118371.43,118400.0,118285.0,118322.42,19.17961
2025-08-12 12:20:00+00:00,118322.41,118423.76,118292.32,118397.41,24.3427
2025-08-12 12:25:00+00:00,118397.4,118600.0,118372.4,118490.94,60.381769999999996
2025-08-12 12:30:00+00:00,118490.93,119206.61,118490.93,118940.09,624.51576
2025-08-12 12:35:00+00:00,118940.1,118995.73,118713.3,118995.73,157.92369
2025-08-12 12:40:00+00:00,118995.73,119200.0,118976.19,119112.02,210.42605
2025-08-12 12:45:00+00:00,119112.02,119133.26,118968.73,119083.99,121.07069
2025-08-12 12:50:00+00:00,119084.0,119249.04,119049.65,119125.17,74.37358
2025-08-12 12:55:00+00:00,119125.17,119264.66,119125.17,119264.66,60.89546
2025-08-12 13:00:00+00:00,119264.66,119306.91,118933.9,118934.99,188.46502
2025-08-12 13:05:00+00:00,118934.98,119052.74,118806.69,118994.41,122.74706
2025-08-12 13:10:00+00:00,118994.41,119110.62,118974.91,119056.0,40.61661
2025-08-12 13:15:00+00:00,119056.01,119190.5,119000.0,119062.56,56.15677
2025-08-12 13:20:00+00:00,119062.56,119163.23,119000.0,119139.53,102.05216
2025-08-12 13:25:00+00:00,119139.53,119212.6,119116.48,119212.59,35.65245
2025-08-12 13:30:00+00:00,119212.59,119516.0,119071.42,119515.99,219.5851
2025-08-12 13:35:00+00:00,119516.0,119712.6,119356.37,119356.37,231.20223000000001
2025-08-12 13:40:00+00:00,119356.38,119379.4,118707.62,118742.52,247.23788
2025-08-12 13:45:00+00:00,118742.52,119088.0,118631.69,118851.31,218.08617999999998
2025-08-12 13:50:00+00:00,118851.31,118961.0,118669.8,118961.0,144.57413
2025-08-12 13:55:00+00:00,118960.99,119034.52,118714.98,118847.35,165.65179
2025-08-12 14:00:00+00:00,118847.35,119027.58,118764.36,119027.57,56.50119
2025-08-12 14:05:00+00:00,119027.57,119259.0,118992.46,119065.49,89.34198
2025-08-12 14:10:00+00:00,119065.49,119172.63,118897.53,119172.63,61.964710000000004
2025-08-12 14:15:00+00:00,119172.62,119243.58,119010.38,119060.0,37.44509
2025-08-12 14:20:00+00:00,119060.0,119148.02,119031.07,119095.92,38.8829
2025-08-12 14:25:00+00:00,119095.91,119274.58,119080.02,119193.78,51.16037
2025-08-12 14:30:00+00:00,119193.79,119336.64,119128.0,119235.0,40.95055
2025-08-12 14:35:00+00:00,119235.0,119301.98,119100.0,119166.01,33.57913
2025-08-12 14:40:00+00:00,119166.0,119191.63,119064.0,119118.03,39.42158
2025-08-12 14:45:00+00:00,119118.04,119232.83,118980.0,119232.83,32.2186
2025-08-12 14:50:00+00:00,119232.82,119429.56,119199.0,119310.01,82.74762
2025-08-12 14:55:00+00:00,119310.0,119437.12,119241.78,119437.12,43.29079
2025-08-12 15:00:00+00:00,119437.12,119472.0,119388.2,119420.0,37.943709999999996
2025-08-12 15:05:00+00:00,119420.0,119580.42,119320.0,119386.01,108.50421
2025-08-12 15:10:00+00:00,119386.01,119478.47,119386.0,119457.59,45.34419
2025-08-12 15:15:00+00:00,119457.18,119600.0,119457.17,119572.24,38.56207
2025-08-12 15:20:00+00:00,119572.24,119766.4,119572.24,119700.01,78.48587
2025-08-12 15:25:00+00:00,119700.01,119769.05,119682.36,119769.05,59.62753
2025-08-12 15:30:00+00:00,119769.04,119953.37,119682.36,119950.0,195.10251
2025-08-12 15:35:00+00:00,119950.0,119950.01,119668.82,119778.85,116.07392
2025-08-12 15:40:00+00:00,119778.86,119784.31,119646.46,119675.2,42.430769999999995
2025-08-12 15:45:00+00:00,119675.2,119769.05,119611.6,119692.76,51.30642
2025-08-12 15:50:00+00:00,119692.76,119878.0,119670.7,119878.0,51.51932
2025-08-12 15:55:00+00:00,119878.0,119960.0,119848.95,119933.0,75.94374
2025-08-12 16:00:00+00:00,119933.0,120192.1,119855.19,120013.85,166.86201
2025-08-12 16:05:00+00:00,120013.84,120090.15,119819.88,119894.69,77.66512
2025-08-12 16:10:00+00:00,119894.7,119960.5,119820.39,119832.14,51.50947
2025-08-12 16:15:00+00:00,119832.14,119863.04,119754.17,119835.34,64.01304
2025-08-12 16:20:00+00:00,119835.33,119949.53,119736.5,119934.27,53.62756
2025-08-12 16:25:00+00:00,119934.26,119954.08,119593.69,119718.98,68.39892
2025-08-12 16:30:00+00:00,119718.99,119718.99,119599.45,119647.21,45.72151
2025-08-12 16:35:00+00:00,119647.21,119675.83,119532.0,119578.12,61.11323
2025-08-12 16:40:00+00:00,119578.11,119682.37,119525.0,119552.01,65.35057
2025-08-12 16:45:00+00:00,119552.0,119730.18,119542.2,119626.9,52.268950000000004
2025-08-12 16:50:00+00:00,119626.91,119626.91,119542.83,119607.23,28.985300000000002
2025-08-12 16:55:00+00:00,119607.23,119688.01,119596.0,119647.7,28.071369999999998
2025-08-12 17:00:00+00:00,119647.69,119800.0,119582.7,119799.99,44.92912
2025-08-12 17:05:00+00:00,119799.99,119840.1,119729.66,119834.35,31.6986
2025-08-12 17:10:00+00:00,119834.34,119834.34,119696.95,119698.66,37.96468
2025-08-12 17:15:00+00:00,119698.66,119841.5,119693.37,119752.01,40.262190000000004
2025-08-12 17:20:00+00:00,119752.01,119791.52,119688.84,119791.52,56.2638
2025-08-12 17:25:00+00:00,119791.52,119857.04,119274.85,119412.45,154.43604
2025-08-12 17:30:00+00:00,119412.45,119472.0,119366.02,119453.14,50.90484
2025-08-12 17:35:00+00:00,119453.15,119460.06,119364.42,119428.62,51.10376
2025-08-12 17:40:00+00:00,119428.62,119576.13,119428.61,119429.03,41.65629
2025-08-12 17:45:00+00:00,119429.03,119491.36,119384.0,119471.98,26.77189
2025-08-12 17:50:00+00:00,119471.98,119471.98,119289.57,119344.18,29.69267
2025-08-12 17:55:00+00:00,119344.17,119344.17,119172.62,119269.99,83.57847000000001
2025-08-12 18:00:00+00:00,119270.0,119539.99,119269.99,119503.78,54.77255
2025-08-12 18:05:00+00:00,119503.78,119619.18,119497.32,119592.0,48.50247
2025-08-12 18:10:00+00:00,119592.01,119784.31,119531.31,119784.31,29.520339999999997
2025-08-12 18:15:00+00:00,119784.3,120073.01,119784.3,120007.71,110.48771
2025-08-12 18:20:00+00:00,120007.71,120037.88,119815.01,119815.01,58.02106
2025-08-12 18:25:00+00:00,119815.01,119828.95,119712.0,119776.01,40.05818
2025-08-12 18:30:00+00:00,119776.0,119820.0,119550.4,119606.85,26.61703
2025-08-12 18:35:00+00:00,119606.85,119636.6,119530.27,119556.0,20.00195
2025-08-12 18:40:00+00:00,119555.99,119590.31,119508.04,119561.5,33.78802
2025-08-12 18:45:00+00:00,119561.51,119569.91,119483.28,119483.28,30.16477
2025-08-12 18:50:00+00:00,119483.28,119483.29,119314.0,119374.6,49.72094
2025-08-12 18:55:00+00:00,119374.6,119374.6,119267.0,119344.9,35.47548
2025-08-12 19:00:00+00:00,119345.07,119478.47,119309.08,119456.36,37.61138
2025-08-12 19:05:00+00:00,119456.35,119489.13,119416.21,119459.99,29.34765
2025-08-12 19:10:00+00:00,119459.99,119536.0,119444.05,119535.99,17.10688
2025-08-12 19:15:00+00:00,119536.0,119664.0,119535.99,119664.0,16.61993
2025-08-12 19:20:00+00:00,119663.99,119769.05,119663.99,119754.15,37.63467
2025-08-12 19:25:00+00:00,119754.15,119873.63,119754.15,119820.39,40.436989999999994
2025-08-12 19:30:00+00:00,119820.4,119886.26,119762.7,119886.25,27.9013
2025-08-12 19:35:00+00:00,119886.26,119958.05,119850.73,119850.74,30.62182
2025-08-12 19:40:00+00:00,119850.73,119850.74,119690.12,119725.31,34.58771
2025-08-12 19:45:00+00:00,119725.3,119749.99,119678.06,119678.06,25.54332
2025-08-12 19:50:00+00:00,119678.06,119689.91,119629.0,119644.97,28.19066
2025-08-12 19:55:00+00:00,119644.96,119701.61,119640.0,119665.27,33.48896
2025-08-12 20:00:00+00:00,119665.27,119681.71,119564.0,119564.0,28.13964
2025-08-12 20:05:00+00:00,119564.0,119646.49,119485.84,119619.99,43.60348
2025-08-12 20:10:00+00:00,119619.99,119794.96,119600.16,119753.43,53.32669
2025-08-12 20:15:00+00:00,119753.43,120036.23,119753.42,119845.41,159.38056
2025-08-12 20:20:00+00:00,119845.41,119971.97,119845.41,119907.37,59.126509999999996
2025-08-12 20:25:00+00:00,119907.38,119917.24,119791.22,119818.3,31.713810000000002
2025-08-12 20:30:00+00:00,119818.29,120039.33,119818.29,120039.33,47.6838
2025-08-12 20:35:00+00:00,120039.32,120158.0,120039.32,120157.99,63.755
2025-08-12 20:40:00+00:00,120158.0,120158.0,119886.25,120034.51,71.40017
2025-08-12 20:45:00+00:00,120034.5,120250.0,120034.5,120249.99,84.39863
2025-08-12 20:50:00+00:00,120250.0,120324.43,120192.1,120308.31,133.33008999999998
2025-08-12 20:55:00+00:00,120308.31,120308.31,120120.2,120192.1,62.3009
2025-08-12 21:00:00+00:00,120192.09,120202.21,120008.82,120049.22,46.48716
2025-08-12 21:05:00+00:00,120049.23,120085.15,119841.9,120017.99,53.44643
2025-08-12 21:10:00+00:00,120017.99,120073.95,119976.58,120014.79,37.65545
2025-08-12 21:15:00+00:00,120014.78,120070.77,119988.0,120070.77,40.56851
2025-08-12 21:20:00+00:00,120070.76,120114.02,120070.76,120090.15,19.02288
2025-08-12 21:25:00+00:00,120090.15,120123.53,120080.35,120095.79,14.0729
2025-08-12 21:30:00+00:00,120095.8,120095.8,119842.1,119852.03,30.580659999999998
2025-08-12 21:35:00+00:00,119852.03,120042.15,119852.02,119996.89,22.99546
2025-08-12 21:40:00+00:00,119996.88,120090.15,119975.33,119999.4,41.90976
2025-08-12 21:45:00+00:00,119999.4,119999.63,119915.0,119915.01,18.76353
2025-08-12 21:50:00+00:00,119915.01,119952.23,119889.75,119889.75,28.87501
2025-08-12 21:55:00+00:00,119889.74,119906.52,119792.5,119903.36,39.55593
2025-08-12 22:00:00+00:00,119903.36,120004.01,119784.3,119810.45,53.98356
2025-08-12 22:05:00+00:00,119810.44,119830.25,119705.88,119784.29,44.77765
2025-08-12 22:10:00+00:00,119784.29,119808.05,119701.83,119764.01,38.052589999999995
2025-08-12 22:15:00+00:00,119764.01,119800.0,119650.0,119650.01,27.2851
2025-08-12 22:20:00+00:00,119650.01,119775.14,119650.0,119775.13,25.29192
2025-08-12 22:25:00+00:00,119775.14,119840.26,119775.13,119800.0,47.97274
2025-08-12 22:30:00+00:00,119800.0,119895.25,119784.3,119892.01,39.991730000000004
2025-08-12 22:35:00+00:00,119892.0,119950.46,119864.5,119906.34,27.4605
2025-08-12 22:40:00+00:00,119906.35,119954.98,119892.74,119892.75,13.70265
2025-08-12 22:45:00+00:00,119892.74,119930.0,119847.88,119893.37,33.84777
2025-08-12 22:50:00+00:00,119893.37,119956.25,119893.37,119956.23,18.138939999999998
2025-08-12 22:55:00+00:00,119956.24,120100.0,119956.23,120099.99,57.9199
2025-08-12 23:00:00+00:00,120100.0,120110.89,119925.47,119960.67,42.98395
2025-08-12 23:05:00+00:00,119960.68,119998.74,119925.71,119980.01,24.06804
2025-08-12 23:10:00+00:00,119980.01,120111.9,119960.0,120110.87,34.26533
2025-08-12 23:15:00+00:00,120110.88,120178.41,120106.69,120174.25,28.22637
2025-08-12 23:20:00+00:00,120174.24,120192.1,120156.99,120186.96,28.78812
2025-08-12 23:25:00+00:00,120186.97,120230.41,120186.96,120196.04,42.36942
2025-08-12 23:30:00+00:00,120196.04,120196.05,120053.58,120080.36,72.23536999999999
2025-08-12 23:35:00+00:00,120080.36,120184.13,120080.35,120184.13,14.454460000000001
2025-08-12 23:40:00+00:00,120184.12,120253.76,120184.12,120244.55,33.62074
2025-08-12 23:45:00+00:00,120244.55,120260.0,120184.12,120260.0,18.38262
2025-08-12 23:50:00+00:00,120259.99,120299.99,120101.95,120211.99,68.10716
2025-08-12 23:55:00+00:00,120211.99,120272.84,120132.0,120134.08,52.56551
2025-08-13 00:00:00+00:00,120134.09,120192.1,120005.67,120184.18,89.81847
2025-08-13 00:05:00+00:00,120184.17,120186.54,120065.93,120065.93,24.6403
2025-08-13 00:10:00+00:00,120065.93,120078.98,120045.53,120064.72,25.31938
2025-08-13 00:15:00+00:00,120064.71,120064.72,120024.38,120024.38,22.41068
2025-08-13 00:20:00+00:00,120024.38,120024.39,119899.37,119953.22,42.42355
2025-08-13 00:25:00+00:00,119953.22,120040.63,119951.65,119959.27,44.720240000000004
2025-08-13 00:30:00+00:00,119959.26,120000.0,119909.3,119909.3,13.59789
2025-08-13 00:35:00+00:00,119909.31,120036.0,119863.18,119988.2,37.41789
2025-08-13 00:40:00+00:00,119988.2,119988.2,119873.59,119906.01,28.800829999999998
2025-08-13 00:45:00+00:00,119906.01,119969.42,119846.76,119846.77,43.33331
2025-08-13 00:50:00+00:00,119846.76,119846.76,119725.53,119762.99,62.39183
2025-08-13 00:55:00+00:00,119763.0,119792.91,119636.0,119713.19,80.75612000000001
2025-08-13 01:00:00+00:00,119713.19,119716.24,119609.48,119654.06,38.181689999999996
2025-08-13 01:05:00+00:00,119654.06,119689.82,119524.18,119564.0,63.67174
2025-08-13 01:10:00+00:00,119564.0,119597.16,119337.67,119356.0,80.32123
2025-08-13 01:15:00+00:00,119355.99,119615.27,119355.99,119568.08,52.99838
2025-08-13 01:20:00+00:00,119568.08,119660.0,119400.0,119517.27,78.58935
2025-08-13 01:25:00+00:00,119517.26,119517.27,119386.08,119505.38,42.854389999999995
2025-08-13 01:30:00+00:00,119505.37,119561.51,119489.62,119528.0,26.12203
2025-08-13 01:35:00+00:00,119528.0,119531.97,119400.0,119431.99,46.728300000000004
2025-08-13 01:40:00+00:00,119432.0,119487.81,119400.0,119437.5,25.205550000000002
2025-08-13 01:45:00+00:00,119437.49,119437.5,119400.0,119414.0,14.205359999999999
2025-08-13 01:50:00+00:00,119413.99,119500.0,119400.0,119490.51,44.188840000000006
2025-08-13 01:55:00+00:00,119490.5,119533.77,119478.46,119478.47,37.59991
2025-08-13 02:00:00+00:00,119478.47,119478.47,119333.47,119370.01,71.75041
2025-08-13 02:05:00+00:00,119370.01,119370.01,119257.88,119257.88,28.905459999999998
2025-08-13 02:10:00+00:00,119257.88,119286.95,119230.0,119230.01,48.791380000000004
2025-08-13 02:15:00+00:00,119230.01,119230.01,119094.28,119182.09,121.4676
2025-08-13 02:20:00+00:00,119182.09,119274.58,119172.62,119259.99,63.029270000000004
2025-08-13 02:25:00+00:00,119259.99,119279.99,119224.09,119279.98,34.1667
2025-08-13 02:30:00+00:00,119279.99,119395.08,119279.98,119328.17,26.76719
2025-08-13 02:35:00+00:00,119328.18,119580.42,119302.14,119580.42,41.7166
2025-08-13 02:40:00+00:00,119580.42,119690.0,119580.41,119610.71,91.3047
2025-08-13 02:45:00+00:00,119610.71,119690.0,119576.96,119690.0,23.77949
2025-08-13 02:50:00+00:00,119690.0,119729.99,119570.96,119600.0,52.06045
2025-08-13 02:55:00+00:00,119600.01,119619.47,119534.6,119549.37,34.76574
2025-08-13 03:00:00+00:00,119549.37,119630.57,119472.43,119511.14,102.53752
2025-08-13 03:05:00+00:00,119511.14,119511.14,119354.58,119376.53,33.82283
2025-08-13 03:10:00+00:00,119376.53,119413.45,119335.69,119377.54,38.90647
2025-08-13 03:15:00+00:00,119377.55,119478.47,119377.54,119394.66,39.49346
2025-08-13 03:20:00+00:00,119394.66,119394.67,119306.89,119349.33,50.64745
2025-08-13 03:25:00+00:00,119349.33,119494.99,119349.32,119420.37,46.74829
2025-08-13 03:30:00+00:00,119420.36,119512.24,119359.99,119512.24,23.87885
2025-08-13 03:35:00+00:00,119512.23,119607.42,119500.0,119593.12,83.02412000000001
2025-08-13 03:40:00+00:00,119593.12,119593.13,119443.48,119443.49,40.73543
2025-08-13 03:45:00+00:00,119443.48,119500.0,119371.1,119500.0,81.58675
2025-08-13 03:50:00+00:00,119500.0,119590.48,119457.73,119523.02,66.66812
2025-08-13 03:55:00+00:00,119523.02,119523.03,119466.73,119482.01,48.14981
2025-08-13 04:00:00+00:00,119482.01,119608.0,119466.73,119590.8,91.65721
2025-08-13 04:05:00+00:00,119590.8,119820.18,119590.8,119819.0,135.12556
2025-08-13 04:10:00+00:00,119818.99,119819.0,119606.23,119707.99,62.47157
2025-08-13 04:15:00+00:00,119708.0,119784.31,119619.97,119760.01,67.63091
2025-08-13 04:20:00+00:00,119760.01,119762.35,119604.0,119615.16,15.58578
2025-08-13 04:25:00+00:00,119615.16,119652.34,119592.44,119592.45,17.81129
2025-08-13 04:30:00+00:00,119592.44,119686.8,119582.78,119665.28,33.54954
2025-08-13 04:35:00+00:00,119665.29,119665.29,119587.11,119591.45,19.31028
2025-08-13 04:40:00+00:00,119591.45,119591.46,119357.9,119400.01,100.50547999999999
2025-08-13 04:45:00+00:00,119400.0,119410.0,119328.12,119364.49,34.162259999999996
2025-08-13 04:50:00+00:00,119364.5,119409.77,119364.49,119400.0,41.62332
2025-08-13 04:55:00+00:00,119400.0,119400.0,119334.13,119335.01,74.82288
2025-08-13 05:00:00+00:00,119335.01,119349.73,119313.9,119325.29,35.86565
2025-08-13 05:05:00+00:00,119325.3,119366.88,119325.29,119366.87,19.68116
2025-08-13 05:10:00+00:00,119366.88,119386.0,119350.0,119386.0,26.625970000000002
2025-08-13 05:15:00+00:00,119386.0,119459.66,119350.0,119459.66,36.57944
2025-08-13 05:20:00+00:00,119459.67,119599.45,119459.67,119578.25,37.40058
2025-08-13 05:25:00+00:00,119578.25,119673.28,119578.25,119600.01,32.63046
2025-08-13 05:30:00+00:00,119600.0,119600.01,119350.0,119416.01,93.66774
2025-08-13 05:35:00+00:00,119416.0,119450.1,119350.0,119367.1,46.211490000000005
2025-08-13 05:40:00+00:00,119367.1,119367.11,119119.0,119180.0,122.20402999999999
2025-08-13 05:45:00+00:00,119179.99,119212.86,119092.0,119177.22,96.59451
2025-08-13 05:50:00+00:00,119177.22,119177.23,118920.92,119024.02,147.62718
2025-08-13 05:55:00+00:00,119024.01,119070.69,118968.73,119070.69,32.73621
2025-08-13 06:00:00+00:00,119070.68,119106.94,118955.99,118955.99,43.80641
2025-08-13 06:05:00+00:00,118955.99,119243.72,118955.99,119207.33,41.726060000000004
2025-08-13 06:10:00+00:00,119207.33,119242.89,119207.32,119239.99,10.9493
2025-08-13 06:15:00+00:00,119240.0,119250.2,119122.04,119240.0,30.80403
2025-08-13 06:20:00+00:00,119240.0,119291.38,119152.53,119178.9,36.942859999999996
2025-08-13 06:25:00+00:00,119178.89,119240.18,119081.52,119165.44,36.32103
2025-08-13 06:30:00+00:00,119165.43,119336.0,119165.43,119336.0,21.65947
2025-08-13 06:35:00+00:00,119336.0,119336.0,119265.09,119265.1,39.07192
2025-08-13 06:40:00+00:00,119265.1,119265.1,119180.0,119180.0,16.5749
2025-08-13 06:45:00+00:00,119180.01,119274.58,119135.37,119274.57,32.092330000000004
2025-08-13 06:50:00+00:00,119274.58,119416.22,119274.58,119353.96,44.252050000000004
2025-08-13 06:55:00+00:00,119353.97,119411.8,119338.11,119410.01,18.85279
2025-08-13 07:00:00+00:00,119410.01,119450.0,119410.0,119449.99,23.589190000000002
2025-08-13 07:05:00+00:00,119450.0,119450.0,119345.07,119381.02,29.304820000000003
2025-08-13 07:10:00+00:00,119381.02,119478.47,119343.34,119343.34,85.90021
2025-08-13 07:15:00+00:00,119343.35,119362.62,119322.88,119353.97,19.86601
2025-08-13 07:20:00+00:00,119353.97,119420.46,119353.97,119417.27,17.37971
2025-08-13 07:25:00+00:00,119417.27,119417.28,119385.99,119400.0,15.45187
2025-08-13 07:30:00+00:00,119400.01,119417.27,119350.0,119352.4,30.01482
2025-08-13 07:35:00+00:00,119352.39,119352.4,119309.74,119315.17,32.07188
2025-08-13 07:40:00+00:00,119315.18,119347.88,119290.01,119327.36,37.96473
2025-08-13 07:45:00+00:00,119327.35,119353.78,119306.9,119321.9,21.58401
2025-08-13 07:50:00+00:00,119321.89,119473.4,119303.41,119471.51,57.664730000000006
2025-08-13 07:55:00+00:00,119471.5,119638.55,119471.5,119580.4,158.17735
2025-08-13 08:00:00+00:00,119580.4,119651.0,119446.22,119651.0,82.50784
2025-08-13 08:05:00+00:00,119651.0,119680.95,119591.05,119678.67,86.49604
2025-08-13 08:10:00+00:00,119678.67,119869.72,119678.67,119786.76,166.22688
2025-08-13 08:15:00+00:00,119786.75,119810.79,119700.26,119707.94,60.82868
2025-08-13 08:20:00+00:00,119707.93,119870.41,119700.25,119727.47,49.15275
2025-08-13 08:25:00+00:00,119727.47,119843.54,119700.27,119820.39,63.15928
2025-08-13 08:30:00+00:00,119820.39,119888.0,119820.39,119887.99,56.49937
2025-08-13 08:35:00+00:00,119887.99,119920.39,119876.0,119920.38,28.494750000000003
2025-08-13 08:40:00+00:00,119920.39,119951.78,119876.43,119942.8,117.90163999999999
2025-08-13 08:45:00+00:00,119942.79,119960.12,119828.01,119921.44,66.2289
2025-08-13 08:50:00+00:00,119921.44,119988.21,119880.25,119988.21,46.46996
2025-08-13 08:55:00+00:00,119988.21,120044.5,119988.2,120044.49,50.77596
2025-08-13 09:00:00+00:00,120044.5,120106.99,119962.04,120000.0,62.84077
2025-08-13 09:05:00+00:00,119999.99,120019.23,119948.01,120019.23,39.133230000000005
2025-08-13 09:10:00+00:00,120019.23,120169.76,120019.22,120169.75,80.60034999999999
2025-08-13 09:15:00+00:00,120169.76,120169.76,119991.02,120055.99,67.78956
2025-08-13 09:20:00+00:00,120055.99,120056.0,119886.25,119934.41,51.6637
2025-08-13 09:25:00+00:00,119934.4,119934.41,119771.88,119854.11,62.35173
2025-08-13 09:30:00+00:00,119854.11,119954.7,119854.11,119910.0,38.99238
2025-08-13 09:35:00+00:00,119910.0,120072.44,119886.25,120066.05,39.11688
2025-08-13 09:40:00+00:00,120066.05,120070.0,120000.0,120023.99,32.518730000000005
2025-08-13 09:45:00+00:00,120023.99,120090.14,120022.48,120031.99,41.84777
2025-08-13 09:50:00+00:00,120031.99,120100.0,120021.1,120047.63,70.96803
2025-08-13 09:55:00+00:00,120047.64,120161.15,120047.63,120116.02,87.19131
2025-08-13 10:00:00+00:00,120116.02,120225.35,120047.58,120120.13,122.21449
2025-08-13 10:05:00+00:00,120120.14,120259.58,120116.0,120258.67,68.70743
2025-08-13 10:10:00+00:00,120258.67,120459.81,120258.66,120395.98,214.31354
2025-08-13 10:15:00+00:00,120395.99,120495.0,120360.74,120402.01,111.17481000000001
2025-08-13 10:20:00+00:00,120402.01,120439.29,120304.23,120369.3,114.05582
2025-08-13 10:25:00+00:00,120369.3,120398.9,120320.0,120389.97,41.14977
2025-08-13 10:30:00+00:00,120389.98,120484.0,120389.97,120438.0,58.844089999999994
2025-08-13 10:35:00+00:00,120438.0,120474.63,120369.35,120376.45,67.11416
2025-08-13 10:40:00+00:00,120376.45,120460.35,120366.86,120460.35,31.36543
2025-08-13 10:45:00+00:00,120460.35,120460.35,120391.66,120430.21,48.072469999999996
2025-08-13 10:50:00+00:00,120430.21,120495.44,120430.21,120495.44,34.04396
2025-08-13 10:55:00+00:00,120495.43,120496.0,120477.18,120496.0,20.28794
2025-08-13 11:00:00+00:00,120496.0,120599.89,120462.24,120588.0,105.2373
2025-08-13 11:05:00+00:00,120588.01,120669.28,120588.01,120634.56,62.057919999999996
2025-08-13 11:10:00+00:00,120634.56,120700.0,120566.49,120634.74,79.62712
2025-08-13 11:15:00+00:00,120634.74,120672.65,120432.21,120509.09,105.29068
2025-08-13 11:20:00+00:00,120509.08,120683.52,120497.94,120667.01,57.11343
2025-08-13 11:25:00+00:00,120667.01,120729.8,120666.16,120667.02,92.02968
2025-08-13 11:30:00+00:00,120667.02,120732.94,120633.99,120679.27,55.201840000000004
2025-08-13 11:35:00+00:00,120679.28,120710.0,120580.0,120580.0,36.45264
2025-08-13 11:40:00+00:00,120580.01,120714.29,120580.0,120714.28,37.18671
2025-08-13 11:45:00+00:00,120714.29,120726.94,120664.66,120682.99,29.96404
2025-08-13 11:50:00+00:00,120683.0,120688.51,120629.73,120672.19,25.44556
2025-08-13 11:55:00+00:00,120672.2,120672.2,120570.41,120570.41,46.477959999999996
2025-08-13 12:00:00+00:00,120570.41,120686.0,120540.75,120578.24,54.40989999999999
2025-08-13 12:05:00+00:00,120578.23,120626.06,120432.2,120443.45,76.47958
2025-08-13 12:10:00+00:00,120443.45,120493.99,120378.77,120466.93,56.45398
2025-08-13 12:15:00+00:00,120466.93,120577.99,120466.93,120550.69,47.80529
2025-08-13 12:20:00+00:00,120550.69,120599.89,120544.25,120556.33,45.28156
2025-08-13 12:25:00+00:00,120556.33,120570.22,120532.0,120544.59,69.7679
2025-08-13 12:30:00+00:00,120544.6,120590.73,120442.5,120538.11,119.24499
2025-08-13 12:35:00+00:00,120538.11,120552.72,120424.96,120552.69,91.1157
2025-08-13 12:40:00+00:00,120552.69,120616.0,120527.68,120527.68,75.57943999999999
2025-08-13 12:45:00+00:00,120527.68,120549.38,120352.54,120400.0,125.24136
2025-08-13 12:50:00+00:00,120400.0,120449.72,120209.51,120254.17,91.74976000000001
2025-08-13 12:55:00+00:00,120254.17,120375.66,120239.61,120273.72,58.05182
2025-08-13 13:00:00+00:00,120273.72,120343.99,120212.21,120330.34,64.41829
2025-08-13 13:05:00+00:00,120330.35,120477.19,120294.04,120465.13,91.76558
2025-08-13 13:10:00+00:00,120465.14,120549.79,120465.13,120500.88,38.106880000000004
2025-08-13 13:15:00+00:00,120500.89,120592.0,120477.18,120566.0,84.76664
2025-08-13 13:20:00+00:00,120566.0,120637.0,120538.28,120636.99,119.97237000000001
2025-08-13 13:25:00+00:00,120637.0,120768.45,120636.28,120644.0,125.02005
2025-08-13 13:30:00+00:00,120644.01,120729.8,120552.0,120706.62,126.14241000000001
2025-08-13 13:35:00+00:00,120706.62,120759.07,120395.98,120420.0,97.61542
2025-08-13 13:40:00+00:00,120419.99,120420.0,120106.02,120344.02,133.35486
2025-08-13 13:45:00+00:00,120344.03,121102.01,120294.04,121056.21,316.00222
2025-08-13 13:50:00+00:00,121056.21,121987.91,121056.2,121978.16,707.09083
2025-08-13 13:55:00+00:00,121978.17,122051.99,121648.89,121767.97,481.22443
2025-08-13 14:00:00+00:00,121767.97,122104.01,121753.26,121869.57,305.65936
2025-08-13 14:05:00+00:00,121869.56,122150.0,121844.44,122116.55,241.04592
2025-08-13 14:10:00+00:00,122116.54,122200.0,121929.1,122070.75,205.67618
2025-08-13 14:15:00+00:00,122070.75,122155.76,121558.08,121925.19,473.59129
2025-08-13 14:20:00+00:00,121925.19,122150.0,121429.36,121525.89,237.6587
2025-08-13 14:25:00+00:00,121525.9,121776.0,121517.4,121706.63,161.12728
2025-08-13 14:30:00+00:00,121706.62,121918.06,121703.51,121812.01,110.54052999999999
2025-08-13 14:35:00+00:00,121812.01,121879.79,121545.69,121550.0,63.04205
2025-08-13 14:40:00+00:00,121550.01,121709.43,121490.42,121649.7,119.6295
2025-08-13 14:45:00+00:00,121649.69,121649.69,121170.0,121246.82,214.38451999999998
2025-08-13 14:50:00+00:00,121246.83,121266.0,120816.0,120888.0,230.4301
2025-08-13 14:55:00+00:00,120888.01,121047.92,120759.37,120890.73,117.21477
2025-08-13 15:00:00+00:00,120890.74,121174.61,120890.74,121168.0,101.64586
2025-08-13 15:05:00+00:00,121168.0,121240.84,120810.11,120859.7,159.09088
2025-08-13 15:10:00+00:00,120859.71,121109.62,120859.7,120978.72,106.18179
2025-08-13 15:15:00+00:00,120978.72,120978.73,120441.17,120475.14,280.0011
2025-08-13 15:20:00+00:00,120475.14,120652.0,120309.73,120580.4,165.59371
2025-08-13 15:25:00+00:00,120580.4,120700.03,120548.0,120571.61,51.4874
2025-08-13 15:30:00+00:00,120571.61,120793.44,120452.0,120782.52,156.82353999999998
2025-08-13 15:35:00+00:00,120782.52,121060.98,120711.45,121060.98,99.98383
2025-08-13 15:40:00+00:00,121060.98,121343.06,121029.27,121332.11,98.48497
2025-08-13 15:45:00+00:00,121332.11,121332.11,121178.56,121205.43,58.70601
2025-08-13 15:50:00+00:00,121205.44,121285.55,121043.78,121157.37,76.25005
2025-08-13 15:55:00+00:00,121157.37,121170.0,120886.21,120920.62,97.76137
2025-08-13 16:00:00+00:00,120920.61,121250.83,120920.61,121236.26,54.56505
2025-08-13 16:05:00+00:00,121236.25,121413.92,121200.0,121352.78,85.88512
2025-08-13 16:10:00+00:00,121352.77,121508.64,121352.77,121508.64,54.05869
2025-08-13 16:15:00+00:00,121508.64,121721.3,121508.64,121622.3,99.04129
2025-08-13 16:20:00+00:00,121622.31,121719.57,121622.3,121639.2,83.64192
2025-08-13 16:25:00+00:00,121639.2,121674.43,121504.0,121538.15,67.42178
2025-08-13 16:30:00+00:00,121538.15,121619.36,121463.68,121619.35,52.24324
2025-08-13 16:35:00+00:00,121619.36,121700.0,121508.1,121545.69,40.1055
2025-08-13 16:40:00+00:00,121545.69,121545.7,121327.72,121327.72,47.89457
2025-08-13 16:45:00+00:00,121327.72,121445.65,121259.19,121394.8,52.88671
2025-08-13 16:50:00+00:00,121394.8,121480.97,121259.99,121473.05,36.06416
2025-08-13 16:55:00+00:00,121473.04,121473.23,121369.0,121421.77,30.90674
2025-08-13 17:00:00+00:00,121421.77,121538.16,121421.76,121538.15,55.70572
2025-08-13 17:05:00+00:00,121538.16,121689.72,121461.78,121689.72,91.43411
2025-08-13 17:10:00+00:00,121689.73,121699.99,121582.5,121603.46,74.33378
2025-08-13 17:15:00+00:00,121603.46,121694.87,121585.21,121656.0,66.02336
2025-08-13 17:20:00+00:00,121656.0,121839.66,121655.99,121839.66,84.42518
2025-08-13 17:25:00+00:00,121839.66,121850.31,121740.24,121792.0,79.45000999999999
2025-08-13 17:30:00+00:00,121792.0,121829.67,121740.67,121780.88,96.87659
2025-08-13 17:35:00+00:00,121780.88,121795.95,121560.0,121582.79,100.57799
2025-08-13 17:40:00+00:00,121582.79,121639.3,121568.75,121604.17,91.87068000000001
2025-08-13 17:45:00+00:00,121604.16,121653.35,121528.55,121546.33,29.14594
2025-08-13 17:50:00+00:00,121546.33,121790.92,121546.33,121762.38,59.601659999999995
2025-08-13 17:55:00+00:00,121762.38,121887.53,121762.38,121823.24,105.45885
2025-08-13 18:00:00+00:00,121823.25,121954.51,121788.92,121922.01,87.62934
2025-08-13 18:05:00+00:00,121922.01,121922.01,121638.23,121644.81,37.54754
2025-08-13 18:10:00+00:00,121644.81,121908.98,121644.79,121908.97,46.04849
2025-08-13 18:15:00+00:00,121908.98,121935.01,121754.57,121782.98,54.82717
2025-08-13 18:20:00+00:00,121782.97,121785.95,121696.0,121711.98,24.62701
2025-08-13 18:25:00+00:00,121711.97,121711.98,121583.31,121627.74,156.08477
2025-08-13 18:30:00+00:00,121627.73,121857.83,121627.73,121823.25,132.74913
2025-08-13 18:35:00+00:00,121823.24,121877.31,121429.36,121654.05,132.70580999999999
2025-08-13 18:40:00+00:00,121654.04,121654.04,121443.37,121504.73,75.63874
2025-08-13 18:45:00+00:00,121504.72,121660.0,121477.04,121477.04,68.84191
2025-08-13 18:50:00+00:00,121477.04,121628.01,121460.67,121619.36,33.783139999999996
2025-08-13 18:55:00+00:00,121619.35,121711.69,121582.82,121639.2,40.75621
2025-08-13 19:00:00+00:00,121639.19,121771.37,121524.27,121771.36,105.67568
2025-08-13 19:05:00+00:00,121771.36,121925.2,121750.01,121867.09,76.0184
2025-08-13 19:10:00+00:00,121867.1,122000.0,121867.09,121934.01,88.79102
2025-08-13 19:15:00+00:00,121934.0,122086.58,121932.0,122055.17,99.23825
2025-08-13 19:20:00+00:00,122055.18,122547.54,122055.17,122505.39,495.39297999999997
2025-08-13 19:25:00+00:00,122505.39,122505.39,122310.59,122358.0,131.25111
2025-08-13 19:30:00+00:00,122358.0,122555.0,122349.6,122400.87,130.40189
2025-08-13 19:35:00+00:00,122400.87,122473.02,122220.48,122233.33,82.5238
2025-08-13 19:40:00+00:00,122233.34,122423.9,122233.34,122423.9,40.38916
2025-08-13 19:45:00+00:00,122423.89,122540.0,122423.89,122507.99,96.90702999999999
2025-08-13 19:50:00+00:00,122508.0,122719.22,122508.0,122719.21,114.81914
2025-08-13 19:55:00+00:00,122719.21,122839.47,122694.01,122744.21,175.63521
2025-08-13 20:00:00+00:00,122744.22,122821.28,122464.34,122464.34,109.92588
2025-08-13 20:05:00+00:00,122464.34,122815.0,122464.34,122815.0,66.18046
2025-08-13 20:10:00+00:00,122814.99,122842.72,122642.36,122802.28,75.12214
2025-08-13 20:15:00+00:00,122802.28,122802.28,122606.0,122740.0,36.72961
2025-08-13 20:20:00+00:00,122740.0,122769.46,122570.41,122570.41,57.12205
2025-08-13 20:25:00+00:00,122570.42,122636.0,122559.0,122613.39,68.65581
2025-08-13 20:30:00+00:00,122613.39,122771.23,122613.39,122740.76,107.04568
2025-08-13 20:35:00+00:00,122740.76,122800.0,122704.86,122757.89,45.83106
2025-08-13 20:40:00+00:00,122757.89,122807.27,122755.4,122807.27,37.92466
2025-08-13 20:45:00+00:00,122807.27,122940.0,122798.04,122939.99,117.67784
2025-08-13 20:50:00+00:00,122940.0,122973.0,122926.0,122962.05,56.05832
2025-08-13 20:55:00+00:00,122962.05,122972.59,122855.8,122904.01,61.230470000000004
2025-08-13 21:00:00+00:00,122904.01,122948.82,122750.68,122751.08,74.36998
2025-08-13 21:05:00+00:00,122751.08,123000.0,122751.07,122799.9,226.40695000000002
2025-08-13 21:10:00+00:00,122799.91,122887.34,122666.32,122723.76,79.92878999999999
2025-08-13 21:15:00+00:00,122723.76,122944.66,122723.76,122876.34,70.68050000000001
2025-08-13 21:20:00+00:00,122876.34,122925.54,122758.67,122759.49,83.48505
2025-08-13 21:25:00+00:00,122759.49,122823.99,122684.0,122689.19,34.89749
2025-08-13 21:30:00+00:00,122689.18,122830.0,122681.12,122796.09,47.11753
2025-08-13 21:35:00+00:00,122796.1,122808.08,122585.05,122649.03,123.10881
2025-08-13 21:40:00+00:00,122649.03,122649.03,122450.02,122465.16,76.77525
2025-08-13 21:45:00+00:00,122465.17,122593.49,122390.0,122415.92,116.70093
2025-08-13 21:50:00+00:00,122415.92,122536.88,122298.2,122536.88,68.85123
2025-08-13 21:55:00+00:00,122536.88,122638.82,122464.18,122561.16,64.10503
2025-08-13 22:00:00+00:00,122561.17,122937.2,122561.16,122809.47,105.88955
2025-08-13 22:05:00+00:00,122809.46,122950.0,122793.81,122937.25,42.78394
2025-08-13 22:10:00+00:00,122937.24,122970.86,122880.49,122970.86,110.83875
2025-08-13 22:15:00+00:00,122970.86,122999.0,122900.11,122931.61,28.06725
2025-08-13 22:20:00+00:00,122931.62,123046.61,122842.8,122937.78,183.51932
2025-08-13 22:25:00+00:00,122937.78,122962.56,122855.22,122941.92,43.24563
2025-08-13 22:30:00+00:00,122941.93,123009.77,122910.62,122974.58,36.89964
2025-08-13 22:35:00+00:00,122974.58,123046.61,122974.58,123032.52,54.72787
2025-08-13 22:40:00+00:00,123032.51,123584.41,123032.51,123518.76,418.60979999999995
2025-08-13 22:45:00+00:00,123518.76,123637.68,123387.45,123544.52,154.39557
2025-08-13 22:50:00+00:00,123544.53,123547.33,123301.84,123301.84,74.58956
2025-08-13 22:55:00+00:00,123301.85,123301.85,122903.85,122954.03,137.12726
2025-08-13 23:00:00+00:00,122954.03,123176.85,122907.05,123154.89,97.88041000000001
2025-08-13 23:05:00+00:00,123154.89,123158.39,123046.6,123066.53,32.47525
2025-08-13 23:10:00+00:00,123066.52,123079.68,122944.65,123000.0,30.66588
2025-08-13 23:15:00+00:00,123000.0,123146.35,122957.02,123140.0,53.87889
2025-08-13 23:20:00+00:00,123140.0,123296.13,123129.99,123287.36,45.13966
2025-08-13 23:25:00+00:00,123287.36,123310.63,123263.34,123310.62,32.12706
2025-08-13 23:30:00+00:00,123310.62,123465.75,123310.62,123428.99,68.00408
2025-08-13 23:35:00+00:00,123429.0,123667.79,123428.99,123551.16,93.8053
2025-08-13 23:40:00+00:00,123551.15,123659.46,123446.72,123458.01,51.398619999999994
2025-08-13 23:45:00+00:00,123458.0,123573.83,123443.78,123525.88,39.90193
2025-08-13 23:50:00+00:00,123525.88,123554.03,123363.68,123373.61,32.0584
2025-08-13 23:55:00+00:00,123373.6,123373.61,123280.1,123306.43,41.24673
2025-08-14 00:00:00+00:00,123306.44,123584.77,123251.9,123584.76,102.59526
2025-08-14 00:05:00+00:00,123584.76,123745.0,123514.7,123745.0,173.06078
2025-08-14 00:10:00+00:00,123745.0,123862.18,123698.32,123862.18,134.18861
2025-08-14 00:15:00+00:00,123862.17,123977.77,123659.75,123915.79,153.49546
2025-08-14 00:20:00+00:00,123915.78,124051.68,123746.52,123761.39,222.275556
2025-08-14 00:25:00+00:00,123761.38,124250.0,123717.96,124243.32,107.24691
2025-08-14 00:30:00+00:00,124243.31,124474.0,124124.99,124125.0,282.74408
2025-08-14 00:35:00+00:00,124124.99,124149.96,123762.06,124046.27,180.64945
2025-08-14 00:40:00+00:00,124046.28,124117.81,123666.01,123737.25,81.33314
2025-08-14 00:45:00+00:00,123737.25,123829.13,123615.61,123630.12,58.36403
2025-08-14 00:50:00+00:00,123630.12,123723.26,123489.84,123710.48,106.01505
2025-08-14 00:55:00+00:00,123710.49,123847.84,123704.07,123847.83,62.083349999999996
2025-08-14 01:00:00+00:00,123847.82,123946.46,123745.22,123745.22,103.87212
2025-08-14 01:05:00+00:00,123745.23,123810.69,123605.94,123656.76,66.31854
2025-08-14 01:10:00+00:00,123656.77,123745.06,123596.53,123609.52,44.38408
2025-08-14 01:15:00+00:00,123609.53,123659.07,123387.52,123623.76,84.49982
2025-08-14 01:20:00+00:00,123623.76,123738.74,123452.45,123538.33,45.39862
2025-08-14 01:25:00+00:00,123538.32,123626.24,123500.0,123571.14,54.75255
2025-08-14 01:30:00+00:00,123571.14,123785.0,123519.77,123730.01,97.34733
2025-08-14 01:35:00+00:00,123730.01,123744.82,123590.89,123663.31,40.402590000000004
2025-08-14 01:40:00+00:00,123663.32,123675.17,123551.91,123574.99,22.14753
2025-08-14 01:45:00+00:00,123574.99,123575.0,123480.0,123480.01,33.55956
2025-08-14 01:50:00+00:00,123480.0,123540.11,123456.31,123456.31,28.976879999999998
2025-08-14 01:55:00+00:00,123456.31,123456.32,123337.66,123337.67,39.41249
2025-08-14 02:00:00+00:00,123337.66,123496.86,123337.65,123496.86,51.25404
2025-08-14 02:05:00+00:00,123496.86,123590.9,123470.61,123541.21,58.332750000000004
2025-08-14 02:10:00+00:00,123541.22,123560.32,123359.1,123368.33,102.55317
2025-08-14 02:15:00+00:00,123368.34,123456.44,123280.0,123294.72,66.05342
2025-08-14 02:20:00+00:00,123294.73,123350.0,123250.5,123350.0,46.61543
2025-08-14 02:25:00+00:00,123350.0,123400.0,123316.55,123316.55,29.670479999999998
2025-08-14 02:30:00+00:00,123316.55,123468.0,123295.21,123397.2,39.6978
2025-08-14 02:35:00+00:00,123397.21,123588.0,123397.2,123479.47,47.38644
2025-08-14 02:40:00+00:00,123479.47,123596.25,123466.02,123579.26,37.199889999999996
2025-08-14 02:45:00+00:00,123579.26,123665.0,123507.57,123613.73,76.34362
2025-08-14 02:50:00+00:00,123613.74,123689.98,123577.66,123689.97,51.335730000000005
2025-08-14 02:55:00+00:00,123689.97,123689.98,123570.42,123662.53,65.45436
2025-08-14 03:00:00+00:00,123662.53,123800.01,123598.49,123800.01,74.94332
2025-08-14 03:05:00+00:00,123800.01,123849.98,123662.0,123685.99,26.690260000000002
2025-08-14 03:10:00+00:00,123686.0,123772.0,123673.7,123764.76,23.295279999999998
2025-08-14 03:15:00+00:00,123764.75,123764.76,123596.25,123679.02,52.77309
2025-08-14 03:20:00+00:00,123679.01,123679.01,123590.89,123605.0,26.514699999999998
2025-08-14 03:25:00+00:00,123605.0,123621.8,123552.24,123572.0,26.62217
2025-08-14 03:30:00+00:00,123572.0,123582.83,123469.26,123475.9,42.51407
2025-08-14 03:35:00+00:00,123475.89,123513.56,123400.0,123500.0,34.63562
2025-08-14 03:40:00+00:00,123499.99,123549.95,123452.57,123524.87,63.2047
2025-08-14 03:45:00+00:00,123524.86,123532.8,123458.87,123475.48,43.78227
2025-08-14 03:50:00+00:00,123475.49,123475.49,123350.0,123350.01,23.89326
2025-08-14 03:55:00+00:00,123350.01,123396.57,123295.21,123337.14,45.78666
2025-08-14 04:00:00+00:00,123337.14,123428.6,123337.13,123410.22,51.45442
2025-08-14 04:05:00+00:00,123410.23,123410.23,123259.95,123285.04,38.86341
2025-08-14 04:10:00+00:00,123285.04,123347.65,123125.29,123126.38,70.69618
2025-08-14 04:15:00+00:00,123126.39,123375.11,123116.1,123338.62,59.75987
2025-08-14 04:20:00+00:00,123338.61,123377.55,123306.42,123377.55,42.747569999999996
2025-08-14 04:25:00+00:00,123377.54,123377.55,123293.66,123314.18,35.59394
2025-08-14 04:30:00+00:00,123314.19,123326.97,123177.17,123177.18,49.10758
2025-08-14 04:35:00+00:00,123177.18,123270.21,123124.01,123270.21,47.06145
2025-08-14 04:40:00+00:00,123270.21,123270.21,123203.34,123203.34,26.32028
2025-08-14 04:45:00+00:00,123203.35,123203.35,123063.0,123067.66,67.79584
2025-08-14 04:50:00+00:00,123067.67,123123.6,123063.6,123123.59,34.12548
2025-08-14 04:55:00+00:00,123123.59,123123.6,123001.46,123003.17,47.77259
2025-08-14 05:00:00+00:00,123003.17,123093.09,122994.0,123054.24,44.96194
2025-08-14 05:05:00+00:00,123054.25,123123.6,123020.57,123020.58,28.71319
2025-08-14 05:10:00+00:00,123020.57,123020.58,122850.21,122879.73,84.04146
2025-08-14 05:15:00+00:00,122879.74,122988.34,122879.73,122944.15,40.01475
2025-08-14 05:20:00+00:00,122944.15,123000.0,122873.29,122873.29,28.39039
2025-08-14 05:25:00+00:00,122873.29,122873.3,122705.48,122705.49,66.66899
2025-08-14 05:30:00+00:00,122705.48,122791.57,122580.64,122791.56,172.24013
2025-08-14 05:35:00+00:00,122791.57,122800.0,122660.3,122660.3,32.74723
2025-08-14 05:40:00+00:00,122660.3,122660.31,122543.86,122570.84,54.99401
2025-08-14 05:45:00+00:00,122570.84,122616.51,122373.33,122377.17,87.38216
2025-08-14 05:50:00+00:00,122377.17,122377.17,122080.0,122239.71,155.35023
2025-08-14 05:55:00+00:00,122239.71,122246.64,122126.4,122134.76,36.600339999999996
2025-08-14 06:00:00+00:00,122134.76,122134.76,121712.1,121846.17,178.04003
2025-08-14 06:05:00+00:00,121846.17,122010.88,121832.0,121885.76,152.82688000000002
2025-08-14 06:10:00+00:00,121885.76,121935.03,121720.38,121738.39,73.59628000000001
2025-08-14 06:15:00+00:00,121738.39,121760.24,121463.24,121506.29,199.79249
2025-08-14 06:20:00+00:00,121506.3,121620.0,121313.86,121447.9,186.08778999999998
2025-08-14 06:25:00+00:00,121447.91,121633.7,121447.91,121583.0,111.68645000000001
2025-08-14 06:30:00+00:00,121583.01,121841.0,121583.0,121779.8,170.04082
2025-08-14 06:35:00+00:00,121779.8,121866.21,121631.66,121837.44,132.56352
2025-08-14 06:40:00+00:00,121837.45,121923.39,121713.91,121752.39,73.53261
2025-08-14 06:45:00+00:00,121752.4,121929.34,121748.6,121900.0,40.76814
2025-08-14 06:50:00+00:00,121900.0,121925.37,121805.08,121885.41,60.352630000000005
2025-08-14 06:55:00+00:00,121885.42,121902.0,121729.4,121771.27,85.89938
2025-08-14 07:00:00+00:00,121771.27,121929.62,121741.89,121741.89,69.87425999999999
2025-08-14 07:05:00+00:00,121741.89,121781.86,121642.74,121642.74,55.135220000000004
2025-08-14 07:10:00+00:00,121642.74,121704.04,121619.9,121677.59,164.68271000000001
2025-08-14 07:15:00+00:00,121677.58,121753.0,121611.26,121699.02,34.17767
2025-08-14 07:20:00+00:00,121699.02,121751.77,121538.28,121609.84,57.02568
2025-08-14 07:25:00+00:00,121609.5,121635.0,121568.59,121617.64,94.44501
2025-08-14 07:30:00+00:00,121617.64,121721.0,121617.64,121666.59,45.71868
2025-08-14 07:35:00+00:00,121666.58,122047.79,121666.58,122002.39,147.36233000000001
2025-08-14 07:40:00+00:00,122002.39,122019.33,121861.13,121911.3,59.44485
2025-08-14 07:45:00+00:00,121911.29,121931.97,121671.3,121709.86,67.64332999999999
2025-08-14 07:50:00+00:00,121709.85,121760.77,121605.6,121760.77,31.61395
2025-08-14 07:55:00+00:00,121760.76,121817.95,121724.7,121725.31,59.9433
2025-08-14 08:00:00+00:00,121725.31,121799.0,121587.09,121630.61,100.75639
2025-08-14 08:05:00+00:00,121630.61,121741.9,121600.0,121741.89,145.70735000000002
2025-08-14 08:10:00+00:00,121741.9,121861.0,121741.89,121814.66,86.17485
2025-08-14 08:15:00+00:00,121814.66,121891.0,121808.0,121891.0,60.24329
2025-08-14 08:20:00+00:00,121891.0,121891.0,121819.0,121831.72,50.65721
2025-08-14 08:25:00+00:00,121831.72,122045.9,121831.72,122014.79,134.14908
2025-08-14 08:30:00+00:00,122014.79,122014.79,121907.34,121917.77,101.77255
2025-08-14 08:35:00+00:00,121917.77,121917.78,121678.92,121685.41,102.54159
2025-08-14 08:40:00+00:00,121685.4,121783.03,121663.48,121696.21,57.12868
2025-08-14 08:45:00+00:00,121696.21,121765.77,121693.89,121704.68,28.20196
2025-08-14 08:50:00+00:00,121704.69,121704.69,121560.83,121642.7,59.098200000000006
2025-08-14 08:55:00+00:00,121642.71,121649.99,121584.46,121637.78,30.50594
2025-08-14 09:00:00+00:00,121637.78,121637.78,121528.55,121543.76,33.15995
2025-08-14 09:05:00+00:00,121543.77,121747.28,121543.76,121721.89,62.42552
2025-08-14 09:10:00+00:00,121721.89,121899.77,121683.66,121899.77,24.17453
2025-08-14 09:15:00+00:00,121899.76,121899.76,121771.67,121841.35,23.17249
2025-08-14 09:20:00+00:00,121841.36,121841.36,121755.53,121828.76,17.18653
2025-08-14 09:25:00+00:00,121828.76,121918.8,121813.01,121813.45,62.64299
2025-08-14 09:30:00+00:00,121813.45,121813.45,121702.0,121752.18,37.96603
2025-08-14 09:35:00+00:00,121752.18,121752.18,121580.0,121584.47,65.82393
2025-08-14 09:40:00+00:00,121584.48,121666.05,121580.0,121580.01,95.59101
2025-08-14 09:45:00+00:00,121580.0,121643.43,121580.0,121584.19,90.09173
2025-08-14 09:50:00+00:00,121584.19,121655.6,121584.19,121647.62,24.55829
2025-08-14 09:55:00+00:00,121647.62,121709.67,121631.44,121649.84,76.51008
2025-08-14 10:00:00+00:00,121649.84,121649.85,121533.74,121533.74,82.08844
2025-08-14 10:05:00+00:00,121533.74,121599.67,121459.25,121485.71,95.18137
2025-08-14 10:10:00+00:00,121485.7,121541.64,121450.0,121480.33,48.59988
2025-08-14 10:15:00+00:00,121480.34,121700.0,121480.34,121700.0,23.42306
2025-08-14 10:20:00+00:00,121700.0,121772.9,121618.58,121669.32,57.745090000000005
2025-08-14 10:25:00+00:00,121669.31,121669.32,121480.23,121511.97,74.21391
2025-08-14 10:30:00+00:00,121511.97,121631.01,121511.96,121592.82,31.49328
2025-08-14 10:35:00+00:00,121592.83,121659.3,121431.06,121431.06,44.39826
2025-08-14 10:40:00+00:00,121431.0,121431.0,121111.0,121150.0,220.67295
2025-08-14 10:45:00+00:00,121149.99,121244.09,121121.0,121121.01,131.47924
2025-08-14 10:50:00+00:00,121121.0,121231.82,120897.0,120904.24,170.7092
2025-08-14 10:55:00+00:00,120904.23,120958.14,120757.01,120933.0,153.30768
2025-08-14 11:00:00+00:00,120932.99,121031.31,120870.28,120927.45,121.49937
2025-08-14 11:05:00+00:00,120927.45,120927.45,120771.81,120865.73,79.5469
2025-08-14 11:10:00+00:00,120865.73,120968.0,120812.0,120829.99,91.91369
2025-08-14 11:15:00+00:00,120830.0,120903.25,120829.99,120899.32,61.4093
2025-08-14 11:20:00+00:00,120899.32,120930.62,120741.89,120882.38,84.21858
2025-08-14 11:25:00+00:00,120882.38,120897.0,120868.35,120893.5,59.46326
2025-08-14 11:30:00+00:00,120893.5,120914.63,120694.0,120782.35,61.74356
2025-08-14 11:35:00+00:00,120782.36,120843.17,120748.79,120770.86,34.61874
2025-08-14 11:40:00+00:00,120770.87,120838.83,120770.87,120780.11,34.65327
2025-08-14 11:45:00+00:00,120780.1,120837.36,120765.16,120836.04,26.04824
2025-08-14 11:50:00+00:00,120836.05,120915.88,120836.05,120907.39,60.82811
2025-08-14 11:55:00+00:00,120907.38,120958.67,120817.49,120949.67,36.793189999999996
2025-08-14 12:00:00+00:00,120949.66,120991.29,120912.14,120969.67,69.63772
2025-08-14 12:05:00+00:00,120969.67,120981.77,120850.0,120981.77,75.37996
2025-08-14 12:10:00+00:00,120981.77,120994.59,120931.94,120994.59,98.31074
2025-08-14 12:15:00+00:00,120994.59,121100.0,120619.01,120680.9,231.33955
2025-08-14 12:20:00+00:00,120680.9,121000.0,120450.0,120972.2,288.60929999999996
2025-08-14 12:25:00+00:00,120972.2,121183.06,120917.61,121143.67,94.44257999999999
2025-08-14 12:30:00+00:00,121143.68,121143.68,118500.0,118715.99,1488.0637
2025-08-14 12:35:00+00:00,118715.99,119438.0,117632.0,119004.75,1351.63752
2025-08-14 12:40:00+00:00,119004.74,119770.03,118970.01,119531.42,377.10812
2025-08-14 12:45:00+00:00,119531.41,119732.83,119084.0,119307.02,389.45576
2025-08-14 12:50:00+00:00,119307.02,119562.67,119059.38,119100.01,170.56404
2025-08-14 12:55:00+00:00,119100.01,119117.28,118700.0,118866.37,421.91711000000004
2025-08-14 13:00:00+00:00,118866.37,118876.09,118204.37,118215.84,434.45971000000003
2025-08-14 13:05:00+00:00,118215.84,118981.25,118060.0,118935.28,343.63144
2025-08-14 13:10:00+00:00,118935.29,119249.2,118932.29,119249.19,166.46768
2025-08-14 13:15:00+00:00,119249.2,119249.2,118524.75,118524.76,358.92047
2025-08-14 13:20:00+00:00,118524.75,118749.85,118187.36,118200.48,309.68878
2025-08-14 13:25:00+00:00,118200.48,118450.75,118006.44,118235.05,287.63029
2025-08-14 13:30:00+00:00,118235.06,118665.67,118075.61,118402.29,222.90921
2025-08-14 13:35:00+00:00,118402.3,118635.94,118174.9,118174.91,220.03412
2025-08-14 13:40:00+00:00,118174.9,118274.67,117727.73,118270.02,342.41719
2025-08-14 13:45:00+00:00,118270.03,118544.0,118165.19,118502.92,267.89882
2025-08-14 13:50:00+00:00,118502.93,118865.57,118365.57,118750.78,200.46717999999998
2025-08-14 13:55:00+00:00,118750.78,118750.78,118381.35,118428.85,117.04831
2025-08-14 14:00:00+00:00,118428.86,118450.0,118130.35,118250.88,115.95179
2025-08-14 14:05:00+00:00,118250.88,118320.0,118120.0,118128.0,96.58553
2025-08-14 14:10:00+00:00,118128.01,118185.71,118008.32,118039.99,143.99409
2025-08-14 14:15:00+00:00,118040.0,118602.01,118012.48,118602.0,261.54310000000004
2025-08-14 14:20:00+00:00,118602.0,118602.01,118264.7,118344.61,176.08304
2025-08-14 14:25:00+00:00,118344.62,118876.0,118269.91,118869.42,130.84012
2025-08-14 14:30:00+00:00,118869.41,119127.14,118768.69,119073.31,210.81659000000002
2025-08-14 14:35:00+00:00,119073.3,119198.04,118904.11,119194.81,140.10612
2025-08-14 14:40:00+00:00,119194.81,119309.67,118976.94,119063.24,206.25789
2025-08-14 14:45:00+00:00,119063.24,119361.45,119009.56,119208.0,120.55158
2025-08-14 14:50:00+00:00,119208.0,119216.82,118896.9,118896.91,100.77384
2025-08-14 14:55:00+00:00,118896.9,118962.73,118730.47,118799.01,133.64306
2025-08-14 15:00:00+00:00,118799.02,118899.64,118720.91,118720.92,72.22847999999999
2025-08-14 15:05:00+00:00,118720.92,118831.12,118618.18,118764.49,136.87520999999998
2025-08-14 15:10:00+00:00,118764.48,118764.49,118472.22,118535.99,84.30469
2025-08-14 15:15:00+00:00,118535.99,118594.67,118361.8,118361.81,89.86185
2025-08-14 15:20:00+00:00,118361.81,118421.33,118262.41,118262.42,136.70811999999998
2025-08-14 15:25:00+00:00,118262.42,118271.84,118040.67,118150.62,169.58464
2025-08-14 15:30:00+00:00,118150.62,118280.0,118100.31,118150.0,128.42143
2025-08-14 15:35:00+00:00,118150.01,118162.0,117879.87,117989.99,188.23516
2025-08-14 15:40:00+00:00,117989.99,118280.0,117989.98,118088.9,97.58153
2025-08-14 15:45:00+00:00,118088.9,118159.29,117981.27,117987.44,90.58943000000001
2025-08-14 15:50:00+00:00,117987.44,118156.47,117923.17,118156.47,139.79138
2025-08-14 15:55:00+00:00,118156.47,118298.79,118066.83,118257.25,117.69963999999999
2025-08-14 16:00:00+00:00,118257.26,118257.26,118136.0,118158.35,159.44165
2025-08-14 16:05:00+00:00,118156.8,118156.81,117801.17,117882.05,165.84104
2025-08-14 16:10:00+00:00,117882.06,117999.05,117612.0,117646.41,204.20285
2025-08-14 16:15:00+00:00,117646.41,117872.92,117521.0,117720.02,244.31710999999999
2025-08-14 16:20:00+00:00,117720.01,117901.86,117675.04,117790.97,77.53007
2025-08-14 16:25:00+00:00,117790.97,117790.98,117414.09,117639.17,197.88791
2025-08-14 16:30:00+00:00,117639.17,117752.47,117407.09,117707.33,90.17054999999999
2025-08-14 16:35:00+00:00,117707.33,117802.24,117659.97,117802.23,64.76783999999999
2025-08-14 16:40:00+00:00,117802.24,117882.46,117704.0,117707.55,53.97911
2025-08-14 16:45:00+00:00,117707.55,117719.99,117542.08,117640.38,71.81541
2025-08-14 16:50:00+00:00,117640.38,117999.05,117640.38,117965.2,108.2969
2025-08-14 16:55:00+00:00,117965.2,117965.2,117806.65,117866.42,67.95008
2025-08-14 17:00:00+00:00,117866.42,117871.78,117734.71,117782.63,50.20644
2025-08-14 17:05:00+00:00,117782.63,117812.03,117553.52,117697.01,79.64957
2025-08-14 17:10:00+00:00,117697.01,117720.05,117500.0,117720.05,46.21317
2025-08-14 17:15:00+00:00,117720.05,117740.0,117540.0,117560.0,31.808329999999998
2025-08-14 17:20:00+00:00,117559.99,117964.62,117559.99,117964.61,56.03741
2025-08-14 17:25:00+00:00,117964.61,118146.48,117958.71,118110.11,67.5566
2025-08-14 17:30:00+00:00,118110.11,118126.79,117981.0,117987.42,49.3709
2025-08-14 17:35:00+00:00,117987.43,117987.43,117859.99,117900.01,26.445549999999997
2025-08-14 17:40:00+00:00,117900.01,117900.01,117695.63,117695.63,43.04836
2025-08-14 17:45:00+00:00,117695.64,117758.55,117572.99,117662.17,74.79827999999999
2025-08-14 17:50:00+00:00,117662.17,117766.46,117613.0,117673.6,39.35848
2025-08-14 17:55:00+00:00,117673.61,117935.47,117667.24,117920.13,72.22575
2025-08-14 18:00:00+00:00,117920.14,117920.14,117825.07,117825.08,34.93139
2025-08-14 18:05:00+00:00,117825.09,117930.81,117744.42,117820.02,49.349450000000004
2025-08-14 18:10:00+00:00,117820.02,117840.0,117647.0,117659.99,59.85048
2025-08-14 18:15:00+00:00,117659.99,117692.31,117560.0,117614.47,41.46378
2025-08-14 18:20:00+00:00,117614.47,117627.04,117180.0,117495.59,240.33021
2025-08-14 18:25:00+00:00,117495.6,117855.0,117495.6,117855.0,50.811440000000005
2025-08-14 18:30:00+00:00,117854.99,117979.39,117806.04,117955.45,43.59919
2025-08-14 18:35:00+00:00,117955.46,118020.34,117820.0,117992.06,31.19293
2025-08-14 18:40:00+00:00,117992.06,118090.89,117987.43,118039.99,74.39377
2025-08-14 18:45:00+00:00,118039.98,118096.36,117981.97,118096.35,13.80967
2025-08-14 18:50:00+00:00,118096.35,118214.77,118096.35,118100.0,41.05066
2025-08-14 18:55:00+00:00,118100.0,118214.78,118056.0,118089.75,32.933
2025-08-14 19:00:00+00:00,118089.75,118171.62,118064.0,118078.07,37.64228
2025-08-14 19:05:00+00:00,118078.06,118191.11,118078.06,118146.98,15.36406
2025-08-14 19:10:00+00:00,118146.98,118191.15,118086.61,118113.9,21.71919
2025-08-14 19:15:00+00:00,118113.91,118168.0,117996.18,118168.0,35.565599999999996
2025-08-14 19:20:00+00:00,118168.0,118411.93,118167.99,118396.37,65.23447999999999
2025-08-14 19:25:00+00:00,118396.37,118396.37,118293.16,118293.17,33.58589
2025-08-14 19:30:00+00:00,118293.16,118293.17,118112.47,118124.63,36.02811
2025-08-14 19:35:00+00:00,118124.64,118267.27,118100.0,118183.12,28.09179
2025-08-14 19:40:00+00:00,118183.12,118252.25,118148.49,118187.56,14.12684
2025-08-14 19:45:00+00:00,118187.56,118535.0,118089.8,118360.0,111.84433999999999
2025-08-14 19:50:00+00:00,118360.01,118420.08,118216.96,118234.57,109.14117
2025-08-14 19:55:00+00:00,118234.57,118234.57,117920.0,117945.92,180.42616
2025-08-14 20:00:00+00:00,117945.92,118003.62,117869.6,117972.94,167.99907000000002
2025-08-14 20:05:00+00:00,117972.94,117999.99,117745.63,117786.7,100.59141
2025-08-14 20:10:00+00:00,117786.7,117820.0,117724.37,117819.99,34.85894
2025-08-14 20:15:00+00:00,117819.99,117893.98,117776.9,117812.33,41.96649
2025-08-14 20:20:00+00:00,117812.33,118038.7,117812.33,118038.7,25.68755
2025-08-14 20:25:00+00:00,118038.7,118140.0,118011.78,118140.0,30.04941
2025-08-14 20:30:00+00:00,118140.0,118146.55,118072.17,118112.82,27.66666
2025-08-14 20:35:00+00:00,118112.83,118112.83,117879.09,118019.99,31.340249999999997
2025-08-14 20:40:00+00:00,118020.0,118027.09,117930.69,117935.42,20.38598
2025-08-14 20:45:00+00:00,117935.42,117941.36,117755.83,117922.61,52.40019
2025-08-14 20:50:00+00:00,117922.61,117974.5,117867.35,117929.72,24.52814
2025-08-14 20:55:00+00:00,117929.71,117945.97,117799.85,117866.16,38.09477
2025-08-14 21:00:00+00:00,117866.16,117955.9,117832.09,117916.8,27.454700000000003
2025-08-14 21:05:00+00:00,117916.8,118121.07,117891.98,118121.07,26.817220000000002
2025-08-14 21:10:00+00:00,118121.07,118199.99,118121.07,118148.21,33.27835
2025-08-14 21:15:00+00:00,118148.22,118148.22,118085.33,118148.06,11.20534
2025-08-14 21:20:00+00:00,118148.07,118170.48,117875.86,117881.23,48.35507
2025-08-14 21:25:00+00:00,117881.22,117881.23,117630.92,117643.69,61.41799
2025-08-14 21:30:00+00:00,117643.7,117880.0,117450.0,117480.9,125.0775
2025-08-14 21:35:00+00:00,117480.9,117554.06,117334.57,117554.06,110.27235
2025-08-14 21:40:00+00:00,117554.06,117567.58,117302.33,117567.57,117.54139
2025-08-14 21:45:00+00:00,117567.58,117872.92,117468.0,117872.91,55.85332
2025-08-14 21:50:00+00:00,117872.92,117927.08,117562.24,117714.36,77.52945
2025-08-14 21:55:00+00:00,117714.36,117899.17,117698.61,117899.16,28.679009999999998
2025-08-14 22:00:00+00:00,117899.16,117899.16,117641.4,117684.12,36.78539
2025-08-14 22:05:00+00:00,117684.13,117840.0,117684.12,117839.99,28.586460000000002
2025-08-14 22:10:00+00:00,117839.99,118066.0,117839.99,118066.0,37.73334
2025-08-14 22:15:00+00:00,118065.99,118099.24,117991.66,118072.83,48.65569
2025-08-14 22:20:00+00:00,118072.82,118204.38,118072.82,118204.38,41.56429
2025-08-14 22:25:00+00:00,118204.38,118216.57,118143.21,118216.57,13.127979999999999
2025-08-14 22:30:00+00:00,118216.57,118344.22,118202.11,118344.22,27.48163
2025-08-14 22:35:00+00:00,118344.21,118344.22,118143.22,118143.22,35.03916
2025-08-14 22:40:00+00:00,118143.23,118199.17,118114.54,118187.97,20.236829999999998
2025-08-14 22:45:00+00:00,118187.97,118295.03,118180.0,118295.03,22.31854
2025-08-14 22:50:00+00:00,118295.02,118349.01,118234.14,118349.0,26.31832
2025-08-14 22:55:00+00:00,118349.01,118349.01,118254.87,118285.46,25.2238
2025-08-14 23:00:00+00:00,118285.47,118285.47,118239.68,118243.56,28.01613
2025-08-14 23:05:00+00:00,118243.56,118307.78,118243.55,118260.97,28.629170000000002
2025-08-14 23:10:00+00:00,118260.97,118405.26,118259.99,118376.01,88.8605
2025-08-14 23:15:00+00:00,118376.0,118500.0,118376.0,118499.99,42.99814
2025-08-14 23:20:00+00:00,118499.99,118505.74,118450.0,118498.92,44.02016
2025-08-14 23:25:00+00:00,118498.92,118511.72,118433.53,118511.71,29.75937
2025-08-14 23:30:00+00:00,118511.72,118511.72,118450.52,118472.58,26.13275
2025-08-14 23:35:00+00:00,118472.58,118516.81,118465.93,118484.95,23.235030000000002
2025-08-14 23:40:00+00:00,118484.95,118484.95,118388.02,118439.27,29.84678
2025-08-14 23:45:00+00:00,118439.27,118516.0,118411.61,118474.01,15.36064
2025-08-14 23:50:00+00:00,118474.01,118500.0,118407.35,118414.97,21.0929
2025-08-14 23:55:00+00:00,118414.97,118414.97,118243.07,118295.09,64.77869
2025-08-15 00:00:00+00:00,118295.09,118392.17,118223.81,118330.59,39.1259
2025-08-15 00:05:00+00:00,118330.59,118404.37,118307.22,118404.37,28.22252
2025-08-15 00:10:00+00:00,118404.37,118473.18,118370.0,118473.18,35.65471
2025-08-15 00:15:00+00:00,118473.18,118473.18,118320.0,118356.11,27.21382
2025-08-15 00:20:00+00:00,118356.11,118356.12,118204.37,118204.38,35.00074
2025-08-15 00:25:00+00:00,118204.38,118253.42,118200.0,118229.3,13.75302
2025-08-15 00:30:00+00:00,118229.31,118252.0,118032.94,118092.94,55.87294
2025-08-15 00:35:00+00:00,118092.93,118331.28,118048.02,118298.65,33.05666
2025-08-15 00:40:00+00:00,118298.64,118421.33,118298.64,118378.0,31.34855
2025-08-15 00:45:00+00:00,118378.0,118463.56,118231.8,118242.4,39.50956
2025-08-15 00:50:00+00:00,118247.06,118266.5,118206.31,118229.07,29.98587
2025-08-15 00:55:00+00:00,118229.07,118251.16,118144.0,118181.97,18.89767
2025-08-15 01:00:00+00:00,118181.98,118191.72,118036.77,118036.77,18.97365
2025-08-15 01:05:00+00:00,118036.77,118146.9,118033.93,118096.89,20.43582
2025-08-15 01:10:00+00:00,118096.89,118210.1,118096.88,118132.74,31.1387
2025-08-15 01:15:00+00:00,118132.73,118274.16,118032.32,118256.83,28.627419999999997
2025-08-15 01:20:00+00:00,118256.83,118415.41,118157.43,118415.4,37.74281
2025-08-15 01:25:00+00:00,118415.4,118427.74,118336.49,118405.13,24.00497
2025-08-15 01:30:00+00:00,118405.14,118473.66,118307.21,118359.99,70.01731
2025-08-15 01:35:00+00:00,118359.99,118500.0,118359.99,118499.99,57.95703
2025-08-15 01:40:00+00:00,118499.99,118636.0,118474.5,118621.99,57.8151
2025-08-15 01:45:00+00:00,118621.99,118724.66,118565.95,118695.88,50.40504
2025-08-15 01:50:00+00:00,118695.89,118732.54,118600.0,118730.11,34.89002
2025-08-15 01:55:00+00:00,118730.11,118736.0,118679.17,118681.64,41.84214
2025-08-15 02:00:00+00:00,118681.63,118706.0,118584.2,118688.5,37.32794
2025-08-15 02:05:00+00:00,118688.5,118790.0,118660.66,118781.88,71.44246999999999
2025-08-15 02:10:00+00:00,118781.88,118783.99,118666.01,118700.55,76.61813000000001
2025-08-15 02:15:00+00:00,118700.54,118752.74,118640.0,118640.01,32.08509
2025-08-15 02:20:00+00:00,118640.01,118709.47,118629.18,118708.44,41.16223
2025-08-15 02:25:00+00:00,118708.43,118788.0,118708.43,118770.31,25.08886
2025-08-15 02:30:00+00:00,118770.3,118770.3,118676.76,118676.77,27.31655
2025-08-15 02:35:00+00:00,118676.77,118830.41,118676.77,118830.41,72.42915
2025-08-15 02:40:00+00:00,118830.41,118888.0,118815.43,118823.87,46.46539
2025-08-15 02:45:00+00:00,118823.87,118851.99,118769.33,118769.34,42.794489999999996
2025-08-15 02:50:00+00:00,118769.34,118769.34,118664.57,118687.59,56.20065
2025-08-15 02:55:00+00:00,118687.59,118698.0,118648.0,118698.0,20.48461
2025-08-15 03:00:00+00:00,118698.0,118742.34,118604.41,118708.31,38.9148
2025-08-15 03:05:00+00:00,118708.31,118905.12,118695.36,118905.11,21.305
2025-08-15 03:10:00+00:00,118905.12,118905.12,118781.07,118861.98,26.905829999999998
2025-08-15 03:15:00+00:00,118861.98,118937.17,118831.11,118831.12,47.02254
2025-08-15 03:20:00+00:00,118831.11,118927.55,118787.13,118927.54,28.51133
2025-08-15 03:25:00+00:00,118927.54,119000.0,118927.54,118999.99,29.50529
2025-08-15 03:30:00+00:00,118999.99,119000.0,118976.82,118990.05,27.5235
2025-08-15 03:35:00+00:00,118990.06,119077.71,118990.05,119064.15,54.614380000000004
2025-08-15 03:40:00+00:00,119064.15,119064.16,118905.77,118964.0,70.43682
2025-08-15 03:45:00+00:00,118964.0,118974.48,118927.98,118927.99,37.08099
2025-08-15 03:50:00+00:00,118927.99,118958.78,118874.37,118937.58,60.89086
2025-08-15 03:55:00+00:00,118937.58,118968.91,118914.59,118968.91,29.93549
2025-08-15 04:00:00+00:00,118968.91,119077.71,118960.37,119000.01,68.18548
2025-08-15 04:05:00+00:00,119000.0,119028.08,118930.28,119028.08,49.47753
2025-08-15 04:10:00+00:00,119028.08,119108.89,119028.07,119106.78,34.177640000000004
2025-08-15 04:15:00+00:00,119106.79,119134.0,119106.78,119124.99,38.40802
2025-08-15 04:20:00+00:00,119125.0,119158.0,119049.44,119095.99,71.17315
2025-08-15 04:25:00+00:00,119095.99,119172.77,119095.99,119172.77,28.6539
2025-08-15 04:30:00+00:00,119172.77,119179.0,119116.55,119179.0,33.9424
2025-08-15 04:35:00+00:00,119179.0,119199.2,119135.38,119164.42,25.9872
2025-08-15 04:40:00+00:00,119164.42,119173.96,118982.73,118982.73,35.87229
2025-08-15 04:45:00+00:00,118982.73,118982.73,118822.35,118935.99,45.614670000000004
2025-08-15 04:50:00+00:00,118936.0,118947.62,118770.0,118822.9,38.44134
2025-08-15 04:55:00+00:00,118822.89,118856.28,118822.56,118833.03,27.57544
2025-08-15 05:00:00+00:00,118833.04,118959.99,118818.74,118959.99,29.93666
2025-08-15 05:05:00+00:00,118959.98,118959.99,118874.12,118874.12,19.97193
2025-08-15 05:10:00+00:00,118874.12,118874.13,118676.39,118676.39,33.41191
2025-08-15 05:15:00+00:00,118676.4,118831.12,118676.39,118724.99,21.91999
2025-08-15 05:20:00+00:00,118724.99,118736.69,118629.58,118732.13,26.93697
2025-08-15 05:25:00+00:00,118732.13,118759.55,118703.65,118750.0,18.02954
2025-08-15 05:30:00+00:00,118750.01,118796.96,118711.83,118757.96,24.56772
2025-08-15 05:35:00+00:00,118757.96,118874.09,118724.65,118724.66,52.298429999999996
2025-08-15 05:40:00+00:00,118724.65,118758.9,118696.02,118696.03,15.77125
2025-08-15 05:45:00+00:00,118696.03,118748.0,118676.0,118711.58,18.14657
2025-08-15 05:50:00+00:00,118711.58,118732.23,118665.58,118665.59,15.06391
2025-08-15 05:55:00+00:00,118665.58,119000.0,118657.55,118984.29,84.84387
2025-08-15 06:00:00+00:00,118984.29,119174.93,118945.95,119135.23,66.23378
2025-08-15 06:05:00+00:00,119135.23,119135.23,118903.77,118909.27,41.35134
2025-08-15 06:10:00+00:00,118909.26,118948.27,118883.05,118913.83,23.02287
2025-08-15 06:15:00+00:00,118913.82,119111.48,118866.01,119111.48,40.10753
2025-08-15 06:20:00+00:00,119111.48,119144.5,119100.0,119114.17,36.01447
2025-08-15 06:25:00+00:00,119114.17,119114.17,119016.42,119092.09,39.30482
2025-08-15 06:30:00+00:00,119092.09,119149.0,119072.17,119072.17,24.29649
2025-08-15 06:35:00+00:00,119072.18,119164.0,119072.17,119163.92,36.07127
2025-08-15 06:40:00+00:00,119163.91,119211.0,119141.37,119211.0,34.02408
2025-08-15 06:45:00+00:00,119211.0,119216.82,119152.57,119163.84,30.419040000000003
2025-08-15 06:50:00+00:00,119163.85,119163.85,119109.88,119120.8,26.02165
2025-08-15 06:55:00+00:00,119120.81,119120.81,119066.75,119082.82,15.1268
2025-08-15 07:00:00+00:00,119082.83,119082.83,118927.54,118950.2,38.85113
2025-08-15 07:05:00+00:00,118950.2,119100.0,118950.2,119044.06,31.28116
2025-08-15 07:10:00+00:00,119044.06,119044.06,118874.81,118874.82,55.77099
2025-08-15 07:15:00+00:00,118874.81,118950.0,118844.84,118950.0,20.14032
2025-08-15 07:20:00+00:00,118950.0,118981.07,118878.0,118878.01,58.22157
2025-08-15 07:25:00+00:00,118878.01,118927.12,118809.69,118888.76,27.44887
2025-08-15 07:30:00+00:00,118888.76,118922.91,118816.56,118833.63,71.70747
2025-08-15 07:35:00+00:00,118833.63,118884.27,118771.29,118790.0,29.10335
2025-08-15 07:40:00+00:00,118790.0,118830.36,118765.71,118810.02,28.87527
2025-08-15 07:45:00+00:00,118810.01,118842.0,118770.0,118807.72,27.15622
2025-08-15 07:50:00+00:00,118807.73,118884.72,118758.8,118881.61,44.54195
2025-08-15 07:55:00+00:00,118881.6,118956.45,118881.6,118956.45,29.406660000000002
2025-08-15 08:00:00+00:00,118956.45,119062.55,118956.44,119005.95,32.5612
2025-08-15 08:05:00+00:00,119005.95,119049.74,118956.92,119049.73,26.58797
2025-08-15 08:10:00+00:00,119049.74,119064.0,118937.57,118937.57,13.12086
2025-08-15 08:15:00+00:00,118937.57,119042.12,118888.0,119042.12,24.72085
2025-08-15 08:20:00+00:00,119042.12,119090.59,119022.29,119038.27,16.51827
2025-08-15 08:25:00+00:00,119039.01,119094.12,119021.96,119080.0,14.215539999999999
2025-08-15 08:30:00+00:00,119080.0,119134.07,119041.75,119134.06,14.15697
2025-08-15 08:35:00+00:00,119134.06,119144.5,119036.3,119036.31,13.60682
2025-08-15 08:40:00+00:00,119036.3,119143.96,119036.3,119134.68,28.415660000000003
2025-08-15 08:45:00+00:00,119134.68,119134.68,118950.6,118952.93,22.6359
2025-08-15 08:50:00+00:00,118952.93,119039.77,118884.85,118974.91,28.705940000000002
2025-08-15 08:55:00+00:00,118974.92,119004.0,118878.71,118878.72,16.134700000000002
2025-08-15 09:00:00+00:00,118878.72,118997.36,118865.59,118997.36,19.424599999999998
2025-08-15 09:05:00+00:00,118997.35,119058.94,118958.83,119000.64,24.39777
2025-08-15 09:10:00+00:00,119000.64,119003.64,118922.77,118922.78,13.23106
2025-08-15 09:15:00+00:00,118922.78,118932.0,118832.0,118832.0,15.50542
2025-08-15 09:20:00+00:00,118832.01,118857.83,118791.54,118791.54,33.48234
2025-08-15 09:25:00+00:00,118791.54,118808.0,118694.43,118713.75,42.02552
2025-08-15 09:30:00+00:00,118713.74,118891.2,118713.74,118868.11,21.77752
2025-08-15 09:35:00+00:00,118868.11,118868.11,118763.23,118811.86,23.04279
2025-08-15 09:40:00+00:00,118811.85,118811.86,118701.57,118741.55,41.45394
2025-08-15 09:45:00+00:00,118741.55,118775.68,118724.63,118775.67,18.65338
2025-08-15 09:50:00+00:00,118775.68,118822.97,118711.8,118724.65,16.94385
2025-08-15 09:55:00+00:00,118724.66,118724.66,118600.0,118707.99,29.94295
2025-08-15 10:00:00+00:00,118708.0,118888.0,118708.0,118831.66,28.0464
2025-08-15 10:05:00+00:00,118831.66,118960.94,118801.31,118948.62,16.170560000000002
2025-08-15 10:10:00+00:00,118948.62,118948.62,118864.72,118864.73,25.632649999999998
2025-08-15 10:15:00+00:00,118864.73,118959.93,118839.69,118937.99,28.95212
2025-08-15 10:20:00+00:00,118937.98,119012.02,118930.48,118945.14,45.55727
2025-08-15 10:25:00+00:00,118945.13,119026.53,118905.11,118980.25,21.77684
2025-08-15 10:30:00+00:00,118980.25,118980.25,118918.23,118964.41,25.236890000000002
2025-08-15 10:35:00+00:00,118964.41,118964.41,118878.64,118945.98,18.94251
2025-08-15 10:40:00+00:00,118945.98,119020.34,118945.97,118974.19,14.1067
2025-08-15 10:45:00+00:00,118974.2,119011.9,118897.61,118916.59,26.89475
2025-08-15 10:50:00+00:00,118916.58,118935.6,118872.0,118906.86,15.64622
2025-08-15 10:55:00+00:00,118906.85,118929.34,118879.82,118879.83,16.82415
2025-08-15 11:00:00+00:00,118879.82,119006.0,118879.82,119005.99,14.29077
2025-08-15 11:05:00+00:00,119006.0,119121.31,118988.58,119093.61,132.19717
2025-08-15 11:10:00+00:00,119093.61,119093.61,119016.72,119060.0,17.99332
2025-08-15 11:15:00+00:00,119060.0,119071.9,118962.61,119050.78,16.1733
2025-08-15 11:20:00+00:00,119050.78,119080.0,118966.29,119026.07,16.32184
2025-08-15 11:25:00+00:00,119026.07,119026.08,119002.24,119002.24,6.4632000000000005
2025-08-15 11:30:00+00:00,119002.25,119058.88,118996.96,118996.96,21.08107
2025-08-15 11:35:00+00:00,118996.97,119040.0,118991.41,119039.99,11.43289
2025-08-15 11:40:00+00:00,119040.0,119084.0,119039.99,119066.7,10.10843
2025-08-15 11:45:00+00:00,119066.69,119096.0,119028.63,119057.24,21.13785
2025-08-15 11:50:00+00:00,119057.24,119073.45,119028.63,119028.63,11.27635
2025-08-15 11:55:00+00:00,119028.64,119032.0,118997.82,119006.01,16.301000000000002
2025-08-15 12:00:00+00:00,119006.01,119034.56,118944.0,119034.56,17.63804
2025-08-15 12:05:00+00:00,119034.56,119080.0,119018.41,119072.18,16.27179
2025-08-15 12:10:00+00:00,119072.17,119113.29,119056.21,119091.99,21.2774
2025-08-15 12:15:00+00:00,119091.99,119091.99,118962.69,118962.69,21.40963
2025-08-15 12:20:00+00:00,118962.69,118962.69,118754.73,118796.73,71.75919999999999
2025-08-15 12:25:00+00:00,118796.73,118855.23,118671.03,118674.13,73.51988
2025-08-15 12:30:00+00:00,118674.13,119130.77,118510.0,118905.11,185.69032
2025-08-15 12:35:00+00:00,118905.11,118905.11,118660.19,118724.66,56.944320000000005
2025-08-15 12:40:00+00:00,118724.66,118794.21,118520.0,118641.43,88.10101
2025-08-15 12:45:00+00:00,118641.44,118773.99,118641.43,118711.9,34.12815
2025-08-15 12:50:00+00:00,118711.9,118733.64,118519.43,118656.24,46.16498
2025-08-15 12:55:00+00:00,118656.24,118727.75,118618.18,118648.66,14.94646
2025-08-15 13:00:00+00:00,118648.66,118738.0,118628.13,118681.53,19.9378
2025-08-15 13:05:00+00:00,118681.53,118730.19,118570.92,118570.94,27.13242
2025-08-15 13:10:00+00:00,118570.93,118570.94,118340.57,118479.88,280.67615
2025-08-15 13:15:00+00:00,118479.88,118555.19,118428.37,118530.03,48.3648
2025-08-15 13:20:00+00:00,118530.04,118600.0,118500.08,118513.97,37.31182
2025-08-15 13:25:00+00:00,118513.96,118580.0,118444.79,118464.17,95.23348
2025-08-15 13:30:00+00:00,118464.17,118520.0,118256.0,118302.78,126.88466
2025-08-15 13:35:00+00:00,118302.79,118348.81,118135.94,118212.23,155.98706
2025-08-15 13:40:00+00:00,118212.22,118274.44,117962.61,118026.01,181.06976
2025-08-15 13:45:00+00:00,118026.0,118112.0,117844.63,117868.33,115.98621
2025-08-15 13:50:00+00:00,117868.33,118059.73,117743.21,117746.57,110.58832
2025-08-15 13:55:00+00:00,117746.58,117885.43,117745.35,117770.48,102.93241
2025-08-15 14:00:00+00:00,117770.47,118056.38,117644.41,118056.38,207.64396
2025-08-15 14:05:00+00:00,118056.37,118159.62,117945.48,118146.53,93.00594
2025-08-15 14:10:00+00:00,118146.54,118159.6,117877.92,118025.24,70.34884
2025-08-15 14:15:00+00:00,118025.23,118274.0,118025.22,118184.0,61.5043
2025-08-15 14:20:00+00:00,118184.0,118184.0,117826.0,117842.0,51.81463
2025-08-15 14:25:00+00:00,117841.99,118012.77,117786.8,117892.0,77.57648
2025-08-15 14:30:00+00:00,117892.01,117942.91,117758.0,117844.63,52.07673
2025-08-15 14:35:00+00:00,117844.63,118028.37,117808.7,117955.9,45.57851
2025-08-15 14:40:00+00:00,117955.89,117971.99,117746.37,117747.9,45.02652
2025-08-15 14:45:00+00:00,117747.9,117805.01,117351.0,117522.52,270.30210999999997
2025-08-15 14:50:00+00:00,117522.52,117553.17,117300.01,117347.99,98.86198999999999
2025-08-15 14:55:00+00:00,117347.99,117419.3,117260.0,117400.0,103.06401
2025-08-15 15:00:00+00:00,117400.0,117475.65,117238.0,117255.81,81.9851
2025-08-15 15:05:00+00:00,117255.81,117368.64,116935.44,117062.1,459.25355
2025-08-15 15:10:00+00:00,117062.1,117524.44,117062.1,117351.99,178.96269
2025-08-15 15:15:00+00:00,117352.0,117588.68,117300.0,117530.38,138.42483
2025-08-15 15:20:00+00:00,117530.37,117585.52,117179.26,117300.01,170.26503
2025-08-15 15:25:00+00:00,117300.0,117333.95,117001.69,117066.66,231.20285
2025-08-15 15:30:00+00:00,117066.65,117385.0,117066.65,117270.19,126.19212
2025-08-15 15:35:00+00:00,117270.19,117405.05,117112.91,117127.52,57.06328
2025-08-15 15:40:00+00:00,117127.52,117275.26,116827.29,116850.01,210.39351
2025-08-15 15:45:00+00:00,116850.01,117080.0,116832.36,116966.85,165.70953
2025-08-15 15:50:00+00:00,116966.85,117393.13,116966.85,117333.19,127.55965
2025-08-15 15:55:00+00:00,117333.2,117389.46,117208.67,117275.22,55.12137
2025-08-15 16:00:00+00:00,117275.23,117360.0,117083.74,117110.01,64.20882
2025-08-15 16:05:00+00:00,117110.01,117130.0,116807.0,117004.71,158.70753
2025-08-15 16:10:00+00:00,117004.72,117053.63,116920.0,117045.66,69.95563
2025-08-15 16:15:00+00:00,117045.66,117134.59,116803.99,117050.41,89.01303
2025-08-15 16:20:00+00:00,117050.4,117088.08,116898.07,117088.07,42.66226
2025-08-15 16:25:00+00:00,117088.07,117168.0,116950.36,117039.5,63.31954
2025-08-15 16:30:00+00:00,117039.49,117257.55,117028.93,117200.86,37.16369
2025-08-15 16:35:00+00:00,117200.86,117218.87,117045.95,117180.0,40.02371
2025-08-15 16:40:00+00:00,117179.99,117272.0,117138.65,117189.03,33.80301
2025-08-15 16:45:00+00:00,117189.03,117308.71,117140.09,117308.71,64.13376
2025-08-15 16:50:00+00:00,117308.71,117418.49,117269.12,117360.68,58.733
2025-08-15 16:55:00+00:00,117360.67,117401.52,117260.12,117353.36,34.55777
2025-08-15 17:00:00+00:00,117353.36,117363.04,117180.16,117183.36,43.95208
2025-08-15 17:05:00+00:00,117183.36,117339.48,117176.93,117259.81,29.395310000000002
2025-08-15 17:10:00+00:00,117260.0,117282.32,117103.59,117162.27,33.68447
2025-08-15 17:15:00+00:00,117162.27,117246.18,117110.92,117110.93,31.84883
2025-08-15 17:20:00+00:00,117110.92,117230.8,117000.0,117170.61,53.32009
2025-08-15 17:25:00+00:00,117170.61,117674.58,117170.61,117547.44,163.38206
2025-08-15 17:30:00+00:00,117547.43,117600.66,117394.99,117514.37,123.01655
2025-08-15 17:35:00+00:00,117514.37,117616.7,117460.0,117616.7,63.617399999999996
2025-08-15 17:40:00+00:00,117616.69,117882.35,117610.75,117740.03,205.05164
2025-08-15 17:45:00+00:00,117740.03,117764.78,117563.42,117627.99,49.032180000000004
2025-08-15 17:50:00+00:00,117628.0,117651.2,117547.43,117547.44,15.18365
2025-08-15 17:55:00+00:00,117547.43,117635.42,117547.43,117586.92,51.43133
2025-08-15 18:00:00+00:00,117586.92,117662.41,117435.44,117435.44,35.78664
2025-08-15 18:05:00+00:00,117435.45,117448.23,117300.0,117340.01,26.181800000000003
2025-08-15 18:10:00+00:00,117340.01,117435.45,117310.72,117380.01,22.66827
2025-08-15 18:15:00+00:00,117380.0,117380.01,117300.38,117300.38,35.391059999999996
2025-08-15 18:20:00+00:00,117300.39,117388.35,117300.39,117327.75,27.658420000000003
2025-08-15 18:25:00+00:00,117327.75,117345.35,117275.47,117323.46,16.18013
2025-08-15 18:30:00+00:00,117323.47,117456.78,117297.36,117392.23,30.38215
2025-08-15 18:35:00+00:00,117392.22,117392.22,117284.48,117320.01,24.68355
2025-08-15 18:40:00+00:00,117320.01,117320.01,117260.0,117262.79,6.79838
2025-08-15 18:45:00+00:00,117262.8,117302.01,117144.57,117240.0,28.8804
2025-08-15 18:50:00+00:00,117240.01,117406.74,117240.0,117323.47,25.01334
2025-08-15 18:55:00+00:00,117323.47,117323.47,117028.98,117159.66,53.78445000000001
2025-08-15 19:00:00+00:00,117159.65,117166.24,117008.0,117040.02,57.19804
2025-08-15 19:05:00+00:00,117040.02,117163.44,117031.93,117158.27,27.12141
2025-08-15 19:10:00+00:00,117158.28,117286.24,117140.0,117286.24,27.829299999999996
2025-08-15 19:15:00+00:00,117286.23,117412.82,117246.36,117246.36,30.71774
2025-08-15 19:20:00+00:00,117246.36,117257.41,117148.1,117148.11,11.90698
2025-08-15 19:25:00+00:00,117148.11,117193.48,117126.71,117128.01,15.8411
2025-08-15 19:30:00+00:00,117128.01,117188.0,117065.59,117187.99,34.84091
2025-08-15 19:35:00+00:00,117187.99,117188.0,117050.0,117050.0,24.95202
2025-08-15 19:40:00+00:00,117050.0,117089.65,116972.0,116985.3,45.21106
2025-08-15 19:45:00+00:00,116985.31,117058.6,116935.0,116935.0,28.92975
2025-08-15 19:50:00+00:00,116935.0,116935.01,116866.0,116877.24,49.389489999999995
2025-08-15 19:55:00+00:00,116877.23,116987.52,116866.0,116936.27,86.91716000000001
2025-08-15 20:00:00+00:00,116936.28,116980.0,116862.5,116956.27,37.11208
2025-08-15 20:05:00+00:00,116956.28,117036.77,116901.43,117036.77,27.506690000000003
2025-08-15 20:10:00+00:00,117036.77,117136.12,117014.84,117136.11,39.6281
2025-08-15 20:15:00+00:00,117136.11,117195.81,117122.0,117184.74,20.75113
2025-08-15 20:20:00+00:00,117184.73,117184.74,117059.5,117083.97,11.87141
2025-08-15 20:25:00+00:00,117083.97,117203.49,117083.97,117193.56,16.06814
2025-08-15 20:30:00+00:00,117193.56,117323.47,117182.06,117203.49,25.96818
2025-08-15 20:35:00+00:00,117203.48,117245.46,117184.74,117245.46,12.404770000000001
2025-08-15 20:40:00+00:00,117245.46,117290.07,117226.07,117226.08,10.91257
2025-08-15 20:45:00+00:00,117226.07,117323.47,117220.02,117243.99,17.25998
2025-08-15 20:50:00+00:00,117243.99,117295.98,117225.63,117275.47,13.74918
2025-08-15 20:55:00+00:00,117275.48,117323.28,117266.09,117280.0,15.139520000000001
2025-08-15 21:00:00+00:00,117280.01,117350.0,117280.0,117285.69,50.83116
2025-08-15 21:05:00+00:00,117285.69,117285.69,117190.0,117190.0,14.11807
2025-08-15 21:10:00+00:00,117190.01,117190.01,117074.29,117074.3,20.62741
2025-08-15 21:15:00+00:00,117074.3,117118.51,117000.0,117078.0,43.70101
2025-08-15 21:20:00+00:00,117078.01,117197.31,117040.0,117197.3,15.263300000000001
2025-08-15 21:25:00+00:00,117197.31,117275.48,117197.3,117252.01,29.208660000000002
2025-08-15 21:30:00+00:00,117252.0,117252.01,117204.59,117204.6,8.31509
2025-08-15 21:35:00+00:00,117204.59,117308.71,117204.59,117226.25,24.96632
2025-08-15 21:40:00+00:00,117222.9,117248.39,117154.37,117239.99,24.02019
2025-08-15 21:45:00+00:00,117240.0,117274.87,117236.06,117253.97,7.16793
2025-08-15 21:50:00+00:00,117253.97,117307.72,117240.75,117307.72,8.37367
2025-08-15 21:55:00+00:00,117307.71,117320.02,117287.71,117320.02,22.39725
2025-08-15 22:00:00+00:00,117320.01,117376.57,117302.65,117371.11,49.895160000000004
2025-08-15 22:05:00+00:00,117371.12,117371.12,117351.99,117352.01,18.70596
2025-08-15 22:10:00+00:00,117352.0,117375.64,117319.96,117319.96,33.19932
2025-08-15 22:15:00+00:00,117319.96,117343.99,117319.96,117329.86,25.901909999999997
2025-08-15 22:20:00+00:00,117329.86,117376.93,117329.86,117376.92,16.13304
2025-08-15 22:25:00+00:00,117376.93,117376.93,117376.92,117376.92,8.6839
2025-08-15 22:30:00+00:00,117376.92,117500.0,117376.92,117499.99,40.08982
2025-08-15 22:35:00+00:00,117500.0,117506.95,117460.23,117485.4,36.96136
2025-08-15 22:40:00+00:00,117485.39,117485.4,117450.12,117450.97,27.0214
2025-08-15 22:45:00+00:00,117450.97,117528.79,117450.96,117528.79,36.19856
2025-08-15 22:50:00+00:00,117528.78,117694.07,117528.78,117691.77,42.200450000000004
2025-08-15 22:55:00+00:00,117691.78,117738.57,117661.02,117702.0,39.66955
2025-08-15 23:00:00+00:00,117701.99,117761.88,117523.09,117523.1,63.41266
2025-08-15 23:05:00+00:00,117523.1,117596.15,117374.06,117374.07,56.81454
2025-08-15 23:10:00+00:00,117374.07,117393.35,117320.0,117326.03,50.85978
2025-08-15 23:15:00+00:00,117326.03,117326.04,117167.91,117167.92,83.06361
2025-08-15 23:20:00+00:00,117167.92,117198.0,117036.53,117059.99,37.97363
2025-08-15 23:25:00+00:00,117060.0,117179.26,117059.99,117178.57,20.48459
2025-08-15 23:30:00+00:00,117178.57,117185.99,117087.99,117153.56,15.6304
2025-08-15 23:35:00+00:00,117153.56,117203.49,117116.22,117203.49,11.1092
2025-08-15 23:40:00+00:00,117203.49,117235.35,117150.07,117150.07,35.60073
2025-08-15 23:45:00+00:00,117150.08,117200.0,117114.0,117195.98,37.56478
2025-08-15 23:50:00+00:00,117195.98,117235.99,117182.68,117235.98,31.440109999999997
2025-08-15 23:55:00+00:00,117235.99,117342.05,117235.99,117342.05,18.72064
2025-08-16 00:00:00+00:00,117342.04,117342.04,117231.14,117341.65,94.7945
2025-08-16 00:05:00+00:00,117341.66,117435.45,117312.88,117435.45,23.35852
2025-08-16 00:10:00+00:00,117435.44,117491.44,117412.68,117491.44,36.8961
2025-08-16 00:15:00+00:00,117491.44,117563.44,117356.42,117363.74,106.58829
2025-08-16 00:20:00+00:00,117363.74,117470.78,117356.47,117461.68,49.58887
2025-08-16 00:25:00+00:00,117461.68,117536.0,117442.87,117479.98,36.02693
2025-08-16 00:30:00+00:00,117479.98,117610.73,117478.3,117606.53,32.03817
2025-08-16 00:35:00+00:00,117606.53,117676.75,117595.97,117676.74,47.04633
2025-08-16 00:40:00+00:00,117676.74,117697.02,117651.77,117678.27,22.50088
2025-08-16 00:45:00+00:00,117678.27,117710.22,117659.62,117710.22,47.75083
2025-08-16 00:50:00+00:00,117710.56,117781.99,117707.4,117754.79,33.11392
2025-08-16 00:55:00+00:00,117754.79,117754.79,117678.52,117735.21,16.51683
2025-08-16 01:00:00+00:00,117735.2,117761.86,117693.32,117730.82,26.98911
2025-08-16 01:05:00+00:00,117730.82,117730.82,117638.86,117719.1,102.56483
2025-08-16 01:10:00+00:00,117719.1,117779.4,117635.41,117771.39,27.80768
2025-08-16 01:15:00+00:00,117771.39,117803.64,117682.69,117682.7,23.01831
2025-08-16 01:20:00+00:00,117682.7,117682.7,117626.31,117660.0,40.55204
2025-08-16 01:25:00+00:00,117659.99,117740.0,117659.99,117716.91,15.876000000000001
2025-08-16 01:30:00+00:00,117716.9,117771.4,117707.4,117771.39,13.34988
2025-08-16 01:35:00+00:00,117771.4,117842.84,117771.39,117802.0,27.920679999999997
2025-08-16 01:40:00+00:00,117801.99,117817.56,117732.01,117797.19,17.24132
2025-08-16 01:45:00+00:00,117797.2,117869.61,117771.39,117869.6,20.39191
2025-08-16 01:50:00+00:00,117869.61,117898.99,117851.38,117851.38,20.5091
2025-08-16 01:55:00+00:00,117851.39,117873.79,117790.1,117821.6,13.40411
2025-08-16 02:00:00+00:00,117821.61,117821.61,117632.21,117645.93,53.06442
2025-08-16 02:05:00+00:00,117645.93,117697.97,117610.06,117697.97,34.55332
2025-08-16 02:10:00+00:00,117697.97,117734.0,117643.12,117643.12,20.77982
2025-08-16 02:15:00+00:00,117643.13,117717.44,117580.78,117717.43,15.97009
2025-08-16 02:20:00+00:00,117717.43,117717.44,117601.81,117607.09,23.22914
2025-08-16 02:25:00+00:00,117607.1,117637.18,117600.0,117637.18,7.67017
2025-08-16 02:30:00+00:00,117637.18,117653.88,117584.0,117649.09,21.86735
2025-08-16 02:35:00+00:00,117649.09,117649.09,117567.57,117612.0,16.59457
2025-08-16 02:40:00+00:00,117612.01,117612.01,117519.98,117547.44,17.37364
2025-08-16 02:45:00+00:00,117547.44,117614.68,117481.53,117523.99,49.51945
2025-08-16 02:50:00+00:00,117523.99,117524.44,117440.74,117507.37,27.94805
2025-08-16 02:55:00+00:00,117507.37,117518.0,117479.21,117505.51,18.93605
2025-08-16 03:00:00+00:00,117505.52,117597.69,117412.26,117597.69,40.80558
2025-08-16 03:05:00+00:00,117597.69,117628.43,117563.4,117563.41,24.44576
2025-08-16 03:10:00+00:00,117563.4,117620.0,117563.4,117611.04,11.67099
2025-08-16 03:15:00+00:00,117611.04,117611.04,117576.09,117576.49,18.15284
2025-08-16 03:20:00+00:00,117576.48,117657.97,117576.48,117657.97,16.60854
2025-08-16 03:25:00+00:00,117657.96,117657.97,117639.43,117639.44,7.570119999999999
2025-08-16 03:30:00+00:00,117639.44,117639.44,117559.0,117585.51,15.41006
2025-08-16 03:35:00+00:00,117585.51,117624.67,117565.39,117565.4,14.96643
2025-08-16 03:40:00+00:00,117565.4,117573.05,117520.0,117520.0,17.60019
2025-08-16 03:45:00+00:00,117520.01,117594.97,117510.94,117547.44,21.96501
2025-08-16 03:50:00+00:00,117547.44,117547.44,117452.29,117452.3,15.14487
2025-08-16 03:55:00+00:00,117452.3,117452.3,117389.56,117429.63,12.8339
2025-08-16 04:00:00+00:00,117429.63,117481.3,117429.62,117481.29,11.19837
2025-08-16 04:05:00+00:00,117481.3,117503.18,117419.44,117419.44,10.45008
2025-08-16 04:10:00+00:00,117419.45,117466.45,117419.44,117454.7,11.1962
2025-08-16 04:15:00+00:00,117454.7,117494.65,117435.44,117494.65,9.99549
2025-08-16 04:20:00+00:00,117494.66,117648.87,117494.66,117648.87,19.72668
2025-08-16 04:25:00+00:00,117648.86,117824.59,117646.37,117816.47,42.08694
2025-08-16 04:30:00+00:00,117816.46,117841.73,117746.73,117746.73,19.26227
2025-08-16 04:35:00+00:00,117746.74,117746.74,117707.4,117724.34,7.255520000000001
2025-08-16 04:40:00+00:00,117724.35,117764.91,117724.34,117726.93,26.51298
2025-08-16 04:45:00+00:00,117726.94,117884.0,117726.93,117856.85,44.70846
2025-08-16 04:50:00+00:00,117856.85,117868.05,117829.41,117829.42,11.55804
2025-08-16 04:55:00+00:00,117829.42,117829.42,117804.0,117815.66,8.56112
2025-08-16 05:00:00+00:00,117815.66,117852.25,117728.98,117747.94,16.09688
2025-08-16 05:05:00+00:00,117747.93,117797.27,117747.93,117783.32,10.782070000000001
2025-08-16 05:10:00+00:00,117783.31,117783.32,117729.4,117729.4,14.62112
2025-08-16 05:15:00+00:00,117729.4,117729.4,117638.81,117638.82,6.81816
2025-08-16 05:20:00+00:00,117638.82,117638.82,117609.63,117609.64,4.02975
2025-08-16 05:25:00+00:00,117609.64,117609.64,117532.03,117582.17,33.051590000000004
2025-08-16 05:30:00+00:00,117582.17,117652.9,117580.0,117649.01,18.4304
2025-08-16 05:35:00+00:00,117649.0,117649.01,117574.07,117574.11,11.78584
2025-08-16 05:40:00+00:00,117574.11,117610.35,117530.53,117552.0,29.76644
2025-08-16 05:45:00+00:00,117552.0,117587.43,117538.64,117582.9,20.4115
2025-08-16 05:50:00+00:00,117582.91,117619.98,117547.43,117547.44,12.65013
2025-08-16 05:55:00+00:00,117547.44,117595.78,117522.7,117595.78,23.105040000000002
2025-08-16 06:00:00+00:00,117595.78,117635.42,117590.51,117590.52,23.54664
2025-08-16 06:05:00+00:00,117590.52,117590.52,117497.8,117512.0,28.10763
2025-08-16 06:10:00+00:00,117512.0,117512.0,117425.21,117425.21,15.35462
2025-08-16 06:15:00+00:00,117425.21,117462.77,117383.59,117462.77,24.87466
2025-08-16 06:20:00+00:00,117462.76,117462.76,117450.02,117450.03,8.40572
2025-08-16 06:25:00+00:00,117450.03,117486.0,117440.0,117448.92,27.45328
2025-08-16 06:30:00+00:00,117448.91,117477.12,117410.59,117410.6,8.64461
2025-08-16 06:35:00+00:00,117410.59,117410.61,117278.0,117309.8,76.18202
2025-08-16 06:40:00+00:00,117309.8,117391.99,117309.79,117370.83,11.075000000000001
2025-08-16 06:45:00+00:00,117370.82,117462.48,117354.89,117462.48,9.96427
2025-08-16 06:50:00+00:00,117462.48,117462.48,117368.31,117423.77,13.92623
2025-08-16 06:55:00+00:00,117423.77,117442.98,117394.64,117394.65,13.00121
2025-08-16 07:00:00+00:00,117394.64,117471.12,117344.69,117471.12,28.94001
2025-08-16 07:05:00+00:00,117471.12,117536.69,117422.4,117441.63,36.81221
2025-08-16 07:10:00+00:00,117441.64,117476.02,117435.44,117476.02,7.93684
2025-08-16 07:15:00+00:00,117476.01,117479.97,117424.92,117424.92,10.603290000000001
2025-08-16 07:20:00+00:00,117424.92,117479.97,117388.01,117479.96,20.6289
2025-08-16 07:25:00+00:00,117479.97,117518.45,117479.96,117518.44,12.07346
2025-08-16 07:30:00+00:00,117518.45,117563.43,117504.68,117563.43,35.64871
2025-08-16 07:35:00+00:00,117563.42,117659.42,117552.23,117659.42,30.19811
2025-08-16 07:40:00+00:00,117659.42,117659.42,117598.56,117634.0,17.77171
2025-08-16 07:45:00+00:00,117633.99,117674.77,117633.99,117673.43,18.84836
2025-08-16 07:50:00+00:00,117673.44,117673.44,117621.59,117650.87,11.21114
2025-08-16 07:55:00+00:00,117650.86,117673.44,117596.06,117596.07,9.986260000000001
2025-08-16 08:00:00+00:00,117596.07,117600.0,117550.08,117563.43,14.84381
2025-08-16 08:05:00+00:00,117563.43,117600.66,117530.14,117547.44,18.68716
2025-08-16 08:10:00+00:00,117547.44,117547.44,117514.57,117540.0,6.95235
2025-08-16 08:15:00+00:00,117540.0,117547.44,117511.67,117529.26,10.33382
2025-08-16 08:20:00+00:00,117529.25,117553.16,117501.16,117538.41,13.42727
2025-08-16 08:25:00+00:00,117538.41,117560.0,117525.04,117525.04,7.0257700000000005
2025-08-16 08:30:00+00:00,117525.05,117603.88,117525.04,117603.88,9.62782
2025-08-16 08:35:00+00:00,117603.88,117627.89,117573.01,117627.89,10.04879
2025-08-16 08:40:00+00:00,117627.89,117676.0,117609.62,117633.64,23.37964
2025-08-16 08:45:00+00:00,117633.65,117677.06,117633.65,117672.24,13.58813
2025-08-16 08:50:00+00:00,117672.25,117672.25,117578.92,117609.98,24.611510000000003
2025-08-16 08:55:00+00:00,117609.99,117648.75,117577.99,117631.09,32.561629999999994
2025-08-16 09:00:00+00:00,117631.09,117646.0,117550.34,117629.99,21.991130000000002
2025-08-16 09:05:00+00:00,117630.0,117703.92,117619.94,117700.32,19.57707
2025-08-16 09:10:00+00:00,117700.31,117700.32,117607.94,117652.99,39.340540000000004
2025-08-16 09:15:00+00:00,117652.99,117686.86,117615.9,117686.86,26.3387
2025-08-16 09:20:00+00:00,117686.85,117686.86,117630.0,117660.55,12.13835
2025-08-16 09:25:00+00:00,117660.55,117674.41,117660.54,117660.55,8.98815
2025-08-16 09:30:00+00:00,117660.55,117692.33,117606.0,117649.17,31.956429999999997
2025-08-16 09:35:00+00:00,117649.16,117649.17,117624.01,117633.56,18.999399999999998
2025-08-16 09:40:00+00:00,117633.56,117661.77,117633.56,117651.99,9.09489
2025-08-16 09:45:00+00:00,117652.0,117660.88,117491.44,117491.44,23.97455
2025-08-16 09:50:00+00:00,117491.43,117533.13,117417.61,117499.99,33.04972
2025-08-16 09:55:00+00:00,117499.99,117518.0,117306.0,117312.0,57.91801
2025-08-16 10:00:00+00:00,117312.0,117447.05,117223.04,117420.28,140.78919000000002
2025-08-16 10:05:00+00:00,117420.28,117432.91,117351.99,117352.0,29.602899999999998
2025-08-16 10:10:00+00:00,117352.0,117368.23,117307.23,117309.85,28.48485
2025-08-16 10:15:00+00:00,117309.86,117378.16,117248.0,117275.22,21.7699
2025-08-16 10:20:00+00:00,117275.23,117342.72,117143.98,117280.0,143.49134
2025-08-16 10:25:00+00:00,117280.0,117346.63,117240.08,117342.0,13.046669999999999
2025-08-16 10:30:00+00:00,117342.0,117342.0,117233.37,117328.13,22.31873
2025-08-16 10:35:00+00:00,117328.13,117386.66,117325.29,117325.29,31.25736
2025-08-16 10:40:00+00:00,117325.3,117344.0,117244.67,117331.0,48.20284
2025-08-16 10:45:00+00:00,117331.0,117395.95,117320.0,117382.8,32.11486
2025-08-16 10:50:00+00:00,117382.81,117394.16,117379.99,117380.0,5.100709999999999
2025-08-16 10:55:00+00:00,117379.99,117388.0,117362.38,117388.0,8.6601
2025-08-16 11:00:00+00:00,117387.99,117427.45,117387.99,117427.44,9.96667
2025-08-16 11:05:00+00:00,117427.45,117466.0,117427.44,117454.24,13.64873
2025-08-16 11:10:00+00:00,117454.25,117499.8,117454.24,117499.76,11.48025
2025-08-16 11:15:00+00:00,117499.76,117540.0,117499.76,117520.01,23.07309
2025-08-16 11:20:00+00:00,117520.0,117520.01,117520.0,117520.01,2.65938
2025-08-16 11:25:00+00:00,117520.01,117520.01,117500.18,117500.18,6.36905
2025-08-16 11:30:00+00:00,117500.19,117500.19,117440.2,117440.21,17.01015
2025-08-16 11:35:00+00:00,117440.21,117461.54,117440.2,117461.53,10.4562
2025-08-16 11:40:00+00:00,117461.53,117461.54,117405.47,117405.48,22.34981
2025-08-16 11:45:00+00:00,117405.48,117458.84,117405.47,117458.84,6.429
2025-08-16 11:50:00+00:00,117458.84,117458.84,117350.53,117350.53,41.80303000000001
2025-08-16 11:55:00+00:00,117350.53,117382.61,117350.12,117378.52,27.501849999999997
2025-08-16 12:00:00+00:00,117378.52,117418.94,117350.14,117418.93,29.48258
2025-08-16 12:05:00+00:00,117418.94,117435.48,117380.98,117416.32,33.35846
2025-08-16 12:10:00+00:00,117416.33,117442.37,117410.83,117435.81,27.44113
2025-08-16 12:15:00+00:00,117435.8,117471.04,117410.84,117431.89,35.99163
2025-08-16 12:20:00+00:00,117431.89,117458.59,117327.63,117429.99,43.32479
2025-08-16 12:25:00+00:00,117429.98,117512.02,117421.41,117512.02,17.02939
2025-08-16 12:30:00+00:00,117512.02,117688.0,117512.02,117655.3,43.01877
2025-08-16 12:35:00+00:00,117655.3,117729.26,117640.0,117720.0,44.77096
2025-08-16 12:40:00+00:00,117720.0,117720.0,117629.77,117658.02,24.50173
2025-08-16 12:45:00+00:00,117658.03,117678.36,117616.28,117678.35,11.27303
2025-08-16 12:50:00+00:00,117678.36,117707.41,117672.09,117681.45,16.74613
2025-08-16 12:55:00+00:00,117681.45,117747.36,117681.45,117747.36,21.16514
2025-08-16 13:00:00+00:00,117747.35,117799.99,117740.16,117750.0,50.7607
2025-08-16 13:05:00+00:00,117750.0,117750.0,117659.4,117665.99,35.33112
2025-08-16 13:10:00+00:00,117665.98,117697.01,117636.76,117697.01,21.71156
2025-08-16 13:15:00+00:00,117697.0,117771.4,117694.0,117761.15,29.61707
2025-08-16 13:20:00+00:00,117761.15,117780.0,117718.5,117718.5,26.22626
2025-08-16 13:25:00+00:00,117718.5,117747.51,117686.86,117747.5,29.13024
2025-08-16 13:30:00+00:00,117747.5,117789.33,117701.6,117723.82,38.32215
2025-08-16 13:35:00+00:00,117723.82,117743.77,117708.0,117743.76,26.62793
2025-08-16 13:40:00+00:00,117743.76,117755.54,117655.69,117662.89,18.67296
2025-08-16 13:45:00+00:00,117662.89,117662.89,117582.29,117635.97,43.65309
2025-08-16 13:50:00+00:00,117635.97,117741.62,117626.49,117683.15,27.211769999999998
2025-08-16 13:55:00+00:00,117683.16,117683.16,117623.52,117623.52,18.11099
2025-08-16 14:00:00+00:00,117623.53,117680.0,117609.76,117659.41,17.80298
2025-08-16 14:05:00+00:00,117659.42,117659.42,117576.34,117588.43,17.34087
2025-08-16 14:10:00+00:00,117588.44,117729.66,117588.43,117659.41,29.8812
2025-08-16 14:15:00+00:00,117659.42,117659.42,117550.0,117631.3,22.77427
2025-08-16 14:20:00+00:00,117631.31,117729.17,117631.3,117689.19,21.36636
2025-08-16 14:25:00+00:00,117689.18,117765.81,117631.09,117754.03,27.081719999999997
2025-08-16 14:30:00+00:00,117754.02,117754.02,117660.67,117714.41,44.45661
2025-08-16 14:35:00+00:00,117714.4,117739.77,117653.56,117688.08,20.23968
2025-08-16 14:40:00+00:00,117688.08,117704.95,117659.41,117704.94,10.61709
2025-08-16 14:45:00+00:00,117704.94,117759.61,117704.94,117759.61,15.01356
2025-08-16 14:50:00+00:00,117759.6,117765.19,117747.31,117765.19,12.82269
2025-08-16 14:55:00+00:00,117765.19,117771.4,117765.18,117771.39,13.66165
2025-08-16 15:00:00+00:00,117771.4,117825.0,117762.06,117762.07,53.56046
2025-08-16 15:05:00+00:00,117762.06,117762.08,117707.69,117707.69,15.501859999999999
2025-08-16 15:10:00+00:00,117707.69,117748.88,117674.67,117748.87,31.8274
2025-08-16 15:15:00+00:00,117748.87,117757.47,117716.83,117750.38,13.38443
2025-08-16 15:20:00+00:00,117750.38,117767.2,117742.53,117755.99,10.34033
2025-08-16 15:25:00+00:00,117756.0,117774.3,117755.99,117771.39,7.37002
2025-08-16 15:30:00+00:00,117771.4,117771.4,117732.91,117743.03,27.501959999999997
2025-08-16 15:35:00+00:00,117743.03,117764.98,117661.88,117661.89,15.37052
2025-08-16 15:40:00+00:00,117661.88,117661.89,117621.1,117652.0,13.89188
2025-08-16 15:45:00+00:00,117651.99,117696.99,117651.99,117696.99,13.65524
2025-08-16 15:50:00+00:00,117696.99,117731.05,117680.0,117680.0,12.94239
2025-08-16 15:55:00+00:00,117680.01,117697.27,117676.7,117676.7,9.61552
2025-08-16 16:00:00+00:00,117676.7,117710.22,117676.7,117710.22,13.9179
2025-08-16 16:05:00+00:00,117710.21,117746.62,117701.05,117731.71,20.03703
2025-08-16 16:10:00+00:00,117731.71,117771.4,117731.7,117771.4,16.05846
