timestamp,equity
1970-01-01 00:00:00.000019194,1.0
1970-01-01 00:00:00.000019195,1.0
1970-01-01 00:00:00.000019196,1.0
1970-01-01 00:00:00.000019197,1.0
1970-01-01 00:00:00.000019198,1.0
1970-01-01 00:00:00.000019199,1.0
1970-01-01 00:00:00.000019200,1.0
1970-01-01 00:00:00.000019201,1.0
1970-01-01 00:00:00.000019202,1.0
1970-01-01 00:00:00.000019203,1.0
1970-01-01 00:00:00.000019204,1.0
1970-01-01 00:00:00.000019205,1.0
1970-01-01 00:00:00.000019206,1.0
1970-01-01 00:00:00.000019207,1.0
1970-01-01 00:00:00.000019208,1.0
1970-01-01 00:00:00.000019209,1.0
1970-01-01 00:00:00.000019210,1.0
1970-01-01 00:00:00.000019211,1.0
1970-01-01 00:00:00.000019212,1.0
1970-01-01 00:00:00.000019213,0.9996555079447608
1970-01-01 00:00:00.000019214,0.9995555423939663
1970-01-01 00:00:00.000019215,0.9991423313760794
1970-01-01 00:00:00.000019216,0.9989432454641775
1970-01-01 00:00:00.000019217,0.9991579925824935
1970-01-01 00:00:00.000019218,0.9990580767832352
1970-01-01 00:00:00.000019219,0.9990580767832352
1970-01-01 00:00:00.000019220,0.9990580767832352
1970-01-01 00:00:00.000019221,0.9990580767832352
1970-01-01 00:00:00.000019222,0.9990580767832352
1970-01-01 00:00:00.000019223,0.9990580767832352
1970-01-01 00:00:00.000019224,0.9990580767832352
1970-01-01 00:00:00.000019225,0.9990580767832352
1970-01-01 00:00:00.000019226,0.9990580767832352
1970-01-01 00:00:00.000019227,0.9990580767832352
1970-01-01 00:00:00.000019228,0.9990580767832352
1970-01-01 00:00:00.000019229,0.9990580767832352
1970-01-01 00:00:00.000019230,0.9990580767832352
1970-01-01 00:00:00.000019231,0.9988482330540058
1970-01-01 00:00:00.000019232,0.9987483482307005
1970-01-01 00:00:00.000019233,0.9987483482307005
1970-01-01 00:00:00.000019234,0.9987483482307005
1970-01-01 00:00:00.000019235,0.9987483482307005
1970-01-01 00:00:00.000019236,0.9987483482307005
1970-01-01 00:00:00.000019237,0.9987483482307005
1970-01-01 00:00:00.000019238,0.9987483482307005
1970-01-01 00:00:00.000019239,0.9992203807831698
1970-01-01 00:00:00.000019240,0.9991204587450915
1970-01-01 00:00:00.000019241,0.9991204587450915
1970-01-01 00:00:00.000019242,0.9991204587450915
1970-01-01 00:00:00.000019243,0.9991148058792012
1970-01-01 00:00:00.000019244,0.9990148943986134
1970-01-01 00:00:00.000019245,0.9988971861911883
1970-01-01 00:00:00.000019246,0.9989521599606752
1970-01-01 00:00:00.000019247,0.9988522647446791
1970-01-01 00:00:00.000019248,0.9988522647446791
1970-01-01 00:00:00.000019249,0.9988522647446791
1970-01-01 00:00:00.000019250,0.9988522647446791
1970-01-01 00:00:00.000019251,0.9988522647446791
1970-01-01 00:00:00.000019252,0.9988522647446791
1970-01-01 00:00:00.000019253,0.9988522647446791
1970-01-01 00:00:00.000019254,0.9988522647446791
1970-01-01 00:00:00.000019255,0.9988522647446791
1970-01-01 00:00:00.000019256,0.9988522647446791
1970-01-01 00:00:00.000019257,0.9988522647446791
1970-01-01 00:00:00.000019258,0.9988522647446791
1970-01-01 00:00:00.000019259,0.9988522647446791
1970-01-01 00:00:00.000019260,0.9988522647446791
1970-01-01 00:00:00.000019261,0.9988522647446791
1970-01-01 00:00:00.000019262,0.9988522647446791
1970-01-01 00:00:00.000019263,0.9988522647446791
1970-01-01 00:00:00.000019264,0.9988522647446791
1970-01-01 00:00:00.000019265,0.9988522647446791
1970-01-01 00:00:00.000019266,0.9988522647446791
1970-01-01 00:00:00.000019267,0.9988522647446791
1970-01-01 00:00:00.000019268,0.9988522647446791
1970-01-01 00:00:00.000019269,0.9988522647446791
1970-01-01 00:00:00.000019270,0.9988522647446791
1970-01-01 00:00:00.000019271,0.9988522647446791
1970-01-01 00:00:00.000019272,0.9988522647446791
1970-01-01 00:00:00.000019273,0.9988522647446791
1970-01-01 00:00:00.000019274,0.9988522647446791
1970-01-01 00:00:00.000019275,0.9988522647446791
1970-01-01 00:00:00.000019276,0.9988522647446791
1970-01-01 00:00:00.000019277,0.9988522647446791
1970-01-01 00:00:00.000019278,0.9988522647446791
1970-01-01 00:00:00.000019279,0.9988522647446791
1970-01-01 00:00:00.000019280,0.9988522647446791
1970-01-01 00:00:00.000019281,0.9988522647446791
1970-01-01 00:00:00.000019282,0.9988522647446791
1970-01-01 00:00:00.000019283,0.9988522647446791
1970-01-01 00:00:00.000019284,0.9988522647446791
1970-01-01 00:00:00.000019285,0.9988522647446791
1970-01-01 00:00:00.000019286,0.9988522647446791
1970-01-01 00:00:00.000019287,0.9988522647446791
1970-01-01 00:00:00.000019288,0.9988522647446791
1970-01-01 00:00:00.000019289,0.9988522647446791
1970-01-01 00:00:00.000019290,0.9988522647446791
1970-01-01 00:00:00.000019291,0.9988522647446791
1970-01-01 00:00:00.000019292,0.9988522647446791
1970-01-01 00:00:00.000019293,0.9988522647446791
1970-01-01 00:00:00.000019294,0.9988522647446791
1970-01-01 00:00:00.000019295,0.9988522647446791
1970-01-01 00:00:00.000019296,0.9988522647446791
1970-01-01 00:00:00.000019297,0.9988522647446791
1970-01-01 00:00:00.000019298,0.9988522647446791
1970-01-01 00:00:00.000019299,0.9988522647446791
1970-01-01 00:00:00.000019300,0.9988522647446791
1970-01-01 00:00:00.000019301,0.9988522647446791
1970-01-01 00:00:00.000019302,0.9988522647446791
1970-01-01 00:00:00.000019303,0.9988522647446791
1970-01-01 00:00:00.000019304,0.9988522647446791
1970-01-01 00:00:00.000019305,0.9988243481406712
1970-01-01 00:00:00.000019306,0.9987244657058572
1970-01-01 00:00:00.000019307,0.9987244657058572
1970-01-01 00:00:00.000019308,0.9987244657058572
1970-01-01 00:00:00.000019309,0.9987244657058572
1970-01-01 00:00:00.000019310,0.9987244657058572
1970-01-01 00:00:00.000019311,0.9987244657058572
1970-01-01 00:00:00.000019312,0.9987244657058572
1970-01-01 00:00:00.000019313,0.9987244657058572
1970-01-01 00:00:00.000019314,0.9987244657058572
1970-01-01 00:00:00.000019315,0.9987244657058572
1970-01-01 00:00:00.000019316,0.9987244657058572
1970-01-01 00:00:00.000019317,0.9987244657058572
1970-01-01 00:00:00.000019318,0.9987244657058572
1970-01-01 00:00:00.000019319,0.9987244657058572
1970-01-01 00:00:00.000019320,0.9987244657058572
1970-01-01 00:00:00.000019321,0.9987244657058572
1970-01-01 00:00:00.000019322,0.9987244657058572
1970-01-01 00:00:00.000019323,0.9984347189543629
1970-01-01 00:00:00.000019324,0.998404240234566
1970-01-01 00:00:00.000019325,0.9983043998105425
1970-01-01 00:00:00.000019326,0.9983043998105425
1970-01-01 00:00:00.000019327,0.9983043998105425
1970-01-01 00:00:00.000019328,0.9983043998105425
1970-01-01 00:00:00.000019329,0.9983043998105425
1970-01-01 00:00:00.000019330,0.9983043998105425
1970-01-01 00:00:00.000019331,0.9983043998105425
1970-01-01 00:00:00.000019332,0.9983043998105425
1970-01-01 00:00:00.000019333,0.9983043998105425
1970-01-01 00:00:00.000019334,0.9983043998105425
1970-01-01 00:00:00.000019335,0.9983043998105425
1970-01-01 00:00:00.000019336,0.9983043998105425
1970-01-01 00:00:00.000019337,0.9983043998105425
1970-01-01 00:00:00.000019338,0.9983043998105425
1970-01-01 00:00:00.000019339,0.9983043998105425
1970-01-01 00:00:00.000019340,0.9983043998105425
1970-01-01 00:00:00.000019341,0.9983043998105425
1970-01-01 00:00:00.000019342,0.9983043998105425
1970-01-01 00:00:00.000019343,0.9983043998105425
1970-01-01 00:00:00.000019344,0.9983043998105425
1970-01-01 00:00:00.000019345,0.9983043998105425
1970-01-01 00:00:00.000019346,0.9983043998105425
1970-01-01 00:00:00.000019347,0.9983043998105425
1970-01-01 00:00:00.000019348,0.9983043998105425
1970-01-01 00:00:00.000019349,0.9983043998105425
1970-01-01 00:00:00.000019350,0.9983043998105425
1970-01-01 00:00:00.000019351,0.9983043998105425
1970-01-01 00:00:00.000019352,0.9983043998105425
1970-01-01 00:00:00.000019353,0.9983043998105425
1970-01-01 00:00:00.000019354,0.9983043998105425
1970-01-01 00:00:00.000019355,0.9983043998105425
1970-01-01 00:00:00.000019356,0.9983043998105425
1970-01-01 00:00:00.000019357,0.9983043998105425
1970-01-01 00:00:00.000019358,0.9983043998105425
1970-01-01 00:00:00.000019359,0.9983043998105425
1970-01-01 00:00:00.000019360,0.9983043998105425
1970-01-01 00:00:00.000019361,0.9972565205258812
1970-01-01 00:00:00.000019362,0.9962249985750863
1970-01-01 00:00:00.000019363,0.9964826117438838
1970-01-01 00:00:00.000019364,0.9962441632840038
1970-01-01 00:00:00.000019365,0.996671626770032
1970-01-01 00:00:00.000019366,0.9964355636172706
1970-01-01 00:00:00.000019367,0.9962441632840037
1970-01-01 00:00:00.000019368,0.9962441632840037
1970-01-01 00:00:00.000019369,0.9964826117438836
1970-01-01 00:00:00.000019370,0.9963823465929372
1970-01-01 00:00:00.000019371,0.9948861832658534
1970-01-01 00:00:00.000019372,0.9951327746707239
1970-01-01 00:00:00.000019373,0.9944611873389131
1970-01-01 00:00:00.000019374,0.9938998176463707
1970-01-01 00:00:00.000019375,0.9936037105557989
1970-01-01 00:00:00.000019376,0.9942541591314217
1970-01-01 00:00:00.000019377,0.9942868954153237
1970-01-01 00:00:00.000019378,0.9946977440034922
1970-01-01 00:00:00.000019379,0.9949829938340763
1970-01-01 00:00:00.000019380,0.9952547543416458
1970-01-01 00:00:00.000019381,0.995198740750346
1970-01-01 00:00:00.000019382,0.995099220876271
1970-01-01 00:00:00.000019383,0.995099220876271
1970-01-01 00:00:00.000019384,0.995099220876271
1970-01-01 00:00:00.000019385,0.995099220876271
1970-01-01 00:00:00.000019386,0.995099220876271
1970-01-01 00:00:00.000019387,0.9952456349564646
1970-01-01 00:00:00.000019388,0.9956721077458814
1970-01-01 00:00:00.000019389,0.9958318393932987
1970-01-01 00:00:00.000019390,0.9957322562093593
1970-01-01 00:00:00.000019391,0.9957322562093593
1970-01-01 00:00:00.000019392,0.9957322562093593
1970-01-01 00:00:00.000019393,0.9957322562093593
1970-01-01 00:00:00.000019394,0.9957322562093593
1970-01-01 00:00:00.000019395,0.9957322562093593
1970-01-01 00:00:00.000019396,0.9957322562093593
1970-01-01 00:00:00.000019397,0.9957322562093593
1970-01-01 00:00:00.000019398,0.9957322562093593
1970-01-01 00:00:00.000019399,0.9957322562093593
1970-01-01 00:00:00.000019400,0.9957322562093593
1970-01-01 00:00:00.000019401,0.9957322562093593
1970-01-01 00:00:00.000019402,0.9957322562093593
1970-01-01 00:00:00.000019403,0.9957322562093593
1970-01-01 00:00:00.000019404,0.9957322562093593
1970-01-01 00:00:00.000019405,0.9957322562093593
1970-01-01 00:00:00.000019406,0.9957322562093593
1970-01-01 00:00:00.000019407,0.9957322562093593
1970-01-01 00:00:00.000019408,0.9957322562093593
1970-01-01 00:00:00.000019409,0.9957322562093593
1970-01-01 00:00:00.000019410,0.9957322562093593
1970-01-01 00:00:00.000019411,0.9957322562093593
1970-01-01 00:00:00.000019412,0.9957322562093593
1970-01-01 00:00:00.000019413,0.9957322562093593
1970-01-01 00:00:00.000019414,0.9957322562093593
1970-01-01 00:00:00.000019415,0.9957322562093593
1970-01-01 00:00:00.000019416,0.9957322562093593
1970-01-01 00:00:00.000019417,0.9954655058046661
1970-01-01 00:00:00.000019418,0.9954690501339155
1970-01-01 00:00:00.000019419,0.9953695032289022
1970-01-01 00:00:00.000019420,0.9954133240852665
1970-01-01 00:00:00.000019421,0.9951874345433778
1970-01-01 00:00:00.000019422,0.9950879157999234
1970-01-01 00:00:00.000019423,0.9950879157999234
1970-01-01 00:00:00.000019424,0.9950879157999234
1970-01-01 00:00:00.000019425,0.9950879157999234
1970-01-01 00:00:00.000019426,0.9950879157999234
1970-01-01 00:00:00.000019427,0.9950879157999234
1970-01-01 00:00:00.000019428,0.9950879157999234
1970-01-01 00:00:00.000019429,0.9950879157999234
1970-01-01 00:00:00.000019430,0.9950879157999234
1970-01-01 00:00:00.000019431,0.9950879157999234
1970-01-01 00:00:00.000019432,0.9950879157999234
1970-01-01 00:00:00.000019433,0.9950879157999234
1970-01-01 00:00:00.000019434,0.9950879157999234
1970-01-01 00:00:00.000019435,0.9950879157999234
1970-01-01 00:00:00.000019436,0.9950879157999234
1970-01-01 00:00:00.000019437,0.9950879157999234
1970-01-01 00:00:00.000019438,0.9950879157999234
1970-01-01 00:00:00.000019439,0.9950879157999234
1970-01-01 00:00:00.000019440,0.9950879157999234
1970-01-01 00:00:00.000019441,0.9950879157999234
1970-01-01 00:00:00.000019442,0.9950879157999234
1970-01-01 00:00:00.000019443,0.9950879157999234
1970-01-01 00:00:00.000019444,0.9946875025257573
1970-01-01 00:00:00.000019445,0.9945880337755048
1970-01-01 00:00:00.000019446,0.9945880337755048
1970-01-01 00:00:00.000019447,0.9945880337755048
1970-01-01 00:00:00.000019448,0.9945880337755048
1970-01-01 00:00:00.000019449,0.9945880337755048
1970-01-01 00:00:00.000019450,0.9945880337755048
1970-01-01 00:00:00.000019451,0.9945880337755048
1970-01-01 00:00:00.000019452,0.9945880337755048
1970-01-01 00:00:00.000019453,0.9945880337755048
1970-01-01 00:00:00.000019454,0.9945880337755048
1970-01-01 00:00:00.000019455,0.9936180514203127
1970-01-01 00:00:00.000019456,0.9935186896151706
1970-01-01 00:00:00.000019457,0.9935186896151706
1970-01-01 00:00:00.000019458,0.9934599261677465
1970-01-01 00:00:00.000019459,0.9933605801751297
1970-01-01 00:00:00.000019460,0.9933605801751297
1970-01-01 00:00:00.000019461,0.9946239011335644
1970-01-01 00:00:00.000019462,0.994524438743451
1970-01-01 00:00:00.000019463,0.9945252115964189
1970-01-01 00:00:00.000019464,0.9949199890796827
1970-01-01 00:00:00.000019465,0.9942961715988405
1970-01-01 00:00:00.000019466,0.9947723380259672
1970-01-01 00:00:00.000019467,0.9946728607921647
1970-01-01 00:00:00.000019468,0.9953404522925053
1970-01-01 00:00:00.000019469,0.9893167462862547
1970-01-01 00:00:00.000019470,0.9889619708305499
1970-01-01 00:00:00.000019471,0.9888630746334669
1970-01-01 00:00:00.000019472,0.9852714245053577
1970-01-01 00:00:00.000019473,0.975541889731975
1970-01-01 00:00:00.000019474,0.9745230089652992
1970-01-01 00:00:00.000019475,0.9786371540144473
1970-01-01 00:00:00.000019476,0.9798341067725246
1970-01-01 00:00:00.000019477,0.9802677412435098
1970-01-01 00:00:00.000019478,0.9779147585938612
1970-01-01 00:00:00.000019479,0.9812828419863716
1970-01-01 00:00:00.000019480,0.9821883220386339
1970-01-01 00:00:00.000019481,0.9831900283492863
1970-01-01 00:00:00.000019482,0.9837809446806972
1970-01-01 00:00:00.000019483,0.9822426393373495
1970-01-01 00:00:00.000019484,0.9829179488091249
1970-01-01 00:00:00.000019485,0.9830928159977277
1970-01-01 00:00:00.000019486,0.9810431391719198
1970-01-01 00:00:00.000019487,0.9795437845087401
1970-01-01 00:00:00.000019488,0.9803986451116701
1970-01-01 00:00:00.000019489,0.9803006052471589
1970-01-01 00:00:00.000019490,0.9803006052471589
1970-01-01 00:00:00.000019491,0.9803006052471589
1970-01-01 00:00:00.000019492,0.9803006052471589
1970-01-01 00:00:00.000019493,0.9803006052471589
1970-01-01 00:00:00.000019494,0.9803006052471589
1970-01-01 00:00:00.000019495,0.9803006052471589
1970-01-01 00:00:00.000019496,0.9803006052471589
1970-01-01 00:00:00.000019497,0.9803006052471589
1970-01-01 00:00:00.000019498,0.9801603519496
1970-01-01 00:00:00.000019499,0.9800623359144051
1970-01-01 00:00:00.000019500,0.9806223596559148
1970-01-01 00:00:00.000019501,0.9803766050183994
1970-01-01 00:00:00.000019502,0.9784303308248596
1970-01-01 00:00:00.000019503,0.977526611971089
1970-01-01 00:00:00.000019504,0.9794296393021052
1970-01-01 00:00:00.000019505,0.9807819513283258
1970-01-01 00:00:00.000019506,0.9820158512950167
1970-01-01 00:00:00.000019507,0.9819176497098872
1970-01-01 00:00:00.000019508,0.9819176497098872
1970-01-01 00:00:00.000019509,0.9819176497098872
1970-01-01 00:00:00.000019510,0.9819176497098872
1970-01-01 00:00:00.000019511,0.9819176497098872
1970-01-01 00:00:00.000019512,0.9819176497098872
1970-01-01 00:00:00.000019513,0.9819176497098872
1970-01-01 00:00:00.000019514,0.9819176497098872
1970-01-01 00:00:00.000019515,0.9819176497098872
1970-01-01 00:00:00.000019516,0.9819176497098872
1970-01-01 00:00:00.000019517,0.9819524950164246
1970-01-01 00:00:00.000019518,0.981854299766923
1970-01-01 00:00:00.000019519,0.981854299766923
1970-01-01 00:00:00.000019520,0.9822109865497463
1970-01-01 00:00:00.000019521,0.9821127654510913
1970-01-01 00:00:00.000019522,0.9801820324543522
1970-01-01 00:00:00.000019523,0.9790843359289463
1970-01-01 00:00:00.000019524,0.9800910823498477
1970-01-01 00:00:00.000019525,0.9803089318715664
1970-01-01 00:00:00.000019526,0.9787764474604183
1970-01-01 00:00:00.000019527,0.9796375743150907
1970-01-01 00:00:00.000019528,0.9793706879428556
1970-01-01 00:00:00.000019529,0.9792727508740614
1970-01-01 00:00:00.000019530,0.9792727508740614
1970-01-01 00:00:00.000019531,0.9792727508740614
1970-01-01 00:00:00.000019532,0.9768912281963792
1970-01-01 00:00:00.000019533,0.9770013862727707
1970-01-01 00:00:00.000019534,0.9761960358416243
1970-01-01 00:00:00.000019535,0.9786788421042028
1970-01-01 00:00:00.000019536,0.9778800929060986
1970-01-01 00:00:00.000019537,0.976019040280681
1970-01-01 00:00:00.000019538,0.9751251508113562
1970-01-01 00:00:00.000019539,0.9720316479769628
1970-01-01 00:00:00.000019540,0.972509577249217
1970-01-01 00:00:00.000019541,0.973733693401477
1970-01-01 00:00:00.000019542,0.9735118094558466
1970-01-01 00:00:00.000019543,0.9759099549046589
1970-01-01 00:00:00.000019544,0.9764404464950113
1970-01-01 00:00:00.000019545,0.976034800724569
1970-01-01 00:00:00.000019546,0.9774246903416007
1970-01-01 00:00:00.000019547,0.9778557508592552
1970-01-01 00:00:00.000019548,0.9778317388740643
1970-01-01 00:00:00.000019549,0.9785165342867779
1970-01-01 00:00:00.000019550,0.9784186826333492
1970-01-01 00:00:00.000019551,0.9784186826333492
1970-01-01 00:00:00.000019552,0.9784186826333492
1970-01-01 00:00:00.000019553,0.9791764115983651
1970-01-01 00:00:00.000019554,0.9790784939572053
1970-01-01 00:00:00.000019555,0.9781397488407293
1970-01-01 00:00:00.000019556,0.9776057224121262
1970-01-01 00:00:00.000019557,0.977507961839885
1970-01-01 00:00:00.000019558,0.977507961839885
1970-01-01 00:00:00.000019559,0.977507961839885
1970-01-01 00:00:00.000019560,0.977507961839885
1970-01-01 00:00:00.000019561,0.977507961839885
1970-01-01 00:00:00.000019562,0.977507961839885
1970-01-01 00:00:00.000019563,0.977507961839885
1970-01-01 00:00:00.000019564,0.9770258238812075
1970-01-01 00:00:00.000019565,0.9767834775556635
1970-01-01 00:00:00.000019566,0.976676190539785
1970-01-01 00:00:00.000019567,0.9770722763487913
1970-01-01 00:00:00.000019568,0.9769745691211564
1970-01-01 00:00:00.000019569,0.9769745691211564
1970-01-01 00:00:00.000019570,0.9769745691211564
1970-01-01 00:00:00.000019571,0.9769745691211564
1970-01-01 00:00:00.000019572,0.9769745691211564
1970-01-01 00:00:00.000019573,0.9769745691211564
1970-01-01 00:00:00.000019574,0.9769745691211564
1970-01-01 00:00:00.000019575,0.9779958588498845
1970-01-01 00:00:00.000019576,0.9778980592639995
1970-01-01 00:00:00.000019577,0.9778980592639995
1970-01-01 00:00:00.000019578,0.9778980592639995
1970-01-01 00:00:00.000019579,0.9767082742221672
1970-01-01 00:00:00.000019580,0.97658708181096
1970-01-01 00:00:00.000019581,0.9754876110654768
1970-01-01 00:00:00.000019582,0.9752647654277262
1970-01-01 00:00:00.000019583,0.9756781387269053
1970-01-01 00:00:00.000019584,0.9754150605063867
1970-01-01 00:00:00.000019585,0.9767863485170062
1970-01-01 00:00:00.000019586,0.9783916120806913
1970-01-01 00:00:00.000019587,0.9797384142776179
1970-01-01 00:00:00.000019588,0.9796404404361901
1970-01-01 00:00:00.000019589,0.9796404404361901
1970-01-01 00:00:00.000019590,0.9796404404361901
1970-01-01 00:00:00.000019591,0.9796404404361901
1970-01-01 00:00:00.000019592,0.9796404404361901
1970-01-01 00:00:00.000019593,0.9796404404361901
1970-01-01 00:00:00.000019594,0.9796404404361901
1970-01-01 00:00:00.000019595,0.9796404404361901
1970-01-01 00:00:00.000019596,0.9796404404361901
1970-01-01 00:00:00.000019597,0.9796404404361901
1970-01-01 00:00:00.000019598,0.9804148582080984
1970-01-01 00:00:00.000019599,0.9803168167222776
1970-01-01 00:00:00.000019600,0.9803168167222776
1970-01-01 00:00:00.000019601,0.9803168167222776
1970-01-01 00:00:00.000019602,0.9803168167222776
1970-01-01 00:00:00.000019603,0.9803168167222776
1970-01-01 00:00:00.000019604,0.9810153839910277
1970-01-01 00:00:00.000019605,0.982497362793411
1970-01-01 00:00:00.000019606,0.9823991130571317
1970-01-01 00:00:00.000019607,0.9823991130571317
1970-01-01 00:00:00.000019608,0.9823991130571317
1970-01-01 00:00:00.000019609,0.9818785193227254
1970-01-01 00:00:00.000019610,0.9801234336407934
1970-01-01 00:00:00.000019611,0.9806688541830118
1970-01-01 00:00:00.000019612,0.9805707872975935
1970-01-01 00:00:00.000019613,0.9795378909983254
1970-01-01 00:00:00.000019614,0.9798928076428725
1970-01-01 00:00:00.000019615,0.9791315658147354
1970-01-01 00:00:00.000019616,0.9785129332511552
1970-01-01 00:00:00.000019617,0.9787394933190532
1970-01-01 00:00:00.000019618,0.9787313371566088
1970-01-01 00:00:00.000019619,0.9792160109309518
1970-01-01 00:00:00.000019620,0.9793610093744066
1970-01-01 00:00:00.000019621,0.9792630732734692
1970-01-01 00:00:00.000019622,0.9792630732734692
1970-01-01 00:00:00.000019623,0.9792630732734692
1970-01-01 00:00:00.000019624,0.9792630732734692
1970-01-01 00:00:00.000019625,0.9792630732734692
1970-01-01 00:00:00.000019626,0.9792630732734692
1970-01-01 00:00:00.000019627,0.9792630732734692
1970-01-01 00:00:00.000019628,0.9792630732734692
1970-01-01 00:00:00.000019629,0.9792630732734692
1970-01-01 00:00:00.000019630,0.9792630732734692
1970-01-01 00:00:00.000019631,0.9792630732734692
1970-01-01 00:00:00.000019632,0.9792630732734692
1970-01-01 00:00:00.000019633,0.9792630732734692
1970-01-01 00:00:00.000019634,0.9792630732734692
1970-01-01 00:00:00.000019635,0.9792630732734692
1970-01-01 00:00:00.000019636,0.9792630732734692
1970-01-01 00:00:00.000019637,0.9792630732734692
1970-01-01 00:00:00.000019638,0.9792630732734692
1970-01-01 00:00:00.000019639,0.9792630732734692
1970-01-01 00:00:00.000019640,0.9792630732734692
1970-01-01 00:00:00.000019641,0.9792630732734692
1970-01-01 00:00:00.000019642,0.9792630732734692
1970-01-01 00:00:00.000019643,0.9792630732734692
1970-01-01 00:00:00.000019644,0.9792630732734692
1970-01-01 00:00:00.000019645,0.9792630732734692
1970-01-01 00:00:00.000019646,0.9793831637897221
1970-01-01 00:00:00.000019647,0.9792852254733432
1970-01-01 00:00:00.000019648,0.9792852254733432
1970-01-01 00:00:00.000019649,0.9792852254733432
1970-01-01 00:00:00.000019650,0.9792852254733432
1970-01-01 00:00:00.000019651,0.9792852254733432
1970-01-01 00:00:00.000019652,0.9792852254733432
1970-01-01 00:00:00.000019653,0.9792852254733432
1970-01-01 00:00:00.000019654,0.9792852254733432
1970-01-01 00:00:00.000019655,0.9790109000066255
1970-01-01 00:00:00.000019656,0.9779666449429203
1970-01-01 00:00:00.000019657,0.9788990659058966
1970-01-01 00:00:00.000019658,0.9788801503458326
1970-01-01 00:00:00.000019659,0.9809153982383263
1970-01-01 00:00:00.000019660,0.9808173066985024
1970-01-01 00:00:00.000019661,0.9808173066985024
1970-01-01 00:00:00.000019662,0.9808173066985024
1970-01-01 00:00:00.000019663,0.9808173066985024
1970-01-01 00:00:00.000019664,0.9808173066985024
1970-01-01 00:00:00.000019665,0.9808173066985024
1970-01-01 00:00:00.000019666,0.9808173066985024
1970-01-01 00:00:00.000019667,0.9808173066985024
1970-01-01 00:00:00.000019668,0.9808173066985024
1970-01-01 00:00:00.000019669,0.9808173066985024
1970-01-01 00:00:00.000019670,0.9808173066985024
1970-01-01 00:00:00.000019671,0.9808173066985024
1970-01-01 00:00:00.000019672,0.9808173066985024
1970-01-01 00:00:00.000019673,0.9808173066985024
1970-01-01 00:00:00.000019674,0.9808173066985024
1970-01-01 00:00:00.000019675,0.9808173066985024
1970-01-01 00:00:00.000019676,0.9808173066985024
1970-01-01 00:00:00.000019677,0.9808173066985024
1970-01-01 00:00:00.000019678,0.9808173066985024
1970-01-01 00:00:00.000019679,0.9808173066985024
1970-01-01 00:00:00.000019680,0.9808173066985024
1970-01-01 00:00:00.000019681,0.9808173066985024
1970-01-01 00:00:00.000019682,0.9808173066985024
1970-01-01 00:00:00.000019683,0.9808173066985024
1970-01-01 00:00:00.000019684,0.9808173066985024
1970-01-01 00:00:00.000019685,0.9806629403561068
1970-01-01 00:00:00.000019686,0.9795120060594656
1970-01-01 00:00:00.000019687,0.9795882362328148
1970-01-01 00:00:00.000019688,0.9799530104974347
1970-01-01 00:00:00.000019689,0.9794371059654768
1970-01-01 00:00:00.000019690,0.9796137571305445
1970-01-01 00:00:00.000019691,0.9795157957548315
1970-01-01 00:00:00.000019692,0.9795157957548315
1970-01-01 00:00:00.000019693,0.9795157957548315
1970-01-01 00:00:00.000019694,0.9795157957548315
1970-01-01 00:00:00.000019695,0.9795157957548315
1970-01-01 00:00:00.000019696,0.9795157957548315
1970-01-01 00:00:00.000019697,0.9795157957548315
1970-01-01 00:00:00.000019698,0.9795157957548315
1970-01-01 00:00:00.000019699,0.9795157957548315
1970-01-01 00:00:00.000019700,0.9795157957548315
1970-01-01 00:00:00.000019701,0.9795157957548315
1970-01-01 00:00:00.000019702,0.9795157957548315
1970-01-01 00:00:00.000019703,0.9795157957548315
1970-01-01 00:00:00.000019704,0.9795157957548315
1970-01-01 00:00:00.000019705,0.9795157957548315
1970-01-01 00:00:00.000019706,0.9795157957548315
1970-01-01 00:00:00.000019707,0.9795157957548315
1970-01-01 00:00:00.000019708,0.9795157957548315
1970-01-01 00:00:00.000019709,0.9774855266425769
1970-01-01 00:00:00.000019710,0.9785670231611934
1970-01-01 00:00:00.000019711,0.9784691664588773
1970-01-01 00:00:00.000019712,0.9784691664588773
1970-01-01 00:00:00.000019713,0.9784691664588773
1970-01-01 00:00:00.000019714,0.9784691664588773
1970-01-01 00:00:00.000019715,0.9784691664588773
1970-01-01 00:00:00.000019716,0.9784691664588773
1970-01-01 00:00:00.000019717,0.9784691664588773
1970-01-01 00:00:00.000019718,0.9784691664588773
1970-01-01 00:00:00.000019719,0.9784691664588773
1970-01-01 00:00:00.000019720,0.9784691664588773
1970-01-01 00:00:00.000019721,0.9784691664588773
1970-01-01 00:00:00.000019722,0.9784691664588773
1970-01-01 00:00:00.000019723,0.9784691664588773
1970-01-01 00:00:00.000019724,0.9784691664588773
1970-01-01 00:00:00.000019725,0.9784691664588773
1970-01-01 00:00:00.000019726,0.9784691664588773
1970-01-01 00:00:00.000019727,0.9792803143348605
1970-01-01 00:00:00.000019728,0.979182386303427
1970-01-01 00:00:00.000019729,0.979182386303427
1970-01-01 00:00:00.000019730,0.979182386303427
1970-01-01 00:00:00.000019731,0.9795727509421773
1970-01-01 00:00:00.000019732,0.9794747936670831
1970-01-01 00:00:00.000019733,0.9794747936670831
1970-01-01 00:00:00.000019734,0.9785463718710316
1970-01-01 00:00:00.000019735,0.9787164019825193
1970-01-01 00:00:00.000019736,0.978618530342321
1970-01-01 00:00:00.000019737,0.9782502393124504
1970-01-01 00:00:00.000019738,0.9782483303962723
1970-01-01 00:00:00.000019739,0.9781505055632327
1970-01-01 00:00:00.000019740,0.9781505055632327
1970-01-01 00:00:00.000019741,0.9781505055632327
1970-01-01 00:00:00.000019742,0.9781505055632327
1970-01-01 00:00:00.000019743,0.9781505055632327
1970-01-01 00:00:00.000019744,0.9781505055632327
1970-01-01 00:00:00.000019745,0.9781505055632327
1970-01-01 00:00:00.000019746,0.9781505055632327
1970-01-01 00:00:00.000019747,0.9787307602523009
1970-01-01 00:00:00.000019748,0.9786328871762756
1970-01-01 00:00:00.000019749,0.9786328871762756
1970-01-01 00:00:00.000019750,0.9786328871762756
1970-01-01 00:00:00.000019751,0.9786328871762756
1970-01-01 00:00:00.000019752,0.9786328871762756
1970-01-01 00:00:00.000019753,0.9786328871762756
1970-01-01 00:00:00.000019754,0.9786328871762756
1970-01-01 00:00:00.000019755,0.9786328871762756
1970-01-01 00:00:00.000019756,0.9786328871762756
1970-01-01 00:00:00.000019757,0.9786328871762756
1970-01-01 00:00:00.000019758,0.9786328871762756
1970-01-01 00:00:00.000019759,0.9786328871762756
1970-01-01 00:00:00.000019760,0.9786328871762756
1970-01-01 00:00:00.000019761,0.9786328871762756
1970-01-01 00:00:00.000019762,0.9786328871762756
1970-01-01 00:00:00.000019763,0.9786328871762756
1970-01-01 00:00:00.000019764,0.9786328871762756
1970-01-01 00:00:00.000019765,0.9786328871762756
1970-01-01 00:00:00.000019766,0.9786328871762756
1970-01-01 00:00:00.000019767,0.9786328871762756
1970-01-01 00:00:00.000019768,0.9786328871762756
1970-01-01 00:00:00.000019769,0.9786328871762756
1970-01-01 00:00:00.000019770,0.9779661014434179
1970-01-01 00:00:00.000019771,0.9782214444887894
1970-01-01 00:00:00.000019772,0.9781236223443406
1970-01-01 00:00:00.000019773,0.9781236223443406
1970-01-01 00:00:00.000019774,0.9781236223443406
1970-01-01 00:00:00.000019775,0.9781236223443406
1970-01-01 00:00:00.000019776,0.9782298793283987
1970-01-01 00:00:00.000019777,0.9781320563404658
1970-01-01 00:00:00.000019778,0.9781320563404658
1970-01-01 00:00:00.000019779,0.9781320563404658
1970-01-01 00:00:00.000019780,0.9786580192007156
1970-01-01 00:00:00.000019781,0.9785601533987955
1970-01-01 00:00:00.000019782,0.9785601533987955
1970-01-01 00:00:00.000019783,0.9785601533987955
1970-01-01 00:00:00.000019784,0.9785601533987955
1970-01-01 00:00:00.000019785,0.9785601533987955
1970-01-01 00:00:00.000019786,0.9785601533987955
1970-01-01 00:00:00.000019787,0.9788369029368805
1970-01-01 00:00:00.000019788,0.9789537162692915
1970-01-01 00:00:00.000019789,0.9786853118459594
1970-01-01 00:00:00.000019790,0.9785874433147749
1970-01-01 00:00:00.000019791,0.9785874433147749
1970-01-01 00:00:00.000019792,0.9785874433147749
1970-01-01 00:00:00.000019793,0.9785874433147749
1970-01-01 00:00:00.000019794,0.9785874433147749
1970-01-01 00:00:00.000019795,0.9785874433147749
1970-01-01 00:00:00.000019796,0.9785874433147749
1970-01-01 00:00:00.000019797,0.9785874433147749
1970-01-01 00:00:00.000019798,0.9785874433147749
1970-01-01 00:00:00.000019799,0.9785874433147749
1970-01-01 00:00:00.000019800,0.9785874433147749
1970-01-01 00:00:00.000019801,0.9785874433147749
1970-01-01 00:00:00.000019802,0.9785874433147749
1970-01-01 00:00:00.000019803,0.9785874433147749
1970-01-01 00:00:00.000019804,0.9785874433147749
1970-01-01 00:00:00.000019805,0.9785129136017717
1970-01-01 00:00:00.000019806,0.9785960927899494
1970-01-01 00:00:00.000019807,0.9775855735707029
1970-01-01 00:00:00.000019808,0.9774878150133458
1970-01-01 00:00:00.000019809,0.9774878150133458
1970-01-01 00:00:00.000019810,0.9774878150133458
1970-01-01 00:00:00.000019811,0.9774878150133458
1970-01-01 00:00:00.000019812,0.9774878150133458
1970-01-01 00:00:00.000019813,0.9774878150133458
1970-01-01 00:00:00.000019814,0.9774878150133458
1970-01-01 00:00:00.000019815,0.9774878150133458
1970-01-01 00:00:00.000019816,0.9774878150133458
1970-01-01 00:00:00.000019817,0.9774878150133458
1970-01-01 00:00:00.000019818,0.9774878150133458
1970-01-01 00:00:00.000019819,0.9774878150133458
1970-01-01 00:00:00.000019820,0.9774878150133458
1970-01-01 00:00:00.000019821,0.9774878150133458
1970-01-01 00:00:00.000019822,0.9786461860987911
1970-01-01 00:00:00.000019823,0.9785483214801812
1970-01-01 00:00:00.000019824,0.9785483214801812
1970-01-01 00:00:00.000019825,0.9785483214801812
1970-01-01 00:00:00.000019826,0.9785483214801812
1970-01-01 00:00:00.000019827,0.9785483214801812
1970-01-01 00:00:00.000019828,0.9785483214801812
1970-01-01 00:00:00.000019829,0.9785483214801812
1970-01-01 00:00:00.000019830,0.9785483214801812
1970-01-01 00:00:00.000019831,0.9785483214801812
1970-01-01 00:00:00.000019832,0.9785483214801812
1970-01-01 00:00:00.000019833,0.9785483214801812
1970-01-01 00:00:00.000019834,0.9785483214801812
1970-01-01 00:00:00.000019835,0.9785483214801812
1970-01-01 00:00:00.000019836,0.9785483214801812
1970-01-01 00:00:00.000019837,0.9785483214801812
1970-01-01 00:00:00.000019838,0.9785483214801812
1970-01-01 00:00:00.000019839,0.9785483214801812
1970-01-01 00:00:00.000019840,0.9785483214801812
1970-01-01 00:00:00.000019841,0.9785483214801812
1970-01-01 00:00:00.000019842,0.9785483214801812
1970-01-01 00:00:00.000019843,0.9785483214801812
1970-01-01 00:00:00.000019844,0.9785483214801812
1970-01-01 00:00:00.000019845,0.9785483214801812
1970-01-01 00:00:00.000019846,0.9785483214801812
1970-01-01 00:00:00.000019847,0.9785483214801812
1970-01-01 00:00:00.000019848,0.9786681058394836
1970-01-01 00:00:00.000019849,0.9785702390288996
1970-01-01 00:00:00.000019850,0.9785702390288996
1970-01-01 00:00:00.000019851,0.9785967474276606
1970-01-01 00:00:00.000019852,0.9784988877529178
1970-01-01 00:00:00.000019853,0.9784988877529178
1970-01-01 00:00:00.000019854,0.9784988877529178
1970-01-01 00:00:00.000019855,0.9784988877529178
1970-01-01 00:00:00.000019856,0.9784988877529178
1970-01-01 00:00:00.000019857,0.9784988877529178
1970-01-01 00:00:00.000019858,0.9784988877529178
1970-01-01 00:00:00.000019859,0.9784988877529178
1970-01-01 00:00:00.000019860,0.9784988877529178
1970-01-01 00:00:00.000019861,0.9784988877529178
1970-01-01 00:00:00.000019862,0.9784988877529178
1970-01-01 00:00:00.000019863,0.9784988877529178
1970-01-01 00:00:00.000019864,0.9784988877529178
1970-01-01 00:00:00.000019865,0.9784988877529178
1970-01-01 00:00:00.000019866,0.9784988877529178
1970-01-01 00:00:00.000019867,0.9784988877529178
1970-01-01 00:00:00.000019868,0.9785541968898318
1970-01-01 00:00:00.000019869,0.9784563414701428
1970-01-01 00:00:00.000019870,0.9784563414701428
1970-01-01 00:00:00.000019871,0.9784563414701428
1970-01-01 00:00:00.000019872,0.9782762398973675
1970-01-01 00:00:00.000019873,0.9781784122733778
1970-01-01 00:00:00.000019874,0.9781784122733778
1970-01-01 00:00:00.000019875,0.9781784122733778
1970-01-01 00:00:00.000019876,0.9781784122733778
1970-01-01 00:00:00.000019877,0.9781784122733778
1970-01-01 00:00:00.000019878,0.9781784122733778
1970-01-01 00:00:00.000019879,0.9781784122733778
1970-01-01 00:00:00.000019880,0.9781784122733778
1970-01-01 00:00:00.000019881,0.9781784122733778
1970-01-01 00:00:00.000019882,0.9781784122733778
1970-01-01 00:00:00.000019883,0.9781784122733778
1970-01-01 00:00:00.000019884,0.9781784122733778
1970-01-01 00:00:00.000019885,0.9781784122733778
1970-01-01 00:00:00.000019886,0.9781784122733778
1970-01-01 00:00:00.000019887,0.9781784122733778
1970-01-01 00:00:00.000019888,0.9781784122733778
1970-01-01 00:00:00.000019889,0.9781784122733778
1970-01-01 00:00:00.000019890,0.9781784122733778
1970-01-01 00:00:00.000019891,0.9781784122733778
1970-01-01 00:00:00.000019892,0.9781784122733778
1970-01-01 00:00:00.000019893,0.9781784122733778
1970-01-01 00:00:00.000019894,0.9781784122733778
1970-01-01 00:00:00.000019895,0.9781784122733778
1970-01-01 00:00:00.000019896,0.9781784122733778
1970-01-01 00:00:00.000019897,0.9781784122733778
1970-01-01 00:00:00.000019898,0.9781784122733778
1970-01-01 00:00:00.000019899,0.9781784122733778
1970-01-01 00:00:00.000019900,0.9781784122733778
1970-01-01 00:00:00.000019901,0.9781784122733778
1970-01-01 00:00:00.000019902,0.9781784122733778
1970-01-01 00:00:00.000019903,0.9781784122733778
1970-01-01 00:00:00.000019904,0.9781784122733778
1970-01-01 00:00:00.000019905,0.9782734606516708
1970-01-01 00:00:00.000019906,0.9794353406941506
1970-01-01 00:00:00.000019907,0.9793373971600812
1970-01-01 00:00:00.000019908,0.9793373971600812
1970-01-01 00:00:00.000019909,0.9793373971600812
1970-01-01 00:00:00.000019910,0.9793373971600812
1970-01-01 00:00:00.000019911,0.9793373971600812
1970-01-01 00:00:00.000019912,0.9793373971600812
1970-01-01 00:00:00.000019913,0.9793373971600812
1970-01-01 00:00:00.000019914,0.9793373971600812
1970-01-01 00:00:00.000019915,0.9793373971600812
1970-01-01 00:00:00.000019916,0.9798105083926764
1970-01-01 00:00:00.000019917,0.9797125273418371
1970-01-01 00:00:00.000019918,0.9797125273418371
1970-01-01 00:00:00.000019919,0.9797125273418371
1970-01-01 00:00:00.000019920,0.9797125273418371
1970-01-01 00:00:00.000019921,0.9797058432447975
1970-01-01 00:00:00.000019922,0.979607872660473
1970-01-01 00:00:00.000019923,0.9793896065315715
1970-01-01 00:00:00.000019924,0.9792916675709183
1970-01-01 00:00:00.000019925,0.9792916675709183
1970-01-01 00:00:00.000019926,0.9792916675709183
1970-01-01 00:00:00.000019927,0.9796820922580379
1970-01-01 00:00:00.000019928,0.9795841240488121
1970-01-01 00:00:00.000019929,0.9790145316091801
1970-01-01 00:00:00.000019930,0.9792363129714143
1970-01-01 00:00:00.000019931,0.9793164769133691
1970-01-01 00:00:00.000019932,0.979257684478761
1970-01-01 00:00:00.000019933,0.9791597587103131
1970-01-01 00:00:00.000019934,0.9791597587103131
1970-01-01 00:00:00.000019935,0.9791597587103131
1970-01-01 00:00:00.000019936,0.9791597587103131
1970-01-01 00:00:00.000019937,0.9791597587103131
1970-01-01 00:00:00.000019938,0.9791597587103131
1970-01-01 00:00:00.000019939,0.9791597587103131
1970-01-01 00:00:00.000019940,0.9791597587103131
1970-01-01 00:00:00.000019941,0.9791597587103131
1970-01-01 00:00:00.000019942,0.9791597587103131
1970-01-01 00:00:00.000019943,0.9791597587103131
1970-01-01 00:00:00.000019944,0.9791597587103131
1970-01-01 00:00:00.000019945,0.9791597587103131
1970-01-01 00:00:00.000019946,0.9791597587103131
1970-01-01 00:00:00.000019947,0.9791597587103131
1970-01-01 00:00:00.000019948,0.9791597587103131
1970-01-01 00:00:00.000019949,0.9791597587103131
1970-01-01 00:00:00.000019950,0.9791597587103131
1970-01-01 00:00:00.000019951,0.9791597587103131
1970-01-01 00:00:00.000019952,0.9791597587103131
1970-01-01 00:00:00.000019953,0.9791597587103131
1970-01-01 00:00:00.000019954,0.9791597587103131
1970-01-01 00:00:00.000019955,0.9791597587103131
1970-01-01 00:00:00.000019956,0.9791597587103131
1970-01-01 00:00:00.000019957,0.9791597587103131
1970-01-01 00:00:00.000019958,0.9791597587103131
1970-01-01 00:00:00.000019959,0.9791597587103131
1970-01-01 00:00:00.000019960,0.9791597587103131
1970-01-01 00:00:00.000019961,0.9791597587103131
1970-01-01 00:00:00.000019962,0.9791597587103131
1970-01-01 00:00:00.000019963,0.9791597587103131
1970-01-01 00:00:00.000019964,0.9791597587103131
1970-01-01 00:00:00.000019965,0.9791597587103131
1970-01-01 00:00:00.000019966,0.9791597587103131
1970-01-01 00:00:00.000019967,0.9791597587103131
1970-01-01 00:00:00.000019968,0.9791597587103131
1970-01-01 00:00:00.000019969,0.9791597587103131
1970-01-01 00:00:00.000019970,0.9791597587103131
1970-01-01 00:00:00.000019971,0.9791597587103131
1970-01-01 00:00:00.000019972,0.9791597587103131
1970-01-01 00:00:00.000019973,0.9791597587103131
1970-01-01 00:00:00.000019974,0.9791597587103131
1970-01-01 00:00:00.000019975,0.9791597587103131
1970-01-01 00:00:00.000019976,0.9791597587103131
1970-01-01 00:00:00.000019977,0.9791597587103131
1970-01-01 00:00:00.000019978,0.9795439915297741
1970-01-01 00:00:00.000019979,0.9794460371306212
1970-01-01 00:00:00.000019980,0.9794460371306212
1970-01-01 00:00:00.000019981,0.9794460371306212
1970-01-01 00:00:00.000019982,0.9794460371306212
1970-01-01 00:00:00.000019983,0.9794460371306212
1970-01-01 00:00:00.000019984,0.9794460371306212
1970-01-01 00:00:00.000019985,0.9794460371306212
1970-01-01 00:00:00.000019986,0.9794460371306212
1970-01-01 00:00:00.000019987,0.9794460371306212
1970-01-01 00:00:00.000019988,0.9794460371306212
1970-01-01 00:00:00.000019989,0.9794460371306212
1970-01-01 00:00:00.000019990,0.9794460371306212
1970-01-01 00:00:00.000019991,0.9794460371306212
1970-01-01 00:00:00.000019992,0.9794460371306212
1970-01-01 00:00:00.000019993,0.9794460371306212
1970-01-01 00:00:00.000019994,0.9794460371306212
1970-01-01 00:00:00.000019995,0.9794460371306212
1970-01-01 00:00:00.000019996,0.9794460371306212
1970-01-01 00:00:00.000019997,0.9794460371306212
1970-01-01 00:00:00.000019998,0.9794460371306212
1970-01-01 00:00:00.000019999,0.9794460371306212
1970-01-01 00:00:00.000020000,0.9794460371306212
1970-01-01 00:00:00.000020001,0.9794460371306212
1970-01-01 00:00:00.000020002,0.9794460371306212
1970-01-01 00:00:00.000020003,0.9794460371306212
1970-01-01 00:00:00.000020004,0.9794460371306212
1970-01-01 00:00:00.000020005,0.97833972593771
1970-01-01 00:00:00.000020006,0.9782418919651162
1970-01-01 00:00:00.000020007,0.9782418919651162
1970-01-01 00:00:00.000020008,0.9782418919651162
1970-01-01 00:00:00.000020009,0.9797432651545698
1970-01-01 00:00:00.000020010,0.9796452908280543
1970-01-01 00:00:00.000020011,0.9796452908280543
1970-01-01 00:00:00.000020012,0.9796452908280543
1970-01-01 00:00:00.000020013,0.9796452908280543
1970-01-01 00:00:00.000020014,0.9796452908280543
1970-01-01 00:00:00.000020015,0.9796452908280543
1970-01-01 00:00:00.000020016,0.9796452908280543
1970-01-01 00:00:00.000020017,0.9796452908280543
1970-01-01 00:00:00.000020018,0.9796452908280543
1970-01-01 00:00:00.000020019,0.9796452908280543
1970-01-01 00:00:00.000020020,0.9796452908280543
1970-01-01 00:00:00.000020021,0.9796452908280543
1970-01-01 00:00:00.000020022,0.9796452908280543
1970-01-01 00:00:00.000020023,0.9796452908280543
1970-01-01 00:00:00.000020024,0.9796452908280543
1970-01-01 00:00:00.000020025,0.9796452908280543
1970-01-01 00:00:00.000020026,0.9796452908280543
1970-01-01 00:00:00.000020027,0.9796452908280543
1970-01-01 00:00:00.000020028,0.9796452908280543
1970-01-01 00:00:00.000020029,0.9796452908280543
1970-01-01 00:00:00.000020030,0.9796452908280543
1970-01-01 00:00:00.000020031,0.9796452908280543
1970-01-01 00:00:00.000020032,0.9796452908280543
1970-01-01 00:00:00.000020033,0.9796452908280543
1970-01-01 00:00:00.000020034,0.9796452908280543
1970-01-01 00:00:00.000020035,0.9796452908280543
1970-01-01 00:00:00.000020036,0.9796452908280543
1970-01-01 00:00:00.000020037,0.9796452908280543
1970-01-01 00:00:00.000020038,0.9796452908280543
1970-01-01 00:00:00.000020039,0.9796452908280543
1970-01-01 00:00:00.000020040,0.9796452908280543
1970-01-01 00:00:00.000020041,0.9796452908280543
1970-01-01 00:00:00.000020042,0.9796452908280543
1970-01-01 00:00:00.000020043,0.9796452908280543
1970-01-01 00:00:00.000020044,0.9796452908280543
1970-01-01 00:00:00.000020045,0.9796452908280543
1970-01-01 00:00:00.000020046,0.9796452908280543
1970-01-01 00:00:00.000020047,0.9796452908280543
1970-01-01 00:00:00.000020048,0.9796452908280543
1970-01-01 00:00:00.000020049,0.9796452908280543
1970-01-01 00:00:00.000020050,0.9796452908280543
1970-01-01 00:00:00.000020051,0.9796452908280543
1970-01-01 00:00:00.000020052,0.980069041483266
1970-01-01 00:00:00.000020053,0.9799710345791177
1970-01-01 00:00:00.000020054,0.9799710345791177
1970-01-01 00:00:00.000020055,0.9801664892249768
1970-01-01 00:00:00.000020056,0.9800684725760543
1970-01-01 00:00:00.000020057,0.9800684725760543
1970-01-01 00:00:00.000020058,0.9800684725760543
1970-01-01 00:00:00.000020059,0.9800684725760543
1970-01-01 00:00:00.000020060,0.9800684725760543
1970-01-01 00:00:00.000020061,0.9800684725760543
1970-01-01 00:00:00.000020062,0.9800684725760543
1970-01-01 00:00:00.000020063,0.9800684725760543
1970-01-01 00:00:00.000020064,0.9800684725760543
1970-01-01 00:00:00.000020065,0.9800684725760543
1970-01-01 00:00:00.000020066,0.9800684725760543
1970-01-01 00:00:00.000020067,0.9800684725760543
1970-01-01 00:00:00.000020068,0.9800684725760543
1970-01-01 00:00:00.000020069,0.9800684725760543
1970-01-01 00:00:00.000020070,0.9800684725760543
1970-01-01 00:00:00.000020071,0.9800684725760543
1970-01-01 00:00:00.000020072,0.9800684725760543
1970-01-01 00:00:00.000020073,0.9800684725760543
1970-01-01 00:00:00.000020074,0.9800684725760543
1970-01-01 00:00:00.000020075,0.9800684725760543
1970-01-01 00:00:00.000020076,0.9800684725760543
1970-01-01 00:00:00.000020077,0.9800684725760543
1970-01-01 00:00:00.000020078,0.9800684725760543
1970-01-01 00:00:00.000020079,0.9800684725760543
1970-01-01 00:00:00.000020080,0.9800684725760543
1970-01-01 00:00:00.000020081,0.980055516231414
1970-01-01 00:00:00.000020082,0.9799575106797909
1970-01-01 00:00:00.000020083,0.9799575106797909
1970-01-01 00:00:00.000020084,0.9799575106797909
1970-01-01 00:00:00.000020085,0.9799575106797909
1970-01-01 00:00:00.000020086,0.9799575106797909
1970-01-01 00:00:00.000020087,0.9798950743844559
1970-01-01 00:00:00.000020088,0.9804396846836423
1970-01-01 00:00:00.000020089,0.980028429729364
1970-01-01 00:00:00.000020090,0.9799304268863911
1970-01-01 00:00:00.000020091,0.9803787829383735
1970-01-01 00:00:00.000020092,0.9803787829383735
1970-01-01 00:00:00.000020093,0.9806371397138113
1970-01-01 00:00:00.000020094,0.9798997705846836
1970-01-01 00:00:00.000020095,0.9800639986568188
1970-01-01 00:00:00.000020096,0.9800362406325174
1970-01-01 00:00:00.000020097,0.9803145666134973
1970-01-01 00:00:00.000020098,0.9801106487095997
1970-01-01 00:00:00.000020099,0.979910873794404
1970-01-01 00:00:00.000020100,0.9798128827070246
1970-01-01 00:00:00.000020101,0.9795673429310027
1970-01-01 00:00:00.000020102,0.9794693861967095
1970-01-01 00:00:00.000020103,0.9794693861967095
1970-01-01 00:00:00.000020104,0.9794693861967095
1970-01-01 00:00:00.000020105,0.9794693861967095
1970-01-01 00:00:00.000020106,0.9794693861967095
1970-01-01 00:00:00.000020107,0.9794693861967095
1970-01-01 00:00:00.000020108,0.9794693861967095
1970-01-01 00:00:00.000020109,0.9794693861967095
1970-01-01 00:00:00.000020110,0.9794693861967095
1970-01-01 00:00:00.000020111,0.9795948114581061
1970-01-01 00:00:00.000020112,0.9795948114581061
1970-01-01 00:00:00.000020113,0.9794968519769603
1970-01-01 00:00:00.000020114,0.9794968519769603
1970-01-01 00:00:00.000020115,0.9794968519769603
1970-01-01 00:00:00.000020116,0.9794968519769603
1970-01-01 00:00:00.000020117,0.9794968519769603
1970-01-01 00:00:00.000020118,0.9794968519769603
1970-01-01 00:00:00.000020119,0.9794968519769603
1970-01-01 00:00:00.000020120,0.9794968519769603
1970-01-01 00:00:00.000020121,0.9794968519769603
1970-01-01 00:00:00.000020122,0.9794968519769603
1970-01-01 00:00:00.000020123,0.9794968519769603
1970-01-01 00:00:00.000020124,0.9794968519769603
1970-01-01 00:00:00.000020125,0.9794968519769603
1970-01-01 00:00:00.000020126,0.9794968519769603
1970-01-01 00:00:00.000020127,0.9794968519769603
1970-01-01 00:00:00.000020128,0.9794968519769603
1970-01-01 00:00:00.000020129,0.9794968519769603
1970-01-01 00:00:00.000020130,0.9794968519769603
1970-01-01 00:00:00.000020131,0.9794968519769603
1970-01-01 00:00:00.000020132,0.9794968519769603
1970-01-01 00:00:00.000020133,0.9794968519769603
1970-01-01 00:00:00.000020134,0.9794968519769603
1970-01-01 00:00:00.000020135,0.9794968519769603
1970-01-01 00:00:00.000020136,0.9794968519769603
1970-01-01 00:00:00.000020137,0.9794968519769603
1970-01-01 00:00:00.000020138,0.9794968519769603
1970-01-01 00:00:00.000020139,0.9794968519769603
1970-01-01 00:00:00.000020140,0.9794968519769603
1970-01-01 00:00:00.000020141,0.9794968519769603
1970-01-01 00:00:00.000020142,0.9794968519769603
1970-01-01 00:00:00.000020143,0.9794968519769603
1970-01-01 00:00:00.000020144,0.9794968519769603
1970-01-01 00:00:00.000020145,0.9794968519769603
1970-01-01 00:00:00.000020146,0.9794968519769603
1970-01-01 00:00:00.000020147,0.9794968519769603
1970-01-01 00:00:00.000020148,0.9794968519769603
1970-01-01 00:00:00.000020149,0.9794968519769603
1970-01-01 00:00:00.000020150,0.9794968519769603
1970-01-01 00:00:00.000020151,0.9794968519769603
1970-01-01 00:00:00.000020152,0.9794968519769603
1970-01-01 00:00:00.000020153,0.9794968519769603
1970-01-01 00:00:00.000020154,0.9794968519769603
1970-01-01 00:00:00.000020155,0.9794968519769603
1970-01-01 00:00:00.000020156,0.9794968519769603
1970-01-01 00:00:00.000020157,0.9794968519769603
1970-01-01 00:00:00.000020158,0.9794968519769603
1970-01-01 00:00:00.000020159,0.9794968519769603
1970-01-01 00:00:00.000020160,0.9794968519769603
1970-01-01 00:00:00.000020161,0.9794968519769603
1970-01-01 00:00:00.000020162,0.9794968519769603
1970-01-01 00:00:00.000020163,0.9794968519769603
1970-01-01 00:00:00.000020164,0.9794968519769603
1970-01-01 00:00:00.000020165,0.9794968519769603
1970-01-01 00:00:00.000020166,0.9794968519769603
1970-01-01 00:00:00.000020167,0.9794968519769603
1970-01-01 00:00:00.000020168,0.9794968519769603
1970-01-01 00:00:00.000020169,0.9798268372755202
1970-01-01 00:00:00.000020170,0.9791147313356736
1970-01-01 00:00:00.000020171,0.9790168198625401
1970-01-01 00:00:00.000020172,0.9789189181805539
1970-01-01 00:00:00.000020173,0.9788210262887358
1970-01-01 00:00:00.000020174,0.9781619090414456
1970-01-01 00:00:00.000020175,0.9780640928505415
1970-01-01 00:00:00.000020176,0.9780640928505415
1970-01-01 00:00:00.000020177,0.9780640928505415
1970-01-01 00:00:00.000020178,0.9780640928505415
1970-01-01 00:00:00.000020179,0.9780640928505415
1970-01-01 00:00:00.000020180,0.9780640928505415
1970-01-01 00:00:00.000020181,0.9780640928505415
1970-01-01 00:00:00.000020182,0.9780640928505415
1970-01-01 00:00:00.000020183,0.9779663691847366
1970-01-01 00:00:00.000020184,0.9778685725478181
1970-01-01 00:00:00.000020185,0.9777350489619351
1970-01-01 00:00:00.000020186,0.9780514362702801
1970-01-01 00:00:00.000020187,0.9779820378515346
1970-01-01 00:00:00.000020188,0.9778842396477494
1970-01-01 00:00:00.000020189,0.9778842396477494
1970-01-01 00:00:00.000020190,0.9778842396477494
1970-01-01 00:00:00.000020191,0.9778842396477494
1970-01-01 00:00:00.000020192,0.9778842396477494
1970-01-01 00:00:00.000020193,0.9778842396477494
1970-01-01 00:00:00.000020194,0.9778842396477494
1970-01-01 00:00:00.000020195,0.9778842396477494
1970-01-01 00:00:00.000020196,0.9778842396477494
1970-01-01 00:00:00.000020197,0.9778842396477494
1970-01-01 00:00:00.000020198,0.9778842396477494
1970-01-01 00:00:00.000020199,0.9778842396477494
1970-01-01 00:00:00.000020200,0.9784030620749644
1970-01-01 00:00:00.000020201,0.9781779910350739
1970-01-01 00:00:00.000020202,0.9780801732359704
1970-01-01 00:00:00.000020203,0.9780801732359704
1970-01-01 00:00:00.000020204,0.9785793198260594
1970-01-01 00:00:00.000020205,0.9776545250783798
1970-01-01 00:00:00.000020206,0.9773049800920093
1970-01-01 00:00:00.000020207,0.977384042855412
1970-01-01 00:00:00.000020208,0.9768621625247801
1970-01-01 00:00:00.000020209,0.9766894967196479
1970-01-01 00:00:00.000020210,0.9768895081618609
1970-01-01 00:00:00.000020211,0.9767918192110447
1970-01-01 00:00:00.000020212,0.9767918192110447
1970-01-01 00:00:00.000020213,0.9768127120868647
1970-01-01 00:00:00.000020214,0.976715030815656
1970-01-01 00:00:00.000020215,0.976715030815656
1970-01-01 00:00:00.000020216,0.976715030815656
1970-01-01 00:00:00.000020217,0.976715030815656
1970-01-01 00:00:00.000020218,0.976715030815656
1970-01-01 00:00:00.000020219,0.9762311591723161
1970-01-01 00:00:00.000020220,0.9758230989301738
1970-01-01 00:00:00.000020221,0.9757255166202808
1970-01-01 00:00:00.000020222,0.9757255166202808
1970-01-01 00:00:00.000020223,0.9757255166202808
1970-01-01 00:00:00.000020224,0.9757255166202808
1970-01-01 00:00:00.000020225,0.975783878365108
1970-01-01 00:00:00.000020226,0.9756862999772715
1970-01-01 00:00:00.000020227,0.9756862999772715
1970-01-01 00:00:00.000020228,0.9756862999772715
1970-01-01 00:00:00.000020229,0.9761078167374782
1970-01-01 00:00:00.000020230,0.9760102059558045
1970-01-01 00:00:00.000020231,0.9760102059558045
1970-01-01 00:00:00.000020232,0.9760102059558045
1970-01-01 00:00:00.000020233,0.9760102059558045
1970-01-01 00:00:00.000020234,0.9760102059558045
1970-01-01 00:00:00.000020235,0.9760102059558045
1970-01-01 00:00:00.000020236,0.9760102059558045
1970-01-01 00:00:00.000020237,0.9760102059558045
1970-01-01 00:00:00.000020238,0.9760102059558045
1970-01-01 00:00:00.000020239,0.9760102059558045
1970-01-01 00:00:00.000020240,0.9760102059558045
1970-01-01 00:00:00.000020241,0.9760102059558045
1970-01-01 00:00:00.000020242,0.9760102059558045
1970-01-01 00:00:00.000020243,0.9768978063667466
1970-01-01 00:00:00.000020244,0.97680011658611
1970-01-01 00:00:00.000020245,0.97680011658611
1970-01-01 00:00:00.000020246,0.97680011658611
1970-01-01 00:00:00.000020247,0.97680011658611
1970-01-01 00:00:00.000020248,0.97680011658611
1970-01-01 00:00:00.000020249,0.97680011658611
1970-01-01 00:00:00.000020250,0.97680011658611
1970-01-01 00:00:00.000020251,0.9767995417351091
1970-01-01 00:00:00.000020252,0.9767018617809355
1970-01-01 00:00:00.000020253,0.9767018617809355
1970-01-01 00:00:00.000020254,0.9767018617809355
1970-01-01 00:00:00.000020255,0.9767018617809355
1970-01-01 00:00:00.000020256,0.9767018617809355
1970-01-01 00:00:00.000020257,0.9767018617809355
1970-01-01 00:00:00.000020258,0.9767018617809355
1970-01-01 00:00:00.000020259,0.9767018617809355
1970-01-01 00:00:00.000020260,0.9767018617809355
1970-01-01 00:00:00.000020261,0.9767018617809355
1970-01-01 00:00:00.000020262,0.9767018617809355
1970-01-01 00:00:00.000020263,0.9767018617809355
1970-01-01 00:00:00.000020264,0.9767018617809355
1970-01-01 00:00:00.000020265,0.9767018617809355
1970-01-01 00:00:00.000020266,0.9767018617809355
1970-01-01 00:00:00.000020267,0.9767018617809355
1970-01-01 00:00:00.000020268,0.9767018617809355
1970-01-01 00:00:00.000020269,0.9767018617809355
1970-01-01 00:00:00.000020270,0.9767018617809355
1970-01-01 00:00:00.000020271,0.9767018617809355
1970-01-01 00:00:00.000020272,0.9767018617809355
1970-01-01 00:00:00.000020273,0.9767018617809355
1970-01-01 00:00:00.000020274,0.9767018617809355
1970-01-01 00:00:00.000020275,0.9767018617809355
1970-01-01 00:00:00.000020276,0.9767018617809355
1970-01-01 00:00:00.000020277,0.9767018617809355
1970-01-01 00:00:00.000020278,0.9767018617809355
1970-01-01 00:00:00.000020279,0.9767018617809355
1970-01-01 00:00:00.000020280,0.9767018617809355
1970-01-01 00:00:00.000020281,0.9767018617809355
1970-01-01 00:00:00.000020282,0.9767018617809355
1970-01-01 00:00:00.000020283,0.9767018617809355
1970-01-01 00:00:00.000020284,0.9767018617809355
1970-01-01 00:00:00.000020285,0.9767018617809355
1970-01-01 00:00:00.000020286,0.9767018617809355
1970-01-01 00:00:00.000020287,0.9767018617809355
1970-01-01 00:00:00.000020288,0.9767018617809355
1970-01-01 00:00:00.000020289,0.9767018617809355
1970-01-01 00:00:00.000020290,0.9767018617809355
1970-01-01 00:00:00.000020291,0.9767018617809355
1970-01-01 00:00:00.000020292,0.9767018617809355
1970-01-01 00:00:00.000020293,0.9767018617809355
1970-01-01 00:00:00.000020294,0.9767018617809355
1970-01-01 00:00:00.000020295,0.9767018617809355
1970-01-01 00:00:00.000020296,0.9767018617809355
1970-01-01 00:00:00.000020297,0.9767018617809355
1970-01-01 00:00:00.000020298,0.9767018617809355
1970-01-01 00:00:00.000020299,0.9767018617809355
1970-01-01 00:00:00.000020300,0.9767018617809355
1970-01-01 00:00:00.000020301,0.9767018617809355
1970-01-01 00:00:00.000020302,0.9767018617809355
1970-01-01 00:00:00.000020303,0.9767018617809355
1970-01-01 00:00:00.000020304,0.9767018617809355
1970-01-01 00:00:00.000020305,0.9767018617809355
1970-01-01 00:00:00.000020306,0.9767018617809355
1970-01-01 00:00:00.000020307,0.9767018617809355
1970-01-01 00:00:00.000020308,0.9767018617809355
1970-01-01 00:00:00.000020309,0.9767018617809355
1970-01-01 00:00:00.000020310,0.9767018617809355
1970-01-01 00:00:00.000020311,0.9767018617809355
1970-01-01 00:00:00.000020312,0.9767018617809355
1970-01-01 00:00:00.000020313,0.9767018617809355
1970-01-01 00:00:00.000020314,0.9767018617809355
1970-01-01 00:00:00.000020315,0.9767018617809355
1970-01-01 00:00:00.000020316,0.9767018617809355
1970-01-01 00:00:00.000020317,0.9767018617809355
1970-01-01 00:00:00.000020318,0.9767018617809355
1970-01-01 00:00:00.000020319,0.9770775406324319
1970-01-01 00:00:00.000020320,0.9769798328783686
1970-01-01 00:00:00.000020321,0.9769798328783686
1970-01-01 00:00:00.000020322,0.9769798328783686
1970-01-01 00:00:00.000020323,0.9769798328783686
1970-01-01 00:00:00.000020324,0.9769798328783686
1970-01-01 00:00:00.000020325,0.9769798328783686
1970-01-01 00:00:00.000020326,0.9769798328783686
1970-01-01 00:00:00.000020327,0.9769798328783686
1970-01-01 00:00:00.000020328,0.9769798328783686
1970-01-01 00:00:00.000020329,0.9769798328783686
1970-01-01 00:00:00.000020330,0.9769798328783686
1970-01-01 00:00:00.000020331,0.9769798328783686
1970-01-01 00:00:00.000020332,0.9769798328783686
1970-01-01 00:00:00.000020333,0.9769798328783686
1970-01-01 00:00:00.000020334,0.9769798328783686
1970-01-01 00:00:00.000020335,0.9769798328783686
1970-01-01 00:00:00.000020336,0.9769798328783686
1970-01-01 00:00:00.000020337,0.9769798328783686
1970-01-01 00:00:00.000020338,0.9769798328783686
1970-01-01 00:00:00.000020339,0.9769798328783686
1970-01-01 00:00:00.000020340,0.9769798328783686
1970-01-01 00:00:00.000020341,0.9769798328783686
1970-01-01 00:00:00.000020342,0.9769798328783686
1970-01-01 00:00:00.000020343,0.9769798328783686
1970-01-01 00:00:00.000020344,0.9769798328783686
1970-01-01 00:00:00.000020345,0.9769798328783686
1970-01-01 00:00:00.000020346,0.9769798328783686
1970-01-01 00:00:00.000020347,0.9769798328783686
1970-01-01 00:00:00.000020348,0.9769798328783686
1970-01-01 00:00:00.000020349,0.9769798328783686
1970-01-01 00:00:00.000020350,0.9769798328783686
1970-01-01 00:00:00.000020351,0.9769798328783686
1970-01-01 00:00:00.000020352,0.9769798328783686
1970-01-01 00:00:00.000020353,0.977149340007554
1970-01-01 00:00:00.000020354,0.9770516250735533
1970-01-01 00:00:00.000020355,0.9770516250735533
1970-01-01 00:00:00.000020356,0.9770516250735533
1970-01-01 00:00:00.000020357,0.9770516250735533
1970-01-01 00:00:00.000020358,0.9770516250735533
1970-01-01 00:00:00.000020359,0.9770516250735533
1970-01-01 00:00:00.000020360,0.9770516250735533
1970-01-01 00:00:00.000020361,0.9770516250735533
1970-01-01 00:00:00.000020362,0.9770516250735533
1970-01-01 00:00:00.000020363,0.9770516250735533
1970-01-01 00:00:00.000020364,0.9770516250735533
1970-01-01 00:00:00.000020365,0.9770516250735533
1970-01-01 00:00:00.000020366,0.9770516250735533
1970-01-01 00:00:00.000020367,0.9770516250735533
1970-01-01 00:00:00.000020368,0.9770516250735533
1970-01-01 00:00:00.000020369,0.9770516250735533
1970-01-01 00:00:00.000020370,0.9770516250735533
1970-01-01 00:00:00.000020371,0.9770516250735533
1970-01-01 00:00:00.000020372,0.9770516250735533
1970-01-01 00:00:00.000020373,0.9770516250735533
1970-01-01 00:00:00.000020374,0.9770516250735533
1970-01-01 00:00:00.000020375,0.9770516250735533
1970-01-01 00:00:00.000020376,0.9770516250735533
1970-01-01 00:00:00.000020377,0.9770516250735533
1970-01-01 00:00:00.000020378,0.9770516250735533
1970-01-01 00:00:00.000020379,0.9770516250735533
1970-01-01 00:00:00.000020380,0.9770516250735533
1970-01-01 00:00:00.000020381,0.9770516250735533
1970-01-01 00:00:00.000020382,0.9770516250735533
1970-01-01 00:00:00.000020383,0.9770516250735533
1970-01-01 00:00:00.000020384,0.9770516250735533
1970-01-01 00:00:00.000020385,0.9770516250735533
1970-01-01 00:00:00.000020386,0.9770516250735533
1970-01-01 00:00:00.000020387,0.9770516250735533
1970-01-01 00:00:00.000020388,0.9770516250735533
1970-01-01 00:00:00.000020389,0.9770516250735533
1970-01-01 00:00:00.000020390,0.9770516250735533
1970-01-01 00:00:00.000020391,0.9770516250735533
1970-01-01 00:00:00.000020392,0.9770516250735533
1970-01-01 00:00:00.000020393,0.9770516250735533
1970-01-01 00:00:00.000020394,0.9770516250735533
1970-01-01 00:00:00.000020395,0.9770516250735533
1970-01-01 00:00:00.000020396,0.9770516250735533
1970-01-01 00:00:00.000020397,0.9770516250735533
1970-01-01 00:00:00.000020398,0.9770516250735533
1970-01-01 00:00:00.000020399,0.9770516250735533
1970-01-01 00:00:00.000020400,0.9770516250735533
1970-01-01 00:00:00.000020401,0.9770516250735533
1970-01-01 00:00:00.000020402,0.9770516250735533
1970-01-01 00:00:00.000020403,0.9764819611556645
1970-01-01 00:00:00.000020404,0.976384312959549
1970-01-01 00:00:00.000020405,0.976384312959549
1970-01-01 00:00:00.000020406,0.976384312959549
1970-01-01 00:00:00.000020407,0.976384312959549
1970-01-01 00:00:00.000020408,0.976384312959549
1970-01-01 00:00:00.000020409,0.976384312959549
1970-01-01 00:00:00.000020410,0.976384312959549
1970-01-01 00:00:00.000020411,0.976384312959549
1970-01-01 00:00:00.000020412,0.976384312959549
1970-01-01 00:00:00.000020413,0.976384312959549
1970-01-01 00:00:00.000020414,0.976384312959549
1970-01-01 00:00:00.000020415,0.976384312959549
1970-01-01 00:00:00.000020416,0.976384312959549
1970-01-01 00:00:00.000020417,0.976384312959549
1970-01-01 00:00:00.000020418,0.976384312959549
1970-01-01 00:00:00.000020419,0.976384312959549
1970-01-01 00:00:00.000020420,0.976384312959549
1970-01-01 00:00:00.000020421,0.976384312959549
1970-01-01 00:00:00.000020422,0.976384312959549
1970-01-01 00:00:00.000020423,0.976384312959549
1970-01-01 00:00:00.000020424,0.976384312959549
1970-01-01 00:00:00.000020425,0.976384312959549
1970-01-01 00:00:00.000020426,0.976384312959549
1970-01-01 00:00:00.000020427,0.976384312959549
1970-01-01 00:00:00.000020428,0.976384312959549
1970-01-01 00:00:00.000020429,0.976384312959549
1970-01-01 00:00:00.000020430,0.976384312959549
1970-01-01 00:00:00.000020431,0.976384312959549
1970-01-01 00:00:00.000020432,0.976384312959549
1970-01-01 00:00:00.000020433,0.976384312959549
1970-01-01 00:00:00.000020434,0.976384312959549
1970-01-01 00:00:00.000020435,0.976384312959549
1970-01-01 00:00:00.000020436,0.976384312959549
1970-01-01 00:00:00.000020437,0.976384312959549
1970-01-01 00:00:00.000020438,0.976384312959549
1970-01-01 00:00:00.000020439,0.976384312959549
1970-01-01 00:00:00.000020440,0.976384312959549
1970-01-01 00:00:00.000020441,0.976384312959549
1970-01-01 00:00:00.000020442,0.976384312959549
1970-01-01 00:00:00.000020443,0.976384312959549
1970-01-01 00:00:00.000020444,0.976384312959549
1970-01-01 00:00:00.000020445,0.9766415396512428
1970-01-01 00:00:00.000020446,0.9768202278863389
1970-01-01 00:00:00.000020447,0.9770426228529621
1970-01-01 00:00:00.000020448,0.9771246962078408
1970-01-01 00:00:00.000020449,0.9769507729923472
1970-01-01 00:00:00.000020450,0.976853077915048
1970-01-01 00:00:00.000020451,0.976853077915048
1970-01-01 00:00:00.000020452,0.9766298337937879
1970-01-01 00:00:00.000020453,0.9769332166913263
1970-01-01 00:00:00.000020454,0.9770738087657953
1970-01-01 00:00:00.000020455,0.9772075767805094
1970-01-01 00:00:00.000020456,0.9772076589980968
1970-01-01 00:00:00.000020457,0.9772075767805094
1970-01-01 00:00:00.000020458,0.9770165031073713
1970-01-01 00:00:00.000020459,0.9770722466316344
1970-01-01 00:00:00.000020460,0.9771210016609679
1970-01-01 00:00:00.000020461,0.9774026791154303
1970-01-01 00:00:00.000020462,0.9776786013387742
1970-01-01 00:00:00.000020463,0.9780603375971132
1970-01-01 00:00:00.000020464,0.9776724350197186
1970-01-01 00:00:00.000020465,0.9775177015202153
1970-01-01 00:00:00.000020466,0.9778154936218099
1970-01-01 00:00:00.000020467,0.9774818546521051
1970-01-01 00:00:00.000020468,0.977354335174034
1970-01-01 00:00:00.000020469,0.9772565997405166
1970-01-01 00:00:00.000020470,0.9772565997405166
1970-01-01 00:00:00.000020471,0.9772565997405166
1970-01-01 00:00:00.000020472,0.9770372337301622
1970-01-01 00:00:00.000020473,0.976616637212793
1970-01-01 00:00:00.000020474,0.9774417009347933
1970-01-01 00:00:00.000020475,0.9773439567646999
1970-01-01 00:00:00.000020476,0.9773439567646999
1970-01-01 00:00:00.000020477,0.9773439567646999
1970-01-01 00:00:00.000020478,0.9773439567646999
1970-01-01 00:00:00.000020479,0.9773439567646999
1970-01-01 00:00:00.000020480,0.9773439567646999
1970-01-01 00:00:00.000020481,0.9773439567646999
1970-01-01 00:00:00.000020482,0.9773439567646999
1970-01-01 00:00:00.000020483,0.9773439567646999
1970-01-01 00:00:00.000020484,0.9773439567646999
1970-01-01 00:00:00.000020485,0.9773439567646999
1970-01-01 00:00:00.000020486,0.9773439567646999
1970-01-01 00:00:00.000020487,0.9773439567646999
1970-01-01 00:00:00.000020488,0.9773439567646999
1970-01-01 00:00:00.000020489,0.9773439567646999
1970-01-01 00:00:00.000020490,0.9773439567646999
1970-01-01 00:00:00.000020491,0.9773439567646999
1970-01-01 00:00:00.000020492,0.9775928670272569
1970-01-01 00:00:00.000020493,0.977272014127537
1970-01-01 00:00:00.000020494,0.9773264085278228
1970-01-01 00:00:00.000020495,0.9782276603764335
1970-01-01 00:00:00.000020496,0.97815870045595
1970-01-01 00:00:00.000020497,0.9774976562539877
1970-01-01 00:00:00.000020498,0.9773999064883623
1970-01-01 00:00:00.000020499,0.9773999064883623
1970-01-01 00:00:00.000020500,0.9773999064883623
1970-01-01 00:00:00.000020501,0.9773999064883623
1970-01-01 00:00:00.000020502,0.9773999064883623
1970-01-01 00:00:00.000020503,0.9773999064883623
1970-01-01 00:00:00.000020504,0.9773999064883623
1970-01-01 00:00:00.000020505,0.9773999064883623
1970-01-01 00:00:00.000020506,0.9773999064883623
1970-01-01 00:00:00.000020507,0.9773999064883623
1970-01-01 00:00:00.000020508,0.9773999064883623
1970-01-01 00:00:00.000020509,0.9774292078575968
1970-01-01 00:00:00.000020510,0.9771486416460516
1970-01-01 00:00:00.000020511,0.9770509267818871
1970-01-01 00:00:00.000020512,0.9770509267818871
1970-01-01 00:00:00.000020513,0.9770509267818871
1970-01-01 00:00:00.000020514,0.9770509267818871
1970-01-01 00:00:00.000020515,0.9770509267818871
1970-01-01 00:00:00.000020516,0.9774573412821472
1970-01-01 00:00:00.000020517,0.977359595548019
1970-01-01 00:00:00.000020518,0.977359595548019
1970-01-01 00:00:00.000020519,0.977359595548019
1970-01-01 00:00:00.000020520,0.977359595548019
1970-01-01 00:00:00.000020521,0.977359595548019
1970-01-01 00:00:00.000020522,0.977359595548019
1970-01-01 00:00:00.000020523,0.977359595548019
1970-01-01 00:00:00.000020524,0.977359595548019
1970-01-01 00:00:00.000020525,0.977359595548019
1970-01-01 00:00:00.000020526,0.977359595548019
1970-01-01 00:00:00.000020527,0.977359595548019
1970-01-01 00:00:00.000020528,0.977359595548019
1970-01-01 00:00:00.000020529,0.977359595548019
1970-01-01 00:00:00.000020530,0.977359595548019
1970-01-01 00:00:00.000020531,0.977359595548019
1970-01-01 00:00:00.000020532,0.977359595548019
1970-01-01 00:00:00.000020533,0.977359595548019
1970-01-01 00:00:00.000020534,0.977359595548019
1970-01-01 00:00:00.000020535,0.977359595548019
1970-01-01 00:00:00.000020536,0.9786803125158797
1970-01-01 00:00:00.000020537,0.9785824444846282
1970-01-01 00:00:00.000020538,0.9785824444846282
1970-01-01 00:00:00.000020539,0.9785824444846282
1970-01-01 00:00:00.000020540,0.9785824444846282
1970-01-01 00:00:00.000020541,0.9785824444846282
1970-01-01 00:00:00.000020542,0.9785824444846282
1970-01-01 00:00:00.000020543,0.9785824444846282
1970-01-01 00:00:00.000020544,0.9785824444846282
1970-01-01 00:00:00.000020545,0.9785824444846282
1970-01-01 00:00:00.000020546,0.9785824444846282
1970-01-01 00:00:00.000020547,0.9785824444846282
1970-01-01 00:00:00.000020548,0.9785824444846282
1970-01-01 00:00:00.000020549,0.9785824444846282
1970-01-01 00:00:00.000020550,0.9785824444846282
1970-01-01 00:00:00.000020551,0.9785824444846282
1970-01-01 00:00:00.000020552,0.9785824444846282
1970-01-01 00:00:00.000020553,0.9785824444846282
1970-01-01 00:00:00.000020554,0.9785824444846282
1970-01-01 00:00:00.000020555,0.9785824444846282
1970-01-01 00:00:00.000020556,0.9784503362320299
1970-01-01 00:00:00.000020557,0.9783524911984067
1970-01-01 00:00:00.000020558,0.9783524911984067
1970-01-01 00:00:00.000020559,0.9782136052482358
1970-01-01 00:00:00.000020560,0.9781157838877109
1970-01-01 00:00:00.000020561,0.9781157838877109
1970-01-01 00:00:00.000020562,0.9781157838877109
1970-01-01 00:00:00.000020563,0.9781157838877109
1970-01-01 00:00:00.000020564,0.9781157838877109
1970-01-01 00:00:00.000020565,0.9781157838877109
1970-01-01 00:00:00.000020566,0.9781157838877109
1970-01-01 00:00:00.000020567,0.9781157838877109
1970-01-01 00:00:00.000020568,0.9781157838877109
1970-01-01 00:00:00.000020569,0.9781157838877109
1970-01-01 00:00:00.000020570,0.9781157838877109
1970-01-01 00:00:00.000020571,0.9781157838877109
1970-01-01 00:00:00.000020572,0.9781157838877109
1970-01-01 00:00:00.000020573,0.9781157838877109
1970-01-01 00:00:00.000020574,0.9781157838877109
1970-01-01 00:00:00.000020575,0.9781157838877109
1970-01-01 00:00:00.000020576,0.9781157838877109
1970-01-01 00:00:00.000020577,0.9781157838877109
1970-01-01 00:00:00.000020578,0.9781157838877109
1970-01-01 00:00:00.000020579,0.9781157838877109
1970-01-01 00:00:00.000020580,0.9781157838877109
1970-01-01 00:00:00.000020581,0.9781157838877109
1970-01-01 00:00:00.000020582,0.9781157838877109
1970-01-01 00:00:00.000020583,0.9781157838877109
1970-01-01 00:00:00.000020584,0.9781157838877109
1970-01-01 00:00:00.000020585,0.9781157838877109
1970-01-01 00:00:00.000020586,0.9781157838877109
1970-01-01 00:00:00.000020587,0.9781157838877109
1970-01-01 00:00:00.000020588,0.9781157838877109
1970-01-01 00:00:00.000020589,0.9781157838877109
1970-01-01 00:00:00.000020590,0.9781157838877109
1970-01-01 00:00:00.000020591,0.9781157838877109
1970-01-01 00:00:00.000020592,0.9781157838877109
1970-01-01 00:00:00.000020593,0.9780179723093222
1970-01-01 00:00:00.000020594,0.9779201705120912
1970-01-01 00:00:00.000020595,0.9779201705120912
1970-01-01 00:00:00.000020596,0.9779201705120912
1970-01-01 00:00:00.000020597,0.9779201705120912
1970-01-01 00:00:00.000020598,0.9779201705120912
1970-01-01 00:00:00.000020599,0.9779201705120912
1970-01-01 00:00:00.000020600,0.9779201705120912
1970-01-01 00:00:00.000020601,0.9779201705120912
1970-01-01 00:00:00.000020602,0.9779201705120912
1970-01-01 00:00:00.000020603,0.9779201705120912
1970-01-01 00:00:00.000020604,0.9779201705120912
1970-01-01 00:00:00.000020605,0.9774831329205824
1970-01-01 00:00:00.000020606,0.9780584681098682
1970-01-01 00:00:00.000020607,0.9779606622630572
1970-01-01 00:00:00.000020608,0.9779606622630572
1970-01-01 00:00:00.000020609,0.9779606622630572
1970-01-01 00:00:00.000020610,0.9773063829326306
1970-01-01 00:00:00.000020611,0.9772086522943374
1970-01-01 00:00:00.000020612,0.9772086522943374
1970-01-01 00:00:00.000020613,0.9772086522943374
1970-01-01 00:00:00.000020614,0.9772086522943374
1970-01-01 00:00:00.000020615,0.9772086522943374
1970-01-01 00:00:00.000020616,0.9772086522943374
1970-01-01 00:00:00.000020617,0.9772086522943374
1970-01-01 00:00:00.000020618,0.9772086522943374
1970-01-01 00:00:00.000020619,0.9772086522943374
1970-01-01 00:00:00.000020620,0.9772086522943374
1970-01-01 00:00:00.000020621,0.9772086522943374
1970-01-01 00:00:00.000020622,0.9772086522943374
1970-01-01 00:00:00.000020623,0.9772086522943374
1970-01-01 00:00:00.000020624,0.9772086522943374
1970-01-01 00:00:00.000020625,0.9772086522943374
1970-01-01 00:00:00.000020626,0.9768645557341402
1970-01-01 00:00:00.000020627,0.976852715096166
1970-01-01 00:00:00.000020628,0.9767550298246565
1970-01-01 00:00:00.000020629,0.9767550298246565
1970-01-01 00:00:00.000020630,0.9767550298246565
1970-01-01 00:00:00.000020631,0.9767550298246565
1970-01-01 00:00:00.000020632,0.9767550298246565
1970-01-01 00:00:00.000020633,0.9767550298246565
1970-01-01 00:00:00.000020634,0.9767550298246565
1970-01-01 00:00:00.000020635,0.976739895237342
1970-01-01 00:00:00.000020636,0.9766422212478182
1970-01-01 00:00:00.000020637,0.9766422212478182
1970-01-01 00:00:00.000020638,0.9766422212478182
1970-01-01 00:00:00.000020639,0.9766422212478182
1970-01-01 00:00:00.000020640,0.9766422212478182
1970-01-01 00:00:00.000020641,0.9766422212478182
1970-01-01 00:00:00.000020642,0.9766422212478182
1970-01-01 00:00:00.000020643,0.9766422212478182
1970-01-01 00:00:00.000020644,0.9766422212478182
1970-01-01 00:00:00.000020645,0.9766422212478182
1970-01-01 00:00:00.000020646,0.9766422212478182
1970-01-01 00:00:00.000020647,0.9766422212478182
1970-01-01 00:00:00.000020648,0.9766422212478182
1970-01-01 00:00:00.000020649,0.9766422212478182
1970-01-01 00:00:00.000020650,0.9766422212478182
1970-01-01 00:00:00.000020651,0.9766422212478182
1970-01-01 00:00:00.000020652,0.9766422212478182
1970-01-01 00:00:00.000020653,0.9766422212478182
1970-01-01 00:00:00.000020654,0.9766422212478182
1970-01-01 00:00:00.000020655,0.9766422212478182
1970-01-01 00:00:00.000020656,0.9766422212478182
1970-01-01 00:00:00.000020657,0.9766422212478182
1970-01-01 00:00:00.000020658,0.9766422212478182
1970-01-01 00:00:00.000020659,0.9766422212478182
1970-01-01 00:00:00.000020660,0.9766422212478182
1970-01-01 00:00:00.000020661,0.9766422212478182
1970-01-01 00:00:00.000020662,0.9766422212478182
1970-01-01 00:00:00.000020663,0.9766422212478182
1970-01-01 00:00:00.000020664,0.9766422212478182
1970-01-01 00:00:00.000020665,0.9766422212478182
1970-01-01 00:00:00.000020666,0.9766422212478182
1970-01-01 00:00:00.000020667,0.9766422212478182
1970-01-01 00:00:00.000020668,0.9766422212478182
1970-01-01 00:00:00.000020669,0.9766422212478182
1970-01-01 00:00:00.000020670,0.9766422212478182
1970-01-01 00:00:00.000020671,0.9766366295977117
1970-01-01 00:00:00.000020672,0.976538965934752
1970-01-01 00:00:00.000020673,0.9767489594475786
1970-01-01 00:00:00.000020674,0.9768345542735808
1970-01-01 00:00:00.000020675,0.9767368708181534
1970-01-01 00:00:00.000020676,0.9763892426036596
1970-01-01 00:00:00.000020677,0.9762916036793992
1970-01-01 00:00:00.000020678,0.9762916036793992
1970-01-01 00:00:00.000020679,0.9762916036793992
1970-01-01 00:00:00.000020680,0.9762916036793992
1970-01-01 00:00:00.000020681,0.9762916036793992
1970-01-01 00:00:00.000020682,0.9762916036793992
1970-01-01 00:00:00.000020683,0.9762916036793992
1970-01-01 00:00:00.000020684,0.9762916036793992
1970-01-01 00:00:00.000020685,0.9762916036793992
1970-01-01 00:00:00.000020686,0.9762916036793992
1970-01-01 00:00:00.000020687,0.9762916036793992
1970-01-01 00:00:00.000020688,0.9762916036793992
1970-01-01 00:00:00.000020689,0.9762916036793992
1970-01-01 00:00:00.000020690,0.9755950269923626
1970-01-01 00:00:00.000020691,0.9754974674896634
1970-01-01 00:00:00.000020692,0.9754895765394144
1970-01-01 00:00:00.000020693,0.9758536713260393
1970-01-01 00:00:00.000020694,0.9758538353696465
1970-01-01 00:00:00.000020695,0.9755474839328266
1970-01-01 00:00:00.000020696,0.9755475659546302
1970-01-01 00:00:00.000020697,0.9754391331301386
1970-01-01 00:00:00.000020698,0.9750647035962476
1970-01-01 00:00:00.000020699,0.9753211857764179
1970-01-01 00:00:00.000020700,0.9749570909897931
1970-01-01 00:00:00.000020701,0.9750259072830976
1970-01-01 00:00:00.000020702,0.97582775243607
1970-01-01 00:00:00.000020703,0.9760378102753461
1970-01-01 00:00:00.000020704,0.9761125321385168
1970-01-01 00:00:00.000020705,0.9764208520986256
1970-01-01 00:00:00.000020706,0.9758664667274165
1970-01-01 00:00:00.000020707,0.9761345960037122
1970-01-01 00:00:00.000020708,0.9760647134269598
1970-01-01 00:00:00.000020709,0.9760806256568777
1970-01-01 00:00:00.000020710,0.9757488474609107
1970-01-01 00:00:00.000020711,0.9756512725761647
1970-01-01 00:00:00.000020712,0.9756512725761647
1970-01-01 00:00:00.000020713,0.9756512725761647
1970-01-01 00:00:00.000020714,0.9756512725761647
1970-01-01 00:00:00.000020715,0.9756512725761647
1970-01-01 00:00:00.000020716,0.975388433498586
1970-01-01 00:00:00.000020717,0.9750922994225013
1970-01-01 00:00:00.000020718,0.9750680113408938
1970-01-01 00:00:00.000020719,0.9751563838540397
1970-01-01 00:00:00.000020720,0.9750607085055457
1970-01-01 00:00:00.000020721,0.9749632024346951
1970-01-01 00:00:00.000020722,0.9749632024346951
1970-01-01 00:00:00.000020723,0.9749632024346951
1970-01-01 00:00:00.000020724,0.9749632024346951
1970-01-01 00:00:00.000020725,0.9749632024346951
1970-01-01 00:00:00.000020726,0.9749632024346951
1970-01-01 00:00:00.000020727,0.9749632024346951
1970-01-01 00:00:00.000020728,0.9749632024346951
1970-01-01 00:00:00.000020729,0.9749632024346951
1970-01-01 00:00:00.000020730,0.9749632024346951
1970-01-01 00:00:00.000020731,0.9749632024346951
1970-01-01 00:00:00.000020732,0.9749632024346951
1970-01-01 00:00:00.000020733,0.9749632024346951
1970-01-01 00:00:00.000020734,0.9749632024346951
1970-01-01 00:00:00.000020735,0.9749632024346951
1970-01-01 00:00:00.000020736,0.9749632024346951
1970-01-01 00:00:00.000020737,0.9749632024346951
1970-01-01 00:00:00.000020738,0.9749632024346951
1970-01-01 00:00:00.000020739,0.9749632024346951
1970-01-01 00:00:00.000020740,0.9749632024346951
1970-01-01 00:00:00.000020741,0.9749632024346951
1970-01-01 00:00:00.000020742,0.9749632024346951
1970-01-01 00:00:00.000020743,0.9749632024346951
1970-01-01 00:00:00.000020744,0.9749632024346951
1970-01-01 00:00:00.000020745,0.9749632024346951
1970-01-01 00:00:00.000020746,0.9749632024346951
1970-01-01 00:00:00.000020747,0.9749632024346951
1970-01-01 00:00:00.000020748,0.9749632024346951
1970-01-01 00:00:00.000020749,0.9749632024346951
1970-01-01 00:00:00.000020750,0.9745951815114707
1970-01-01 00:00:00.000020751,0.9744977219933196
1970-01-01 00:00:00.000020752,0.9744977219933196
1970-01-01 00:00:00.000020753,0.974151221605462
1970-01-01 00:00:00.000020754,0.9737292317547683
1970-01-01 00:00:00.000020755,0.9732433239391337
1970-01-01 00:00:00.000020756,0.9731459996067398
1970-01-01 00:00:00.000020757,0.9731459996067398
1970-01-01 00:00:00.000020758,0.9731459996067398
1970-01-01 00:00:00.000020759,0.9731459996067398
1970-01-01 00:00:00.000020760,0.9731459996067398
1970-01-01 00:00:00.000020761,0.9731459996067398
1970-01-01 00:00:00.000020762,0.9731459996067398
1970-01-01 00:00:00.000020763,0.9731459996067398
1970-01-01 00:00:00.000020764,0.9731459996067398
1970-01-01 00:00:00.000020765,0.9731459996067398
1970-01-01 00:00:00.000020766,0.9731459996067398
1970-01-01 00:00:00.000020767,0.9731459996067398
1970-01-01 00:00:00.000020768,0.9731459996067398
1970-01-01 00:00:00.000020769,0.9731459996067398
1970-01-01 00:00:00.000020770,0.9731459996067398
1970-01-01 00:00:00.000020771,0.9731459996067398
1970-01-01 00:00:00.000020772,0.9731459996067398
1970-01-01 00:00:00.000020773,0.9731459996067398
1970-01-01 00:00:00.000020774,0.9731459996067398
1970-01-01 00:00:00.000020775,0.9731459996067398
1970-01-01 00:00:00.000020776,0.9731459996067398
1970-01-01 00:00:00.000020777,0.9731459996067398
1970-01-01 00:00:00.000020778,0.9731459996067398
1970-01-01 00:00:00.000020779,0.9731459996067398
1970-01-01 00:00:00.000020780,0.9732227199662388
1970-01-01 00:00:00.000020781,0.9731253976942421
1970-01-01 00:00:00.000020782,0.9731253976942421
1970-01-01 00:00:00.000020783,0.9731253976942421
1970-01-01 00:00:00.000020784,0.9731253976942421
1970-01-01 00:00:00.000020785,0.9731253976942421
1970-01-01 00:00:00.000020786,0.9731253976942421
1970-01-01 00:00:00.000020787,0.9731253976942421
1970-01-01 00:00:00.000020788,0.9731253976942421
1970-01-01 00:00:00.000020789,0.9731253976942421
1970-01-01 00:00:00.000020790,0.9731253976942421
1970-01-01 00:00:00.000020791,0.9731253976942421
1970-01-01 00:00:00.000020792,0.9731253976942421
1970-01-01 00:00:00.000020793,0.9731253976942421
1970-01-01 00:00:00.000020794,0.9731253976942421
1970-01-01 00:00:00.000020795,0.9731253976942421
1970-01-01 00:00:00.000020796,0.9731253976942421
1970-01-01 00:00:00.000020797,0.9731253976942421
1970-01-01 00:00:00.000020798,0.9731253976942421
1970-01-01 00:00:00.000020799,0.9731253976942421
1970-01-01 00:00:00.000020800,0.9731253976942421
1970-01-01 00:00:00.000020801,0.9731253976942421
1970-01-01 00:00:00.000020802,0.9731253976942421
1970-01-01 00:00:00.000020803,0.9731253976942421
1970-01-01 00:00:00.000020804,0.9731253976942421
1970-01-01 00:00:00.000020805,0.9731253976942421
1970-01-01 00:00:00.000020806,0.9731253976942421
1970-01-01 00:00:00.000020807,0.9731253976942421
1970-01-01 00:00:00.000020808,0.9731253976942421
1970-01-01 00:00:00.000020809,0.9731253976942421
1970-01-01 00:00:00.000020810,0.9731253976942421
1970-01-01 00:00:00.000020811,0.9731253976942421
1970-01-01 00:00:00.000020812,0.9731253976942421
1970-01-01 00:00:00.000020813,0.9731253976942421
1970-01-01 00:00:00.000020814,0.9731253976942421
1970-01-01 00:00:00.000020815,0.9731253976942421
1970-01-01 00:00:00.000020816,0.9731253976942421
1970-01-01 00:00:00.000020817,0.9731253976942421
1970-01-01 00:00:00.000020818,0.9731253976942421
1970-01-01 00:00:00.000020819,0.9731253976942421
1970-01-01 00:00:00.000020820,0.9731253976942421
1970-01-01 00:00:00.000020821,0.9731253976942421
1970-01-01 00:00:00.000020822,0.9731253976942421
1970-01-01 00:00:00.000020823,0.9731253976942421
1970-01-01 00:00:00.000020824,0.9731253976942421
1970-01-01 00:00:00.000020825,0.9731253976942421
1970-01-01 00:00:00.000020826,0.9731253976942421
1970-01-01 00:00:00.000020827,0.9731253976942421
1970-01-01 00:00:00.000020828,0.9731253976942421
1970-01-01 00:00:00.000020829,0.9731253976942421
1970-01-01 00:00:00.000020830,0.9731253976942421
1970-01-01 00:00:00.000020831,0.9731253976942421
1970-01-01 00:00:00.000020832,0.9731253976942421
1970-01-01 00:00:00.000020833,0.9731253976942421
1970-01-01 00:00:00.000020834,0.9731253976942421
1970-01-01 00:00:00.000020835,0.9731253976942421
1970-01-01 00:00:00.000020836,0.9731253976942421
1970-01-01 00:00:00.000020837,0.9731253976942421
1970-01-01 00:00:00.000020838,0.9731253976942421
1970-01-01 00:00:00.000020839,0.9731253976942421
1970-01-01 00:00:00.000020840,0.9731253976942421
1970-01-01 00:00:00.000020841,0.9731253976942421
1970-01-01 00:00:00.000020842,0.9731253976942421
1970-01-01 00:00:00.000020843,0.9731253976942421
1970-01-01 00:00:00.000020844,0.9731253976942421
1970-01-01 00:00:00.000020845,0.9731253976942421
1970-01-01 00:00:00.000020846,0.9731253976942421
1970-01-01 00:00:00.000020847,0.9731253976942421
1970-01-01 00:00:00.000020848,0.9731253976942421
1970-01-01 00:00:00.000020849,0.9731253976942421
1970-01-01 00:00:00.000020850,0.9731253976942421
1970-01-01 00:00:00.000020851,0.9731228335524379
1970-01-01 00:00:00.000020852,0.9730255212690827
1970-01-01 00:00:00.000020853,0.97276503528552
1970-01-01 00:00:00.000020854,0.9726677587819915
1970-01-01 00:00:00.000020855,0.9726677587819915
1970-01-01 00:00:00.000020856,0.9726677587819915
1970-01-01 00:00:00.000020857,0.9726677587819915
1970-01-01 00:00:00.000020858,0.9726677587819915
1970-01-01 00:00:00.000020859,0.9726677587819915
1970-01-01 00:00:00.000020860,0.9726677587819915
1970-01-01 00:00:00.000020861,0.9726677587819915
1970-01-01 00:00:00.000020862,0.9726700690678488
1970-01-01 00:00:00.000020863,0.972528845503756
1970-01-01 00:00:00.000020864,0.9724315926192056
1970-01-01 00:00:00.000020865,0.9724315926192056
1970-01-01 00:00:00.000020866,0.9724315926192056
1970-01-01 00:00:00.000020867,0.9724315926192056
1970-01-01 00:00:00.000020868,0.9724315926192056
1970-01-01 00:00:00.000020869,0.9724315926192056
1970-01-01 00:00:00.000020870,0.9724315926192056
1970-01-01 00:00:00.000020871,0.9724315926192056
1970-01-01 00:00:00.000020872,0.9724315926192056
1970-01-01 00:00:00.000020873,0.9722083885643074
1970-01-01 00:00:00.000020874,0.9721111677254509
1970-01-01 00:00:00.000020875,0.9717348968483469
1970-01-01 00:00:00.000020876,0.971637723358662
1970-01-01 00:00:00.000020877,0.9715088050869277
1970-01-01 00:00:00.000020878,0.9714116542064191
1970-01-01 00:00:00.000020879,0.9714116542064191
1970-01-01 00:00:00.000020880,0.9714116542064191
1970-01-01 00:00:00.000020881,0.9714116542064191
1970-01-01 00:00:00.000020882,0.9714116542064191
1970-01-01 00:00:00.000020883,0.9714116542064191
1970-01-01 00:00:00.000020884,0.9714116542064191
1970-01-01 00:00:00.000020885,0.971157504240364
1970-01-01 00:00:00.000020886,0.9710603884899399
1970-01-01 00:00:00.000020887,0.9710603884899399
1970-01-01 00:00:00.000020888,0.9710603884899399
1970-01-01 00:00:00.000020889,0.9710603884899399
1970-01-01 00:00:00.000020890,0.9710603884899399
1970-01-01 00:00:00.000020891,0.9710603884899399
1970-01-01 00:00:00.000020892,0.9710603884899399
1970-01-01 00:00:00.000020893,0.9710283546795133
1970-01-01 00:00:00.000020894,0.9709312518440454
1970-01-01 00:00:00.000020895,0.9709312518440454
1970-01-01 00:00:00.000020896,0.9709312518440454
1970-01-01 00:00:00.000020897,0.9709312518440454
1970-01-01 00:00:00.000020898,0.9709312518440454
1970-01-01 00:00:00.000020899,0.9709312518440454
1970-01-01 00:00:00.000020900,0.9711620737817528
1970-01-01 00:00:00.000020901,0.9710649575743746
1970-01-01 00:00:00.000020902,0.9710649575743746
1970-01-01 00:00:00.000020903,0.9711648068322988
1970-01-01 00:00:00.000020904,0.9710676903516156
1970-01-01 00:00:00.000020905,0.9710676903516156
1970-01-01 00:00:00.000020906,0.9710676903516156
1970-01-01 00:00:00.000020907,0.9710676903516156
1970-01-01 00:00:00.000020908,0.9710676903516156
1970-01-01 00:00:00.000020909,0.9710676903516156
1970-01-01 00:00:00.000020910,0.9695573075088258
1970-01-01 00:00:00.000020911,0.9700690398020606
1970-01-01 00:00:00.000020912,0.9699429821020382
1970-01-01 00:00:00.000020913,0.9695281169159358
1970-01-01 00:00:00.000020914,0.9690889534150812
1970-01-01 00:00:00.000020915,0.9688917946061198
1970-01-01 00:00:00.000020916,0.9680988378579188
1970-01-01 00:00:00.000020917,0.9675785440779423
1970-01-01 00:00:00.000020918,0.9680567642659319
1970-01-01 00:00:00.000020919,0.9677691798493864
1970-01-01 00:00:00.000020920,0.9682435677528345
1970-01-01 00:00:00.000020921,0.9670655071772039
1970-01-01 00:00:00.000020922,0.9667140785309576
1970-01-01 00:00:00.000020923,0.9673781237502221
1970-01-01 00:00:00.000020924,0.9681109870152947
1970-01-01 00:00:00.000020925,0.9680104506995588
1970-01-01 00:00:00.000020926,0.9680567642659319
1970-01-01 00:00:00.000020927,0.9683448379102911
1970-01-01 00:00:00.000020928,0.9679527218175303
1970-01-01 00:00:00.000020929,0.9678231579848423
1970-01-01 00:00:00.000020930,0.968056764265932
1970-01-01 00:00:00.000020931,0.9675487011813007
1970-01-01 00:00:00.000020932,0.9668229317195283
1970-01-01 00:00:00.000020933,0.967498881482262
1970-01-01 00:00:00.000020934,0.9674021315941138
1970-01-01 00:00:00.000020935,0.9674021315941138
1970-01-01 00:00:00.000020936,0.967368543053123
1970-01-01 00:00:00.000020937,0.9672718061988177
1970-01-01 00:00:00.000020938,0.9672718061988177
1970-01-01 00:00:00.000020939,0.9672718061988177
1970-01-01 00:00:00.000020940,0.9672718061988177
1970-01-01 00:00:00.000020941,0.9672718061988177
1970-01-01 00:00:00.000020942,0.9672718061988177
1970-01-01 00:00:00.000020943,0.9672718061988177
1970-01-01 00:00:00.000020944,0.9672718061988177
1970-01-01 00:00:00.000020945,0.9674022303456449
1970-01-01 00:00:00.000020946,0.9673544738440513
1970-01-01 00:00:00.000020947,0.9666750438887852
1970-01-01 00:00:00.000020948,0.9663026083729443
1970-01-01 00:00:00.000020949,0.9662059781121071
1970-01-01 00:00:00.000020950,0.9662059781121071
1970-01-01 00:00:00.000020951,0.9654173857696001
1970-01-01 00:00:00.000020952,0.9655365218390725
1970-01-01 00:00:00.000020953,0.9661346485122965
1970-01-01 00:00:00.000020954,0.965874359440595
1970-01-01 00:00:00.000020955,0.9667295134177046
1970-01-01 00:00:00.000020956,0.9666328404663629
1970-01-01 00:00:00.000020957,0.9666328404663629
1970-01-01 00:00:00.000020958,0.9666328404663629
1970-01-01 00:00:00.000020959,0.967106794601779
1970-01-01 00:00:00.000020960,0.9669558574452185
1970-01-01 00:00:00.000020961,0.9668329712783159
1970-01-01 00:00:00.000020962,0.9666481935383017
1970-01-01 00:00:00.000020963,0.9664052752296071
1970-01-01 00:00:00.000020964,0.9663086347020842
1970-01-01 00:00:00.000020965,0.9663086347020842
1970-01-01 00:00:00.000020966,0.9663086347020842
1970-01-01 00:00:00.000020967,0.9663086347020842
1970-01-01 00:00:00.000020968,0.9663086347020842
1970-01-01 00:00:00.000020969,0.9663086347020842
1970-01-01 00:00:00.000020970,0.9663086347020842
1970-01-01 00:00:00.000020971,0.9663086347020842
1970-01-01 00:00:00.000020972,0.9663086347020842
1970-01-01 00:00:00.000020973,0.9663086347020842
1970-01-01 00:00:00.000020974,0.9663086347020842
1970-01-01 00:00:00.000020975,0.9663086347020842
1970-01-01 00:00:00.000020976,0.9663086347020842
1970-01-01 00:00:00.000020977,0.9663086347020842
1970-01-01 00:00:00.000020978,0.9663086347020842
1970-01-01 00:00:00.000020979,0.9663086347020842
1970-01-01 00:00:00.000020980,0.9663086347020842
1970-01-01 00:00:00.000020981,0.9663086347020842
1970-01-01 00:00:00.000020982,0.9680875250907504
1970-01-01 00:00:00.000020983,0.9679907163382413
1970-01-01 00:00:00.000020984,0.9679907163382413
1970-01-01 00:00:00.000020985,0.9679907163382413
1970-01-01 00:00:00.000020986,0.9679907163382413
1970-01-01 00:00:00.000020987,0.9679907163382413
1970-01-01 00:00:00.000020988,0.9679907163382413
1970-01-01 00:00:00.000020989,0.9679907163382413
1970-01-01 00:00:00.000020990,0.9679907163382413
1970-01-01 00:00:00.000020991,0.9679907163382413
1970-01-01 00:00:00.000020992,0.9679907163382413
1970-01-01 00:00:00.000020993,0.9679907163382413
1970-01-01 00:00:00.000020994,0.9679907163382413
1970-01-01 00:00:00.000020995,0.9679907163382413
1970-01-01 00:00:00.000020996,0.9679907163382413
1970-01-01 00:00:00.000020997,0.9679907163382413
1970-01-01 00:00:00.000020998,0.9679907163382413
1970-01-01 00:00:00.000020999,0.9679907163382413
1970-01-01 00:00:00.000021000,0.9679907163382413
1970-01-01 00:00:00.000021001,0.9679907163382413
1970-01-01 00:00:00.000021002,0.9679907163382413
1970-01-01 00:00:00.000021003,0.9679907163382413
1970-01-01 00:00:00.000021004,0.9679318804585725
1970-01-01 00:00:00.000021005,0.9676764948907522
1970-01-01 00:00:00.000021006,0.9675797272412632
1970-01-01 00:00:00.000021007,0.9675797272412632
1970-01-01 00:00:00.000021008,0.9675797272412632
1970-01-01 00:00:00.000021009,0.9675797272412632
1970-01-01 00:00:00.000021010,0.9675797272412632
1970-01-01 00:00:00.000021011,0.9675797272412632
1970-01-01 00:00:00.000021012,0.9675797272412632
1970-01-01 00:00:00.000021013,0.9675797272412632
1970-01-01 00:00:00.000021014,0.9675797272412632
1970-01-01 00:00:00.000021015,0.9675797272412632
1970-01-01 00:00:00.000021016,0.9675797272412632
1970-01-01 00:00:00.000021017,0.9675797272412632
1970-01-01 00:00:00.000021018,0.9675797272412632
1970-01-01 00:00:00.000021019,0.9675797272412632
1970-01-01 00:00:00.000021020,0.9675797272412632
1970-01-01 00:00:00.000021021,0.9675797272412632
1970-01-01 00:00:00.000021022,0.9675797272412632
1970-01-01 00:00:00.000021023,0.9675797272412632
1970-01-01 00:00:00.000021024,0.9675797272412632
1970-01-01 00:00:00.000021025,0.9675797272412632
1970-01-01 00:00:00.000021026,0.9675797272412632
1970-01-01 00:00:00.000021027,0.9675797272412632
1970-01-01 00:00:00.000021028,0.9675797272412632
1970-01-01 00:00:00.000021029,0.9675797272412632
1970-01-01 00:00:00.000021030,0.9675797272412632
1970-01-01 00:00:00.000021031,0.9675797272412632
1970-01-01 00:00:00.000021032,0.9675797272412632
1970-01-01 00:00:00.000021033,0.9675797272412632
1970-01-01 00:00:00.000021034,0.9675797272412632
1970-01-01 00:00:00.000021035,0.9675797272412632
1970-01-01 00:00:00.000021036,0.9675797272412632
1970-01-01 00:00:00.000021037,0.9675797272412632
1970-01-01 00:00:00.000021038,0.9675797272412632
1970-01-01 00:00:00.000021039,0.9670793868908855
1970-01-01 00:00:00.000021040,0.9662933001931862
1970-01-01 00:00:00.000021041,0.9661966708631669
1970-01-01 00:00:00.000021042,0.9661966708631669
1970-01-01 00:00:00.000021043,0.9661966708631669
1970-01-01 00:00:00.000021044,0.9661966708631669
1970-01-01 00:00:00.000021045,0.9661966708631669
1970-01-01 00:00:00.000021046,0.9661966708631669
1970-01-01 00:00:00.000021047,0.9665385090934259
1970-01-01 00:00:00.000021048,0.9672146889340455
1970-01-01 00:00:00.000021049,0.9669742072526567
1970-01-01 00:00:00.000021050,0.9665025438316986
1970-01-01 00:00:00.000021051,0.9659856975075638
1970-01-01 00:00:00.000021052,0.9664962890035721
1970-01-01 00:00:00.000021053,0.9657783005749493
1970-01-01 00:00:00.000021054,0.9654886855726196
1970-01-01 00:00:00.000021055,0.9654713201945316
1970-01-01 00:00:00.000021056,0.9662587701355064
1970-01-01 00:00:00.000021057,0.9663088087605182
1970-01-01 00:00:00.000021058,0.9662063447997622
1970-01-01 00:00:00.000021059,0.9661097241652822
1970-01-01 00:00:00.000021060,0.9661097241652822
1970-01-01 00:00:00.000021061,0.9661097241652822
1970-01-01 00:00:00.000021062,0.9661097241652822
1970-01-01 00:00:00.000021063,0.9661097241652822
1970-01-01 00:00:00.000021064,0.9661097241652822
1970-01-01 00:00:00.000021065,0.9661097241652822
1970-01-01 00:00:00.000021066,0.9661097241652822
1970-01-01 00:00:00.000021067,0.9661097241652822
1970-01-01 00:00:00.000021068,0.9661097241652822
1970-01-01 00:00:00.000021069,0.9669707875587973
1970-01-01 00:00:00.000021070,0.9694783663035655
1970-01-01 00:00:00.000021071,0.9686365651788945
1970-01-01 00:00:00.000021072,0.9688880079812545
1970-01-01 00:00:00.000021073,0.9684054226487306
1970-01-01 00:00:00.000021074,0.9694618620172278
1970-01-01 00:00:00.000021075,0.9690187219290518
1970-01-01 00:00:00.000021076,0.969089030188852
1970-01-01 00:00:00.000021077,0.9702705720477913
1970-01-01 00:00:00.000021078,0.9698775224686512
1970-01-01 00:00:00.000021079,0.9688257868217603
1970-01-01 00:00:00.000021080,0.9678774505287773
1970-01-01 00:00:00.000021081,0.9670192276391998
1970-01-01 00:00:00.000021082,0.9681169277235422
1970-01-01 00:00:00.000021083,0.9679764762468056
1970-01-01 00:00:00.000021084,0.9680664246073479
1970-01-01 00:00:00.000021085,0.9675453017662246
1970-01-01 00:00:00.000021086,0.9665500933000415
1970-01-01 00:00:00.000021087,0.9655237742541111
1970-01-01 00:00:00.000021088,0.9660508386383161
1970-01-01 00:00:00.000021089,0.9664853964975965
1970-01-01 00:00:00.000021090,0.9683514536324056
1970-01-01 00:00:00.000021091,0.9681625620752669
1970-01-01 00:00:00.000021092,0.9685436460468119
1970-01-01 00:00:00.000021093,0.9677303973375055
1970-01-01 00:00:00.000021094,0.9676363229053787
1970-01-01 00:00:00.000021095,0.9675395592730882
1970-01-01 00:00:00.000021096,0.9675395592730882
1970-01-01 00:00:00.000021097,0.9675395592730882
1970-01-01 00:00:00.000021098,0.9675395592730882
1970-01-01 00:00:00.000021099,0.9672979149970239
1970-01-01 00:00:00.000021100,0.9683648255342827
1970-01-01 00:00:00.000021101,0.9682679890517293
1970-01-01 00:00:00.000021102,0.9682679890517293
1970-01-01 00:00:00.000021103,0.9682679890517293
1970-01-01 00:00:00.000021104,0.9682679890517293
1970-01-01 00:00:00.000021105,0.9682679890517293
1970-01-01 00:00:00.000021106,0.9682679890517293
1970-01-01 00:00:00.000021107,0.9682679890517293
1970-01-01 00:00:00.000021108,0.9682679890517293
1970-01-01 00:00:00.000021109,0.9682679890517293
1970-01-01 00:00:00.000021110,0.9682679890517293
1970-01-01 00:00:00.000021111,0.9682679890517293
1970-01-01 00:00:00.000021112,0.9682679890517293
1970-01-01 00:00:00.000021113,0.9682679890517293
1970-01-01 00:00:00.000021114,0.9682679890517293
1970-01-01 00:00:00.000021115,0.9682679890517293
1970-01-01 00:00:00.000021116,0.9682679890517293
1970-01-01 00:00:00.000021117,0.9682679890517293
1970-01-01 00:00:00.000021118,0.9682679890517293
1970-01-01 00:00:00.000021119,0.9682679890517293
1970-01-01 00:00:00.000021120,0.9682679890517293
1970-01-01 00:00:00.000021121,0.9682679890517293
1970-01-01 00:00:00.000021122,0.9682679890517293
1970-01-01 00:00:00.000021123,0.9682679890517293
1970-01-01 00:00:00.000021124,0.9682679890517293
1970-01-01 00:00:00.000021125,0.9682679890517293
1970-01-01 00:00:00.000021126,0.9682679890517293
1970-01-01 00:00:00.000021127,0.9682679890517293
1970-01-01 00:00:00.000021128,0.9682679890517293
1970-01-01 00:00:00.000021129,0.9682679890517293
1970-01-01 00:00:00.000021130,0.9682679890517293
1970-01-01 00:00:00.000021131,0.9682679890517293
1970-01-01 00:00:00.000021132,0.9682679890517293
1970-01-01 00:00:00.000021133,0.9682679890517293
1970-01-01 00:00:00.000021134,0.9682679890517293
1970-01-01 00:00:00.000021135,0.9682679890517293
1970-01-01 00:00:00.000021136,0.9682679890517293
1970-01-01 00:00:00.000021137,0.9682679890517293
1970-01-01 00:00:00.000021138,0.9682679890517293
1970-01-01 00:00:00.000021139,0.9682679890517293
1970-01-01 00:00:00.000021140,0.9682679890517293
1970-01-01 00:00:00.000021141,0.9682679890517293
1970-01-01 00:00:00.000021142,0.9682679890517293
1970-01-01 00:00:00.000021143,0.9682679890517293
1970-01-01 00:00:00.000021144,0.9682679890517293
1970-01-01 00:00:00.000021145,0.9682679890517293
1970-01-01 00:00:00.000021146,0.9682679890517293
1970-01-01 00:00:00.000021147,0.9682679890517293
1970-01-01 00:00:00.000021148,0.9682679890517293
1970-01-01 00:00:00.000021149,0.9682679890517293
1970-01-01 00:00:00.000021150,0.9682679890517293
1970-01-01 00:00:00.000021151,0.9682679890517293
1970-01-01 00:00:00.000021152,0.9682679890517293
1970-01-01 00:00:00.000021153,0.9682679890517293
1970-01-01 00:00:00.000021154,0.9682679890517293
1970-01-01 00:00:00.000021155,0.9682679890517293
1970-01-01 00:00:00.000021156,0.9682679890517293
1970-01-01 00:00:00.000021157,0.9682679890517293
1970-01-01 00:00:00.000021158,0.9682679890517293
1970-01-01 00:00:00.000021159,0.9682679890517293
1970-01-01 00:00:00.000021160,0.9682679890517293
1970-01-01 00:00:00.000021161,0.9682679890517293
1970-01-01 00:00:00.000021162,0.9672534324929387
1970-01-01 00:00:00.000021163,0.9671567071496894
1970-01-01 00:00:00.000021164,0.9674806449937566
1970-01-01 00:00:00.000021165,0.9667935719939087
1970-01-01 00:00:00.000021166,0.9666968926367093
1970-01-01 00:00:00.000021167,0.9666968926367093
1970-01-01 00:00:00.000021168,0.9666968926367093
1970-01-01 00:00:00.000021169,0.9666968926367093
1970-01-01 00:00:00.000021170,0.9666968926367093
1970-01-01 00:00:00.000021171,0.9666968926367093
1970-01-01 00:00:00.000021172,0.9677086053510189
1970-01-01 00:00:00.000021173,0.9672604999601602
1970-01-01 00:00:00.000021174,0.9671637739101642
1970-01-01 00:00:00.000021175,0.9671637739101642
1970-01-01 00:00:00.000021176,0.9671637739101642
1970-01-01 00:00:00.000021177,0.9671637739101642
1970-01-01 00:00:00.000021178,0.9671637739101642
1970-01-01 00:00:00.000021179,0.9671637739101642
1970-01-01 00:00:00.000021180,0.9671637739101642
1970-01-01 00:00:00.000021181,0.9671637739101642
1970-01-01 00:00:00.000021182,0.9671637739101642
1970-01-01 00:00:00.000021183,0.9671637739101642
1970-01-01 00:00:00.000021184,0.9671637739101642
1970-01-01 00:00:00.000021185,0.9671637739101642
1970-01-01 00:00:00.000021186,0.9671637739101642
1970-01-01 00:00:00.000021187,0.9671637739101642
1970-01-01 00:00:00.000021188,0.9671637739101642
1970-01-01 00:00:00.000021189,0.9671637739101642
1970-01-01 00:00:00.000021190,0.9671637739101642
1970-01-01 00:00:00.000021191,0.9671637739101642
1970-01-01 00:00:00.000021192,0.9671637739101642
1970-01-01 00:00:00.000021193,0.9671637739101642
1970-01-01 00:00:00.000021194,0.9671637739101642
1970-01-01 00:00:00.000021195,0.9671637739101642
1970-01-01 00:00:00.000021196,0.9671637739101642
1970-01-01 00:00:00.000021197,0.9671637739101642
1970-01-01 00:00:00.000021198,0.9671637739101642
1970-01-01 00:00:00.000021199,0.9671637739101642
1970-01-01 00:00:00.000021200,0.9674743899553355
1970-01-01 00:00:00.000021201,0.96737764251634
1970-01-01 00:00:00.000021202,0.96737764251634
1970-01-01 00:00:00.000021203,0.96737764251634
1970-01-01 00:00:00.000021204,0.96737764251634
1970-01-01 00:00:00.000021205,0.9692227588436255
1970-01-01 00:00:00.000021206,0.9691258365677412
1970-01-01 00:00:00.000021207,0.9691258365677412
1970-01-01 00:00:00.000021208,0.9691258365677412
1970-01-01 00:00:00.000021209,0.9691258365677412
1970-01-01 00:00:00.000021210,0.9691258365677412
1970-01-01 00:00:00.000021211,0.9691258365677412
1970-01-01 00:00:00.000021212,0.9691258365677412
1970-01-01 00:00:00.000021213,0.9691258365677412
1970-01-01 00:00:00.000021214,0.9691258365677412
1970-01-01 00:00:00.000021215,0.9691258365677412
1970-01-01 00:00:00.000021216,0.9691258365677412
1970-01-01 00:00:00.000021217,0.9691258365677412
1970-01-01 00:00:00.000021218,0.9691258365677412
1970-01-01 00:00:00.000021219,0.9691258365677412
1970-01-01 00:00:00.000021220,0.9691258365677412
1970-01-01 00:00:00.000021221,0.9691258365677412
1970-01-01 00:00:00.000021222,0.9691258365677412
1970-01-01 00:00:00.000021223,0.9691258365677412
1970-01-01 00:00:00.000021224,0.9691258365677412
1970-01-01 00:00:00.000021225,0.9691258365677412
1970-01-01 00:00:00.000021226,0.9691258365677412
1970-01-01 00:00:00.000021227,0.9689934955811333
1970-01-01 00:00:00.000021228,0.9688965962315752
1970-01-01 00:00:00.000021229,0.9688965962315752
1970-01-01 00:00:00.000021230,0.9688965962315752
1970-01-01 00:00:00.000021231,0.9688965962315752
1970-01-01 00:00:00.000021232,0.9688965962315752
1970-01-01 00:00:00.000021233,0.9688965962315752
1970-01-01 00:00:00.000021234,0.9688965962315752
1970-01-01 00:00:00.000021235,0.9688965962315752
1970-01-01 00:00:00.000021236,0.9688965962315752
1970-01-01 00:00:00.000021237,0.9688965962315752
1970-01-01 00:00:00.000021238,0.9688965962315752
1970-01-01 00:00:00.000021239,0.9688965962315752
1970-01-01 00:00:00.000021240,0.9688965962315752
1970-01-01 00:00:00.000021241,0.9688965962315752
1970-01-01 00:00:00.000021242,0.9688965962315752
1970-01-01 00:00:00.000021243,0.9688965962315752
1970-01-01 00:00:00.000021244,0.9688965962315752
1970-01-01 00:00:00.000021245,0.9688965962315752
1970-01-01 00:00:00.000021246,0.9688965962315752
1970-01-01 00:00:00.000021247,0.9688965962315752
1970-01-01 00:00:00.000021248,0.9688965962315752
1970-01-01 00:00:00.000021249,0.9688965962315752
1970-01-01 00:00:00.000021250,0.9688965962315752
1970-01-01 00:00:00.000021251,0.9691632214046129
1970-01-01 00:00:00.000021252,0.9696787135089074
1970-01-01 00:00:00.000021253,0.9692210212561275
1970-01-01 00:00:00.000021254,0.9691240991540019
1970-01-01 00:00:00.000021255,0.9691240991540019
1970-01-01 00:00:00.000021256,0.9691240991540019
1970-01-01 00:00:00.000021257,0.9691240991540019
1970-01-01 00:00:00.000021258,0.9691240991540019
1970-01-01 00:00:00.000021259,0.9691240991540019
1970-01-01 00:00:00.000021260,0.9691240991540019
1970-01-01 00:00:00.000021261,0.9691240991540019
1970-01-01 00:00:00.000021262,0.9691240991540019
1970-01-01 00:00:00.000021263,0.9691240991540019
1970-01-01 00:00:00.000021264,0.9691240991540019
1970-01-01 00:00:00.000021265,0.9691240991540019
1970-01-01 00:00:00.000021266,0.9693688889048199
1970-01-01 00:00:00.000021267,0.9692719520159294
1970-01-01 00:00:00.000021268,0.9692719520159294
1970-01-01 00:00:00.000021269,0.9692719520159294
1970-01-01 00:00:00.000021270,0.9692719520159294
1970-01-01 00:00:00.000021271,0.9692719520159294
1970-01-01 00:00:00.000021272,0.9692719520159294
1970-01-01 00:00:00.000021273,0.9692719520159294
1970-01-01 00:00:00.000021274,0.9692719520159294
1970-01-01 00:00:00.000021275,0.9692719520159294
1970-01-01 00:00:00.000021276,0.9692719520159294
1970-01-01 00:00:00.000021277,0.9692719520159294
1970-01-01 00:00:00.000021278,0.9692719520159294
1970-01-01 00:00:00.000021279,0.9692719520159294
1970-01-01 00:00:00.000021280,0.9692719520159294
1970-01-01 00:00:00.000021281,0.9692719520159294
1970-01-01 00:00:00.000021282,0.9692719520159294
1970-01-01 00:00:00.000021283,0.9692719520159294
1970-01-01 00:00:00.000021284,0.9692719520159294
1970-01-01 00:00:00.000021285,0.9692719520159294
1970-01-01 00:00:00.000021286,0.9692719520159294
1970-01-01 00:00:00.000021287,0.9692719520159294
1970-01-01 00:00:00.000021288,0.9692719520159294
1970-01-01 00:00:00.000021289,0.9692719520159294
1970-01-01 00:00:00.000021290,0.9692719520159294
1970-01-01 00:00:00.000021291,0.9692719520159294
1970-01-01 00:00:00.000021292,0.9692719520159294
1970-01-01 00:00:00.000021293,0.9692719520159294
1970-01-01 00:00:00.000021294,0.9692719520159294
1970-01-01 00:00:00.000021295,0.9692719520159294
1970-01-01 00:00:00.000021296,0.9692719520159294
1970-01-01 00:00:00.000021297,0.9696011301725137
1970-01-01 00:00:00.000021298,0.9698342354245224
1970-01-01 00:00:00.000021299,0.9691086787718745
1970-01-01 00:00:00.000021300,0.9690090958108778
1970-01-01 00:00:00.000021301,0.9693072652418917
1970-01-01 00:00:00.000021302,0.9686781459538001
1970-01-01 00:00:00.000021303,0.9688438692189
1970-01-01 00:00:00.000021304,0.969108761550728
1970-01-01 00:00:00.000021305,0.9694294468299474
1970-01-01 00:00:00.000021306,0.9696010473936599
1970-01-01 00:00:00.000021307,0.9695383838014118
1970-01-01 00:00:00.000021308,0.9698227291638586
1970-01-01 00:00:00.000021309,0.9697257468909423
1970-01-01 00:00:00.000021310,0.9697257468909423
1970-01-01 00:00:00.000021311,0.9697257468909423
1970-01-01 00:00:00.000021312,0.9697257468909423
1970-01-01 00:00:00.000021313,0.9697257468909423
1970-01-01 00:00:00.000021314,0.9697257468909423
1970-01-01 00:00:00.000021315,0.9697257468909423
1970-01-01 00:00:00.000021316,0.9697257468909423
1970-01-01 00:00:00.000021317,0.9697257468909423
1970-01-01 00:00:00.000021318,0.9692971444214512
1970-01-01 00:00:00.000021319,0.9693884141246164
1970-01-01 00:00:00.000021320,0.9692314203145523
1970-01-01 00:00:00.000021321,0.9690087850694218
1970-01-01 00:00:00.000021322,0.9689118841909149
1970-01-01 00:00:00.000021323,0.9689118841909149
1970-01-01 00:00:00.000021324,0.9689118841909149
1970-01-01 00:00:00.000021325,0.9689118841909149
1970-01-01 00:00:00.000021326,0.9689118841909149
1970-01-01 00:00:00.000021327,0.9689118841909149
1970-01-01 00:00:00.000021328,0.9689118841909149
1970-01-01 00:00:00.000021329,0.9689118841909149
1970-01-01 00:00:00.000021330,0.9689118841909149
1970-01-01 00:00:00.000021331,0.9689118841909149
1970-01-01 00:00:00.000021332,0.9689118841909149
1970-01-01 00:00:00.000021333,0.9689118841909149
1970-01-01 00:00:00.000021334,0.9689118841909149
1970-01-01 00:00:00.000021335,0.9689118841909149
1970-01-01 00:00:00.000021336,0.9689118841909149
1970-01-01 00:00:00.000021337,0.9689118841909149
1970-01-01 00:00:00.000021338,0.9689118841909149
1970-01-01 00:00:00.000021339,0.9689118841909149
1970-01-01 00:00:00.000021340,0.9689118841909149
1970-01-01 00:00:00.000021341,0.9689118841909149
1970-01-01 00:00:00.000021342,0.9689221631130893
1970-01-01 00:00:00.000021343,0.9688252708967781
1970-01-01 00:00:00.000021344,0.9688252708967781
1970-01-01 00:00:00.000021345,0.9688252708967781
1970-01-01 00:00:00.000021346,0.9688252708967781
1970-01-01 00:00:00.000021347,0.9688252708967781
1970-01-01 00:00:00.000021348,0.9688252708967781
1970-01-01 00:00:00.000021349,0.9688252708967781
1970-01-01 00:00:00.000021350,0.9688252708967781
1970-01-01 00:00:00.000021351,0.9688252708967781
1970-01-01 00:00:00.000021352,0.9688252708967781
1970-01-01 00:00:00.000021353,0.9688252708967781
1970-01-01 00:00:00.000021354,0.9688252708967781
1970-01-01 00:00:00.000021355,0.9688252708967781
1970-01-01 00:00:00.000021356,0.9688252708967781
1970-01-01 00:00:00.000021357,0.9688252708967781
1970-01-01 00:00:00.000021358,0.9688252708967781
1970-01-01 00:00:00.000021359,0.9688252708967781
1970-01-01 00:00:00.000021360,0.9688252708967781
1970-01-01 00:00:00.000021361,0.9688252708967781
1970-01-01 00:00:00.000021362,0.9688252708967781
1970-01-01 00:00:00.000021363,0.9688252708967781
1970-01-01 00:00:00.000021364,0.9688252708967781
1970-01-01 00:00:00.000021365,0.9684014289689626
1970-01-01 00:00:00.000021366,0.9683045888260657
1970-01-01 00:00:00.000021367,0.9683045888260657
1970-01-01 00:00:00.000021368,0.9683045888260657
1970-01-01 00:00:00.000021369,0.9683045888260657
1970-01-01 00:00:00.000021370,0.9683045888260657
1970-01-01 00:00:00.000021371,0.9683045888260657
1970-01-01 00:00:00.000021372,0.9683045888260657
1970-01-01 00:00:00.000021373,0.9683045888260657
1970-01-01 00:00:00.000021374,0.9683045888260657
1970-01-01 00:00:00.000021375,0.9683045888260657
1970-01-01 00:00:00.000021376,0.9683045888260657
1970-01-01 00:00:00.000021377,0.9683045888260657
1970-01-01 00:00:00.000021378,0.9683045888260657
1970-01-01 00:00:00.000021379,0.9683045888260657
1970-01-01 00:00:00.000021380,0.9680543000939575
1970-01-01 00:00:00.000021381,0.9679574946639482
1970-01-01 00:00:00.000021382,0.9674599868935401
1970-01-01 00:00:00.000021383,0.9673632408948507
1970-01-01 00:00:00.000021384,0.9675150295079162
1970-01-01 00:00:00.000021385,0.9674568699121397
1970-01-01 00:00:00.000021386,0.9673601242251485
1970-01-01 00:00:00.000021387,0.9676554318016007
1970-01-01 00:00:00.000021388,0.9675735302925033
1970-01-01 00:00:00.000021389,0.967476772939474
1970-01-01 00:00:00.000021390,0.967476772939474
1970-01-01 00:00:00.000021391,0.967476772939474
1970-01-01 00:00:00.000021392,0.967476772939474
1970-01-01 00:00:00.000021393,0.967476772939474
1970-01-01 00:00:00.000021394,0.9676043873412314
1970-01-01 00:00:00.000021395,0.9676483803627208
1970-01-01 00:00:00.000021396,0.9675482611599692
1970-01-01 00:00:00.000021397,0.9674936206717404
1970-01-01 00:00:00.000021398,0.9677264617854772
1970-01-01 00:00:00.000021399,0.9679741598295478
1970-01-01 00:00:00.000021400,0.9679742423680497
1970-01-01 00:00:00.000021401,0.9678774449438129
1970-01-01 00:00:00.000021402,0.9675792419004832
1970-01-01 00:00:00.000021403,0.9675723086247203
1970-01-01 00:00:00.000021404,0.9674755513938579
1970-01-01 00:00:00.000021405,0.9674755513938579
1970-01-01 00:00:00.000021406,0.9674755513938579
1970-01-01 00:00:00.000021407,0.9674755513938579
1970-01-01 00:00:00.000021408,0.9674755513938579
1970-01-01 00:00:00.000021409,0.9674755513938579
1970-01-01 00:00:00.000021410,0.9674755513938579
1970-01-01 00:00:00.000021411,0.9674755513938579
1970-01-01 00:00:00.000021412,0.9674755513938579
1970-01-01 00:00:00.000021413,0.9674755513938579
1970-01-01 00:00:00.000021414,0.9674755513938579
1970-01-01 00:00:00.000021415,0.9674755513938579
1970-01-01 00:00:00.000021416,0.9674755513938579
1970-01-01 00:00:00.000021417,0.9672538733402452
1970-01-01 00:00:00.000021418,0.9670220123325133
1970-01-01 00:00:00.000021419,0.9673804404266136
1970-01-01 00:00:00.000021420,0.9674811169168129
1970-01-01 00:00:00.000021421,0.9673843688051212
1970-01-01 00:00:00.000021422,0.9673843688051212
1970-01-01 00:00:00.000021423,0.9673843688051212
1970-01-01 00:00:00.000021424,0.9673843688051212
1970-01-01 00:00:00.000021425,0.9673843688051212
1970-01-01 00:00:00.000021426,0.9673843688051212
1970-01-01 00:00:00.000021427,0.9673843688051212
1970-01-01 00:00:00.000021428,0.9673843688051212
1970-01-01 00:00:00.000021429,0.9673843688051212
1970-01-01 00:00:00.000021430,0.9673843688051212
1970-01-01 00:00:00.000021431,0.9673843688051212
1970-01-01 00:00:00.000021432,0.9673843688051212
1970-01-01 00:00:00.000021433,0.9673843688051212
1970-01-01 00:00:00.000021434,0.9673843688051212
1970-01-01 00:00:00.000021435,0.9673843688051212
1970-01-01 00:00:00.000021436,0.9673843688051212
1970-01-01 00:00:00.000021437,0.9673843688051212
1970-01-01 00:00:00.000021438,0.9673843688051212
1970-01-01 00:00:00.000021439,0.9673843688051212
1970-01-01 00:00:00.000021440,0.9673843688051212
1970-01-01 00:00:00.000021441,0.9673843688051212
1970-01-01 00:00:00.000021442,0.9673843688051212
1970-01-01 00:00:00.000021443,0.9673843688051212
1970-01-01 00:00:00.000021444,0.9673843688051212
1970-01-01 00:00:00.000021445,0.9673843688051212
1970-01-01 00:00:00.000021446,0.9673843688051212
1970-01-01 00:00:00.000021447,0.9673843688051212
1970-01-01 00:00:00.000021448,0.9673843688051212
1970-01-01 00:00:00.000021449,0.9673843688051212
1970-01-01 00:00:00.000021450,0.9673843688051212
1970-01-01 00:00:00.000021451,0.9673843688051212
1970-01-01 00:00:00.000021452,0.9673843688051212
1970-01-01 00:00:00.000021453,0.9673843688051212
1970-01-01 00:00:00.000021454,0.9673843688051212
1970-01-01 00:00:00.000021455,0.9673843688051212
1970-01-01 00:00:00.000021456,0.9673843688051212
1970-01-01 00:00:00.000021457,0.9673843688051212
1970-01-01 00:00:00.000021458,0.9673843688051212
1970-01-01 00:00:00.000021459,0.9673843688051212
1970-01-01 00:00:00.000021460,0.9673843688051212
1970-01-01 00:00:00.000021461,0.9673843688051212
1970-01-01 00:00:00.000021462,0.9673843688051212
1970-01-01 00:00:00.000021463,0.9673843688051212
1970-01-01 00:00:00.000021464,0.9673843688051212
1970-01-01 00:00:00.000021465,0.9673843688051212
1970-01-01 00:00:00.000021466,0.9673843688051212
1970-01-01 00:00:00.000021467,0.9673843688051212
1970-01-01 00:00:00.000021468,0.9673843688051212
1970-01-01 00:00:00.000021469,0.9673843688051212
1970-01-01 00:00:00.000021470,0.9673843688051212
1970-01-01 00:00:00.000021471,0.9674830640204131
1970-01-01 00:00:00.000021472,0.967386315714011
1970-01-01 00:00:00.000021473,0.967386315714011
1970-01-01 00:00:00.000021474,0.967386315714011
1970-01-01 00:00:00.000021475,0.967386315714011
1970-01-01 00:00:00.000021476,0.967386315714011
1970-01-01 00:00:00.000021477,0.967386315714011
1970-01-01 00:00:00.000021478,0.967386315714011
1970-01-01 00:00:00.000021479,0.9673180247658717
1970-01-01 00:00:00.000021480,0.9671464487964994
1970-01-01 00:00:00.000021481,0.9675532512149919
1970-01-01 00:00:00.000021482,0.9674564958898705
1970-01-01 00:00:00.000021483,0.9674564958898705
1970-01-01 00:00:00.000021484,0.9674564958898705
1970-01-01 00:00:00.000021485,0.9674564958898705
1970-01-01 00:00:00.000021486,0.9674564958898705
1970-01-01 00:00:00.000021487,0.9674564958898705
1970-01-01 00:00:00.000021488,0.9674564958898705
1970-01-01 00:00:00.000021489,0.9674564958898705
1970-01-01 00:00:00.000021490,0.9674564958898705
1970-01-01 00:00:00.000021491,0.9674564958898705
1970-01-01 00:00:00.000021492,0.9674564958898705
1970-01-01 00:00:00.000021493,0.9674564958898705
1970-01-01 00:00:00.000021494,0.9674564958898705
1970-01-01 00:00:00.000021495,0.9674564958898705
1970-01-01 00:00:00.000021496,0.9674564958898705
1970-01-01 00:00:00.000021497,0.9674564958898705
1970-01-01 00:00:00.000021498,0.9674564958898705
1970-01-01 00:00:00.000021499,0.9674564958898705
1970-01-01 00:00:00.000021500,0.9674564958898705
1970-01-01 00:00:00.000021501,0.9674564958898705
1970-01-01 00:00:00.000021502,0.9674564958898705
1970-01-01 00:00:00.000021503,0.9674564958898705
1970-01-01 00:00:00.000021504,0.9674564958898705
1970-01-01 00:00:00.000021505,0.9674564958898705
1970-01-01 00:00:00.000021506,0.9673597502402815
1970-01-01 00:00:00.000021507,0.9672630142652575
1970-01-01 00:00:00.000021508,0.9672630142652575
1970-01-01 00:00:00.000021509,0.9672630142652575
1970-01-01 00:00:00.000021510,0.9672630142652575
1970-01-01 00:00:00.000021511,0.9672981731172468
1970-01-01 00:00:00.000021512,0.9676036778795729
1970-01-01 00:00:00.000021513,0.967829779408984
1970-01-01 00:00:00.000021514,0.9677310195788332
1970-01-01 00:00:00.000021515,0.9678870255157019
1970-01-01 00:00:00.000021516,0.9678870255157019
1970-01-01 00:00:00.000021517,0.9677096037691258
1970-01-01 00:00:00.000021518,0.967612832808749
1970-01-01 00:00:00.000021519,0.967612832808749
1970-01-01 00:00:00.000021520,0.967612832808749
1970-01-01 00:00:00.000021521,0.967612832808749
1970-01-01 00:00:00.000021522,0.967612832808749
1970-01-01 00:00:00.000021523,0.967612832808749
1970-01-01 00:00:00.000021524,0.967612832808749
1970-01-01 00:00:00.000021525,0.967612832808749
1970-01-01 00:00:00.000021526,0.967612832808749
1970-01-01 00:00:00.000021527,0.967612832808749
1970-01-01 00:00:00.000021528,0.967612832808749
1970-01-01 00:00:00.000021529,0.967612832808749
1970-01-01 00:00:00.000021530,0.967612832808749
1970-01-01 00:00:00.000021531,0.967612832808749
1970-01-01 00:00:00.000021532,0.967612832808749
1970-01-01 00:00:00.000021533,0.967612832808749
1970-01-01 00:00:00.000021534,0.967612832808749
1970-01-01 00:00:00.000021535,0.967612832808749
1970-01-01 00:00:00.000021536,0.967612832808749
1970-01-01 00:00:00.000021537,0.967612832808749
1970-01-01 00:00:00.000021538,0.967612832808749
1970-01-01 00:00:00.000021539,0.967612832808749
1970-01-01 00:00:00.000021540,0.967612832808749
1970-01-01 00:00:00.000021541,0.967612832808749
1970-01-01 00:00:00.000021542,0.967612832808749
1970-01-01 00:00:00.000021543,0.967612832808749
1970-01-01 00:00:00.000021544,0.967612832808749
1970-01-01 00:00:00.000021545,0.967612832808749
1970-01-01 00:00:00.000021546,0.9675826386748004
1970-01-01 00:00:00.000021547,0.9673977026513421
1970-01-01 00:00:00.000021548,0.9668905907758814
1970-01-01 00:00:00.000021549,0.9667939017168038
1970-01-01 00:00:00.000021550,0.9667939017168038
1970-01-01 00:00:00.000021551,0.9667939017168038
1970-01-01 00:00:00.000021552,0.9667939017168038
1970-01-01 00:00:00.000021553,0.9667939017168038
1970-01-01 00:00:00.000021554,0.9667939017168038
1970-01-01 00:00:00.000021555,0.9667939017168038
1970-01-01 00:00:00.000021556,0.9667939017168038
1970-01-01 00:00:00.000021557,0.9668687753926462
1970-01-01 00:00:00.000021558,0.9667720885151069
1970-01-01 00:00:00.000021559,0.9667720885151069
1970-01-01 00:00:00.000021560,0.9667720885151069
1970-01-01 00:00:00.000021561,0.9667720885151069
1970-01-01 00:00:00.000021562,0.9667720885151069
1970-01-01 00:00:00.000021563,0.9663450080980714
1970-01-01 00:00:00.000021564,0.9670671665512579
1970-01-01 00:00:00.000021565,0.9669704598346028
1970-01-01 00:00:00.000021566,0.9669704598346028
1970-01-01 00:00:00.000021567,0.9669704598346028
1970-01-01 00:00:00.000021568,0.9669704598346028
1970-01-01 00:00:00.000021569,0.9665527557061164
1970-01-01 00:00:00.000021570,0.9661349931665651
1970-01-01 00:00:00.000021571,0.9664869929678146
1970-01-01 00:00:00.000021572,0.9666673660492799
1970-01-01 00:00:00.000021573,0.9666673660492799
1970-01-01 00:00:00.000021574,0.966570699312675
1970-01-01 00:00:00.000021575,0.9664741247628841
1970-01-01 00:00:00.000021576,0.966348129109408
1970-01-01 00:00:00.000021577,0.96695483902428
1970-01-01 00:00:00.000021578,0.9670681278469537
1970-01-01 00:00:00.000021579,0.9671053407085894
1970-01-01 00:00:00.000021580,0.9670680453350654
1970-01-01 00:00:00.000021581,0.9667902278070669
1970-01-01 00:00:00.000021582,0.9668246352644995
1970-01-01 00:00:00.000021583,0.9666273493395086
1970-01-01 00:00:00.000021584,0.9664940926398596
1970-01-01 00:00:00.000021585,0.9666873354823226
1970-01-01 00:00:00.000021586,0.9668090405176056
1970-01-01 00:00:00.000021587,0.9667123596135538
1970-01-01 00:00:00.000021588,0.9667123596135538
1970-01-01 00:00:00.000021589,0.9667123596135538
1970-01-01 00:00:00.000021590,0.9667123596135538
1970-01-01 00:00:00.000021591,0.9667123596135538
1970-01-01 00:00:00.000021592,0.9667123596135538
1970-01-01 00:00:00.000021593,0.9667123596135538
1970-01-01 00:00:00.000021594,0.9667123596135538
1970-01-01 00:00:00.000021595,0.9667123596135538
1970-01-01 00:00:00.000021596,0.9667123596135538
1970-01-01 00:00:00.000021597,0.9667123596135538
1970-01-01 00:00:00.000021598,0.9667123596135538
1970-01-01 00:00:00.000021599,0.9667123596135538
1970-01-01 00:00:00.000021600,0.9667123596135538
1970-01-01 00:00:00.000021601,0.9667123596135538
1970-01-01 00:00:00.000021602,0.9667123596135538
1970-01-01 00:00:00.000021603,0.9667123596135538
1970-01-01 00:00:00.000021604,0.967067566912834
1970-01-01 00:00:00.000021605,0.9669708601561428
1970-01-01 00:00:00.000021606,0.9669708601561428
1970-01-01 00:00:00.000021607,0.9669708601561428
1970-01-01 00:00:00.000021608,0.9669708601561428
1970-01-01 00:00:00.000021609,0.9669708601561428
1970-01-01 00:00:00.000021610,0.9669708601561428
1970-01-01 00:00:00.000021611,0.9669708601561428
1970-01-01 00:00:00.000021612,0.9669708601561428
1970-01-01 00:00:00.000021613,0.9669708601561428
1970-01-01 00:00:00.000021614,0.9669708601561428
1970-01-01 00:00:00.000021615,0.9669708601561428
1970-01-01 00:00:00.000021616,0.9669708601561428
1970-01-01 00:00:00.000021617,0.9669708601561428
1970-01-01 00:00:00.000021618,0.9669708601561428
1970-01-01 00:00:00.000021619,0.9669708601561428
1970-01-01 00:00:00.000021620,0.9669708601561428
1970-01-01 00:00:00.000021621,0.9669708601561428
1970-01-01 00:00:00.000021622,0.9669708601561428
1970-01-01 00:00:00.000021623,0.9669708601561428
1970-01-01 00:00:00.000021624,0.9669708601561428
1970-01-01 00:00:00.000021625,0.9669708601561428
1970-01-01 00:00:00.000021626,0.9669708601561428
1970-01-01 00:00:00.000021627,0.9669708601561428
1970-01-01 00:00:00.000021628,0.9669708601561428
1970-01-01 00:00:00.000021629,0.9669708601561428
1970-01-01 00:00:00.000021630,0.9669708601561428
1970-01-01 00:00:00.000021631,0.9669708601561428
1970-01-01 00:00:00.000021632,0.9669708601561428
1970-01-01 00:00:00.000021633,0.9669708601561428
1970-01-01 00:00:00.000021634,0.9669708601561428
1970-01-01 00:00:00.000021635,0.9669708601561428
1970-01-01 00:00:00.000021636,0.9669708601561428
1970-01-01 00:00:00.000021637,0.9669708601561428
1970-01-01 00:00:00.000021638,0.9669708601561428
1970-01-01 00:00:00.000021639,0.9669708601561428
1970-01-01 00:00:00.000021640,0.9669708601561428
1970-01-01 00:00:00.000021641,0.9669708601561428
1970-01-01 00:00:00.000021642,0.9669708601561428
1970-01-01 00:00:00.000021643,0.9669708601561428
1970-01-01 00:00:00.000021644,0.9669708601561428
1970-01-01 00:00:00.000021645,0.9669708601561428
1970-01-01 00:00:00.000021646,0.9669708601561428
1970-01-01 00:00:00.000021647,0.9669708601561428
1970-01-01 00:00:00.000021648,0.9669708601561428
1970-01-01 00:00:00.000021649,0.9669708601561428
1970-01-01 00:00:00.000021650,0.9669708601561428
1970-01-01 00:00:00.000021651,0.9669708601561428
1970-01-01 00:00:00.000021652,0.9669708601561428
1970-01-01 00:00:00.000021653,0.9669708601561428
1970-01-01 00:00:00.000021654,0.9669708601561428
1970-01-01 00:00:00.000021655,0.9669708601561428
1970-01-01 00:00:00.000021656,0.9669708601561428
1970-01-01 00:00:00.000021657,0.9669708601561428
1970-01-01 00:00:00.000021658,0.9669708601561428
1970-01-01 00:00:00.000021659,0.9669708601561428
1970-01-01 00:00:00.000021660,0.9669708601561428
1970-01-01 00:00:00.000021661,0.9669708601561428
1970-01-01 00:00:00.000021662,0.9669708601561428
1970-01-01 00:00:00.000021663,0.9669708601561428
1970-01-01 00:00:00.000021664,0.9669708601561428
1970-01-01 00:00:00.000021665,0.9662148945700522
1970-01-01 00:00:00.000021666,0.9661182730805952
1970-01-01 00:00:00.000021667,0.9661182730805952
1970-01-01 00:00:00.000021668,0.9661182730805952
1970-01-01 00:00:00.000021669,0.9661182730805952
1970-01-01 00:00:00.000021670,0.9661182730805952
1970-01-01 00:00:00.000021671,0.9661182730805952
1970-01-01 00:00:00.000021672,0.9661182730805952
1970-01-01 00:00:00.000021673,0.9661182730805952
1970-01-01 00:00:00.000021674,0.9661182730805952
1970-01-01 00:00:00.000021675,0.9661182730805952
1970-01-01 00:00:00.000021676,0.9661182730805952
1970-01-01 00:00:00.000021677,0.9661182730805952
1970-01-01 00:00:00.000021678,0.9661182730805952
1970-01-01 00:00:00.000021679,0.9661182730805952
1970-01-01 00:00:00.000021680,0.9661182730805952
1970-01-01 00:00:00.000021681,0.9661182730805952
1970-01-01 00:00:00.000021682,0.9661182730805952
1970-01-01 00:00:00.000021683,0.9661182730805952
1970-01-01 00:00:00.000021684,0.9661182730805952
1970-01-01 00:00:00.000021685,0.9661182730805952
1970-01-01 00:00:00.000021686,0.9661182730805952
1970-01-01 00:00:00.000021687,0.9661182730805952
1970-01-01 00:00:00.000021688,0.9661182730805952
1970-01-01 00:00:00.000021689,0.9661182730805952
1970-01-01 00:00:00.000021690,0.9661182730805952
1970-01-01 00:00:00.000021691,0.9661182730805952
1970-01-01 00:00:00.000021692,0.9661182730805952
1970-01-01 00:00:00.000021693,0.9661182730805952
1970-01-01 00:00:00.000021694,0.9661182730805952
1970-01-01 00:00:00.000021695,0.9661182730805952
1970-01-01 00:00:00.000021696,0.9663204199429741
1970-01-01 00:00:00.000021697,0.9662237879009798
1970-01-01 00:00:00.000021698,0.9662237879009798
1970-01-01 00:00:00.000021699,0.9662547081776783
1970-01-01 00:00:00.000021700,0.9659417473355622
1970-01-01 00:00:00.000021701,0.9658451531608286
1970-01-01 00:00:00.000021702,0.9658451531608286
1970-01-01 00:00:00.000021703,0.9658451531608286
1970-01-01 00:00:00.000021704,0.9658451531608286
1970-01-01 00:00:00.000021705,0.9658451531608286
1970-01-01 00:00:00.000021706,0.9658451531608286
1970-01-01 00:00:00.000021707,0.9658451531608286
1970-01-01 00:00:00.000021708,0.9658451531608286
1970-01-01 00:00:00.000021709,0.9658451531608286
1970-01-01 00:00:00.000021710,0.9658451531608286
1970-01-01 00:00:00.000021711,0.9658451531608286
1970-01-01 00:00:00.000021712,0.9658451531608286
1970-01-01 00:00:00.000021713,0.9658451531608286
1970-01-01 00:00:00.000021714,0.9658451531608286
1970-01-01 00:00:00.000021715,0.9658451531608286
1970-01-01 00:00:00.000021716,0.9658451531608286
1970-01-01 00:00:00.000021717,0.9658451531608286
1970-01-01 00:00:00.000021718,0.9658451531608286
1970-01-01 00:00:00.000021719,0.9658451531608286
1970-01-01 00:00:00.000021720,0.9658451531608286
1970-01-01 00:00:00.000021721,0.9658451531608286
1970-01-01 00:00:00.000021722,0.9658451531608286
1970-01-01 00:00:00.000021723,0.9658451531608286
1970-01-01 00:00:00.000021724,0.965505313380429
1970-01-01 00:00:00.000021725,0.9654087628490909
1970-01-01 00:00:00.000021726,0.9654087628490909
1970-01-01 00:00:00.000021727,0.9654087628490909
1970-01-01 00:00:00.000021728,0.9654087628490909
1970-01-01 00:00:00.000021729,0.9654087628490909
1970-01-01 00:00:00.000021730,0.9654087628490909
1970-01-01 00:00:00.000021731,0.9654087628490909
1970-01-01 00:00:00.000021732,0.9654087628490909
1970-01-01 00:00:00.000021733,0.9654087628490909
1970-01-01 00:00:00.000021734,0.9654087628490909
1970-01-01 00:00:00.000021735,0.9654087628490909
1970-01-01 00:00:00.000021736,0.9654087628490909
1970-01-01 00:00:00.000021737,0.9654087628490909
1970-01-01 00:00:00.000021738,0.9654087628490909
1970-01-01 00:00:00.000021739,0.9647770202115755
1970-01-01 00:00:00.000021740,0.9646805425095544
1970-01-01 00:00:00.000021741,0.9644098432513212
1970-01-01 00:00:00.000021742,0.964313402266996
1970-01-01 00:00:00.000021743,0.964313402266996
1970-01-01 00:00:00.000021744,0.964313402266996
1970-01-01 00:00:00.000021745,0.964313402266996
1970-01-01 00:00:00.000021746,0.9640138363936986
1970-01-01 00:00:00.000021747,0.9639174350100593
1970-01-01 00:00:00.000021748,0.9639174350100593
1970-01-01 00:00:00.000021749,0.9639174350100593
1970-01-01 00:00:00.000021750,0.9639174350100593
1970-01-01 00:00:00.000021751,0.9639174350100593
1970-01-01 00:00:00.000021752,0.9639174350100593
1970-01-01 00:00:00.000021753,0.9639174350100593
1970-01-01 00:00:00.000021754,0.9639174350100593
1970-01-01 00:00:00.000021755,0.9639174350100593
1970-01-01 00:00:00.000021756,0.9639174350100593
1970-01-01 00:00:00.000021757,0.9639174350100593
1970-01-01 00:00:00.000021758,0.9639174350100593
1970-01-01 00:00:00.000021759,0.9639174350100593
1970-01-01 00:00:00.000021760,0.9639174350100593
1970-01-01 00:00:00.000021761,0.9639174350100593
1970-01-01 00:00:00.000021762,0.9639174350100593
1970-01-01 00:00:00.000021763,0.9639174350100593
1970-01-01 00:00:00.000021764,0.9639174350100593
1970-01-01 00:00:00.000021765,0.9639174350100593
1970-01-01 00:00:00.000021766,0.9639174350100593
1970-01-01 00:00:00.000021767,0.9639435187009386
1970-01-01 00:00:00.000021768,0.9638471243490686
1970-01-01 00:00:00.000021769,0.9638471243490686
1970-01-01 00:00:00.000021770,0.9638471243490686
1970-01-01 00:00:00.000021771,0.9638471243490686
1970-01-01 00:00:00.000021772,0.9638471243490686
1970-01-01 00:00:00.000021773,0.9638471243490686
1970-01-01 00:00:00.000021774,0.9638471243490686
1970-01-01 00:00:00.000021775,0.9638471243490686
1970-01-01 00:00:00.000021776,0.9638471243490686
1970-01-01 00:00:00.000021777,0.9638471243490686
1970-01-01 00:00:00.000021778,0.9638471243490686
1970-01-01 00:00:00.000021779,0.9638471243490686
1970-01-01 00:00:00.000021780,0.9638471243490686
1970-01-01 00:00:00.000021781,0.9638471243490686
1970-01-01 00:00:00.000021782,0.9638471243490686
1970-01-01 00:00:00.000021783,0.9638471243490686
1970-01-01 00:00:00.000021784,0.9638471243490686
1970-01-01 00:00:00.000021785,0.9638471243490686
1970-01-01 00:00:00.000021786,0.9638471243490686
1970-01-01 00:00:00.000021787,0.9638471243490686
1970-01-01 00:00:00.000021788,0.9638471243490686
1970-01-01 00:00:00.000021789,0.9638471243490686
1970-01-01 00:00:00.000021790,0.9638471243490686
1970-01-01 00:00:00.000021791,0.9638471243490686
1970-01-01 00:00:00.000021792,0.9638471243490686
1970-01-01 00:00:00.000021793,0.9637448391218422
1970-01-01 00:00:00.000021794,0.96364846463793
1970-01-01 00:00:00.000021795,0.96364846463793
1970-01-01 00:00:00.000021796,0.96364846463793
1970-01-01 00:00:00.000021797,0.96364846463793
1970-01-01 00:00:00.000021798,0.96364846463793
1970-01-01 00:00:00.000021799,0.96364846463793
1970-01-01 00:00:00.000021800,0.96364846463793
1970-01-01 00:00:00.000021801,0.96364846463793
1970-01-01 00:00:00.000021802,0.96364846463793
1970-01-01 00:00:00.000021803,0.9637368253858287
1970-01-01 00:00:00.000021804,0.9637368253858287
1970-01-01 00:00:00.000021805,0.9636404517032902
1970-01-01 00:00:00.000021806,0.9636404517032902
1970-01-01 00:00:00.000021807,0.9636404517032902
1970-01-01 00:00:00.000021808,0.9636404517032902
1970-01-01 00:00:00.000021809,0.9636404517032902
1970-01-01 00:00:00.000021810,0.9636404517032902
1970-01-01 00:00:00.000021811,0.9636404517032902
1970-01-01 00:00:00.000021812,0.9636404517032902
1970-01-01 00:00:00.000021813,0.9636404517032902
1970-01-01 00:00:00.000021814,0.9636404517032902
1970-01-01 00:00:00.000021815,0.9636404517032902
1970-01-01 00:00:00.000021816,0.9636404517032902
1970-01-01 00:00:00.000021817,0.9636404517032902
1970-01-01 00:00:00.000021818,0.9636404517032902
1970-01-01 00:00:00.000021819,0.9636404517032902
1970-01-01 00:00:00.000021820,0.9636404517032902
1970-01-01 00:00:00.000021821,0.9636404517032902
1970-01-01 00:00:00.000021822,0.9636404517032902
1970-01-01 00:00:00.000021823,0.9636404517032902
1970-01-01 00:00:00.000021824,0.9636404517032902
1970-01-01 00:00:00.000021825,0.9636404517032902
1970-01-01 00:00:00.000021826,0.9636404517032902
1970-01-01 00:00:00.000021827,0.9636404517032902
1970-01-01 00:00:00.000021828,0.9636404517032902
1970-01-01 00:00:00.000021829,0.9636404517032902
1970-01-01 00:00:00.000021830,0.9636404517032902
1970-01-01 00:00:00.000021831,0.9636404517032902
1970-01-01 00:00:00.000021832,0.9636404517032902
1970-01-01 00:00:00.000021833,0.9636404517032902
1970-01-01 00:00:00.000021834,0.9636404517032902
1970-01-01 00:00:00.000021835,0.9636404517032902
1970-01-01 00:00:00.000021836,0.9636404517032902
1970-01-01 00:00:00.000021837,0.9636404517032902
1970-01-01 00:00:00.000021838,0.9636479882111537
1970-01-01 00:00:00.000021839,0.9637979970736912
1970-01-01 00:00:00.000021840,0.9637016172739838
1970-01-01 00:00:00.000021841,0.9637016172739838
1970-01-01 00:00:00.000021842,0.9637016172739838
1970-01-01 00:00:00.000021843,0.9637016172739838
1970-01-01 00:00:00.000021844,0.9637016172739838
1970-01-01 00:00:00.000021845,0.9637016172739838
1970-01-01 00:00:00.000021846,0.9637016172739838
1970-01-01 00:00:00.000021847,0.9637016172739838
1970-01-01 00:00:00.000021848,0.9637016172739838
1970-01-01 00:00:00.000021849,0.9637016172739838
1970-01-01 00:00:00.000021850,0.9636052471122565
1970-01-01 00:00:00.000021851,0.9635088865875453
1970-01-01 00:00:00.000021852,0.9635088865875453
1970-01-01 00:00:00.000021853,0.9635088865875453
1970-01-01 00:00:00.000021854,0.9635088865875453
1970-01-01 00:00:00.000021855,0.9635088865875453
1970-01-01 00:00:00.000021856,0.9634263978378743
1970-01-01 00:00:00.000021857,0.9633300551980906
1970-01-01 00:00:00.000021858,0.9633300551980906
1970-01-01 00:00:00.000021859,0.9633300551980906
1970-01-01 00:00:00.000021860,0.9633300551980906
1970-01-01 00:00:00.000021861,0.9633300551980906
1970-01-01 00:00:00.000021862,0.9633300551980906
1970-01-01 00:00:00.000021863,0.9633300551980906
1970-01-01 00:00:00.000021864,0.9633300551980906
1970-01-01 00:00:00.000021865,0.9633300551980906
1970-01-01 00:00:00.000021866,0.9633300551980906
1970-01-01 00:00:00.000021867,0.9633300551980906
1970-01-01 00:00:00.000021868,0.9633300551980906
1970-01-01 00:00:00.000021869,0.9633300551980906
1970-01-01 00:00:00.000021870,0.9633300551980906
1970-01-01 00:00:00.000021871,0.9633300551980906
1970-01-01 00:00:00.000021872,0.9633300551980906
1970-01-01 00:00:00.000021873,0.9633300551980906
1970-01-01 00:00:00.000021874,0.9633300551980906
1970-01-01 00:00:00.000021875,0.9633300551980906
1970-01-01 00:00:00.000021876,0.9633300551980906
1970-01-01 00:00:00.000021877,0.9633300551980906
1970-01-01 00:00:00.000021878,0.9633300551980906
1970-01-01 00:00:00.000021879,0.9633300551980906
1970-01-01 00:00:00.000021880,0.9633300551980906
1970-01-01 00:00:00.000021881,0.9633300551980906
1970-01-01 00:00:00.000021882,0.9633300551980906
1970-01-01 00:00:00.000021883,0.9633300551980906
1970-01-01 00:00:00.000021884,0.9633300551980906
1970-01-01 00:00:00.000021885,0.9633300551980906
1970-01-01 00:00:00.000021886,0.9633300551980906
1970-01-01 00:00:00.000021887,0.9633300551980906
1970-01-01 00:00:00.000021888,0.9633300551980906
1970-01-01 00:00:00.000021889,0.9633300551980906
1970-01-01 00:00:00.000021890,0.9633300551980906
1970-01-01 00:00:00.000021891,0.9633300551980906
1970-01-01 00:00:00.000021892,0.9633300551980906
1970-01-01 00:00:00.000021893,0.9633300551980906
1970-01-01 00:00:00.000021894,0.9633300551980906
1970-01-01 00:00:00.000021895,0.9633300551980906
1970-01-01 00:00:00.000021896,0.9633300551980906
1970-01-01 00:00:00.000021897,0.9633300551980906
1970-01-01 00:00:00.000021898,0.9633300551980906
1970-01-01 00:00:00.000021899,0.9633300551980906
1970-01-01 00:00:00.000021900,0.9633300551980906
1970-01-01 00:00:00.000021901,0.9633300551980906
1970-01-01 00:00:00.000021902,0.9633300551980906
1970-01-01 00:00:00.000021903,0.9633300551980906
1970-01-01 00:00:00.000021904,0.9633300551980906
1970-01-01 00:00:00.000021905,0.9633300551980906
1970-01-01 00:00:00.000021906,0.9633300551980906
1970-01-01 00:00:00.000021907,0.9633300551980906
1970-01-01 00:00:00.000021908,0.9633300551980906
1970-01-01 00:00:00.000021909,0.9633300551980906
1970-01-01 00:00:00.000021910,0.9633300551980906
1970-01-01 00:00:00.000021911,0.9633300551980906
1970-01-01 00:00:00.000021912,0.9632337221925708
1970-01-01 00:00:00.000021913,0.963085573304251
1970-01-01 00:00:00.000021914,0.9630280643763169
1970-01-01 00:00:00.000021915,0.9629317615698794
1970-01-01 00:00:00.000021916,0.9626872093387726
1970-01-01 00:00:00.000021917,0.9625909406178388
1970-01-01 00:00:00.000021918,0.9624027997416347
1970-01-01 00:00:00.000021919,0.9624027997416347
1970-01-01 00:00:00.000021920,0.9622817209902822
1970-01-01 00:00:00.000021921,0.9622818028002493
1970-01-01 00:00:00.000021922,0.9621855746199693
1970-01-01 00:00:00.000021923,0.9621855746199693
1970-01-01 00:00:00.000021924,0.9621855746199693
1970-01-01 00:00:00.000021925,0.9621855746199693
1970-01-01 00:00:00.000021926,0.9623817923392938
1970-01-01 00:00:00.000021927,0.9622855541600599
1970-01-01 00:00:00.000021928,0.9622855541600599
1970-01-01 00:00:00.000021929,0.9622855541600599
1970-01-01 00:00:00.000021930,0.9622855541600599
1970-01-01 00:00:00.000021931,0.9622855541600599
1970-01-01 00:00:00.000021932,0.9620706480081643
1970-01-01 00:00:00.000021933,0.9619744409433635
1970-01-01 00:00:00.000021934,0.9619744409433635
1970-01-01 00:00:00.000021935,0.9619744409433635
1970-01-01 00:00:00.000021936,0.9619744409433635
1970-01-01 00:00:00.000021937,0.9619744409433635
1970-01-01 00:00:00.000021938,0.9619744409433635
1970-01-01 00:00:00.000021939,0.9619744409433635
1970-01-01 00:00:00.000021940,0.961225532518353
1970-01-01 00:00:00.000021941,0.9611294099651011
1970-01-01 00:00:00.000021942,0.9608901395787739
1970-01-01 00:00:00.000021943,0.960794050564816
1970-01-01 00:00:00.000021944,0.960794050564816
1970-01-01 00:00:00.000021945,0.960794050564816
1970-01-01 00:00:00.000021946,0.960794050564816
1970-01-01 00:00:00.000021947,0.9605076631340105
1970-01-01 00:00:00.000021948,0.9604116123676971
1970-01-01 00:00:00.000021949,0.9606184389073471
1970-01-01 00:00:00.000021950,0.9605472214765393
1970-01-01 00:00:00.000021951,0.9604511667543916
1970-01-01 00:00:00.000021952,0.9604511667543916
1970-01-01 00:00:00.000021953,0.9604511667543916
1970-01-01 00:00:00.000021954,0.9604511667543916
1970-01-01 00:00:00.000021955,0.9604511667543916
1970-01-01 00:00:00.000021956,0.9604511667543916
1970-01-01 00:00:00.000021957,0.9604511667543916
1970-01-01 00:00:00.000021958,0.9604511667543916
1970-01-01 00:00:00.000021959,0.9605529359407361
1970-01-01 00:00:00.000021960,0.9606788645776362
1970-01-01 00:00:00.000021961,0.9605827966911784
1970-01-01 00:00:00.000021962,0.9605827966911784
1970-01-01 00:00:00.000021963,0.9605827966911784
1970-01-01 00:00:00.000021964,0.9605827966911784
1970-01-01 00:00:00.000021965,0.9605827966911784
1970-01-01 00:00:00.000021966,0.9605827966911784
1970-01-01 00:00:00.000021967,0.9606027462748478
1970-01-01 00:00:00.000021968,0.9605066860002203
1970-01-01 00:00:00.000021969,0.9605066860002203
1970-01-01 00:00:00.000021970,0.9605066860002203
1970-01-01 00:00:00.000021971,0.9605066860002203
1970-01-01 00:00:00.000021972,0.9605066860002203
1970-01-01 00:00:00.000021973,0.9605066860002203
1970-01-01 00:00:00.000021974,0.9605066860002203
1970-01-01 00:00:00.000021975,0.9605066860002203
1970-01-01 00:00:00.000021976,0.9605381507537015
1970-01-01 00:00:00.000021977,0.9604420969386261
1970-01-01 00:00:00.000021978,0.9604420969386261
1970-01-01 00:00:00.000021979,0.9604420969386261
1970-01-01 00:00:00.000021980,0.9604420969386261
1970-01-01 00:00:00.000021981,0.9604420969386261
1970-01-01 00:00:00.000021982,0.9604420969386261
1970-01-01 00:00:00.000021983,0.9604420969386261
1970-01-01 00:00:00.000021984,0.9604420969386261
1970-01-01 00:00:00.000021985,0.9604420969386261
1970-01-01 00:00:00.000021986,0.9604420969386261
1970-01-01 00:00:00.000021987,0.9604420969386261
1970-01-01 00:00:00.000021988,0.9600429256077904
1970-01-01 00:00:00.000021989,0.9599469213152296
1970-01-01 00:00:00.000021990,0.9599469213152296
1970-01-01 00:00:00.000021991,0.9599469213152296
1970-01-01 00:00:00.000021992,0.9599469213152296
1970-01-01 00:00:00.000021993,0.9599469213152296
1970-01-01 00:00:00.000021994,0.9599469213152296
1970-01-01 00:00:00.000021995,0.9599469213152296
1970-01-01 00:00:00.000021996,0.9599469213152296
1970-01-01 00:00:00.000021997,0.9598455255718633
1970-01-01 00:00:00.000021998,0.959898303294238
1970-01-01 00:00:00.000021999,0.9598023134639085
1970-01-01 00:00:00.000022000,0.9598023134639085
1970-01-01 00:00:00.000022001,0.9598023134639085
1970-01-01 00:00:00.000022002,0.9598023134639085
1970-01-01 00:00:00.000022003,0.9598023134639085
1970-01-01 00:00:00.000022004,0.9598023134639085
1970-01-01 00:00:00.000022005,0.9601038424813038
1970-01-01 00:00:00.000022006,0.960234751490222
1970-01-01 00:00:00.000022007,0.9604556859949671
1970-01-01 00:00:00.000022008,0.9604557677619932
1970-01-01 00:00:00.000022009,0.9603289471043841
1970-01-01 00:00:00.000022010,0.9602329142096737
1970-01-01 00:00:00.000022011,0.9598933865260886
1970-01-01 00:00:00.000022012,0.959797397187436
1970-01-01 00:00:00.000022013,0.959797397187436
1970-01-01 00:00:00.000022014,0.959797397187436
1970-01-01 00:00:00.000022015,0.959797397187436
1970-01-01 00:00:00.000022016,0.959797397187436
1970-01-01 00:00:00.000022017,0.959797397187436
1970-01-01 00:00:00.000022018,0.959797397187436
1970-01-01 00:00:00.000022019,0.959797397187436
1970-01-01 00:00:00.000022020,0.959797397187436
1970-01-01 00:00:00.000022021,0.959797397187436
1970-01-01 00:00:00.000022022,0.9602534711894767
1970-01-01 00:00:00.000022023,0.9601574458423577
1970-01-01 00:00:00.000022024,0.9601574458423577
1970-01-01 00:00:00.000022025,0.9601574458423577
1970-01-01 00:00:00.000022026,0.9601574458423577
1970-01-01 00:00:00.000022027,0.9601574458423577
1970-01-01 00:00:00.000022028,0.9601574458423577
1970-01-01 00:00:00.000022029,0.9601574458423577
1970-01-01 00:00:00.000022030,0.9601574458423577
1970-01-01 00:00:00.000022031,0.9601574458423577
1970-01-01 00:00:00.000022032,0.9601574458423577
1970-01-01 00:00:00.000022033,0.9601574458423577
1970-01-01 00:00:00.000022034,0.9601574458423577
1970-01-01 00:00:00.000022035,0.9601574458423577
1970-01-01 00:00:00.000022036,0.9601574458423577
1970-01-01 00:00:00.000022037,0.9601574458423577
1970-01-01 00:00:00.000022038,0.9601574458423577
1970-01-01 00:00:00.000022039,0.9601574458423577
1970-01-01 00:00:00.000022040,0.9601574458423577
1970-01-01 00:00:00.000022041,0.9601574458423577
1970-01-01 00:00:00.000022042,0.9601574458423577
1970-01-01 00:00:00.000022043,0.9601574458423577
1970-01-01 00:00:00.000022044,0.9601574458423577
1970-01-01 00:00:00.000022045,0.9601574458423577
1970-01-01 00:00:00.000022046,0.9601574458423577
1970-01-01 00:00:00.000022047,0.9601574458423577
1970-01-01 00:00:00.000022048,0.9601574458423577
1970-01-01 00:00:00.000022049,0.9601574458423577
1970-01-01 00:00:00.000022050,0.9601574458423577
1970-01-01 00:00:00.000022051,0.9603421886164926
1970-01-01 00:00:00.000022052,0.960246154397631
1970-01-01 00:00:00.000022053,0.960246154397631
1970-01-01 00:00:00.000022054,0.960246154397631
1970-01-01 00:00:00.000022055,0.960246154397631
1970-01-01 00:00:00.000022056,0.960246154397631
1970-01-01 00:00:00.000022057,0.960246154397631
1970-01-01 00:00:00.000022058,0.960246154397631
1970-01-01 00:00:00.000022059,0.960246154397631
1970-01-01 00:00:00.000022060,0.960246154397631
1970-01-01 00:00:00.000022061,0.960246154397631
1970-01-01 00:00:00.000022062,0.960246154397631
1970-01-01 00:00:00.000022063,0.960246154397631
1970-01-01 00:00:00.000022064,0.960246154397631
1970-01-01 00:00:00.000022065,0.960246154397631
1970-01-01 00:00:00.000022066,0.960246154397631
1970-01-01 00:00:00.000022067,0.960246154397631
1970-01-01 00:00:00.000022068,0.960246154397631
1970-01-01 00:00:00.000022069,0.960246154397631
1970-01-01 00:00:00.000022070,0.960246154397631
1970-01-01 00:00:00.000022071,0.960246154397631
1970-01-01 00:00:00.000022072,0.960246154397631
1970-01-01 00:00:00.000022073,0.960246154397631
1970-01-01 00:00:00.000022074,0.960246154397631
1970-01-01 00:00:00.000022075,0.960246154397631
1970-01-01 00:00:00.000022076,0.960246154397631
1970-01-01 00:00:00.000022077,0.960246154397631
1970-01-01 00:00:00.000022078,0.960246154397631
1970-01-01 00:00:00.000022079,0.960246154397631
1970-01-01 00:00:00.000022080,0.960246154397631
1970-01-01 00:00:00.000022081,0.960246154397631
1970-01-01 00:00:00.000022082,0.960246154397631
1970-01-01 00:00:00.000022083,0.960246154397631
1970-01-01 00:00:00.000022084,0.960246154397631
1970-01-01 00:00:00.000022085,0.96014482124471
1970-01-01 00:00:00.000022086,0.9601470261090002
1970-01-01 00:00:00.000022087,0.9600510114063893
1970-01-01 00:00:00.000022088,0.9600510114063893
1970-01-01 00:00:00.000022089,0.9600510114063893
1970-01-01 00:00:00.000022090,0.9600510114063893
1970-01-01 00:00:00.000022091,0.9600510114063893
1970-01-01 00:00:00.000022092,0.9600510114063893
1970-01-01 00:00:00.000022093,0.9600510114063893
1970-01-01 00:00:00.000022094,0.9600156935522687
1970-01-01 00:00:00.000022095,0.9597236398578457
1970-01-01 00:00:00.000022096,0.9598567627666571
1970-01-01 00:00:00.000022097,0.960000094487494
1970-01-01 00:00:00.000022098,0.9598672982606673
1970-01-01 00:00:00.000022099,0.9600624907465933
1970-01-01 00:00:00.000022100,0.9596378858368323
1970-01-01 00:00:00.000022101,0.9596378041663362
1970-01-01 00:00:00.000022102,0.9598601929274976
1970-01-01 00:00:00.000022103,0.9599420267646933
1970-01-01 00:00:00.000022104,0.9601183533659962
1970-01-01 00:00:00.000022105,0.9601183533659962
1970-01-01 00:00:00.000022106,0.9600223415306596
1970-01-01 00:00:00.000022107,0.9599264209752185
1970-01-01 00:00:00.000022108,0.959833398225294
1970-01-01 00:00:00.000022109,0.9598900775830179
1970-01-01 00:00:00.000022110,0.9601968321472992
1970-01-01 00:00:00.000022111,0.960196750476755
1970-01-01 00:00:00.000022112,0.9601007308017073
1970-01-01 00:00:00.000022113,0.9601007308017073
1970-01-01 00:00:00.000022114,0.9601007308017073
1970-01-01 00:00:00.000022115,0.9601007308017073
1970-01-01 00:00:00.000022116,0.9601007308017073
1970-01-01 00:00:00.000022117,0.9601007308017073
1970-01-01 00:00:00.000022118,0.9601007308017073
1970-01-01 00:00:00.000022119,0.9601007308017073
1970-01-01 00:00:00.000022120,0.9601007308017073
1970-01-01 00:00:00.000022121,0.9597198191143125
1970-01-01 00:00:00.000022122,0.9597718812878486
1970-01-01 00:00:00.000022123,0.9599158274855251
1970-01-01 00:00:00.000022124,0.9600524294894425
1970-01-01 00:00:00.000022125,0.9601740982993833
1970-01-01 00:00:00.000022126,0.9602007822033743
1970-01-01 00:00:00.000022127,0.9599933495307589
1970-01-01 00:00:00.000022128,0.9598973501958058
1970-01-01 00:00:00.000022129,0.9598973501958058
1970-01-01 00:00:00.000022130,0.9598973501958058
1970-01-01 00:00:00.000022131,0.9598973501958058
1970-01-01 00:00:00.000022132,0.9598973501958058
1970-01-01 00:00:00.000022133,0.9598973501958058
1970-01-01 00:00:00.000022134,0.9598973501958058
1970-01-01 00:00:00.000022135,0.9598973501958058
1970-01-01 00:00:00.000022136,0.9598973501958058
1970-01-01 00:00:00.000022137,0.9598973501958058
1970-01-01 00:00:00.000022138,0.9598973501958058
1970-01-01 00:00:00.000022139,0.9598973501958058
1970-01-01 00:00:00.000022140,0.9598973501958058
1970-01-01 00:00:00.000022141,0.9598973501958058
1970-01-01 00:00:00.000022142,0.9598973501958058
1970-01-01 00:00:00.000022143,0.9598973501958058
1970-01-01 00:00:00.000022144,0.9598973501958058
1970-01-01 00:00:00.000022145,0.9598973501958058
1970-01-01 00:00:00.000022146,0.9598973501958058
1970-01-01 00:00:00.000022147,0.9598973501958058
1970-01-01 00:00:00.000022148,0.9598973501958058
1970-01-01 00:00:00.000022149,0.9598973501958058
1970-01-01 00:00:00.000022150,0.9598973501958058
1970-01-01 00:00:00.000022151,0.9598973501958058
1970-01-01 00:00:00.000022152,0.9598973501958058
1970-01-01 00:00:00.000022153,0.9598973501958058
1970-01-01 00:00:00.000022154,0.9598973501958058
1970-01-01 00:00:00.000022155,0.9598973501958058
1970-01-01 00:00:00.000022156,0.9598973501958058
1970-01-01 00:00:00.000022157,0.9598973501958058
1970-01-01 00:00:00.000022158,0.9598973501958058
1970-01-01 00:00:00.000022159,0.9598973501958058
1970-01-01 00:00:00.000022160,0.9598973501958058
1970-01-01 00:00:00.000022161,0.9598973501958058
1970-01-01 00:00:00.000022162,0.9598973501958058
1970-01-01 00:00:00.000022163,0.9598973501958058
1970-01-01 00:00:00.000022164,0.9598973501958058
1970-01-01 00:00:00.000022165,0.9598973501958058
1970-01-01 00:00:00.000022166,0.9598973501958058
1970-01-01 00:00:00.000022167,0.9598973501958058
1970-01-01 00:00:00.000022168,0.9598973501958058
1970-01-01 00:00:00.000022169,0.9598973501958058
1970-01-01 00:00:00.000022170,0.959418599863963
1970-01-01 00:00:00.000022171,0.9593226580039766
1970-01-01 00:00:00.000022172,0.9593226580039766
1970-01-01 00:00:00.000022173,0.9593226580039766
1970-01-01 00:00:00.000022174,0.9593226580039766
1970-01-01 00:00:00.000022175,0.9593226580039766
1970-01-01 00:00:00.000022176,0.9593226580039766
1970-01-01 00:00:00.000022177,0.9593226580039766
1970-01-01 00:00:00.000022178,0.9593226580039766
1970-01-01 00:00:00.000022179,0.9593226580039766
1970-01-01 00:00:00.000022180,0.9593226580039766
1970-01-01 00:00:00.000022181,0.9593226580039766
1970-01-01 00:00:00.000022182,0.9593226580039766
1970-01-01 00:00:00.000022183,0.9593226580039766
1970-01-01 00:00:00.000022184,0.9593226580039766
1970-01-01 00:00:00.000022185,0.9593226580039766
1970-01-01 00:00:00.000022186,0.9593226580039766
1970-01-01 00:00:00.000022187,0.9593226580039766
1970-01-01 00:00:00.000022188,0.9593226580039766
1970-01-01 00:00:00.000022189,0.9593226580039766
1970-01-01 00:00:00.000022190,0.9593226580039766
1970-01-01 00:00:00.000022191,0.9593226580039766
1970-01-01 00:00:00.000022192,0.9593226580039766
1970-01-01 00:00:00.000022193,0.9593226580039766
1970-01-01 00:00:00.000022194,0.9593226580039766
1970-01-01 00:00:00.000022195,0.9593226580039766
1970-01-01 00:00:00.000022196,0.9593226580039766
1970-01-01 00:00:00.000022197,0.9593226580039766
1970-01-01 00:00:00.000022198,0.9593226580039766
1970-01-01 00:00:00.000022199,0.9587198005168036
1970-01-01 00:00:00.000022200,0.9594756559607374
1970-01-01 00:00:00.000022201,0.9593797083951413
1970-01-01 00:00:00.000022202,0.9593797083951413
1970-01-01 00:00:00.000022203,0.9593797083951413
1970-01-01 00:00:00.000022204,0.9593797083951413
1970-01-01 00:00:00.000022205,0.9593797083951413
1970-01-01 00:00:00.000022206,0.9593797083951413
1970-01-01 00:00:00.000022207,0.9593797083951413
1970-01-01 00:00:00.000022208,0.9593797083951413
1970-01-01 00:00:00.000022209,0.9593797083951413
1970-01-01 00:00:00.000022210,0.9593797083951413
1970-01-01 00:00:00.000022211,0.9593797083951413
1970-01-01 00:00:00.000022212,0.9593797083951413
1970-01-01 00:00:00.000022213,0.9593797083951413
1970-01-01 00:00:00.000022214,0.9593797083951413
1970-01-01 00:00:00.000022215,0.9593797083951413
1970-01-01 00:00:00.000022216,0.9593797083951413
1970-01-01 00:00:00.000022217,0.9593797083951413
1970-01-01 00:00:00.000022218,0.9593797083951413
1970-01-01 00:00:00.000022219,0.9593797083951413
1970-01-01 00:00:00.000022220,0.9593797083951413
1970-01-01 00:00:00.000022221,0.9593797083951413
1970-01-01 00:00:00.000022222,0.9593797083951413
1970-01-01 00:00:00.000022223,0.9593797083951413
1970-01-01 00:00:00.000022224,0.9593797083951413
1970-01-01 00:00:00.000022225,0.9593797083951413
1970-01-01 00:00:00.000022226,0.9593797083951413
1970-01-01 00:00:00.000022227,0.9593797083951413
1970-01-01 00:00:00.000022228,0.9593797083951413
1970-01-01 00:00:00.000022229,0.9593797083951413
1970-01-01 00:00:00.000022230,0.9593797083951413
1970-01-01 00:00:00.000022231,0.9593797083951413
1970-01-01 00:00:00.000022232,0.9593797083951413
1970-01-01 00:00:00.000022233,0.9593797083951413
1970-01-01 00:00:00.000022234,0.9593797083951413
1970-01-01 00:00:00.000022235,0.9593797083951413
1970-01-01 00:00:00.000022236,0.9593797083951413
1970-01-01 00:00:00.000022237,0.9593797083951413
1970-01-01 00:00:00.000022238,0.9593797083951413
1970-01-01 00:00:00.000022239,0.9593797083951413
1970-01-01 00:00:00.000022240,0.9593797083951413
1970-01-01 00:00:00.000022241,0.9596513245342566
1970-01-01 00:00:00.000022242,0.9595553594018031
1970-01-01 00:00:00.000022243,0.9595553594018031
1970-01-01 00:00:00.000022244,0.9595553594018031
1970-01-01 00:00:00.000022245,0.9595553594018031
1970-01-01 00:00:00.000022246,0.9595553594018031
1970-01-01 00:00:00.000022247,0.9595553594018031
1970-01-01 00:00:00.000022248,0.9595553594018031
1970-01-01 00:00:00.000022249,0.9595553594018031
1970-01-01 00:00:00.000022250,0.9595553594018031
1970-01-01 00:00:00.000022251,0.9595553594018031
1970-01-01 00:00:00.000022252,0.9595553594018031
1970-01-01 00:00:00.000022253,0.9595553594018031
1970-01-01 00:00:00.000022254,0.9595553594018031
1970-01-01 00:00:00.000022255,0.9595553594018031
1970-01-01 00:00:00.000022256,0.9595553594018031
1970-01-01 00:00:00.000022257,0.9595553594018031
1970-01-01 00:00:00.000022258,0.9595553594018031
1970-01-01 00:00:00.000022259,0.9595553594018031
1970-01-01 00:00:00.000022260,0.9595553594018031
1970-01-01 00:00:00.000022261,0.9595553594018031
1970-01-01 00:00:00.000022262,0.9595553594018031
1970-01-01 00:00:00.000022263,0.9595553594018031
1970-01-01 00:00:00.000022264,0.9595553594018031
1970-01-01 00:00:00.000022265,0.9595553594018031
1970-01-01 00:00:00.000022266,0.9595553594018031
1970-01-01 00:00:00.000022267,0.9595553594018031
1970-01-01 00:00:00.000022268,0.9595553594018031
1970-01-01 00:00:00.000022269,0.9595553594018031
1970-01-01 00:00:00.000022270,0.9595553594018031
1970-01-01 00:00:00.000022271,0.9595553594018031
1970-01-01 00:00:00.000022272,0.9595553594018031
1970-01-01 00:00:00.000022273,0.9595553594018031
1970-01-01 00:00:00.000022274,0.9595553594018031
1970-01-01 00:00:00.000022275,0.9595290501118798
1970-01-01 00:00:00.000022276,0.959601546808627
1970-01-01 00:00:00.000022277,0.9595055866539461
1970-01-01 00:00:00.000022278,0.9595055866539461
1970-01-01 00:00:00.000022279,0.9595055866539461
1970-01-01 00:00:00.000022280,0.9595055866539461
1970-01-01 00:00:00.000022281,0.9595055866539461
1970-01-01 00:00:00.000022282,0.9595055866539461
1970-01-01 00:00:00.000022283,0.9595055866539461
1970-01-01 00:00:00.000022284,0.9595055866539461
1970-01-01 00:00:00.000022285,0.9595055866539461
1970-01-01 00:00:00.000022286,0.9595055866539461
1970-01-01 00:00:00.000022287,0.9595055866539461
1970-01-01 00:00:00.000022288,0.9595055866539461
1970-01-01 00:00:00.000022289,0.9595055866539461
1970-01-01 00:00:00.000022290,0.9595055866539461
1970-01-01 00:00:00.000022291,0.9594096360952807
1970-01-01 00:00:00.000022292,0.9594096360952807
1970-01-01 00:00:00.000022293,0.9593345656857623
1970-01-01 00:00:00.000022294,0.9593344839987007
1970-01-01 00:00:00.000022295,0.9593344839987007
1970-01-01 00:00:00.000022296,0.9594724534455744
1970-01-01 00:00:00.000022297,0.959472371758513
1970-01-01 00:00:00.000022298,0.9595087225008806
1970-01-01 00:00:00.000022299,0.959354088893461
1970-01-01 00:00:00.000022300,0.9592549208007998
1970-01-01 00:00:00.000022301,0.9590801104891894
1970-01-01 00:00:00.000022302,0.9590507848341109
1970-01-01 00:00:00.000022303,0.9590508665211724
1970-01-01 00:00:00.000022304,0.9593056484659914
1970-01-01 00:00:00.000022305,0.9592097179011448
1970-01-01 00:00:00.000022306,0.9592097179011448
1970-01-01 00:00:00.000022307,0.9592097179011448
1970-01-01 00:00:00.000022308,0.9592097179011448
1970-01-01 00:00:00.000022309,0.9591137969293547
1970-01-01 00:00:00.000022310,0.9590178855496618
1970-01-01 00:00:00.000022311,0.9590178855496618
1970-01-01 00:00:00.000022312,0.9590178855496618
1970-01-01 00:00:00.000022313,0.9590178855496618
1970-01-01 00:00:00.000022314,0.9590178855496618
1970-01-01 00:00:00.000022315,0.9590178855496618
1970-01-01 00:00:00.000022316,0.9590178855496618
1970-01-01 00:00:00.000022317,0.9590178855496618
1970-01-01 00:00:00.000022318,0.9590178855496618
1970-01-01 00:00:00.000022319,0.9589883266084238
1970-01-01 00:00:00.000022320,0.9588988707540237
1970-01-01 00:00:00.000022321,0.9588029808669483
1970-01-01 00:00:00.000022322,0.9588029808669483
1970-01-01 00:00:00.000022323,0.9588029808669483
1970-01-01 00:00:00.000022324,0.9588029808669483
1970-01-01 00:00:00.000022325,0.9588029808669483
1970-01-01 00:00:00.000022326,0.9588029808669483
1970-01-01 00:00:00.000022327,0.9588029808669483
1970-01-01 00:00:00.000022328,0.9588029808669483
1970-01-01 00:00:00.000022329,0.9588029808669483
1970-01-01 00:00:00.000022330,0.9588029808669483
1970-01-01 00:00:00.000022331,0.9588029808669483
1970-01-01 00:00:00.000022332,0.9588029808669483
1970-01-01 00:00:00.000022333,0.9588029808669483
1970-01-01 00:00:00.000022334,0.9588029808669483
1970-01-01 00:00:00.000022335,0.9582157459384081
1970-01-01 00:00:00.000022336,0.9581199243638142
1970-01-01 00:00:00.000022337,0.9581199243638142
1970-01-01 00:00:00.000022338,0.9581199243638142
1970-01-01 00:00:00.000022339,0.9581199243638142
1970-01-01 00:00:00.000022340,0.9581199243638142
1970-01-01 00:00:00.000022341,0.9581199243638142
1970-01-01 00:00:00.000022342,0.9581199243638142
1970-01-01 00:00:00.000022343,0.9581199243638142
1970-01-01 00:00:00.000022344,0.9581199243638142
1970-01-01 00:00:00.000022345,0.9581199243638142
1970-01-01 00:00:00.000022346,0.9581199243638142
1970-01-01 00:00:00.000022347,0.9581199243638142
1970-01-01 00:00:00.000022348,0.9581199243638142
1970-01-01 00:00:00.000022349,0.9581199243638142
1970-01-01 00:00:00.000022350,0.9581199243638142
1970-01-01 00:00:00.000022351,0.9581199243638142
1970-01-01 00:00:00.000022352,0.9581199243638142
1970-01-01 00:00:00.000022353,0.9581199243638142
1970-01-01 00:00:00.000022354,0.9581199243638142
1970-01-01 00:00:00.000022355,0.9581199243638142
1970-01-01 00:00:00.000022356,0.9581199243638142
1970-01-01 00:00:00.000022357,0.9581199243638142
1970-01-01 00:00:00.000022358,0.9581199243638142
1970-01-01 00:00:00.000022359,0.9581199243638142
1970-01-01 00:00:00.000022360,0.9581199243638142
1970-01-01 00:00:00.000022361,0.9581199243638142
1970-01-01 00:00:00.000022362,0.9581199243638142
1970-01-01 00:00:00.000022363,0.9581199243638142
1970-01-01 00:00:00.000022364,0.9581199243638142
1970-01-01 00:00:00.000022365,0.9581199243638142
1970-01-01 00:00:00.000022366,0.9581199243638142
1970-01-01 00:00:00.000022367,0.9581199243638142
1970-01-01 00:00:00.000022368,0.9581199243638142
1970-01-01 00:00:00.000022369,0.9581199243638142
1970-01-01 00:00:00.000022370,0.9581199243638142
1970-01-01 00:00:00.000022371,0.9581199243638142
1970-01-01 00:00:00.000022372,0.9581199243638142
1970-01-01 00:00:00.000022373,0.9581199243638142
1970-01-01 00:00:00.000022374,0.9581199243638142
1970-01-01 00:00:00.000022375,0.9580241123713779
1970-01-01 00:00:00.000022376,0.9579283099601408
1970-01-01 00:00:00.000022377,0.9579283099601408
1970-01-01 00:00:00.000022378,0.9579283099601408
1970-01-01 00:00:00.000022379,0.9579283099601408
1970-01-01 00:00:00.000022380,0.9579283099601408
1970-01-01 00:00:00.000022381,0.9579283099601408
1970-01-01 00:00:00.000022382,0.9579283099601408
1970-01-01 00:00:00.000022383,0.9579283099601408
1970-01-01 00:00:00.000022384,0.9576148985958842
1970-01-01 00:00:00.000022385,0.9575191371060247
1970-01-01 00:00:00.000022386,0.9575191371060247
1970-01-01 00:00:00.000022387,0.9575191371060247
1970-01-01 00:00:00.000022388,0.9575191371060247
1970-01-01 00:00:00.000022389,0.9575191371060247
1970-01-01 00:00:00.000022390,0.9575191371060247
1970-01-01 00:00:00.000022391,0.9575191371060247
1970-01-01 00:00:00.000022392,0.9575191371060247
1970-01-01 00:00:00.000022393,0.9575191371060247
1970-01-01 00:00:00.000022394,0.9575191371060247
1970-01-01 00:00:00.000022395,0.9575191371060247
1970-01-01 00:00:00.000022396,0.9575191371060247
1970-01-01 00:00:00.000022397,0.957504702364655
1970-01-01 00:00:00.000022398,0.9575046210556136
1970-01-01 00:00:00.000022399,0.9574088705935081
1970-01-01 00:00:00.000022400,0.9574088705935081
1970-01-01 00:00:00.000022401,0.9574088705935081
1970-01-01 00:00:00.000022402,0.9570220377165788
1970-01-01 00:00:00.000022403,0.9569263355128071
1970-01-01 00:00:00.000022404,0.9569263355128071
1970-01-01 00:00:00.000022405,0.9569263355128071
1970-01-01 00:00:00.000022406,0.9569263355128071
1970-01-01 00:00:00.000022407,0.9569263355128071
1970-01-01 00:00:00.000022408,0.9569263355128071
1970-01-01 00:00:00.000022409,0.9569263355128071
1970-01-01 00:00:00.000022410,0.9569263355128071
1970-01-01 00:00:00.000022411,0.9569263355128071
1970-01-01 00:00:00.000022412,0.9569263355128071
1970-01-01 00:00:00.000022413,0.9569263355128071
1970-01-01 00:00:00.000022414,0.9569263355128071
1970-01-01 00:00:00.000022415,0.9569263355128071
1970-01-01 00:00:00.000022416,0.9569263355128071
1970-01-01 00:00:00.000022417,0.9569263355128071
1970-01-01 00:00:00.000022418,0.9569263355128071
1970-01-01 00:00:00.000022419,0.9569263355128071
1970-01-01 00:00:00.000022420,0.9569263355128071
1970-01-01 00:00:00.000022421,0.9569263355128071
1970-01-01 00:00:00.000022422,0.9569263355128071
1970-01-01 00:00:00.000022423,0.9569263355128071
1970-01-01 00:00:00.000022424,0.9569263355128071
1970-01-01 00:00:00.000022425,0.9569263355128071
1970-01-01 00:00:00.000022426,0.9569263355128071
1970-01-01 00:00:00.000022427,0.9569263355128071
1970-01-01 00:00:00.000022428,0.9569263355128071
1970-01-01 00:00:00.000022429,0.9569263355128071
1970-01-01 00:00:00.000022430,0.9569263355128071
1970-01-01 00:00:00.000022431,0.9569263355128071
1970-01-01 00:00:00.000022432,0.9569263355128071
1970-01-01 00:00:00.000022433,0.9569263355128071
1970-01-01 00:00:00.000022434,0.9569263355128071
1970-01-01 00:00:00.000022435,0.9569263355128071
1970-01-01 00:00:00.000022436,0.9569263355128071
1970-01-01 00:00:00.000022437,0.9569263355128071
1970-01-01 00:00:00.000022438,0.9569263355128071
1970-01-01 00:00:00.000022439,0.9569263355128071
1970-01-01 00:00:00.000022440,0.9569263355128071
1970-01-01 00:00:00.000022441,0.9569263355128071
1970-01-01 00:00:00.000022442,0.9569263355128071
1970-01-01 00:00:00.000022443,0.9569263355128071
1970-01-01 00:00:00.000022444,0.956470675413757
1970-01-01 00:00:00.000022445,0.9563750283462156
1970-01-01 00:00:00.000022446,0.9563750283462156
1970-01-01 00:00:00.000022447,0.9563750283462156
1970-01-01 00:00:00.000022448,0.9563750283462156
1970-01-01 00:00:00.000022449,0.9563750283462156
1970-01-01 00:00:00.000022450,0.9563750283462156
1970-01-01 00:00:00.000022451,0.9564713873105104
1970-01-01 00:00:00.000022452,0.9563757401717794
1970-01-01 00:00:00.000022453,0.9563757401717794
1970-01-01 00:00:00.000022454,0.9563757401717794
1970-01-01 00:00:00.000022455,0.9563757401717794
1970-01-01 00:00:00.000022456,0.9563757401717794
1970-01-01 00:00:00.000022457,0.9563757401717794
1970-01-01 00:00:00.000022458,0.9563757401717794
1970-01-01 00:00:00.000022459,0.9563757401717794
1970-01-01 00:00:00.000022460,0.9563757401717794
1970-01-01 00:00:00.000022461,0.9563757401717794
1970-01-01 00:00:00.000022462,0.9563757401717794
1970-01-01 00:00:00.000022463,0.9563757401717794
1970-01-01 00:00:00.000022464,0.9563757401717794
1970-01-01 00:00:00.000022465,0.9563757401717794
1970-01-01 00:00:00.000022466,0.9563757401717794
1970-01-01 00:00:00.000022467,0.9563757401717794
1970-01-01 00:00:00.000022468,0.9563757401717794
1970-01-01 00:00:00.000022469,0.9563757401717794
1970-01-01 00:00:00.000022470,0.9563757401717794
1970-01-01 00:00:00.000022471,0.9563757401717794
1970-01-01 00:00:00.000022472,0.9564551228347299
1970-01-01 00:00:00.000022473,0.9563594773224464
1970-01-01 00:00:00.000022474,0.9563594773224464
1970-01-01 00:00:00.000022475,0.9563594773224464
1970-01-01 00:00:00.000022476,0.9563594773224464
1970-01-01 00:00:00.000022477,0.9563594773224464
1970-01-01 00:00:00.000022478,0.9563594773224464
1970-01-01 00:00:00.000022479,0.9563594773224464
1970-01-01 00:00:00.000022480,0.9563594773224464
1970-01-01 00:00:00.000022481,0.9563594773224464
1970-01-01 00:00:00.000022482,0.9563594773224464
1970-01-01 00:00:00.000022483,0.9563594773224464
1970-01-01 00:00:00.000022484,0.9563594773224464
1970-01-01 00:00:00.000022485,0.9563594773224464
1970-01-01 00:00:00.000022486,0.9563594773224464
1970-01-01 00:00:00.000022487,0.9563594773224464
1970-01-01 00:00:00.000022488,0.9563594773224464
1970-01-01 00:00:00.000022489,0.9563594773224464
1970-01-01 00:00:00.000022490,0.9562638413747142
1970-01-01 00:00:00.000022491,0.9563635712111928
1970-01-01 00:00:00.000022492,0.9562679832490307
1970-01-01 00:00:00.000022493,0.9561723564507059
1970-01-01 00:00:00.000022494,0.956079337394999
1970-01-01 00:00:00.000022495,0.9560942754356937
1970-01-01 00:00:00.000022496,0.9560976040208484
1970-01-01 00:00:00.000022497,0.956127074177219
1970-01-01 00:00:00.000022498,0.956127074177219
1970-01-01 00:00:00.000022499,0.9563153422009739
1970-01-01 00:00:00.000022500,0.9564781181335433
1970-01-01 00:00:00.000022501,0.956378504133911
1970-01-01 00:00:00.000022502,0.9562626531335235
1970-01-01 00:00:00.000022503,0.9561670268682102
1970-01-01 00:00:00.000022504,0.9561670268682102
1970-01-01 00:00:00.000022505,0.9561670268682102
1970-01-01 00:00:00.000022506,0.9561670268682102
1970-01-01 00:00:00.000022507,0.9561670268682102
1970-01-01 00:00:00.000022508,0.9561670268682102
1970-01-01 00:00:00.000022509,0.9561670268682102
1970-01-01 00:00:00.000022510,0.9558970697604733
1970-01-01 00:00:00.000022511,0.9558926832552249
1970-01-01 00:00:00.000022512,0.9560119312127155
1970-01-01 00:00:00.000022513,0.956492659695297
1970-01-01 00:00:00.000022514,0.9563970104293275
1970-01-01 00:00:00.000022515,0.9563970104293275
1970-01-01 00:00:00.000022516,0.9563970104293275
1970-01-01 00:00:00.000022517,0.9563970104293275
1970-01-01 00:00:00.000022518,0.9563970104293275
1970-01-01 00:00:00.000022519,0.9563970104293275
1970-01-01 00:00:00.000022520,0.9563970104293275
1970-01-01 00:00:00.000022521,0.9563970104293275
1970-01-01 00:00:00.000022522,0.9563970104293275
1970-01-01 00:00:00.000022523,0.9563970104293275
1970-01-01 00:00:00.000022524,0.9563970104293275
1970-01-01 00:00:00.000022525,0.9563970104293275
1970-01-01 00:00:00.000022526,0.9563970104293275
1970-01-01 00:00:00.000022527,0.9563970104293275
1970-01-01 00:00:00.000022528,0.9563970104293275
1970-01-01 00:00:00.000022529,0.9563970104293275
1970-01-01 00:00:00.000022530,0.9563970104293275
1970-01-01 00:00:00.000022531,0.9563970104293275
1970-01-01 00:00:00.000022532,0.9563970104293275
1970-01-01 00:00:00.000022533,0.9563970104293275
1970-01-01 00:00:00.000022534,0.9563970104293275
1970-01-01 00:00:00.000022535,0.9563970104293275
1970-01-01 00:00:00.000022536,0.9563970104293275
1970-01-01 00:00:00.000022537,0.9563970104293275
1970-01-01 00:00:00.000022538,0.9563970104293275
1970-01-01 00:00:00.000022539,0.9563970104293275
1970-01-01 00:00:00.000022540,0.9563970104293275
1970-01-01 00:00:00.000022541,0.9564178090645128
1970-01-01 00:00:00.000022542,0.9565525290586796
1970-01-01 00:00:00.000022543,0.9565526103622366
1970-01-01 00:00:00.000022544,0.9565525290586795
1970-01-01 00:00:00.000022545,0.9566989567650731
1970-01-01 00:00:00.000022546,0.9568374980264249
1970-01-01 00:00:00.000022547,0.9569183137622136
1970-01-01 00:00:00.000022548,0.9569183950657709
1970-01-01 00:00:00.000022549,0.9571953149813603
1970-01-01 00:00:00.000022550,0.9569756327699913
1970-01-01 00:00:00.000022551,0.9568799352067143
1970-01-01 00:00:00.000022552,0.9568799352067143
1970-01-01 00:00:00.000022553,0.9568799352067143
1970-01-01 00:00:00.000022554,0.9568799352067143
1970-01-01 00:00:00.000022555,0.9568799352067143
1970-01-01 00:00:00.000022556,0.9568799352067143
1970-01-01 00:00:00.000022557,0.9568799352067143
1970-01-01 00:00:00.000022558,0.9568799352067143
1970-01-01 00:00:00.000022559,0.9568799352067143
1970-01-01 00:00:00.000022560,0.9568799352067143
1970-01-01 00:00:00.000022561,0.9568799352067143
1970-01-01 00:00:00.000022562,0.9567842472131937
1970-01-01 00:00:00.000022563,0.9566885687884723
1970-01-01 00:00:00.000022564,0.9566885687884723
1970-01-01 00:00:00.000022565,0.9567555174977473
1970-01-01 00:00:00.000022566,0.9568093116333498
1970-01-01 00:00:00.000022567,0.9567136307021865
1970-01-01 00:00:00.000022568,0.9568377427731484
1970-01-01 00:00:00.000022569,0.9570640060522496
1970-01-01 00:00:00.000022570,0.9569681855040957
1970-01-01 00:00:00.000022571,0.9569681042313661
1970-01-01 00:00:00.000022572,0.956872407420943
1970-01-01 00:00:00.000022573,0.956872407420943
1970-01-01 00:00:00.000022574,0.9569590413279713
1970-01-01 00:00:00.000022575,0.9568633454238384
1970-01-01 00:00:00.000022576,0.9568633454238384
