timestamp,equity
1970-01-01 00:00:00.000019194,1.0
1970-01-01 00:00:00.000019195,1.0
1970-01-01 00:00:00.000019196,1.0
1970-01-01 00:00:00.000019197,1.0
1970-01-01 00:00:00.000019198,1.0
1970-01-01 00:00:00.000019199,1.0
1970-01-01 00:00:00.000019200,1.0
1970-01-01 00:00:00.000019201,1.0
1970-01-01 00:00:00.000019202,1.0
1970-01-01 00:00:00.000019203,1.0
1970-01-01 00:00:00.000019204,1.0
1970-01-01 00:00:00.000019205,1.0
1970-01-01 00:00:00.000019206,1.0
1970-01-01 00:00:00.000019207,1.0
1970-01-01 00:00:00.000019208,1.0
1970-01-01 00:00:00.000019209,1.0
1970-01-01 00:00:00.000019210,1.0
1970-01-01 00:00:00.000019211,1.0
1970-01-01 00:00:00.000019212,1.0
1970-01-01 00:00:00.000019213,1.0
1970-01-01 00:00:00.000019214,1.0
1970-01-01 00:00:00.000019215,1.0
1970-01-01 00:00:00.000019216,1.0
1970-01-01 00:00:00.000019217,1.0
1970-01-01 00:00:00.000019218,1.0
1970-01-01 00:00:00.000019219,1.0
1970-01-01 00:00:00.000019220,1.0
1970-01-01 00:00:00.000019221,1.0
1970-01-01 00:00:00.000019222,1.0
1970-01-01 00:00:00.000019223,1.0
1970-01-01 00:00:00.000019224,1.0
1970-01-01 00:00:00.000019225,1.0
1970-01-01 00:00:00.000019226,1.0
1970-01-01 00:00:00.000019227,1.0
1970-01-01 00:00:00.000019228,1.0
1970-01-01 00:00:00.000019229,1.0
1970-01-01 00:00:00.000019230,1.0
1970-01-01 00:00:00.000019231,1.0
1970-01-01 00:00:00.000019232,1.0
1970-01-01 00:00:00.000019233,1.0
1970-01-01 00:00:00.000019234,1.0
1970-01-01 00:00:00.000019235,1.0
1970-01-01 00:00:00.000019236,1.0
1970-01-01 00:00:00.000019237,1.0
1970-01-01 00:00:00.000019238,1.0
1970-01-01 00:00:00.000019239,1.0
1970-01-01 00:00:00.000019240,1.0
1970-01-01 00:00:00.000019241,1.0
1970-01-01 00:00:00.000019242,1.0
1970-01-01 00:00:00.000019243,1.0
1970-01-01 00:00:00.000019244,1.0
1970-01-01 00:00:00.000019245,0.9998821757232199
1970-01-01 00:00:00.000019246,0.9999372037010761
1970-01-01 00:00:00.000019247,0.999837209980706
1970-01-01 00:00:00.000019248,0.999837209980706
1970-01-01 00:00:00.000019249,0.999837209980706
1970-01-01 00:00:00.000019250,0.999837209980706
1970-01-01 00:00:00.000019251,0.999837209980706
1970-01-01 00:00:00.000019252,0.999837209980706
1970-01-01 00:00:00.000019253,0.999837209980706
1970-01-01 00:00:00.000019254,0.999837209980706
1970-01-01 00:00:00.000019255,0.999837209980706
1970-01-01 00:00:00.000019256,0.999837209980706
1970-01-01 00:00:00.000019257,0.999837209980706
1970-01-01 00:00:00.000019258,0.999837209980706
1970-01-01 00:00:00.000019259,0.999837209980706
1970-01-01 00:00:00.000019260,0.999837209980706
1970-01-01 00:00:00.000019261,0.999837209980706
1970-01-01 00:00:00.000019262,0.999837209980706
1970-01-01 00:00:00.000019263,0.999837209980706
1970-01-01 00:00:00.000019264,0.999837209980706
1970-01-01 00:00:00.000019265,0.999837209980706
1970-01-01 00:00:00.000019266,0.999837209980706
1970-01-01 00:00:00.000019267,0.999837209980706
1970-01-01 00:00:00.000019268,0.999837209980706
1970-01-01 00:00:00.000019269,0.999837209980706
1970-01-01 00:00:00.000019270,0.999837209980706
1970-01-01 00:00:00.000019271,0.999837209980706
1970-01-01 00:00:00.000019272,0.999837209980706
1970-01-01 00:00:00.000019273,0.999837209980706
1970-01-01 00:00:00.000019274,0.9998092409214553
1970-01-01 00:00:00.000019275,0.9997092599973632
1970-01-01 00:00:00.000019276,0.9997092599973632
1970-01-01 00:00:00.000019277,0.9997092599973632
1970-01-01 00:00:00.000019278,0.9997092599973632
1970-01-01 00:00:00.000019279,0.9997092599973632
1970-01-01 00:00:00.000019280,0.9997092599973632
1970-01-01 00:00:00.000019281,0.9997092599973632
1970-01-01 00:00:00.000019282,0.9997092599973632
1970-01-01 00:00:00.000019283,0.9997092599973632
1970-01-01 00:00:00.000019284,0.9997092599973632
1970-01-01 00:00:00.000019285,0.9997092599973632
1970-01-01 00:00:00.000019286,0.9997092599973632
1970-01-01 00:00:00.000019287,0.9997092599973632
1970-01-01 00:00:00.000019288,0.9997092599973632
1970-01-01 00:00:00.000019289,0.9997092599973632
1970-01-01 00:00:00.000019290,0.9997092599973632
1970-01-01 00:00:00.000019291,0.9997092599973632
1970-01-01 00:00:00.000019292,0.9997092599973632
1970-01-01 00:00:00.000019293,0.9997092599973632
1970-01-01 00:00:00.000019294,0.9997092599973632
1970-01-01 00:00:00.000019295,0.9997092599973632
1970-01-01 00:00:00.000019296,0.9997092599973632
1970-01-01 00:00:00.000019297,0.9997092599973632
1970-01-01 00:00:00.000019298,0.9997092599973632
1970-01-01 00:00:00.000019299,0.9997092599973632
1970-01-01 00:00:00.000019300,0.9997092599973632
1970-01-01 00:00:00.000019301,0.9997092599973632
1970-01-01 00:00:00.000019302,0.9997092599973632
1970-01-01 00:00:00.000019303,0.9997092599973632
1970-01-01 00:00:00.000019304,0.9997092599973632
1970-01-01 00:00:00.000019305,0.9997092599973632
1970-01-01 00:00:00.000019306,0.9997092599973632
1970-01-01 00:00:00.000019307,0.9997092599973632
1970-01-01 00:00:00.000019308,0.9997092599973632
1970-01-01 00:00:00.000019309,0.9997092599973632
1970-01-01 00:00:00.000019310,0.9997092599973632
1970-01-01 00:00:00.000019311,0.9997092599973632
1970-01-01 00:00:00.000019312,0.9997092599973632
1970-01-01 00:00:00.000019313,0.9997092599973632
1970-01-01 00:00:00.000019314,0.9997092599973632
1970-01-01 00:00:00.000019315,0.9997092599973632
1970-01-01 00:00:00.000019316,0.9997092599973632
1970-01-01 00:00:00.000019317,0.9997092599973632
1970-01-01 00:00:00.000019318,0.9997092599973632
1970-01-01 00:00:00.000019319,0.9997092599973632
1970-01-01 00:00:00.000019320,0.9997092599973632
1970-01-01 00:00:00.000019321,0.9997092599973632
1970-01-01 00:00:00.000019322,0.9997092599973632
1970-01-01 00:00:00.000019323,0.9997092599973632
1970-01-01 00:00:00.000019324,0.9997092599973632
1970-01-01 00:00:00.000019325,0.9997092599973632
1970-01-01 00:00:00.000019326,0.9997092599973632
1970-01-01 00:00:00.000019327,0.9997092599973632
1970-01-01 00:00:00.000019328,0.9997092599973632
1970-01-01 00:00:00.000019329,0.9997092599973632
1970-01-01 00:00:00.000019330,0.9997092599973632
1970-01-01 00:00:00.000019331,0.9997092599973632
1970-01-01 00:00:00.000019332,0.9997092599973632
1970-01-01 00:00:00.000019333,0.9997092599973632
1970-01-01 00:00:00.000019334,0.9997092599973632
1970-01-01 00:00:00.000019335,0.9997092599973632
1970-01-01 00:00:00.000019336,0.9997092599973632
1970-01-01 00:00:00.000019337,0.9997092599973632
1970-01-01 00:00:00.000019338,0.9997092599973632
1970-01-01 00:00:00.000019339,0.9997092599973632
1970-01-01 00:00:00.000019340,0.9997092599973632
1970-01-01 00:00:00.000019341,0.9997092599973632
1970-01-01 00:00:00.000019342,0.9997092599973632
1970-01-01 00:00:00.000019343,0.9997092599973632
1970-01-01 00:00:00.000019344,0.9997092599973632
1970-01-01 00:00:00.000019345,0.9997092599973632
1970-01-01 00:00:00.000019346,0.9997092599973632
1970-01-01 00:00:00.000019347,0.9997092599973632
1970-01-01 00:00:00.000019348,0.9997092599973632
1970-01-01 00:00:00.000019349,0.9997092599973632
1970-01-01 00:00:00.000019350,0.9997092599973632
1970-01-01 00:00:00.000019351,0.9997092599973632
1970-01-01 00:00:00.000019352,0.9997092599973632
1970-01-01 00:00:00.000019353,0.9997092599973632
1970-01-01 00:00:00.000019354,0.9997092599973632
1970-01-01 00:00:00.000019355,0.9997092599973632
1970-01-01 00:00:00.000019356,0.9997092599973632
1970-01-01 00:00:00.000019357,0.9997092599973632
1970-01-01 00:00:00.000019358,0.9997092599973632
1970-01-01 00:00:00.000019359,0.9997092599973632
1970-01-01 00:00:00.000019360,0.9997092599973632
1970-01-01 00:00:00.000019361,0.998659906088441
1970-01-01 00:00:00.000019362,0.997626932532183
1970-01-01 00:00:00.000019363,0.9978849082261627
1970-01-01 00:00:00.000019364,0.9976461242105665
1970-01-01 00:00:00.000019365,0.9980741892430098
1970-01-01 00:00:00.000019366,0.9978377938912468
1970-01-01 00:00:00.000019367,0.9976461242105664
1970-01-01 00:00:00.000019368,0.9975463595981454
1970-01-01 00:00:00.000019369,0.9976853650993803
1970-01-01 00:00:00.000019370,0.9975849789285132
1970-01-01 00:00:00.000019371,0.9960870097340305
1970-01-01 00:00:00.000019372,0.9959874010330572
1970-01-01 00:00:00.000019373,0.9959874010330572
1970-01-01 00:00:00.000019374,0.9959874010330572
1970-01-01 00:00:00.000019375,0.9955910732601783
1970-01-01 00:00:00.000019376,0.9962428228346063
1970-01-01 00:00:00.000019377,0.9961431985523228
1970-01-01 00:00:00.000019378,0.9961431985523228
1970-01-01 00:00:00.000019379,0.9961431985523228
1970-01-01 00:00:00.000019380,0.9961431985523228
1970-01-01 00:00:00.000019381,0.9961431985523228
1970-01-01 00:00:00.000019382,0.9961431985523228
1970-01-01 00:00:00.000019383,0.9961431985523228
1970-01-01 00:00:00.000019384,0.9961431985523228
1970-01-01 00:00:00.000019385,0.9961431985523228
1970-01-01 00:00:00.000019386,0.9961431985523228
1970-01-01 00:00:00.000019387,0.9962897662383358
1970-01-01 00:00:00.000019388,0.9961901372617119
1970-01-01 00:00:00.000019389,0.9961901372617119
1970-01-01 00:00:00.000019390,0.9961901372617119
1970-01-01 00:00:00.000019391,0.9961901372617119
1970-01-01 00:00:00.000019392,0.9961901372617119
1970-01-01 00:00:00.000019393,0.9961901372617119
1970-01-01 00:00:00.000019394,0.9961901372617119
1970-01-01 00:00:00.000019395,0.9961901372617119
1970-01-01 00:00:00.000019396,0.9961901372617119
1970-01-01 00:00:00.000019397,0.9961901372617119
1970-01-01 00:00:00.000019398,0.9961901372617119
1970-01-01 00:00:00.000019399,0.9961901372617119
1970-01-01 00:00:00.000019400,0.9961901372617119
1970-01-01 00:00:00.000019401,0.9961901372617119
1970-01-01 00:00:00.000019402,0.9961901372617119
1970-01-01 00:00:00.000019403,0.9961901372617119
1970-01-01 00:00:00.000019404,0.9961901372617119
1970-01-01 00:00:00.000019405,0.9961901372617119
1970-01-01 00:00:00.000019406,0.9961901372617119
1970-01-01 00:00:00.000019407,0.9961901372617119
1970-01-01 00:00:00.000019408,0.9961901372617119
1970-01-01 00:00:00.000019409,0.9961901372617119
1970-01-01 00:00:00.000019410,0.9961901372617119
1970-01-01 00:00:00.000019411,0.9961901372617119
1970-01-01 00:00:00.000019412,0.9961901372617119
1970-01-01 00:00:00.000019413,0.9961901372617119
1970-01-01 00:00:00.000019414,0.9961901372617119
1970-01-01 00:00:00.000019415,0.9961901372617119
1970-01-01 00:00:00.000019416,0.9961901372617119
1970-01-01 00:00:00.000019417,0.9961901372617119
1970-01-01 00:00:00.000019418,0.9961901372617119
1970-01-01 00:00:00.000019419,0.9961901372617119
1970-01-01 00:00:00.000019420,0.9961901372617119
1970-01-01 00:00:00.000019421,0.9961901372617119
1970-01-01 00:00:00.000019422,0.9961901372617119
1970-01-01 00:00:00.000019423,0.9961901372617119
1970-01-01 00:00:00.000019424,0.9961901372617119
1970-01-01 00:00:00.000019425,0.9961901372617119
1970-01-01 00:00:00.000019426,0.9961901372617119
1970-01-01 00:00:00.000019427,0.9961901372617119
1970-01-01 00:00:00.000019428,0.9961901372617119
1970-01-01 00:00:00.000019429,0.9961901372617119
1970-01-01 00:00:00.000019430,0.9961901372617119
1970-01-01 00:00:00.000019431,0.9961901372617119
1970-01-01 00:00:00.000019432,0.9961901372617119
1970-01-01 00:00:00.000019433,0.9961901372617119
1970-01-01 00:00:00.000019434,0.9961901372617119
1970-01-01 00:00:00.000019435,0.9961901372617119
1970-01-01 00:00:00.000019436,0.9961901372617119
1970-01-01 00:00:00.000019437,0.9961901372617119
1970-01-01 00:00:00.000019438,0.9961901372617119
1970-01-01 00:00:00.000019439,0.9961901372617119
1970-01-01 00:00:00.000019440,0.9961901372617119
1970-01-01 00:00:00.000019441,0.9961901372617119
1970-01-01 00:00:00.000019442,0.9961901372617119
1970-01-01 00:00:00.000019443,0.9961901372617119
1970-01-01 00:00:00.000019444,0.9961901372617119
1970-01-01 00:00:00.000019445,0.9961901372617119
1970-01-01 00:00:00.000019446,0.9961901372617119
1970-01-01 00:00:00.000019447,0.9961901372617119
1970-01-01 00:00:00.000019448,0.9961901372617119
1970-01-01 00:00:00.000019449,0.9961901372617119
1970-01-01 00:00:00.000019450,0.9961901372617119
1970-01-01 00:00:00.000019451,0.9961901372617119
1970-01-01 00:00:00.000019452,0.9961901372617119
1970-01-01 00:00:00.000019453,0.9961901372617119
1970-01-01 00:00:00.000019454,0.9961901372617119
1970-01-01 00:00:00.000019455,0.9961901372617119
1970-01-01 00:00:00.000019456,0.9961901372617119
1970-01-01 00:00:00.000019457,0.9961901372617119
1970-01-01 00:00:00.000019458,0.9961901372617119
1970-01-01 00:00:00.000019459,0.9961901372617119
1970-01-01 00:00:00.000019460,0.9961901372617119
1970-01-01 00:00:00.000019461,0.9974570567510747
1970-01-01 00:00:00.000019462,0.9973573110453996
1970-01-01 00:00:00.000019463,0.9973573110453996
1970-01-01 00:00:00.000019464,0.9973573110453996
1970-01-01 00:00:00.000019465,0.9973573110453996
1970-01-01 00:00:00.000019466,0.9973573110453996
1970-01-01 00:00:00.000019467,0.9973573110453996
1970-01-01 00:00:00.000019468,0.9973573110453996
1970-01-01 00:00:00.000019469,0.9973573110453996
1970-01-01 00:00:00.000019470,0.9973573110453996
1970-01-01 00:00:00.000019471,0.9973573110453996
1970-01-01 00:00:00.000019472,0.9937348089964535
1970-01-01 00:00:00.000019473,0.9839216984776888
1970-01-01 00:00:00.000019474,0.9828940656255831
1970-01-01 00:00:00.000019475,0.9870435507754761
1970-01-01 00:00:00.000019476,0.9882507852398501
1970-01-01 00:00:00.000019477,0.9886881445882297
1970-01-01 00:00:00.000019478,0.9863149500493803
1970-01-01 00:00:00.000019479,0.9897119649464892
1970-01-01 00:00:00.000019480,0.9906252229832142
1970-01-01 00:00:00.000019481,0.9916355338524108
1970-01-01 00:00:00.000019482,0.9922315260969057
1970-01-01 00:00:00.000019483,0.9906800068621756
1970-01-01 00:00:00.000019484,0.9913611171757982
1970-01-01 00:00:00.000019485,0.9915374864563273
1970-01-01 00:00:00.000019486,0.9914383327076817
1970-01-01 00:00:00.000019487,0.9914383327076817
1970-01-01 00:00:00.000019488,0.9914383327076817
1970-01-01 00:00:00.000019489,0.9914383327076817
1970-01-01 00:00:00.000019490,0.9914383327076817
1970-01-01 00:00:00.000019491,0.9925140663201969
1970-01-01 00:00:00.000019492,0.9924148149135649
1970-01-01 00:00:00.000019493,0.9924148149135649
1970-01-01 00:00:00.000019494,0.9924148149135649
1970-01-01 00:00:00.000019495,0.9924148149135649
1970-01-01 00:00:00.000019496,0.9924148149135649
1970-01-01 00:00:00.000019497,0.9924148149135649
1970-01-01 00:00:00.000019498,0.9924148149135649
1970-01-01 00:00:00.000019499,0.9924148149135649
1970-01-01 00:00:00.000019500,0.9929818970647825
1970-01-01 00:00:00.000019501,0.9927330449926574
1970-01-01 00:00:00.000019502,0.9907622404093441
1970-01-01 00:00:00.000019503,0.9898471312921655
1970-01-01 00:00:00.000019504,0.9917741439395027
1970-01-01 00:00:00.000019505,0.9916749665251088
1970-01-01 00:00:00.000019506,0.9916749665251088
1970-01-01 00:00:00.000019507,0.9916749665251088
1970-01-01 00:00:00.000019508,0.9916749665251088
1970-01-01 00:00:00.000019509,0.9916749665251088
1970-01-01 00:00:00.000019510,0.9916749665251088
1970-01-01 00:00:00.000019511,0.9916749665251088
1970-01-01 00:00:00.000019512,0.9916749665251088
1970-01-01 00:00:00.000019513,0.9916749665251088
1970-01-01 00:00:00.000019514,0.9916749665251088
1970-01-01 00:00:00.000019515,0.9916749665251088
1970-01-01 00:00:00.000019516,0.9916749665251088
1970-01-01 00:00:00.000019517,0.9916749665251088
1970-01-01 00:00:00.000019518,0.9916749665251088
1970-01-01 00:00:00.000019519,0.9916749665251088
1970-01-01 00:00:00.000019520,0.9916749665251088
1970-01-01 00:00:00.000019521,0.9916749665251088
1970-01-01 00:00:00.000019522,0.9897254352215107
1970-01-01 00:00:00.000019523,0.9896264626779886
1970-01-01 00:00:00.000019524,0.9905450864262423
1970-01-01 00:00:00.000019525,0.990765259609332
1970-01-01 00:00:00.000019526,0.9906661830833711
1970-01-01 00:00:00.000019527,0.9906661830833711
1970-01-01 00:00:00.000019528,0.9902972255271985
1970-01-01 00:00:00.000019529,0.9901981958046457
1970-01-01 00:00:00.000019530,0.9901981958046457
1970-01-01 00:00:00.000019531,0.9901981958046457
1970-01-01 00:00:00.000019532,0.9877901032108266
1970-01-01 00:00:00.000019533,0.9879014902869999
1970-01-01 00:00:00.000019534,0.9870871548087587
1970-01-01 00:00:00.000019535,0.9895976609772836
1970-01-01 00:00:00.000019536,0.9887900003800116
1970-01-01 00:00:00.000019537,0.9869081845627725
1970-01-01 00:00:00.000019538,0.986004322243532
1970-01-01 00:00:00.000019539,0.9828763061493448
1970-01-01 00:00:00.000019540,0.9833595675315143
1970-01-01 00:00:00.000019541,0.9845973407712386
1970-01-01 00:00:00.000019542,0.9843729813346617
1970-01-01 00:00:00.000019543,0.9867978821547566
1970-01-01 00:00:00.000019544,0.987334292276643
1970-01-01 00:00:00.000019545,0.9869241208410863
1970-01-01 00:00:00.000019546,0.9883295170291493
1970-01-01 00:00:00.000019547,0.9887653867564374
1970-01-01 00:00:00.000019548,0.988741106876912
1970-01-01 00:00:00.000019549,0.9886422327662243
1970-01-01 00:00:00.000019550,0.9886422327662243
1970-01-01 00:00:00.000019551,0.9886422327662243
1970-01-01 00:00:00.000019552,0.9886422327662243
1970-01-01 00:00:00.000019553,0.9886422327662243
1970-01-01 00:00:00.000019554,0.9886422327662243
1970-01-01 00:00:00.000019555,0.9886422327662243
1970-01-01 00:00:00.000019556,0.9880036081647849
1970-01-01 00:00:00.000019557,0.9879048078039685
1970-01-01 00:00:00.000019558,0.9879048078039685
1970-01-01 00:00:00.000019559,0.9879048078039685
1970-01-01 00:00:00.000019560,0.9879048078039685
1970-01-01 00:00:00.000019561,0.9879048078039685
1970-01-01 00:00:00.000019562,0.9879048078039685
1970-01-01 00:00:00.000019563,0.9879048078039685
1970-01-01 00:00:00.000019564,0.9874175417908041
1970-01-01 00:00:00.000019565,0.9871726178520692
1970-01-01 00:00:00.000019566,0.9870641897236663
1970-01-01 00:00:00.000019567,0.9869654833046939
1970-01-01 00:00:00.000019568,0.9869654833046939
1970-01-01 00:00:00.000019569,0.9869654833046939
1970-01-01 00:00:00.000019570,0.9869654833046939
1970-01-01 00:00:00.000019571,0.9869654833046939
1970-01-01 00:00:00.000019572,0.9869654833046939
1970-01-01 00:00:00.000019573,0.9867747204691585
1970-01-01 00:00:00.000019574,0.9861049441450163
1970-01-01 00:00:00.000019575,0.9860063336506018
1970-01-01 00:00:00.000019576,0.9860063336506018
1970-01-01 00:00:00.000019577,0.9860063336506018
1970-01-01 00:00:00.000019578,0.9860063336506018
1970-01-01 00:00:00.000019579,0.9860063336506018
1970-01-01 00:00:00.000019580,0.985785386879506
1970-01-01 00:00:00.000019581,0.9846755604089479
1970-01-01 00:00:00.000019582,0.9844506158266205
1970-01-01 00:00:00.000019583,0.9848678826175158
1970-01-01 00:00:00.000019584,0.9846023265086713
1970-01-01 00:00:00.000019585,0.9859865304442436
1970-01-01 00:00:00.000019586,0.9858879317911992
1970-01-01 00:00:00.000019587,0.9858879317911992
1970-01-01 00:00:00.000019588,0.9858879317911992
1970-01-01 00:00:00.000019589,0.9858879317911992
1970-01-01 00:00:00.000019590,0.9858879317911992
1970-01-01 00:00:00.000019591,0.9858879317911992
1970-01-01 00:00:00.000019592,0.9858879317911992
1970-01-01 00:00:00.000019593,0.9858879317911992
1970-01-01 00:00:00.000019594,0.9858879317911992
1970-01-01 00:00:00.000019595,0.9858879317911992
1970-01-01 00:00:00.000019596,0.9858879317911992
1970-01-01 00:00:00.000019597,0.9858879317911992
1970-01-01 00:00:00.000019598,0.9858879317911992
1970-01-01 00:00:00.000019599,0.9858879317911992
1970-01-01 00:00:00.000019600,0.9858879317911992
1970-01-01 00:00:00.000019601,0.9858879317911992
1970-01-01 00:00:00.000019602,0.9858879317911992
1970-01-01 00:00:00.000019603,0.9858879317911992
1970-01-01 00:00:00.000019604,0.9858879317911992
1970-01-01 00:00:00.000019605,0.9858879317911992
1970-01-01 00:00:00.000019606,0.9858879317911992
1970-01-01 00:00:00.000019607,0.9858879317911992
1970-01-01 00:00:00.000019608,0.9858879317911992
1970-01-01 00:00:00.000019609,0.985365489259141
1970-01-01 00:00:00.000019610,0.9852669527102151
1970-01-01 00:00:00.000019611,0.985716708830284
1970-01-01 00:00:00.000019612,0.9856181371594009
1970-01-01 00:00:00.000019613,0.9856181371594009
1970-01-01 00:00:00.000019614,0.9856181371594009
1970-01-01 00:00:00.000019615,0.984753885724612
1970-01-01 00:00:00.000019616,0.9841317008803164
1970-01-01 00:00:00.000019617,0.9843595618900133
1970-01-01 00:00:00.000019618,0.9843513588936641
1970-01-01 00:00:00.000019619,0.9842529237577747
1970-01-01 00:00:00.000019620,0.9842529237577747
1970-01-01 00:00:00.000019621,0.9842529237577747
1970-01-01 00:00:00.000019622,0.9842529237577747
1970-01-01 00:00:00.000019623,0.9842529237577747
1970-01-01 00:00:00.000019624,0.9842529237577747
1970-01-01 00:00:00.000019625,0.9842529237577747
1970-01-01 00:00:00.000019626,0.9842529237577747
1970-01-01 00:00:00.000019627,0.9842635154999552
1970-01-01 00:00:00.000019628,0.9845660828231291
1970-01-01 00:00:00.000019629,0.9857640810179497
1970-01-01 00:00:00.000019630,0.9856655046098479
1970-01-01 00:00:00.000019631,0.9856655046098479
1970-01-01 00:00:00.000019632,0.9856655046098479
1970-01-01 00:00:00.000019633,0.9856655046098479
1970-01-01 00:00:00.000019634,0.9856655046098479
1970-01-01 00:00:00.000019635,0.9856655046098479
1970-01-01 00:00:00.000019636,0.9856655046098479
1970-01-01 00:00:00.000019637,0.9856655046098479
1970-01-01 00:00:00.000019638,0.9859194010217507
1970-01-01 00:00:00.000019639,0.9858208090816485
1970-01-01 00:00:00.000019640,0.9858208090816485
1970-01-01 00:00:00.000019641,0.9858208090816485
1970-01-01 00:00:00.000019642,0.9858208090816485
1970-01-01 00:00:00.000019643,0.9858208090816485
1970-01-01 00:00:00.000019644,0.9858208090816485
1970-01-01 00:00:00.000019645,0.9858208090816485
1970-01-01 00:00:00.000019646,0.9858208090816485
1970-01-01 00:00:00.000019647,0.9858208090816485
1970-01-01 00:00:00.000019648,0.9858208090816485
1970-01-01 00:00:00.000019649,0.9853701201887468
1970-01-01 00:00:00.000019650,0.9856333183652042
1970-01-01 00:00:00.000019651,0.9855347550333676
1970-01-01 00:00:00.000019652,0.9855347550333676
1970-01-01 00:00:00.000019653,0.9855347550333676
1970-01-01 00:00:00.000019654,0.9855347550333676
1970-01-01 00:00:00.000019655,0.9852586788968055
1970-01-01 00:00:00.000019656,0.9851601530289158
1970-01-01 00:00:00.000019657,0.9851601530289158
1970-01-01 00:00:00.000019658,0.9850426004686859
1970-01-01 00:00:00.000019659,0.9870906610774458
1970-01-01 00:00:00.000019660,0.986991952011338
1970-01-01 00:00:00.000019661,0.986991952011338
1970-01-01 00:00:00.000019662,0.986991952011338
1970-01-01 00:00:00.000019663,0.9874220334106779
1970-01-01 00:00:00.000019664,0.9873232912073369
1970-01-01 00:00:00.000019665,0.9873232912073369
1970-01-01 00:00:00.000019666,0.9867671250937116
1970-01-01 00:00:00.000019667,0.987694668430578
1970-01-01 00:00:00.000019668,0.9880467186483657
1970-01-01 00:00:00.000019669,0.9879479139765008
1970-01-01 00:00:00.000019670,0.9875296216186878
1970-01-01 00:00:00.000019671,0.987430868656526
1970-01-01 00:00:00.000019672,0.987430868656526
1970-01-01 00:00:00.000019673,0.9870770047421756
1970-01-01 00:00:00.000019674,0.9870161877543753
1970-01-01 00:00:00.000019675,0.9861817278023456
1970-01-01 00:00:00.000019676,0.9860831096295654
1970-01-01 00:00:00.000019677,0.9860831096295654
1970-01-01 00:00:00.000019678,0.9860831096295654
1970-01-01 00:00:00.000019679,0.9860831096295654
1970-01-01 00:00:00.000019680,0.9860831096295654
1970-01-01 00:00:00.000019681,0.9860831096295654
1970-01-01 00:00:00.000019682,0.9860831096295654
1970-01-01 00:00:00.000019683,0.9860831096295654
1970-01-01 00:00:00.000019684,0.9860831096295654
1970-01-01 00:00:00.000019685,0.9860831096295654
1970-01-01 00:00:00.000019686,0.9860831096295654
1970-01-01 00:00:00.000019687,0.9860831096295654
1970-01-01 00:00:00.000019688,0.9860831096295654
1970-01-01 00:00:00.000019689,0.9860831096295654
1970-01-01 00:00:00.000019690,0.9860831096295654
1970-01-01 00:00:00.000019691,0.9860831096295654
1970-01-01 00:00:00.000019692,0.9860831096295654
1970-01-01 00:00:00.000019693,0.9860831096295654
1970-01-01 00:00:00.000019694,0.9860831096295654
1970-01-01 00:00:00.000019695,0.9860831096295654
1970-01-01 00:00:00.000019696,0.9860831096295654
1970-01-01 00:00:00.000019697,0.9864176698208168
1970-01-01 00:00:00.000019698,0.9863190280538348
1970-01-01 00:00:00.000019699,0.9863190280538348
1970-01-01 00:00:00.000019700,0.9863190280538348
1970-01-01 00:00:00.000019701,0.9863190280538348
1970-01-01 00:00:00.000019702,0.9863190280538348
1970-01-01 00:00:00.000019703,0.9863190280538348
1970-01-01 00:00:00.000019704,0.9863190280538348
1970-01-01 00:00:00.000019705,0.9872221917048215
1970-01-01 00:00:00.000019706,0.9866984869905937
1970-01-01 00:00:00.000019707,0.9865998171418947
1970-01-01 00:00:00.000019708,0.9865998171418947
1970-01-01 00:00:00.000019709,0.9845548647852503
1970-01-01 00:00:00.000019710,0.9844564092987719
1970-01-01 00:00:00.000019711,0.9844564092987719
1970-01-01 00:00:00.000019712,0.9844564092987719
1970-01-01 00:00:00.000019713,0.9844564092987719
1970-01-01 00:00:00.000019714,0.9844564092987719
1970-01-01 00:00:00.000019715,0.9844564092987719
1970-01-01 00:00:00.000019716,0.9844564092987719
1970-01-01 00:00:00.000019717,0.9844564092987719
1970-01-01 00:00:00.000019718,0.9844564092987719
1970-01-01 00:00:00.000019719,0.9844564092987719
1970-01-01 00:00:00.000019720,0.9837747066685758
1970-01-01 00:00:00.000019721,0.9836763291979089
1970-01-01 00:00:00.000019722,0.9836763291979089
1970-01-01 00:00:00.000019723,0.9836763291979089
1970-01-01 00:00:00.000019724,0.9836763291979089
1970-01-01 00:00:00.000019725,0.9836763291979089
1970-01-01 00:00:00.000019726,0.9836763291979089
1970-01-01 00:00:00.000019727,0.9836763291979089
1970-01-01 00:00:00.000019728,0.9836763291979089
1970-01-01 00:00:00.000019729,0.9836763291979089
1970-01-01 00:00:00.000019730,0.9836763291979089
1970-01-01 00:00:00.000019731,0.9836763291979089
1970-01-01 00:00:00.000019732,0.9836763291979089
1970-01-01 00:00:00.000019733,0.9836763291979089
1970-01-01 00:00:00.000019734,0.9836763291979089
1970-01-01 00:00:00.000019735,0.9836763291979089
1970-01-01 00:00:00.000019736,0.9836763291979089
1970-01-01 00:00:00.000019737,0.9836763291979089
1970-01-01 00:00:00.000019738,0.9836763291979089
1970-01-01 00:00:00.000019739,0.9836763291979089
1970-01-01 00:00:00.000019740,0.9836763291979089
1970-01-01 00:00:00.000019741,0.9836763291979089
1970-01-01 00:00:00.000019742,0.9836763291979089
1970-01-01 00:00:00.000019743,0.9836763291979089
1970-01-01 00:00:00.000019744,0.9836763291979089
1970-01-01 00:00:00.000019745,0.9836763291979089
1970-01-01 00:00:00.000019746,0.9836763291979089
1970-01-01 00:00:00.000019747,0.9836763291979089
1970-01-01 00:00:00.000019748,0.9836763291979089
1970-01-01 00:00:00.000019749,0.9836763291979089
1970-01-01 00:00:00.000019750,0.9836763291979089
1970-01-01 00:00:00.000019751,0.9836763291979089
1970-01-01 00:00:00.000019752,0.9836763291979089
1970-01-01 00:00:00.000019753,0.9836763291979089
1970-01-01 00:00:00.000019754,0.9836763291979089
1970-01-01 00:00:00.000019755,0.9836763291979089
1970-01-01 00:00:00.000019756,0.9836763291979089
1970-01-01 00:00:00.000019757,0.9836763291979089
1970-01-01 00:00:00.000019758,0.9836763291979089
1970-01-01 00:00:00.000019759,0.9836763291979089
1970-01-01 00:00:00.000019760,0.9836763291979089
1970-01-01 00:00:00.000019761,0.9836763291979089
1970-01-01 00:00:00.000019762,0.9836763291979089
1970-01-01 00:00:00.000019763,0.9836763291979089
1970-01-01 00:00:00.000019764,0.9836763291979089
1970-01-01 00:00:00.000019765,0.9836763291979089
1970-01-01 00:00:00.000019766,0.9836763291979089
1970-01-01 00:00:00.000019767,0.9836763291979089
1970-01-01 00:00:00.000019768,0.9836763291979089
1970-01-01 00:00:00.000019769,0.9836763291979089
1970-01-01 00:00:00.000019770,0.9836763291979089
1970-01-01 00:00:00.000019771,0.9838347955280341
1970-01-01 00:00:00.000019772,0.9837364120484813
1970-01-01 00:00:00.000019773,0.9837364120484813
1970-01-01 00:00:00.000019774,0.9837364120484813
1970-01-01 00:00:00.000019775,0.9837364120484813
1970-01-01 00:00:00.000019776,0.9837364120484813
1970-01-01 00:00:00.000019777,0.9837364120484813
1970-01-01 00:00:00.000019778,0.9837364120484813
1970-01-01 00:00:00.000019779,0.9837364120484813
1970-01-01 00:00:00.000019780,0.9842653884925707
1970-01-01 00:00:00.000019781,0.9841669619537214
1970-01-01 00:00:00.000019782,0.9841669619537214
1970-01-01 00:00:00.000019783,0.9841669619537214
1970-01-01 00:00:00.000019784,0.9841669619537214
1970-01-01 00:00:00.000019785,0.9841669619537214
1970-01-01 00:00:00.000019786,0.9841669619537214
1970-01-01 00:00:00.000019787,0.9841669619537214
1970-01-01 00:00:00.000019788,0.9841669619537214
1970-01-01 00:00:00.000019789,0.9841669619537214
1970-01-01 00:00:00.000019790,0.9841669619537214
1970-01-01 00:00:00.000019791,0.9841669619537214
1970-01-01 00:00:00.000019792,0.9841669619537214
1970-01-01 00:00:00.000019793,0.9841669619537214
1970-01-01 00:00:00.000019794,0.9841669619537214
1970-01-01 00:00:00.000019795,0.9841669619537214
1970-01-01 00:00:00.000019796,0.9841669619537214
1970-01-01 00:00:00.000019797,0.9841669619537214
1970-01-01 00:00:00.000019798,0.9841669619537214
1970-01-01 00:00:00.000019799,0.9841669619537214
1970-01-01 00:00:00.000019800,0.9841669619537214
1970-01-01 00:00:00.000019801,0.9841669619537214
1970-01-01 00:00:00.000019802,0.9841669619537214
1970-01-01 00:00:00.000019803,0.9841669619537214
1970-01-01 00:00:00.000019804,0.9841669619537214
1970-01-01 00:00:00.000019805,0.9841669619537214
1970-01-01 00:00:00.000019806,0.9841669619537214
1970-01-01 00:00:00.000019807,0.9841669619537214
1970-01-01 00:00:00.000019808,0.9841669619537214
1970-01-01 00:00:00.000019809,0.9841669619537214
1970-01-01 00:00:00.000019810,0.9841669619537214
1970-01-01 00:00:00.000019811,0.9841669619537214
1970-01-01 00:00:00.000019812,0.9841669619537214
1970-01-01 00:00:00.000019813,0.9841669619537214
1970-01-01 00:00:00.000019814,0.9841669619537214
1970-01-01 00:00:00.000019815,0.9841669619537214
1970-01-01 00:00:00.000019816,0.9841669619537214
1970-01-01 00:00:00.000019817,0.9841669619537214
1970-01-01 00:00:00.000019818,0.9841669619537214
1970-01-01 00:00:00.000019819,0.9841669619537214
1970-01-01 00:00:00.000019820,0.9841669619537214
1970-01-01 00:00:00.000019821,0.9841669619537214
1970-01-01 00:00:00.000019822,0.9853332481564422
1970-01-01 00:00:00.000019823,0.9852347148316265
1970-01-01 00:00:00.000019824,0.9840179289507206
1970-01-01 00:00:00.000019825,0.9827543292317058
1970-01-01 00:00:00.000019826,0.9828673067628468
1970-01-01 00:00:00.000019827,0.9830643535035969
1970-01-01 00:00:00.000019828,0.9821279852464551
1970-01-01 00:00:00.000019829,0.9825359031530166
1970-01-01 00:00:00.000019830,0.9824376495627013
1970-01-01 00:00:00.000019831,0.9824376495627013
1970-01-01 00:00:00.000019832,0.9824376495627013
1970-01-01 00:00:00.000019833,0.9824376495627013
1970-01-01 00:00:00.000019834,0.9824376495627013
1970-01-01 00:00:00.000019835,0.9824376495627013
1970-01-01 00:00:00.000019836,0.9824376495627013
1970-01-01 00:00:00.000019837,0.9824376495627013
1970-01-01 00:00:00.000019838,0.9824376495627013
1970-01-01 00:00:00.000019839,0.9824376495627013
1970-01-01 00:00:00.000019840,0.9824376495627013
1970-01-01 00:00:00.000019841,0.9824376495627013
1970-01-01 00:00:00.000019842,0.9820889658023424
1970-01-01 00:00:00.000019843,0.9823264434570474
1970-01-01 00:00:00.000019844,0.9828092015205221
1970-01-01 00:00:00.000019845,0.98271092060037
1970-01-01 00:00:00.000019846,0.98271092060037
1970-01-01 00:00:00.000019847,0.98271092060037
1970-01-01 00:00:00.000019848,0.98271092060037
1970-01-01 00:00:00.000019849,0.98271092060037
1970-01-01 00:00:00.000019850,0.98271092060037
1970-01-01 00:00:00.000019851,0.98271092060037
1970-01-01 00:00:00.000019852,0.98271092060037
1970-01-01 00:00:00.000019853,0.98271092060037
1970-01-01 00:00:00.000019854,0.98271092060037
1970-01-01 00:00:00.000019855,0.98271092060037
1970-01-01 00:00:00.000019856,0.98271092060037
1970-01-01 00:00:00.000019857,0.98271092060037
1970-01-01 00:00:00.000019858,0.98271092060037
1970-01-01 00:00:00.000019859,0.98271092060037
1970-01-01 00:00:00.000019860,0.98271092060037
1970-01-01 00:00:00.000019861,0.98271092060037
1970-01-01 00:00:00.000019862,0.98271092060037
1970-01-01 00:00:00.000019863,0.98271092060037
1970-01-01 00:00:00.000019864,0.98271092060037
1970-01-01 00:00:00.000019865,0.98271092060037
1970-01-01 00:00:00.000019866,0.98271092060037
1970-01-01 00:00:00.000019867,0.98271092060037
1970-01-01 00:00:00.000019868,0.9827664678202337
1970-01-01 00:00:00.000019869,0.9826681911734517
1970-01-01 00:00:00.000019870,0.9826681911734517
1970-01-01 00:00:00.000019871,0.9826681911734517
1970-01-01 00:00:00.000019872,0.9826681911734517
1970-01-01 00:00:00.000019873,0.9826681911734517
1970-01-01 00:00:00.000019874,0.9826681911734517
1970-01-01 00:00:00.000019875,0.9826681911734517
1970-01-01 00:00:00.000019876,0.9826681911734517
1970-01-01 00:00:00.000019877,0.9826681911734517
1970-01-01 00:00:00.000019878,0.9826681911734517
1970-01-01 00:00:00.000019879,0.9826681911734517
1970-01-01 00:00:00.000019880,0.9826681911734517
1970-01-01 00:00:00.000019881,0.9826681911734517
1970-01-01 00:00:00.000019882,0.9826681911734517
1970-01-01 00:00:00.000019883,0.9826681911734517
1970-01-01 00:00:00.000019884,0.9827204830326779
1970-01-01 00:00:00.000019885,0.9826222109843746
1970-01-01 00:00:00.000019886,0.9826222109843746
1970-01-01 00:00:00.000019887,0.9826222109843746
1970-01-01 00:00:00.000019888,0.9826222109843746
1970-01-01 00:00:00.000019889,0.9826222109843746
1970-01-01 00:00:00.000019890,0.9826222109843746
1970-01-01 00:00:00.000019891,0.9826222109843746
1970-01-01 00:00:00.000019892,0.9826222109843746
1970-01-01 00:00:00.000019893,0.9826222109843746
1970-01-01 00:00:00.000019894,0.9826222109843746
1970-01-01 00:00:00.000019895,0.9826222109843746
1970-01-01 00:00:00.000019896,0.9826222109843746
1970-01-01 00:00:00.000019897,0.9826222109843746
1970-01-01 00:00:00.000019898,0.9826222109843746
1970-01-01 00:00:00.000019899,0.9826222109843746
1970-01-01 00:00:00.000019900,0.9826222109843746
1970-01-01 00:00:00.000019901,0.9826222109843746
1970-01-01 00:00:00.000019902,0.9826222109843746
1970-01-01 00:00:00.000019903,0.9826222109843746
1970-01-01 00:00:00.000019904,0.9826222109843746
1970-01-01 00:00:00.000019905,0.9826222109843746
1970-01-01 00:00:00.000019906,0.9836909937483049
1970-01-01 00:00:00.000019907,0.9835926246489302
1970-01-01 00:00:00.000019908,0.9835926246489302
1970-01-01 00:00:00.000019909,0.9835926246489302
1970-01-01 00:00:00.000019910,0.9835926246489302
1970-01-01 00:00:00.000019911,0.9835926246489302
1970-01-01 00:00:00.000019912,0.9835926246489302
1970-01-01 00:00:00.000019913,0.9835926246489302
1970-01-01 00:00:00.000019914,0.9835926246489302
1970-01-01 00:00:00.000019915,0.9835926246489302
1970-01-01 00:00:00.000019916,0.9840677915529702
1970-01-01 00:00:00.000019917,0.9839693847738149
1970-01-01 00:00:00.000019918,0.9839693847738149
1970-01-01 00:00:00.000019919,0.9839693847738149
1970-01-01 00:00:00.000019920,0.9839693847738149
1970-01-01 00:00:00.000019921,0.9839693847738149
1970-01-01 00:00:00.000019922,0.9839693847738149
1970-01-01 00:00:00.000019923,0.9839693847738149
1970-01-01 00:00:00.000019924,0.9839693847738149
1970-01-01 00:00:00.000019925,0.9839693847738149
1970-01-01 00:00:00.000019926,0.9839693847738149
1970-01-01 00:00:00.000019927,0.9843616743765013
1970-01-01 00:00:00.000019928,0.9842632382090637
1970-01-01 00:00:00.000019929,0.9842632382090637
1970-01-01 00:00:00.000019930,0.9842632382090637
1970-01-01 00:00:00.000019931,0.9842453873500727
1970-01-01 00:00:00.000019932,0.9841862990125044
1970-01-01 00:00:00.000019933,0.9840878803826032
1970-01-01 00:00:00.000019934,0.9840878803826032
1970-01-01 00:00:00.000019935,0.9840878803826032
1970-01-01 00:00:00.000019936,0.9840878803826032
1970-01-01 00:00:00.000019937,0.9840878803826032
1970-01-01 00:00:00.000019938,0.9840878803826032
1970-01-01 00:00:00.000019939,0.9840878803826032
1970-01-01 00:00:00.000019940,0.9840878803826032
1970-01-01 00:00:00.000019941,0.9840878803826032
1970-01-01 00:00:00.000019942,0.9840878803826032
1970-01-01 00:00:00.000019943,0.9840878803826032
1970-01-01 00:00:00.000019944,0.9840878803826032
1970-01-01 00:00:00.000019945,0.9840878803826032
1970-01-01 00:00:00.000019946,0.9840878803826032
1970-01-01 00:00:00.000019947,0.9840878803826032
1970-01-01 00:00:00.000019948,0.9840878803826032
1970-01-01 00:00:00.000019949,0.9840878803826032
1970-01-01 00:00:00.000019950,0.9840878803826032
1970-01-01 00:00:00.000019951,0.9840878803826032
1970-01-01 00:00:00.000019952,0.9840878803826032
1970-01-01 00:00:00.000019953,0.9840878803826032
1970-01-01 00:00:00.000019954,0.9840878803826032
1970-01-01 00:00:00.000019955,0.9840878803826032
1970-01-01 00:00:00.000019956,0.9840878803826032
1970-01-01 00:00:00.000019957,0.9840878803826032
1970-01-01 00:00:00.000019958,0.9840878803826032
1970-01-01 00:00:00.000019959,0.9840878803826032
1970-01-01 00:00:00.000019960,0.9840878803826032
1970-01-01 00:00:00.000019961,0.9840878803826032
1970-01-01 00:00:00.000019962,0.9840878803826032
1970-01-01 00:00:00.000019963,0.9840878803826032
1970-01-01 00:00:00.000019964,0.9840878803826032
1970-01-01 00:00:00.000019965,0.9840878803826032
1970-01-01 00:00:00.000019966,0.9840878803826032
1970-01-01 00:00:00.000019967,0.9840878803826032
1970-01-01 00:00:00.000019968,0.9840878803826032
1970-01-01 00:00:00.000019969,0.9840878803826032
1970-01-01 00:00:00.000019970,0.9840878803826032
1970-01-01 00:00:00.000019971,0.9840878803826032
1970-01-01 00:00:00.000019972,0.9840878803826032
1970-01-01 00:00:00.000019973,0.9840878803826032
1970-01-01 00:00:00.000019974,0.9840878803826032
1970-01-01 00:00:00.000019975,0.9840878803826032
1970-01-01 00:00:00.000019976,0.9840878803826032
1970-01-01 00:00:00.000019977,0.9840878803826032
1970-01-01 00:00:00.000019978,0.9840878803826032
1970-01-01 00:00:00.000019979,0.9840878803826032
1970-01-01 00:00:00.000019980,0.9840878803826032
1970-01-01 00:00:00.000019981,0.9840878803826032
1970-01-01 00:00:00.000019982,0.9840878803826032
1970-01-01 00:00:00.000019983,0.9840878803826032
1970-01-01 00:00:00.000019984,0.9840878803826032
1970-01-01 00:00:00.000019985,0.9840878803826032
1970-01-01 00:00:00.000019986,0.9840878803826032
1970-01-01 00:00:00.000019987,0.9840878803826032
1970-01-01 00:00:00.000019988,0.9840878803826032
1970-01-01 00:00:00.000019989,0.9840878803826032
1970-01-01 00:00:00.000019990,0.9840878803826032
1970-01-01 00:00:00.000019991,0.9840878803826032
1970-01-01 00:00:00.000019992,0.9840878803826032
1970-01-01 00:00:00.000019993,0.9840878803826032
1970-01-01 00:00:00.000019994,0.9840878803826032
1970-01-01 00:00:00.000019995,0.9840878803826032
1970-01-01 00:00:00.000019996,0.9840878803826032
1970-01-01 00:00:00.000019997,0.9840878803826032
1970-01-01 00:00:00.000019998,0.9840878803826032
1970-01-01 00:00:00.000019999,0.9840878803826032
1970-01-01 00:00:00.000020000,0.9840878803826032
1970-01-01 00:00:00.000020001,0.9840878803826032
1970-01-01 00:00:00.000020002,0.9840878803826032
1970-01-01 00:00:00.000020003,0.9840878803826032
1970-01-01 00:00:00.000020004,0.9840878803826032
1970-01-01 00:00:00.000020005,0.9840878803826032
1970-01-01 00:00:00.000020006,0.9840878803826032
1970-01-01 00:00:00.000020007,0.9840878803826032
1970-01-01 00:00:00.000020008,0.9840878803826032
1970-01-01 00:00:00.000020009,0.9855982258010606
1970-01-01 00:00:00.000020010,0.9854996659784805
1970-01-01 00:00:00.000020011,0.9854996659784805
1970-01-01 00:00:00.000020012,0.9854996659784805
1970-01-01 00:00:00.000020013,0.9854996659784805
1970-01-01 00:00:00.000020014,0.9854996659784805
1970-01-01 00:00:00.000020015,0.9857102816518438
1970-01-01 00:00:00.000020016,0.9864827221390724
1970-01-01 00:00:00.000020017,0.9863840738668586
1970-01-01 00:00:00.000020018,0.9860171894444605
1970-01-01 00:00:00.000020019,0.9867169816431761
1970-01-01 00:00:00.000020020,0.9875207480652464
1970-01-01 00:00:00.000020021,0.9876648693778057
1970-01-01 00:00:00.000020022,0.9873263000257101
1970-01-01 00:00:00.000020023,0.9859005400416135
1970-01-01 00:00:00.000020024,0.9861166426362056
1970-01-01 00:00:00.000020025,0.9863285613442141
1970-01-01 00:00:00.000020026,0.9847960644547051
1970-01-01 00:00:00.000020027,0.9836716148253658
1970-01-01 00:00:00.000020028,0.9833427879778952
1970-01-01 00:00:00.000020029,0.9837401364186134
1970-01-01 00:00:00.000020030,0.984548834429885
1970-01-01 00:00:00.000020031,0.984450379546442
1970-01-01 00:00:00.000020032,0.984450379546442
1970-01-01 00:00:00.000020033,0.984450379546442
1970-01-01 00:00:00.000020034,0.984450379546442
1970-01-01 00:00:00.000020035,0.984450379546442
1970-01-01 00:00:00.000020036,0.984450379546442
1970-01-01 00:00:00.000020037,0.984450379546442
1970-01-01 00:00:00.000020038,0.984450379546442
1970-01-01 00:00:00.000020039,0.984450379546442
1970-01-01 00:00:00.000020040,0.984450379546442
1970-01-01 00:00:00.000020041,0.984450379546442
1970-01-01 00:00:00.000020042,0.984450379546442
1970-01-01 00:00:00.000020043,0.984450379546442
1970-01-01 00:00:00.000020044,0.984450379546442
1970-01-01 00:00:00.000020045,0.9846026349209214
1970-01-01 00:00:00.000020046,0.9845041746574293
1970-01-01 00:00:00.000020047,0.9845041746574293
1970-01-01 00:00:00.000020048,0.9845041746574293
1970-01-01 00:00:00.000020049,0.9845041746574293
1970-01-01 00:00:00.000020050,0.9845041746574293
1970-01-01 00:00:00.000020051,0.9845041746574293
1970-01-01 00:00:00.000020052,0.9845041746574293
1970-01-01 00:00:00.000020053,0.9845041746574293
1970-01-01 00:00:00.000020054,0.9845041746574293
1970-01-01 00:00:00.000020055,0.9845041746574293
1970-01-01 00:00:00.000020056,0.9845041746574293
1970-01-01 00:00:00.000020057,0.9845041746574293
1970-01-01 00:00:00.000020058,0.9845041746574293
1970-01-01 00:00:00.000020059,0.9845041746574293
1970-01-01 00:00:00.000020060,0.9845041746574293
1970-01-01 00:00:00.000020061,0.9845041746574293
1970-01-01 00:00:00.000020062,0.9845041746574293
1970-01-01 00:00:00.000020063,0.9845041746574293
1970-01-01 00:00:00.000020064,0.9845041746574293
1970-01-01 00:00:00.000020065,0.9845041746574293
1970-01-01 00:00:00.000020066,0.9845041746574293
1970-01-01 00:00:00.000020067,0.9845041746574293
1970-01-01 00:00:00.000020068,0.9845041746574293
1970-01-01 00:00:00.000020069,0.9845041746574293
1970-01-01 00:00:00.000020070,0.9845041746574293
1970-01-01 00:00:00.000020071,0.9845041746574293
1970-01-01 00:00:00.000020072,0.9845041746574293
1970-01-01 00:00:00.000020073,0.9845041746574293
1970-01-01 00:00:00.000020074,0.9845041746574293
1970-01-01 00:00:00.000020075,0.9845041746574293
1970-01-01 00:00:00.000020076,0.9845041746574293
1970-01-01 00:00:00.000020077,0.9845041746574293
1970-01-01 00:00:00.000020078,0.9845041746574293
1970-01-01 00:00:00.000020079,0.9845041746574293
1970-01-01 00:00:00.000020080,0.9845041746574293
1970-01-01 00:00:00.000020081,0.9845041746574293
1970-01-01 00:00:00.000020082,0.9845041746574293
1970-01-01 00:00:00.000020083,0.9845041746574293
1970-01-01 00:00:00.000020084,0.9845041746574293
1970-01-01 00:00:00.000020085,0.9845041746574293
1970-01-01 00:00:00.000020086,0.9845041746574293
1970-01-01 00:00:00.000020087,0.9845041746574293
1970-01-01 00:00:00.000020088,0.9845041746574293
1970-01-01 00:00:00.000020089,0.9845041746574293
1970-01-01 00:00:00.000020090,0.9845041746574293
1970-01-01 00:00:00.000020091,0.9845041746574293
1970-01-01 00:00:00.000020092,0.9845041746574293
1970-01-01 00:00:00.000020093,0.9845041746574293
1970-01-01 00:00:00.000020094,0.9845041746574293
1970-01-01 00:00:00.000020095,0.9845041746574293
1970-01-01 00:00:00.000020096,0.9845041746574293
1970-01-01 00:00:00.000020097,0.9845041746574293
1970-01-01 00:00:00.000020098,0.9845041746574293
1970-01-01 00:00:00.000020099,0.9845041746574293
1970-01-01 00:00:00.000020100,0.9845041746574293
1970-01-01 00:00:00.000020101,0.9845041746574293
1970-01-01 00:00:00.000020102,0.9845041746574293
1970-01-01 00:00:00.000020103,0.9845041746574293
1970-01-01 00:00:00.000020104,0.9844057242399636
1970-01-01 00:00:00.000020105,0.9841023525841093
1970-01-01 00:00:00.000020106,0.9840039423488509
1970-01-01 00:00:00.000020107,0.9840039423488509
1970-01-01 00:00:00.000020108,0.9840039423488509
1970-01-01 00:00:00.000020109,0.9840039423488509
1970-01-01 00:00:00.000020110,0.9840039423488509
1970-01-01 00:00:00.000020111,0.9841299482796372
1970-01-01 00:00:00.000020112,0.9840315352848092
1970-01-01 00:00:00.000020113,0.9840315352848092
1970-01-01 00:00:00.000020114,0.9840315352848092
1970-01-01 00:00:00.000020115,0.9840315352848092
1970-01-01 00:00:00.000020116,0.9840315352848092
1970-01-01 00:00:00.000020117,0.9840315352848092
1970-01-01 00:00:00.000020118,0.9840315352848092
1970-01-01 00:00:00.000020119,0.9840315352848092
1970-01-01 00:00:00.000020120,0.9840315352848092
1970-01-01 00:00:00.000020121,0.9841234612687382
1970-01-01 00:00:00.000020122,0.9838853985278269
1970-01-01 00:00:00.000020123,0.9839420210882021
1970-01-01 00:00:00.000020124,0.9840241415546886
1970-01-01 00:00:00.000020125,0.9840990505800796
1970-01-01 00:00:00.000020126,0.9840006406750216
1970-01-01 00:00:00.000020127,0.9840006406750216
1970-01-01 00:00:00.000020128,0.9840006406750216
1970-01-01 00:00:00.000020129,0.983953719101748
1970-01-01 00:00:00.000020130,0.9838553237298379
1970-01-01 00:00:00.000020131,0.9838553237298379
1970-01-01 00:00:00.000020132,0.9838553237298379
1970-01-01 00:00:00.000020133,0.9838553237298379
1970-01-01 00:00:00.000020134,0.9838553237298379
1970-01-01 00:00:00.000020135,0.9838553237298379
1970-01-01 00:00:00.000020136,0.9838553237298379
1970-01-01 00:00:00.000020137,0.9838553237298379
1970-01-01 00:00:00.000020138,0.9838553237298379
1970-01-01 00:00:00.000020139,0.9838553237298379
1970-01-01 00:00:00.000020140,0.9838553237298379
1970-01-01 00:00:00.000020141,0.9838553237298379
1970-01-01 00:00:00.000020142,0.9838553237298379
1970-01-01 00:00:00.000020143,0.9838553237298379
1970-01-01 00:00:00.000020144,0.9838553237298379
1970-01-01 00:00:00.000020145,0.9838553237298379
1970-01-01 00:00:00.000020146,0.9838553237298379
1970-01-01 00:00:00.000020147,0.9838553237298379
1970-01-01 00:00:00.000020148,0.9838553237298379
1970-01-01 00:00:00.000020149,0.9838553237298379
1970-01-01 00:00:00.000020150,0.9838553237298379
1970-01-01 00:00:00.000020151,0.9838553237298379
1970-01-01 00:00:00.000020152,0.9838553237298379
1970-01-01 00:00:00.000020153,0.9838553237298379
1970-01-01 00:00:00.000020154,0.9838553237298379
1970-01-01 00:00:00.000020155,0.9838553237298379
1970-01-01 00:00:00.000020156,0.9838553237298379
1970-01-01 00:00:00.000020157,0.9838553237298379
1970-01-01 00:00:00.000020158,0.9838553237298379
1970-01-01 00:00:00.000020159,0.9838553237298379
1970-01-01 00:00:00.000020160,0.9838553237298379
1970-01-01 00:00:00.000020161,0.9838553237298379
1970-01-01 00:00:00.000020162,0.9838553237298379
1970-01-01 00:00:00.000020163,0.9838553237298379
1970-01-01 00:00:00.000020164,0.9838553237298379
1970-01-01 00:00:00.000020165,0.9838553237298379
1970-01-01 00:00:00.000020166,0.9838553237298379
1970-01-01 00:00:00.000020167,0.9838553237298379
1970-01-01 00:00:00.000020168,0.9838553237298379
1970-01-01 00:00:00.000020169,0.9838553237298379
1970-01-01 00:00:00.000020170,0.9838553237298379
1970-01-01 00:00:00.000020171,0.9838553237298379
1970-01-01 00:00:00.000020172,0.9838553237298379
1970-01-01 00:00:00.000020173,0.9838553237298379
1970-01-01 00:00:00.000020174,0.9838553237298379
1970-01-01 00:00:00.000020175,0.9838553237298379
1970-01-01 00:00:00.000020176,0.9838553237298379
1970-01-01 00:00:00.000020177,0.9838553237298379
1970-01-01 00:00:00.000020178,0.9838553237298379
1970-01-01 00:00:00.000020179,0.9838553237298379
1970-01-01 00:00:00.000020180,0.9838553237298379
1970-01-01 00:00:00.000020181,0.9838553237298379
1970-01-01 00:00:00.000020182,0.9838553237298379
1970-01-01 00:00:00.000020183,0.9838553237298379
1970-01-01 00:00:00.000020184,0.9838553237298379
1970-01-01 00:00:00.000020185,0.9838553237298379
1970-01-01 00:00:00.000020186,0.9840753059781906
1970-01-01 00:00:00.000020187,0.9839768984475928
1970-01-01 00:00:00.000020188,0.9839768984475928
1970-01-01 00:00:00.000020189,0.9839768984475928
1970-01-01 00:00:00.000020190,0.9839768984475928
1970-01-01 00:00:00.000020191,0.9839768984475928
1970-01-01 00:00:00.000020192,0.9839768984475928
1970-01-01 00:00:00.000020193,0.9839768984475928
1970-01-01 00:00:00.000020194,0.9839768984475928
1970-01-01 00:00:00.000020195,0.9839768984475928
1970-01-01 00:00:00.000020196,0.9839768984475928
1970-01-01 00:00:00.000020197,0.9839768984475928
1970-01-01 00:00:00.000020198,0.9839768984475928
1970-01-01 00:00:00.000020199,0.9839768984475928
1970-01-01 00:00:00.000020200,0.9839768984475928
1970-01-01 00:00:00.000020201,0.9839768984475928
1970-01-01 00:00:00.000020202,0.9839768984475928
1970-01-01 00:00:00.000020203,0.9839768984475928
1970-01-01 00:00:00.000020204,0.9839768984475928
1970-01-01 00:00:00.000020205,0.9839768984475928
1970-01-01 00:00:00.000020206,0.9839768984475928
1970-01-01 00:00:00.000020207,0.9839768984475928
1970-01-01 00:00:00.000020208,0.9839768984475928
1970-01-01 00:00:00.000020209,0.9839768984475928
1970-01-01 00:00:00.000020210,0.9839768984475928
1970-01-01 00:00:00.000020211,0.9839768984475928
1970-01-01 00:00:00.000020212,0.9839768984475928
1970-01-01 00:00:00.000020213,0.9839768984475928
1970-01-01 00:00:00.000020214,0.9839768984475928
1970-01-01 00:00:00.000020215,0.9839768984475928
1970-01-01 00:00:00.000020216,0.9839768984475928
1970-01-01 00:00:00.000020217,0.9839768984475928
1970-01-01 00:00:00.000020218,0.9839768984475928
1970-01-01 00:00:00.000020219,0.9839768984475928
1970-01-01 00:00:00.000020220,0.9839768984475928
1970-01-01 00:00:00.000020221,0.9839768984475928
1970-01-01 00:00:00.000020222,0.9839768984475928
1970-01-01 00:00:00.000020223,0.9839768984475928
1970-01-01 00:00:00.000020224,0.9839768984475928
1970-01-01 00:00:00.000020225,0.9839768984475928
1970-01-01 00:00:00.000020226,0.9839768984475928
1970-01-01 00:00:00.000020227,0.9839768984475928
1970-01-01 00:00:00.000020228,0.9839768984475928
1970-01-01 00:00:00.000020229,0.9839768984475928
1970-01-01 00:00:00.000020230,0.9839768984475928
1970-01-01 00:00:00.000020231,0.9839768984475928
1970-01-01 00:00:00.000020232,0.9839768984475928
1970-01-01 00:00:00.000020233,0.9839768984475928
1970-01-01 00:00:00.000020234,0.9839768984475928
1970-01-01 00:00:00.000020235,0.9839768984475928
1970-01-01 00:00:00.000020236,0.9839768984475928
1970-01-01 00:00:00.000020237,0.9839768984475928
1970-01-01 00:00:00.000020238,0.9839768984475928
1970-01-01 00:00:00.000020239,0.9839768984475928
1970-01-01 00:00:00.000020240,0.9839768984475928
1970-01-01 00:00:00.000020241,0.9839768984475928
1970-01-01 00:00:00.000020242,0.9839768984475928
1970-01-01 00:00:00.000020243,0.9839768984475928
1970-01-01 00:00:00.000020244,0.9839768984475928
1970-01-01 00:00:00.000020245,0.9839768984475928
1970-01-01 00:00:00.000020246,0.9839768984475928
1970-01-01 00:00:00.000020247,0.9839768984475928
1970-01-01 00:00:00.000020248,0.9839768984475928
1970-01-01 00:00:00.000020249,0.9839768984475928
1970-01-01 00:00:00.000020250,0.9839768984475928
1970-01-01 00:00:00.000020251,0.9839768984475928
1970-01-01 00:00:00.000020252,0.9839768984475928
1970-01-01 00:00:00.000020253,0.9839768984475928
1970-01-01 00:00:00.000020254,0.9839768984475928
1970-01-01 00:00:00.000020255,0.9839768984475928
1970-01-01 00:00:00.000020256,0.9839768984475928
1970-01-01 00:00:00.000020257,0.9839768984475928
1970-01-01 00:00:00.000020258,0.9839768984475928
1970-01-01 00:00:00.000020259,0.9839768984475928
1970-01-01 00:00:00.000020260,0.9839768984475928
1970-01-01 00:00:00.000020261,0.9839768984475928
1970-01-01 00:00:00.000020262,0.9839768984475928
1970-01-01 00:00:00.000020263,0.9839768984475928
1970-01-01 00:00:00.000020264,0.9839768984475928
1970-01-01 00:00:00.000020265,0.9839768984475928
1970-01-01 00:00:00.000020266,0.9839768984475928
1970-01-01 00:00:00.000020267,0.9839768984475928
1970-01-01 00:00:00.000020268,0.9839768984475928
1970-01-01 00:00:00.000020269,0.9839768984475928
1970-01-01 00:00:00.000020270,0.9839768984475928
1970-01-01 00:00:00.000020271,0.9839768984475928
1970-01-01 00:00:00.000020272,0.9839768984475928
1970-01-01 00:00:00.000020273,0.9839768984475928
1970-01-01 00:00:00.000020274,0.9839768984475928
1970-01-01 00:00:00.000020275,0.9837281417576392
1970-01-01 00:00:00.000020276,0.9836297689434634
1970-01-01 00:00:00.000020277,0.9836297689434634
1970-01-01 00:00:00.000020278,0.9836297689434634
1970-01-01 00:00:00.000020279,0.9836297689434634
1970-01-01 00:00:00.000020280,0.9836297689434634
1970-01-01 00:00:00.000020281,0.9836297689434634
1970-01-01 00:00:00.000020282,0.9836297689434634
1970-01-01 00:00:00.000020283,0.9836297689434634
1970-01-01 00:00:00.000020284,0.9836297689434634
1970-01-01 00:00:00.000020285,0.9836297689434634
1970-01-01 00:00:00.000020286,0.9836297689434634
1970-01-01 00:00:00.000020287,0.9836297689434634
1970-01-01 00:00:00.000020288,0.9836297689434634
1970-01-01 00:00:00.000020289,0.9836297689434634
1970-01-01 00:00:00.000020290,0.9836297689434634
1970-01-01 00:00:00.000020291,0.9836297689434634
1970-01-01 00:00:00.000020292,0.9836297689434634
1970-01-01 00:00:00.000020293,0.9836297689434634
1970-01-01 00:00:00.000020294,0.9836297689434634
1970-01-01 00:00:00.000020295,0.9836297689434634
1970-01-01 00:00:00.000020296,0.9836297689434634
1970-01-01 00:00:00.000020297,0.9836297689434634
1970-01-01 00:00:00.000020298,0.9836297689434634
1970-01-01 00:00:00.000020299,0.9836297689434634
1970-01-01 00:00:00.000020300,0.9836297689434634
1970-01-01 00:00:00.000020301,0.9836297689434634
1970-01-01 00:00:00.000020302,0.9836297689434634
1970-01-01 00:00:00.000020303,0.9836297689434634
1970-01-01 00:00:00.000020304,0.9836297689434634
1970-01-01 00:00:00.000020305,0.9836297689434634
1970-01-01 00:00:00.000020306,0.9836297689434634
1970-01-01 00:00:00.000020307,0.9836297689434634
1970-01-01 00:00:00.000020308,0.9836297689434634
1970-01-01 00:00:00.000020309,0.9836297689434634
1970-01-01 00:00:00.000020310,0.9836297689434634
1970-01-01 00:00:00.000020311,0.9836297689434634
1970-01-01 00:00:00.000020312,0.9836297689434634
1970-01-01 00:00:00.000020313,0.9836297689434634
1970-01-01 00:00:00.000020314,0.9836297689434634
1970-01-01 00:00:00.000020315,0.9836297689434634
1970-01-01 00:00:00.000020316,0.9836297689434634
1970-01-01 00:00:00.000020317,0.9836297689434634
1970-01-01 00:00:00.000020318,0.9836297689434634
1970-01-01 00:00:00.000020319,0.9840081125469254
1970-01-01 00:00:00.000020320,0.9839097117356708
1970-01-01 00:00:00.000020321,0.9839097117356708
1970-01-01 00:00:00.000020322,0.9839097117356708
1970-01-01 00:00:00.000020323,0.9839097117356708
1970-01-01 00:00:00.000020324,0.9839097117356708
1970-01-01 00:00:00.000020325,0.9839097117356708
1970-01-01 00:00:00.000020326,0.9839097117356708
1970-01-01 00:00:00.000020327,0.9839097117356708
1970-01-01 00:00:00.000020328,0.9839097117356708
1970-01-01 00:00:00.000020329,0.9844492874897544
1970-01-01 00:00:00.000020330,0.9843508425610054
1970-01-01 00:00:00.000020331,0.9843508425610054
1970-01-01 00:00:00.000020332,0.9843508425610054
1970-01-01 00:00:00.000020333,0.9843508425610054
1970-01-01 00:00:00.000020334,0.9843508425610054
1970-01-01 00:00:00.000020335,0.9843508425610054
1970-01-01 00:00:00.000020336,0.9843508425610054
1970-01-01 00:00:00.000020337,0.9843508425610054
1970-01-01 00:00:00.000020338,0.9843508425610054
1970-01-01 00:00:00.000020339,0.9843508425610054
1970-01-01 00:00:00.000020340,0.9843508425610054
1970-01-01 00:00:00.000020341,0.9843508425610054
1970-01-01 00:00:00.000020342,0.9843508425610054
1970-01-01 00:00:00.000020343,0.9843508425610054
1970-01-01 00:00:00.000020344,0.9843508425610054
1970-01-01 00:00:00.000020345,0.9843508425610054
1970-01-01 00:00:00.000020346,0.9843508425610054
1970-01-01 00:00:00.000020347,0.9843508425610054
1970-01-01 00:00:00.000020348,0.9843508425610054
1970-01-01 00:00:00.000020349,0.9843508425610054
1970-01-01 00:00:00.000020350,0.9843508425610054
1970-01-01 00:00:00.000020351,0.9843508425610054
1970-01-01 00:00:00.000020352,0.9843508425610054
1970-01-01 00:00:00.000020353,0.9843508425610054
1970-01-01 00:00:00.000020354,0.9843508425610054
1970-01-01 00:00:00.000020355,0.9843508425610054
1970-01-01 00:00:00.000020356,0.9843508425610054
1970-01-01 00:00:00.000020357,0.9843508425610054
1970-01-01 00:00:00.000020358,0.9843508425610054
1970-01-01 00:00:00.000020359,0.9843508425610054
1970-01-01 00:00:00.000020360,0.9843508425610054
1970-01-01 00:00:00.000020361,0.9843508425610054
1970-01-01 00:00:00.000020362,0.9843508425610054
1970-01-01 00:00:00.000020363,0.9843508425610054
1970-01-01 00:00:00.000020364,0.9843508425610054
1970-01-01 00:00:00.000020365,0.9843508425610054
1970-01-01 00:00:00.000020366,0.9843508425610054
1970-01-01 00:00:00.000020367,0.9843508425610054
1970-01-01 00:00:00.000020368,0.9843508425610054
1970-01-01 00:00:00.000020369,0.9843508425610054
1970-01-01 00:00:00.000020370,0.9843508425610054
1970-01-01 00:00:00.000020371,0.9843508425610054
1970-01-01 00:00:00.000020372,0.9843508425610054
1970-01-01 00:00:00.000020373,0.9843508425610054
1970-01-01 00:00:00.000020374,0.9843508425610054
1970-01-01 00:00:00.000020375,0.9843508425610054
1970-01-01 00:00:00.000020376,0.9843508425610054
1970-01-01 00:00:00.000020377,0.9843508425610054
1970-01-01 00:00:00.000020378,0.9843508425610054
1970-01-01 00:00:00.000020379,0.9843508425610054
1970-01-01 00:00:00.000020380,0.9843508425610054
1970-01-01 00:00:00.000020381,0.9843508425610054
1970-01-01 00:00:00.000020382,0.9843508425610054
1970-01-01 00:00:00.000020383,0.984079774077498
1970-01-01 00:00:00.000020384,0.9840758861997045
1970-01-01 00:00:00.000020385,0.9839930833290587
1970-01-01 00:00:00.000020386,0.9839930833290587
1970-01-01 00:00:00.000020387,0.9840096245752709
1970-01-01 00:00:00.000020388,0.9843775969685281
1970-01-01 00:00:00.000020389,0.9841228281589763
1970-01-01 00:00:00.000020390,0.9846579959801768
1970-01-01 00:00:00.000020391,0.9845595301805787
1970-01-01 00:00:00.000020392,0.9840003269137038
1970-01-01 00:00:00.000020393,0.9839019268810124
1970-01-01 00:00:00.000020394,0.9839019268810124
1970-01-01 00:00:00.000020395,0.9839019268810124
1970-01-01 00:00:00.000020396,0.9839019268810124
1970-01-01 00:00:00.000020397,0.9839019268810124
1970-01-01 00:00:00.000020398,0.9839019268810124
1970-01-01 00:00:00.000020399,0.9839019268810124
1970-01-01 00:00:00.000020400,0.9839019268810124
1970-01-01 00:00:00.000020401,0.9839019268810124
1970-01-01 00:00:00.000020402,0.9839019268810124
1970-01-01 00:00:00.000020403,0.9839019268810124
1970-01-01 00:00:00.000020404,0.9839019268810124
1970-01-01 00:00:00.000020405,0.9835714809910786
1970-01-01 00:00:00.000020406,0.9834731238429795
1970-01-01 00:00:00.000020407,0.9834731238429795
1970-01-01 00:00:00.000020408,0.9834731238429795
1970-01-01 00:00:00.000020409,0.9834731238429795
1970-01-01 00:00:00.000020410,0.9834731238429795
1970-01-01 00:00:00.000020411,0.9834731238429795
1970-01-01 00:00:00.000020412,0.9834731238429795
1970-01-01 00:00:00.000020413,0.9834731238429795
1970-01-01 00:00:00.000020414,0.9834731238429795
1970-01-01 00:00:00.000020415,0.9834731238429795
1970-01-01 00:00:00.000020416,0.9834731238429795
1970-01-01 00:00:00.000020417,0.9834731238429795
1970-01-01 00:00:00.000020418,0.9834731238429795
1970-01-01 00:00:00.000020419,0.9834731238429795
1970-01-01 00:00:00.000020420,0.9836553702677766
1970-01-01 00:00:00.000020421,0.9835570047307498
1970-01-01 00:00:00.000020422,0.9835570047307498
1970-01-01 00:00:00.000020423,0.9835570047307498
1970-01-01 00:00:00.000020424,0.9835570047307498
1970-01-01 00:00:00.000020425,0.9835570047307498
1970-01-01 00:00:00.000020426,0.9835570047307498
1970-01-01 00:00:00.000020427,0.9835570047307498
1970-01-01 00:00:00.000020428,0.9835570047307498
1970-01-01 00:00:00.000020429,0.9835570047307498
1970-01-01 00:00:00.000020430,0.9835570047307498
1970-01-01 00:00:00.000020431,0.9835570047307498
1970-01-01 00:00:00.000020432,0.9835570047307498
1970-01-01 00:00:00.000020433,0.9835570047307498
1970-01-01 00:00:00.000020434,0.9835570047307498
1970-01-01 00:00:00.000020435,0.9835570047307498
1970-01-01 00:00:00.000020436,0.9835570047307498
1970-01-01 00:00:00.000020437,0.9835570047307498
1970-01-01 00:00:00.000020438,0.9835570047307498
1970-01-01 00:00:00.000020439,0.9835570047307498
1970-01-01 00:00:00.000020440,0.9835570047307498
1970-01-01 00:00:00.000020441,0.9835570047307498
1970-01-01 00:00:00.000020442,0.9835570047307498
1970-01-01 00:00:00.000020443,0.9835570047307498
1970-01-01 00:00:00.000020444,0.9835570047307498
1970-01-01 00:00:00.000020445,0.9838161210551941
1970-01-01 00:00:00.000020446,0.9837177394430886
1970-01-01 00:00:00.000020447,0.9837177394430886
1970-01-01 00:00:00.000020448,0.9837020017459404
1970-01-01 00:00:00.000020449,0.9836036315457658
1970-01-01 00:00:00.000020450,0.9836036315457658
1970-01-01 00:00:00.000020451,0.9836036315457658
1970-01-01 00:00:00.000020452,0.9836036315457658
1970-01-01 00:00:00.000020453,0.9838108204392917
1970-01-01 00:00:00.000020454,0.9837124393572477
1970-01-01 00:00:00.000020455,0.9837124393572477
1970-01-01 00:00:00.000020456,0.9836141508781875
1970-01-01 00:00:00.000020457,0.9836140681215885
1970-01-01 00:00:00.000020458,0.9834217417853913
1970-01-01 00:00:00.000020459,0.9834778507595485
1970-01-01 00:00:00.000020460,0.9835269254227865
1970-01-01 00:00:00.000020461,0.9838104495311389
1970-01-01 00:00:00.000020462,0.9840881806775577
1970-01-01 00:00:00.000020463,0.9844724195669565
1970-01-01 00:00:00.000020464,0.9840819739326288
1970-01-01 00:00:00.000020465,0.9839262260132129
1970-01-01 00:00:00.000020466,0.9838278333906115
1970-01-01 00:00:00.000020467,0.9833937601760608
1970-01-01 00:00:00.000020468,0.9832654694477581
1970-01-01 00:00:00.000020469,0.9831671429008133
1970-01-01 00:00:00.000020470,0.9831671429008133
1970-01-01 00:00:00.000020471,0.9831671429008133
1970-01-01 00:00:00.000020472,0.9831671429008133
1970-01-01 00:00:00.000020473,0.9826455908562615
1970-01-01 00:00:00.000020474,0.9834757479493383
1970-01-01 00:00:00.000020475,0.9833774003745435
1970-01-01 00:00:00.000020476,0.9833774003745435
1970-01-01 00:00:00.000020477,0.9833774003745435
1970-01-01 00:00:00.000020478,0.9833774003745435
1970-01-01 00:00:00.000020479,0.9833774003745435
1970-01-01 00:00:00.000020480,0.9833774003745435
1970-01-01 00:00:00.000020481,0.9833774003745435
1970-01-01 00:00:00.000020482,0.9833774003745435
1970-01-01 00:00:00.000020483,0.9833774003745435
1970-01-01 00:00:00.000020484,0.9833774003745435
1970-01-01 00:00:00.000020485,0.9833774003745435
1970-01-01 00:00:00.000020486,0.9833774003745435
1970-01-01 00:00:00.000020487,0.9833774003745435
1970-01-01 00:00:00.000020488,0.9833774003745435
1970-01-01 00:00:00.000020489,0.9833774003745435
1970-01-01 00:00:00.000020490,0.9833774003745435
1970-01-01 00:00:00.000020491,0.9833774003745435
1970-01-01 00:00:00.000020492,0.9833774003745435
1970-01-01 00:00:00.000020493,0.9833774003745435
1970-01-01 00:00:00.000020494,0.9833774003745435
1970-01-01 00:00:00.000020495,0.9833774003745435
1970-01-01 00:00:00.000020496,0.9833774003745435
1970-01-01 00:00:00.000020497,0.9833774003745435
1970-01-01 00:00:00.000020498,0.9833774003745435
1970-01-01 00:00:00.000020499,0.9833774003745435
1970-01-01 00:00:00.000020500,0.9833774003745435
1970-01-01 00:00:00.000020501,0.9833774003745435
1970-01-01 00:00:00.000020502,0.9833774003745435
1970-01-01 00:00:00.000020503,0.9833774003745435
1970-01-01 00:00:00.000020504,0.9833774003745435
1970-01-01 00:00:00.000020505,0.9833774003745435
1970-01-01 00:00:00.000020506,0.9833774003745435
1970-01-01 00:00:00.000020507,0.9833774003745435
1970-01-01 00:00:00.000020508,0.9833774003745435
1970-01-01 00:00:00.000020509,0.98340688094244
1970-01-01 00:00:00.000020510,0.9833085402543458
1970-01-01 00:00:00.000020511,0.9833085402543458
1970-01-01 00:00:00.000020512,0.9833085402543458
1970-01-01 00:00:00.000020513,0.9833085402543458
1970-01-01 00:00:00.000020514,0.9833085402543458
1970-01-01 00:00:00.000020515,0.9833085402543458
1970-01-01 00:00:00.000020516,0.9837175576740469
1970-01-01 00:00:00.000020517,0.9837466289925498
1970-01-01 00:00:00.000020518,0.9836482543296506
1970-01-01 00:00:00.000020519,0.9836482543296506
1970-01-01 00:00:00.000020520,0.9836482543296506
1970-01-01 00:00:00.000020521,0.9832424704906387
1970-01-01 00:00:00.000020522,0.9831441462435897
1970-01-01 00:00:00.000020523,0.9831441462435897
1970-01-01 00:00:00.000020524,0.9831441462435897
1970-01-01 00:00:00.000020525,0.9831441462435897
1970-01-01 00:00:00.000020526,0.9831441462435897
1970-01-01 00:00:00.000020527,0.9831441462435897
1970-01-01 00:00:00.000020528,0.9831441462435897
1970-01-01 00:00:00.000020529,0.9831441462435897
1970-01-01 00:00:00.000020530,0.9831441462435897
1970-01-01 00:00:00.000020531,0.9831441462435897
1970-01-01 00:00:00.000020532,0.9831441462435897
1970-01-01 00:00:00.000020533,0.9831441462435897
1970-01-01 00:00:00.000020534,0.9831441462435897
1970-01-01 00:00:00.000020535,0.9831441462435897
1970-01-01 00:00:00.000020536,0.9831441462435897
1970-01-01 00:00:00.000020537,0.9831441462435897
1970-01-01 00:00:00.000020538,0.9831441462435897
1970-01-01 00:00:00.000020539,0.9831441462435897
1970-01-01 00:00:00.000020540,0.9831441462435897
1970-01-01 00:00:00.000020541,0.9831441462435897
1970-01-01 00:00:00.000020542,0.9831441462435897
1970-01-01 00:00:00.000020543,0.9831441462435897
1970-01-01 00:00:00.000020544,0.9831441462435897
1970-01-01 00:00:00.000020545,0.9831441462435897
1970-01-01 00:00:00.000020546,0.9831441462435897
1970-01-01 00:00:00.000020547,0.9831441462435897
1970-01-01 00:00:00.000020548,0.9831441462435897
1970-01-01 00:00:00.000020549,0.9831441462435897
1970-01-01 00:00:00.000020550,0.9831441462435897
1970-01-01 00:00:00.000020551,0.9831441462435897
1970-01-01 00:00:00.000020552,0.9831441462435897
1970-01-01 00:00:00.000020553,0.9831441462435897
1970-01-01 00:00:00.000020554,0.9831441462435897
1970-01-01 00:00:00.000020555,0.9831441462435897
1970-01-01 00:00:00.000020556,0.9831441462435897
1970-01-01 00:00:00.000020557,0.9831441462435897
1970-01-01 00:00:00.000020558,0.9831441462435897
1970-01-01 00:00:00.000020559,0.9831441462435897
1970-01-01 00:00:00.000020560,0.9831441462435897
1970-01-01 00:00:00.000020561,0.9831441462435897
1970-01-01 00:00:00.000020562,0.9831441462435897
1970-01-01 00:00:00.000020563,0.9830139970210461
1970-01-01 00:00:00.000020564,0.982915695621344
1970-01-01 00:00:00.000020565,0.9823875372272658
1970-01-01 00:00:00.000020566,0.9822892984735431
1970-01-01 00:00:00.000020567,0.9822892984735431
1970-01-01 00:00:00.000020568,0.9822892984735431
1970-01-01 00:00:00.000020569,0.9822892984735431
1970-01-01 00:00:00.000020570,0.9822892984735431
1970-01-01 00:00:00.000020571,0.9822892984735431
1970-01-01 00:00:00.000020572,0.9822892984735431
1970-01-01 00:00:00.000020573,0.9822892984735431
1970-01-01 00:00:00.000020574,0.9823625072314486
1970-01-01 00:00:00.000020575,0.9822642709807254
1970-01-01 00:00:00.000020576,0.9822642709807254
1970-01-01 00:00:00.000020577,0.9822642709807254
1970-01-01 00:00:00.000020578,0.9822642709807254
1970-01-01 00:00:00.000020579,0.9824189460430971
1970-01-01 00:00:00.000020580,0.9830221675634437
1970-01-01 00:00:00.000020581,0.9829238653466874
1970-01-01 00:00:00.000020582,0.9829238653466874
1970-01-01 00:00:00.000020583,0.9829238653466874
1970-01-01 00:00:00.000020584,0.9829238653466874
1970-01-01 00:00:00.000020585,0.9829238653466874
1970-01-01 00:00:00.000020586,0.9829238653466874
1970-01-01 00:00:00.000020587,0.9829238653466874
1970-01-01 00:00:00.000020588,0.9829238653466874
1970-01-01 00:00:00.000020589,0.9829238653466874
1970-01-01 00:00:00.000020590,0.9829238653466874
1970-01-01 00:00:00.000020591,0.9829238653466874
1970-01-01 00:00:00.000020592,0.9829238653466874
1970-01-01 00:00:00.000020593,0.9829238653466874
1970-01-01 00:00:00.000020594,0.9829238653466874
1970-01-01 00:00:00.000020595,0.9829238653466874
1970-01-01 00:00:00.000020596,0.9829238653466874
1970-01-01 00:00:00.000020597,0.9829238653466874
1970-01-01 00:00:00.000020598,0.9829238653466874
1970-01-01 00:00:00.000020599,0.9829238653466874
1970-01-01 00:00:00.000020600,0.9829238653466874
1970-01-01 00:00:00.000020601,0.9829238653466874
1970-01-01 00:00:00.000020602,0.9829238653466874
1970-01-01 00:00:00.000020603,0.9829238653466874
1970-01-01 00:00:00.000020604,0.9829238653466874
1970-01-01 00:00:00.000020605,0.9824845915780293
1970-01-01 00:00:00.000020606,0.983062870567639
1970-01-01 00:00:00.000020607,0.9829645642805822
1970-01-01 00:00:00.000020608,0.9829645642805822
1970-01-01 00:00:00.000020609,0.9829645642805822
1970-01-01 00:00:00.000020610,0.98230693721871
1970-01-01 00:00:00.000020611,0.9822087065249882
1970-01-01 00:00:00.000020612,0.9822087065249882
1970-01-01 00:00:00.000020613,0.9822087065249882
1970-01-01 00:00:00.000020614,0.9822087065249882
1970-01-01 00:00:00.000020615,0.9822087065249882
1970-01-01 00:00:00.000020616,0.9822087065249882
1970-01-01 00:00:00.000020617,0.9822087065249882
1970-01-01 00:00:00.000020618,0.9822087065249882
1970-01-01 00:00:00.000020619,0.9822087065249882
1970-01-01 00:00:00.000020620,0.9822087065249882
1970-01-01 00:00:00.000020621,0.9822087065249882
1970-01-01 00:00:00.000020622,0.9822087065249882
1970-01-01 00:00:00.000020623,0.9822087065249882
1970-01-01 00:00:00.000020624,0.9822087065249882
1970-01-01 00:00:00.000020625,0.9822087065249882
1970-01-01 00:00:00.000020626,0.9818628493362318
1970-01-01 00:00:00.000020627,0.9817646630512982
1970-01-01 00:00:00.000020628,0.9817646630512982
1970-01-01 00:00:00.000020629,0.9817646630512982
1970-01-01 00:00:00.000020630,0.9817646630512982
1970-01-01 00:00:00.000020631,0.9817646630512982
1970-01-01 00:00:00.000020632,0.9817646630512982
1970-01-01 00:00:00.000020633,0.9817646630512982
1970-01-01 00:00:00.000020634,0.9817646630512982
1970-01-01 00:00:00.000020635,0.9817646630512982
1970-01-01 00:00:00.000020636,0.9817646630512982
1970-01-01 00:00:00.000020637,0.9817646630512982
1970-01-01 00:00:00.000020638,0.9817646630512982
1970-01-01 00:00:00.000020639,0.9817646630512982
1970-01-01 00:00:00.000020640,0.9817646630512982
1970-01-01 00:00:00.000020641,0.9817646630512982
1970-01-01 00:00:00.000020642,0.9817646630512982
1970-01-01 00:00:00.000020643,0.9817646630512982
1970-01-01 00:00:00.000020644,0.9817646630512982
1970-01-01 00:00:00.000020645,0.9817646630512982
1970-01-01 00:00:00.000020646,0.9817646630512982
1970-01-01 00:00:00.000020647,0.9817646630512982
1970-01-01 00:00:00.000020648,0.9817646630512982
1970-01-01 00:00:00.000020649,0.9817646630512982
1970-01-01 00:00:00.000020650,0.9817646630512982
1970-01-01 00:00:00.000020651,0.9817646630512982
1970-01-01 00:00:00.000020652,0.9817646630512982
1970-01-01 00:00:00.000020653,0.9817646630512982
1970-01-01 00:00:00.000020654,0.9817646630512982
1970-01-01 00:00:00.000020655,0.9817646630512982
1970-01-01 00:00:00.000020656,0.9817646630512982
1970-01-01 00:00:00.000020657,0.9817646630512982
1970-01-01 00:00:00.000020658,0.9817646630512982
1970-01-01 00:00:00.000020659,0.9817646630512982
1970-01-01 00:00:00.000020660,0.9817646630512982
1970-01-01 00:00:00.000020661,0.9817646630512982
1970-01-01 00:00:00.000020662,0.9817646630512982
1970-01-01 00:00:00.000020663,0.9817646630512982
1970-01-01 00:00:00.000020664,0.9817646630512982
1970-01-01 00:00:00.000020665,0.9816200510225239
1970-01-01 00:00:00.000020666,0.9815218890174217
1970-01-01 00:00:00.000020667,0.9815218890174217
1970-01-01 00:00:00.000020668,0.9815218890174217
1970-01-01 00:00:00.000020669,0.9815218890174217
1970-01-01 00:00:00.000020670,0.9815218890174217
1970-01-01 00:00:00.000020671,0.9815218890174217
1970-01-01 00:00:00.000020672,0.9815218890174217
1970-01-01 00:00:00.000020673,0.9817329540507495
1970-01-01 00:00:00.000020674,0.9818189856360098
1970-01-01 00:00:00.000020675,0.9817208037374462
1970-01-01 00:00:00.000020676,0.9817208037374462
1970-01-01 00:00:00.000020677,0.9817208037374462
1970-01-01 00:00:00.000020678,0.9817208037374462
1970-01-01 00:00:00.000020679,0.9817208037374462
1970-01-01 00:00:00.000020680,0.9817208037374462
1970-01-01 00:00:00.000020681,0.9817208037374462
1970-01-01 00:00:00.000020682,0.9817208037374462
1970-01-01 00:00:00.000020683,0.9817208037374462
1970-01-01 00:00:00.000020684,0.9817208037374462
1970-01-01 00:00:00.000020685,0.9817208037374462
1970-01-01 00:00:00.000020686,0.9817208037374462
1970-01-01 00:00:00.000020687,0.9817208037374462
1970-01-01 00:00:00.000020688,0.9817208037374462
1970-01-01 00:00:00.000020689,0.9817208037374462
1970-01-01 00:00:00.000020690,0.9817208037374462
1970-01-01 00:00:00.000020691,0.9817208037374462
1970-01-01 00:00:00.000020692,0.9817208037374462
1970-01-01 00:00:00.000020693,0.9817208037374462
1970-01-01 00:00:00.000020694,0.9817208037374462
1970-01-01 00:00:00.000020695,0.9813144383929991
1970-01-01 00:00:00.000020696,0.9812163069491598
1970-01-01 00:00:00.000020697,0.9812163069491598
1970-01-01 00:00:00.000020698,0.9812163069491598
1970-01-01 00:00:00.000020699,0.9813762856237029
1970-01-01 00:00:00.000020700,0.9810099304224382
1970-01-01 00:00:00.000020701,0.980911829429396
1970-01-01 00:00:00.000020702,0.980911829429396
1970-01-01 00:00:00.000020703,0.980911829429396
1970-01-01 00:00:00.000020704,0.980911829429396
1970-01-01 00:00:00.000020705,0.980911829429396
1970-01-01 00:00:00.000020706,0.980911829429396
1970-01-01 00:00:00.000020707,0.9810832537876694
1970-01-01 00:00:00.000020708,0.9810130169309244
1970-01-01 00:00:00.000020709,0.9809149156292313
1970-01-01 00:00:00.000020710,0.9809149156292313
1970-01-01 00:00:00.000020711,0.9809149156292313
1970-01-01 00:00:00.000020712,0.9809149156292313
1970-01-01 00:00:00.000020713,0.9809149156292313
1970-01-01 00:00:00.000020714,0.9809149156292313
1970-01-01 00:00:00.000020715,0.9809149156292313
1970-01-01 00:00:00.000020716,0.9809149156292313
1970-01-01 00:00:00.000020717,0.9809149156292313
1970-01-01 00:00:00.000020718,0.9809149156292313
1970-01-01 00:00:00.000020719,0.9809149156292313
1970-01-01 00:00:00.000020720,0.9809149156292313
1970-01-01 00:00:00.000020721,0.9809149156292313
1970-01-01 00:00:00.000020722,0.9809149156292313
1970-01-01 00:00:00.000020723,0.9809149156292313
1970-01-01 00:00:00.000020724,0.9809149156292313
1970-01-01 00:00:00.000020725,0.9809149156292313
1970-01-01 00:00:00.000020726,0.9809149156292313
1970-01-01 00:00:00.000020727,0.9809149156292313
1970-01-01 00:00:00.000020728,0.9809149156292313
1970-01-01 00:00:00.000020729,0.9809149156292313
1970-01-01 00:00:00.000020730,0.9809149156292313
1970-01-01 00:00:00.000020731,0.9809149156292313
1970-01-01 00:00:00.000020732,0.9809149156292313
1970-01-01 00:00:00.000020733,0.9809149156292313
1970-01-01 00:00:00.000020734,0.9809149156292313
1970-01-01 00:00:00.000020735,0.9809149156292313
1970-01-01 00:00:00.000020736,0.9809149156292313
1970-01-01 00:00:00.000020737,0.9809149156292313
1970-01-01 00:00:00.000020738,0.9809149156292313
1970-01-01 00:00:00.000020739,0.9809149156292313
1970-01-01 00:00:00.000020740,0.9809149156292313
1970-01-01 00:00:00.000020741,0.9809149156292313
1970-01-01 00:00:00.000020742,0.9809149156292313
1970-01-01 00:00:00.000020743,0.9809149156292313
1970-01-01 00:00:00.000020744,0.9809149156292313
1970-01-01 00:00:00.000020745,0.9809149156292313
1970-01-01 00:00:00.000020746,0.9809149156292313
1970-01-01 00:00:00.000020747,0.9809149156292313
1970-01-01 00:00:00.000020748,0.9809149156292313
1970-01-01 00:00:00.000020749,0.9809149156292313
1970-01-01 00:00:00.000020750,0.9809149156292313
1970-01-01 00:00:00.000020751,0.9809149156292313
1970-01-01 00:00:00.000020752,0.9809149156292313
1970-01-01 00:00:00.000020753,0.9809149156292313
1970-01-01 00:00:00.000020754,0.9809149156292313
1970-01-01 00:00:00.000020755,0.9809149156292313
1970-01-01 00:00:00.000020756,0.9809149156292313
1970-01-01 00:00:00.000020757,0.9809149156292313
1970-01-01 00:00:00.000020758,0.9809149156292313
1970-01-01 00:00:00.000020759,0.9809149156292313
1970-01-01 00:00:00.000020760,0.9809149156292313
1970-01-01 00:00:00.000020761,0.9809149156292313
1970-01-01 00:00:00.000020762,0.9809149156292313
1970-01-01 00:00:00.000020763,0.9809149156292313
1970-01-01 00:00:00.000020764,0.9809149156292313
1970-01-01 00:00:00.000020765,0.9809149156292313
1970-01-01 00:00:00.000020766,0.9809149156292313
1970-01-01 00:00:00.000020767,0.9809149156292313
1970-01-01 00:00:00.000020768,0.9809149156292313
1970-01-01 00:00:00.000020769,0.9809149156292313
1970-01-01 00:00:00.000020770,0.9809149156292313
1970-01-01 00:00:00.000020771,0.9809149156292313
1970-01-01 00:00:00.000020772,0.9809149156292313
1970-01-01 00:00:00.000020773,0.9809149156292313
1970-01-01 00:00:00.000020774,0.9809149156292313
1970-01-01 00:00:00.000020775,0.9809149156292313
1970-01-01 00:00:00.000020776,0.9809149156292313
1970-01-01 00:00:00.000020777,0.9809149156292313
1970-01-01 00:00:00.000020778,0.9809149156292313
1970-01-01 00:00:00.000020779,0.9809149156292313
1970-01-01 00:00:00.000020780,0.9809149156292313
1970-01-01 00:00:00.000020781,0.9809149156292313
1970-01-01 00:00:00.000020782,0.9809149156292313
1970-01-01 00:00:00.000020783,0.9809149156292313
1970-01-01 00:00:00.000020784,0.9809149156292313
1970-01-01 00:00:00.000020785,0.9809149156292313
1970-01-01 00:00:00.000020786,0.9809149156292313
1970-01-01 00:00:00.000020787,0.9809149156292313
1970-01-01 00:00:00.000020788,0.9809149156292313
1970-01-01 00:00:00.000020789,0.9809149156292313
1970-01-01 00:00:00.000020790,0.9809149156292313
1970-01-01 00:00:00.000020791,0.9809149156292313
1970-01-01 00:00:00.000020792,0.9809149156292313
1970-01-01 00:00:00.000020793,0.9809149156292313
1970-01-01 00:00:00.000020794,0.9809149156292313
1970-01-01 00:00:00.000020795,0.9809149156292313
1970-01-01 00:00:00.000020796,0.9809149156292313
1970-01-01 00:00:00.000020797,0.9809149156292313
1970-01-01 00:00:00.000020798,0.9809149156292313
1970-01-01 00:00:00.000020799,0.9809149156292313
1970-01-01 00:00:00.000020800,0.9809149156292313
1970-01-01 00:00:00.000020801,0.9809149156292313
1970-01-01 00:00:00.000020802,0.9809149156292313
1970-01-01 00:00:00.000020803,0.9809149156292313
1970-01-01 00:00:00.000020804,0.9809149156292313
1970-01-01 00:00:00.000020805,0.9810295077770192
1970-01-01 00:00:00.000020806,0.9809314048262415
1970-01-01 00:00:00.000020807,0.9809314048262415
1970-01-01 00:00:00.000020808,0.9809314048262415
1970-01-01 00:00:00.000020809,0.9809314048262415
1970-01-01 00:00:00.000020810,0.9809314048262415
1970-01-01 00:00:00.000020811,0.9809314048262415
1970-01-01 00:00:00.000020812,0.9809314048262415
1970-01-01 00:00:00.000020813,0.9809314048262415
1970-01-01 00:00:00.000020814,0.9809314048262415
1970-01-01 00:00:00.000020815,0.9809314048262415
1970-01-01 00:00:00.000020816,0.9809314048262415
1970-01-01 00:00:00.000020817,0.9809314048262415
1970-01-01 00:00:00.000020818,0.9809314048262415
1970-01-01 00:00:00.000020819,0.9809314048262415
1970-01-01 00:00:00.000020820,0.9803310699913033
1970-01-01 00:00:00.000020821,0.9802330368843042
1970-01-01 00:00:00.000020822,0.9802330368843042
1970-01-01 00:00:00.000020823,0.9801323777854323
1970-01-01 00:00:00.000020824,0.9800343645476537
1970-01-01 00:00:00.000020825,0.9800343645476537
1970-01-01 00:00:00.000020826,0.9800343645476537
1970-01-01 00:00:00.000020827,0.979478405744763
1970-01-01 00:00:00.000020828,0.9793804579041885
1970-01-01 00:00:00.000020829,0.9797527463851023
1970-01-01 00:00:00.000020830,0.9796165283554397
1970-01-01 00:00:00.000020831,0.9798659314109066
1970-01-01 00:00:00.000020832,0.9799148330498346
1970-01-01 00:00:00.000020833,0.9795585729271942
1970-01-01 00:00:00.000020834,0.9795585729271942
1970-01-01 00:00:00.000020835,0.9798864362661085
1970-01-01 00:00:00.000020836,0.9802317260102147
1970-01-01 00:00:00.000020837,0.979719605311065
1970-01-01 00:00:00.000020838,0.9796216333505339
1970-01-01 00:00:00.000020839,0.9793475790779854
1970-01-01 00:00:00.000020840,0.9792496443200777
1970-01-01 00:00:00.000020841,0.9792496443200777
1970-01-01 00:00:00.000020842,0.9792496443200777
1970-01-01 00:00:00.000020843,0.9792496443200777
1970-01-01 00:00:00.000020844,0.9792496443200777
1970-01-01 00:00:00.000020845,0.9792496443200777
1970-01-01 00:00:00.000020846,0.9792496443200777
1970-01-01 00:00:00.000020847,0.9792496443200777
1970-01-01 00:00:00.000020848,0.9792496443200777
1970-01-01 00:00:00.000020849,0.9792496443200777
1970-01-01 00:00:00.000020850,0.9792496443200777
1970-01-01 00:00:00.000020851,0.9792496443200777
1970-01-01 00:00:00.000020852,0.9792496443200777
1970-01-01 00:00:00.000020853,0.9792496443200777
1970-01-01 00:00:00.000020854,0.9792496443200777
1970-01-01 00:00:00.000020855,0.9792496443200777
1970-01-01 00:00:00.000020856,0.9792496443200777
1970-01-01 00:00:00.000020857,0.9792496443200777
1970-01-01 00:00:00.000020858,0.9792496443200777
1970-01-01 00:00:00.000020859,0.9792496443200777
1970-01-01 00:00:00.000020860,0.9792496443200777
1970-01-01 00:00:00.000020861,0.9792496443200777
1970-01-01 00:00:00.000020862,0.9792519702392659
1970-01-01 00:00:00.000020863,0.979154045042242
1970-01-01 00:00:00.000020864,0.979154045042242
1970-01-01 00:00:00.000020865,0.979154045042242
1970-01-01 00:00:00.000020866,0.979154045042242
1970-01-01 00:00:00.000020867,0.979154045042242
1970-01-01 00:00:00.000020868,0.979154045042242
1970-01-01 00:00:00.000020869,0.979154045042242
1970-01-01 00:00:00.000020870,0.979154045042242
1970-01-01 00:00:00.000020871,0.979154045042242
1970-01-01 00:00:00.000020872,0.979154045042242
1970-01-01 00:00:00.000020873,0.979154045042242
1970-01-01 00:00:00.000020874,0.979154045042242
1970-01-01 00:00:00.000020875,0.979154045042242
1970-01-01 00:00:00.000020876,0.979154045042242
1970-01-01 00:00:00.000020877,0.979154045042242
1970-01-01 00:00:00.000020878,0.979154045042242
1970-01-01 00:00:00.000020879,0.979154045042242
1970-01-01 00:00:00.000020880,0.979154045042242
1970-01-01 00:00:00.000020881,0.979154045042242
1970-01-01 00:00:00.000020882,0.979154045042242
1970-01-01 00:00:00.000020883,0.979154045042242
1970-01-01 00:00:00.000020884,0.979154045042242
1970-01-01 00:00:00.000020885,0.979154045042242
1970-01-01 00:00:00.000020886,0.979154045042242
1970-01-01 00:00:00.000020887,0.979154045042242
1970-01-01 00:00:00.000020888,0.979154045042242
1970-01-01 00:00:00.000020889,0.979154045042242
1970-01-01 00:00:00.000020890,0.979154045042242
1970-01-01 00:00:00.000020891,0.979154045042242
1970-01-01 00:00:00.000020892,0.979154045042242
1970-01-01 00:00:00.000020893,0.979154045042242
1970-01-01 00:00:00.000020894,0.979154045042242
1970-01-01 00:00:00.000020895,0.979154045042242
1970-01-01 00:00:00.000020896,0.9790561296377378
1970-01-01 00:00:00.000020897,0.9789582240247741
1970-01-01 00:00:00.000020898,0.9789582240247741
1970-01-01 00:00:00.000020899,0.9789582240247741
1970-01-01 00:00:00.000020900,0.9791909542348428
1970-01-01 00:00:00.000020901,0.9790930351394194
1970-01-01 00:00:00.000020902,0.9790930351394194
1970-01-01 00:00:00.000020903,0.9790930351394194
1970-01-01 00:00:00.000020904,0.9790930351394194
1970-01-01 00:00:00.000020905,0.9790930351394194
1970-01-01 00:00:00.000020906,0.9790930351394194
1970-01-01 00:00:00.000020907,0.9790930351394194
1970-01-01 00:00:00.000020908,0.9790930351394194
1970-01-01 00:00:00.000020909,0.9790930351394194
1970-01-01 00:00:00.000020910,0.9775701698062786
1970-01-01 00:00:00.000020911,0.9780861312877904
1970-01-01 00:00:00.000020912,0.9779590317896361
1970-01-01 00:00:00.000020913,0.9775407379690604
1970-01-01 00:00:00.000020914,0.9770979450214148
1970-01-01 00:00:00.000020915,0.9768991568024384
1970-01-01 00:00:00.000020916,0.9760996466992352
1970-01-01 00:00:00.000020917,0.9755750529749636
1970-01-01 00:00:00.000020918,0.9760572253919597
1970-01-01 00:00:00.000020919,0.9757672642470756
1970-01-01 00:00:00.000020920,0.9762455727077889
1970-01-01 00:00:00.000020921,0.9750577761040787
1970-01-01 00:00:00.000020922,0.9747034430917594
1970-01-01 00:00:00.000020923,0.9746059727474502
1970-01-01 00:00:00.000020924,0.9746059727474502
1970-01-01 00:00:00.000020925,0.9746059727474502
1970-01-01 00:00:00.000020926,0.9746059727474502
1970-01-01 00:00:00.000020927,0.9747985347033432
1970-01-01 00:00:00.000020928,0.9744038052870314
1970-01-01 00:00:00.000020929,0.9743063649065027
1970-01-01 00:00:00.000020930,0.9744441054215495
1970-01-01 00:00:00.000020931,0.9739326900828252
1970-01-01 00:00:00.000020932,0.973835296813817
1970-01-01 00:00:00.000020933,0.9744187657093593
1970-01-01 00:00:00.000020934,0.9743213238327884
1970-01-01 00:00:00.000020935,0.9743213238327884
1970-01-01 00:00:00.000020936,0.9743213238327884
1970-01-01 00:00:00.000020937,0.9743213238327884
1970-01-01 00:00:00.000020938,0.9743213238327884
1970-01-01 00:00:00.000020939,0.9743213238327884
1970-01-01 00:00:00.000020940,0.9743213238327884
1970-01-01 00:00:00.000020941,0.9743213238327884
1970-01-01 00:00:00.000020942,0.9743213238327884
1970-01-01 00:00:00.000020943,0.9743213238327884
1970-01-01 00:00:00.000020944,0.9743213238327884
1970-01-01 00:00:00.000020945,0.9743213238327884
1970-01-01 00:00:00.000020946,0.9741757936328229
1970-01-01 00:00:00.000020947,0.9740783760534596
1970-01-01 00:00:00.000020948,0.9740783760534596
1970-01-01 00:00:00.000020949,0.9740783760534596
1970-01-01 00:00:00.000020950,0.9740783760534596
1970-01-01 00:00:00.000020951,0.9740783760534596
1970-01-01 00:00:00.000020952,0.9741011730835017
1970-01-01 00:00:00.000020953,0.9740037629661934
1970-01-01 00:00:00.000020954,0.9740037629661934
1970-01-01 00:00:00.000020955,0.9740037629661934
1970-01-01 00:00:00.000020956,0.9740037629661934
1970-01-01 00:00:00.000020957,0.9740037629661934
1970-01-01 00:00:00.000020958,0.9740037629661934
1970-01-01 00:00:00.000020959,0.9740037629661934
1970-01-01 00:00:00.000020960,0.9740037629661934
1970-01-01 00:00:00.000020961,0.9740037629661934
1970-01-01 00:00:00.000020962,0.9740037629661934
1970-01-01 00:00:00.000020963,0.9736615958295143
1970-01-01 00:00:00.000020964,0.9735642296699314
1970-01-01 00:00:00.000020965,0.9735642296699314
1970-01-01 00:00:00.000020966,0.9735642296699314
1970-01-01 00:00:00.000020967,0.9735642296699314
1970-01-01 00:00:00.000020968,0.9735642296699314
1970-01-01 00:00:00.000020969,0.9735642296699314
1970-01-01 00:00:00.000020970,0.9735642296699314
1970-01-01 00:00:00.000020971,0.9735642296699314
1970-01-01 00:00:00.000020972,0.9736690725295557
1970-01-01 00:00:00.000020973,0.9746437173980445
1970-01-01 00:00:00.000020974,0.9752730604580472
1970-01-01 00:00:00.000020975,0.9751755331520013
1970-01-01 00:00:00.000020976,0.9751755331520013
1970-01-01 00:00:00.000020977,0.9751755331520013
1970-01-01 00:00:00.000020978,0.9749156411132179
1970-01-01 00:00:00.000020979,0.9748181495491066
1970-01-01 00:00:00.000020980,0.9748181495491066
1970-01-01 00:00:00.000020981,0.9748181495491066
1970-01-01 00:00:00.000020982,0.9766127052165771
1970-01-01 00:00:00.000020983,0.9765150439460554
1970-01-01 00:00:00.000020984,0.977642069585325
1970-01-01 00:00:00.000020985,0.9775443053783665
1970-01-01 00:00:00.000020986,0.9769998854866669
1970-01-01 00:00:00.000020987,0.9771288410730496
1970-01-01 00:00:00.000020988,0.9784044972118502
1970-01-01 00:00:00.000020989,0.9769130878059983
1970-01-01 00:00:00.000020990,0.9781377876557579
1970-01-01 00:00:00.000020991,0.9781936219793591
1970-01-01 00:00:00.000020992,0.9790652513036847
1970-01-01 00:00:00.000020993,0.9789673447785544
1970-01-01 00:00:00.000020994,0.9789673447785544
1970-01-01 00:00:00.000020995,0.9789673447785544
1970-01-01 00:00:00.000020996,0.9789673447785544
1970-01-01 00:00:00.000020997,0.9789673447785544
1970-01-01 00:00:00.000020998,0.9789673447785544
1970-01-01 00:00:00.000020999,0.9789673447785544
1970-01-01 00:00:00.000021000,0.9789673447785544
1970-01-01 00:00:00.000021001,0.9789673447785544
1970-01-01 00:00:00.000021002,0.9789673447785544
1970-01-01 00:00:00.000021003,0.9789673447785544
1970-01-01 00:00:00.000021004,0.9789673447785544
1970-01-01 00:00:00.000021005,0.9789673447785544
1970-01-01 00:00:00.000021006,0.9789673447785544
1970-01-01 00:00:00.000021007,0.9789673447785544
1970-01-01 00:00:00.000021008,0.9789673447785544
1970-01-01 00:00:00.000021009,0.9795281056807964
1970-01-01 00:00:00.000021010,0.9810465906803589
1970-01-01 00:00:00.000021011,0.9804500600769295
1970-01-01 00:00:00.000021012,0.9803520150709218
1970-01-01 00:00:00.000021013,0.9803520150709218
1970-01-01 00:00:00.000021014,0.9803520150709218
1970-01-01 00:00:00.000021015,0.9803520150709218
1970-01-01 00:00:00.000021016,0.9803520150709218
1970-01-01 00:00:00.000021017,0.9803520150709218
1970-01-01 00:00:00.000021018,0.9803520150709218
1970-01-01 00:00:00.000021019,0.9803520150709218
1970-01-01 00:00:00.000021020,0.9803520150709218
1970-01-01 00:00:00.000021021,0.9800329416062247
1970-01-01 00:00:00.000021022,0.979934938312064
1970-01-01 00:00:00.000021023,0.9813716885934584
1970-01-01 00:00:00.000021024,0.981273551424599
1970-01-01 00:00:00.000021025,0.9803586690819501
1970-01-01 00:00:00.000021026,0.980260633215042
1970-01-01 00:00:00.000021027,0.980260633215042
1970-01-01 00:00:00.000021028,0.980260633215042
1970-01-01 00:00:00.000021029,0.980260633215042
1970-01-01 00:00:00.000021030,0.980260633215042
1970-01-01 00:00:00.000021031,0.980260633215042
1970-01-01 00:00:00.000021032,0.980260633215042
1970-01-01 00:00:00.000021033,0.980260633215042
1970-01-01 00:00:00.000021034,0.980260633215042
1970-01-01 00:00:00.000021035,0.980260633215042
1970-01-01 00:00:00.000021036,0.980260633215042
1970-01-01 00:00:00.000021037,0.980260633215042
1970-01-01 00:00:00.000021038,0.980260633215042
1970-01-01 00:00:00.000021039,0.980260633215042
1970-01-01 00:00:00.000021040,0.980260633215042
1970-01-01 00:00:00.000021041,0.980260633215042
1970-01-01 00:00:00.000021042,0.980260633215042
1970-01-01 00:00:00.000021043,0.980260633215042
1970-01-01 00:00:00.000021044,0.980260633215042
1970-01-01 00:00:00.000021045,0.980260633215042
1970-01-01 00:00:00.000021046,0.980260633215042
1970-01-01 00:00:00.000021047,0.9806074472438582
1970-01-01 00:00:00.000021048,0.9812934695607648
1970-01-01 00:00:00.000021049,0.9811953402138087
1970-01-01 00:00:00.000021050,0.9806186205813336
1970-01-01 00:00:00.000021051,0.9800942255524118
1970-01-01 00:00:00.000021052,0.9806122743994549
1970-01-01 00:00:00.000021053,0.979883799521698
1970-01-01 00:00:00.000021054,0.9795899546002369
1970-01-01 00:00:00.000021055,0.9795723355952842
1970-01-01 00:00:00.000021056,0.9794743783617247
1970-01-01 00:00:00.000021057,0.9794743783617247
1970-01-01 00:00:00.000021058,0.9794743783617247
1970-01-01 00:00:00.000021059,0.9794743783617247
1970-01-01 00:00:00.000021060,0.9794743783617247
1970-01-01 00:00:00.000021061,0.9794743783617247
1970-01-01 00:00:00.000021062,0.9794743783617247
1970-01-01 00:00:00.000021063,0.9794743783617247
1970-01-01 00:00:00.000021064,0.9794743783617247
1970-01-01 00:00:00.000021065,0.9794743783617247
1970-01-01 00:00:00.000021066,0.9794743783617247
1970-01-01 00:00:00.000021067,0.9794743783617247
1970-01-01 00:00:00.000021068,0.9794743783617247
1970-01-01 00:00:00.000021069,0.9803473532537039
1970-01-01 00:00:00.000021070,0.9828896205249986
1970-01-01 00:00:00.000021071,0.9820361743659676
1970-01-01 00:00:00.000021072,0.9822910954959125
1970-01-01 00:00:00.000021073,0.9818018343315156
1970-01-01 00:00:00.000021074,0.9828728879270372
1970-01-01 00:00:00.000021075,0.9824236176717683
1970-01-01 00:00:00.000021076,0.9824948985390848
1970-01-01 00:00:00.000021077,0.9836927852271552
1970-01-01 00:00:00.000021078,0.9835944159486325
1970-01-01 00:00:00.000021079,0.9824294462543297
1970-01-01 00:00:00.000021080,0.9814677940028609
1970-01-01 00:00:00.000021081,0.9805975204721198
1970-01-01 00:00:00.000021082,0.9817106337899966
1970-01-01 00:00:00.000021083,0.9816124627266176
1970-01-01 00:00:00.000021084,0.9816124627266176
1970-01-01 00:00:00.000021085,0.9816124627266176
1970-01-01 00:00:00.000021086,0.9805046236578875
1970-01-01 00:00:00.000021087,0.9794634871696097
1970-01-01 00:00:00.000021088,0.9799981610258958
1970-01-01 00:00:00.000021089,0.9804389927978079
1970-01-01 00:00:00.000021090,0.9823319910618121
1970-01-01 00:00:00.000021091,0.9821403723899726
1970-01-01 00:00:00.000021092,0.9825269582469209
1970-01-01 00:00:00.000021093,0.9817019682901809
1970-01-01 00:00:00.000021094,0.9816065356620038
1970-01-01 00:00:00.000021095,0.9815083750084377
1970-01-01 00:00:00.000021096,0.9815083750084377
1970-01-01 00:00:00.000021097,0.9815083750084377
1970-01-01 00:00:00.000021098,0.9815083750084377
1970-01-01 00:00:00.000021099,0.9815083750084377
1970-01-01 00:00:00.000021100,0.9815083750084377
1970-01-01 00:00:00.000021101,0.9815083750084377
1970-01-01 00:00:00.000021102,0.9815083750084377
1970-01-01 00:00:00.000021103,0.9815083750084377
1970-01-01 00:00:00.000021104,0.9815083750084377
1970-01-01 00:00:00.000021105,0.9815083750084377
1970-01-01 00:00:00.000021106,0.9815083750084377
1970-01-01 00:00:00.000021107,0.9815083750084377
1970-01-01 00:00:00.000021108,0.9815083750084377
1970-01-01 00:00:00.000021109,0.9812173912233307
1970-01-01 00:00:00.000021110,0.9792725667144236
1970-01-01 00:00:00.000021111,0.9797268583484386
1970-01-01 00:00:00.000021112,0.9786835596736618
1970-01-01 00:00:00.000021113,0.9783407053171709
1970-01-01 00:00:00.000021114,0.978544739632262
1970-01-01 00:00:00.000021115,0.9787114051955539
1970-01-01 00:00:00.000021116,0.9791018425610598
1970-01-01 00:00:00.000021117,0.9790039323768037
1970-01-01 00:00:00.000021118,0.9790039323768037
1970-01-01 00:00:00.000021119,0.9790039323768037
1970-01-01 00:00:00.000021120,0.9790039323768037
1970-01-01 00:00:00.000021121,0.9790039323768037
1970-01-01 00:00:00.000021122,0.9790039323768037
1970-01-01 00:00:00.000021123,0.9790039323768037
1970-01-01 00:00:00.000021124,0.9790039323768037
1970-01-01 00:00:00.000021125,0.9790039323768037
1970-01-01 00:00:00.000021126,0.9790039323768037
1970-01-01 00:00:00.000021127,0.9790039323768037
1970-01-01 00:00:00.000021128,0.9790039323768037
1970-01-01 00:00:00.000021129,0.9790039323768037
1970-01-01 00:00:00.000021130,0.979452646880012
1970-01-01 00:00:00.000021131,0.9792101392464538
1970-01-01 00:00:00.000021132,0.9791122182325293
1970-01-01 00:00:00.000021133,0.9791122182325293
1970-01-01 00:00:00.000021134,0.9791122182325293
1970-01-01 00:00:00.000021135,0.9782095848012754
1970-01-01 00:00:00.000021136,0.9783773615521332
1970-01-01 00:00:00.000021137,0.9782795238159779
1970-01-01 00:00:00.000021138,0.9782380239391604
1970-01-01 00:00:00.000021139,0.9785389741984724
1970-01-01 00:00:00.000021140,0.9792405922893676
1970-01-01 00:00:00.000021141,0.9791426682301386
1970-01-01 00:00:00.000021142,0.9791426682301386
1970-01-01 00:00:00.000021143,0.9791426682301386
1970-01-01 00:00:00.000021144,0.9791426682301386
1970-01-01 00:00:00.000021145,0.9791426682301386
1970-01-01 00:00:00.000021146,0.9791426682301386
1970-01-01 00:00:00.000021147,0.9791426682301386
1970-01-01 00:00:00.000021148,0.9791426682301386
1970-01-01 00:00:00.000021149,0.9791426682301386
1970-01-01 00:00:00.000021150,0.9791426682301386
1970-01-01 00:00:00.000021151,0.9791426682301386
1970-01-01 00:00:00.000021152,0.9791426682301386
1970-01-01 00:00:00.000021153,0.9791426682301386
1970-01-01 00:00:00.000021154,0.9791426682301386
1970-01-01 00:00:00.000021155,0.9791426682301386
1970-01-01 00:00:00.000021156,0.9791426682301386
1970-01-01 00:00:00.000021157,0.9791426682301386
1970-01-01 00:00:00.000021158,0.9791426682301386
1970-01-01 00:00:00.000021159,0.9791426682301386
1970-01-01 00:00:00.000021160,0.9791426682301386
1970-01-01 00:00:00.000021161,0.9791426682301386
1970-01-01 00:00:00.000021162,0.9791426682301386
1970-01-01 00:00:00.000021163,0.9791426682301386
1970-01-01 00:00:00.000021164,0.9791426682301386
1970-01-01 00:00:00.000021165,0.9791426682301386
1970-01-01 00:00:00.000021166,0.9791426682301386
1970-01-01 00:00:00.000021167,0.9791426682301386
1970-01-01 00:00:00.000021168,0.9791426682301386
1970-01-01 00:00:00.000021169,0.9791426682301386
1970-01-01 00:00:00.000021170,0.9791426682301386
1970-01-01 00:00:00.000021171,0.9791426682301386
1970-01-01 00:00:00.000021172,0.9791426682301386
1970-01-01 00:00:00.000021173,0.9791426682301386
1970-01-01 00:00:00.000021174,0.9791426682301386
1970-01-01 00:00:00.000021175,0.9791426682301386
1970-01-01 00:00:00.000021176,0.9791426682301386
1970-01-01 00:00:00.000021177,0.9791426682301386
1970-01-01 00:00:00.000021178,0.9791426682301386
1970-01-01 00:00:00.000021179,0.9791426682301386
1970-01-01 00:00:00.000021180,0.9791426682301386
1970-01-01 00:00:00.000021181,0.9791426682301386
1970-01-01 00:00:00.000021182,0.9791426682301386
1970-01-01 00:00:00.000021183,0.9791426682301386
1970-01-01 00:00:00.000021184,0.9791426682301386
1970-01-01 00:00:00.000021185,0.9791426682301386
1970-01-01 00:00:00.000021186,0.9791426682301386
1970-01-01 00:00:00.000021187,0.9791426682301386
1970-01-01 00:00:00.000021188,0.9791426682301386
1970-01-01 00:00:00.000021189,0.9791426682301386
1970-01-01 00:00:00.000021190,0.9791426682301386
1970-01-01 00:00:00.000021191,0.9791426682301386
1970-01-01 00:00:00.000021192,0.9791426682301386
1970-01-01 00:00:00.000021193,0.9791426682301386
1970-01-01 00:00:00.000021194,0.9791426682301386
1970-01-01 00:00:00.000021195,0.9791426682301386
1970-01-01 00:00:00.000021196,0.9791426682301386
1970-01-01 00:00:00.000021197,0.9791426682301386
1970-01-01 00:00:00.000021198,0.9791426682301386
1970-01-01 00:00:00.000021199,0.9791426682301386
1970-01-01 00:00:00.000021200,0.9791426682301386
1970-01-01 00:00:00.000021201,0.9791426682301386
1970-01-01 00:00:00.000021202,0.9791426682301386
1970-01-01 00:00:00.000021203,0.9791426682301386
1970-01-01 00:00:00.000021204,0.9791426682301386
1970-01-01 00:00:00.000021205,0.9791426682301386
1970-01-01 00:00:00.000021206,0.9791426682301386
1970-01-01 00:00:00.000021207,0.9791426682301386
1970-01-01 00:00:00.000021208,0.9794639781115362
1970-01-01 00:00:00.000021209,0.979366031713725
1970-01-01 00:00:00.000021210,0.9794621472087462
1970-01-01 00:00:00.000021211,0.9794349885260183
1970-01-01 00:00:00.000021212,0.9793370450271657
1970-01-01 00:00:00.000021213,0.9793370450271657
1970-01-01 00:00:00.000021214,0.9793370450271657
1970-01-01 00:00:00.000021215,0.9793370450271657
1970-01-01 00:00:00.000021216,0.9793370450271657
1970-01-01 00:00:00.000021217,0.9793370450271657
1970-01-01 00:00:00.000021218,0.9793370450271657
1970-01-01 00:00:00.000021219,0.9793370450271657
1970-01-01 00:00:00.000021220,0.9793370450271657
1970-01-01 00:00:00.000021221,0.9798661796722431
1970-01-01 00:00:00.000021222,0.9797681930542759
1970-01-01 00:00:00.000021223,0.9797681930542759
1970-01-01 00:00:00.000021224,0.9797681930542759
1970-01-01 00:00:00.000021225,0.9797681930542759
1970-01-01 00:00:00.000021226,0.9797681930542759
1970-01-01 00:00:00.000021227,0.9797681930542759
1970-01-01 00:00:00.000021228,0.9797681930542759
1970-01-01 00:00:00.000021229,0.9797034504600073
1970-01-01 00:00:00.000021230,0.9800699313807397
1970-01-01 00:00:00.000021231,0.9799719243876016
1970-01-01 00:00:00.000021232,0.9799719243876016
1970-01-01 00:00:00.000021233,0.9799719243876016
1970-01-01 00:00:00.000021234,0.9799719243876016
1970-01-01 00:00:00.000021235,0.9799719243876016
1970-01-01 00:00:00.000021236,0.9799719243876016
1970-01-01 00:00:00.000021237,0.9799719243876016
1970-01-01 00:00:00.000021238,0.9799719243876016
1970-01-01 00:00:00.000021239,0.9799719243876016
1970-01-01 00:00:00.000021240,0.9794516031393565
1970-01-01 00:00:00.000021241,0.9793536579790426
1970-01-01 00:00:00.000021242,0.9793536579790426
1970-01-01 00:00:00.000021243,0.9793536579790426
1970-01-01 00:00:00.000021244,0.9797154796266675
1970-01-01 00:00:00.000021245,0.9796175080787048
1970-01-01 00:00:00.000021246,0.9796175080787048
1970-01-01 00:00:00.000021247,0.9796175080787048
1970-01-01 00:00:00.000021248,0.9796175080787048
1970-01-01 00:00:00.000021249,0.9796175080787048
1970-01-01 00:00:00.000021250,0.9796175080787048
1970-01-01 00:00:00.000021251,0.9796175080787048
1970-01-01 00:00:00.000021252,0.9796175080787048
1970-01-01 00:00:00.000021253,0.9796175080787048
1970-01-01 00:00:00.000021254,0.9796175080787048
1970-01-01 00:00:00.000021255,0.9796175080787048
1970-01-01 00:00:00.000021256,0.9796175080787048
1970-01-01 00:00:00.000021257,0.9796175080787048
1970-01-01 00:00:00.000021258,0.9796175080787048
1970-01-01 00:00:00.000021259,0.9796175080787048
1970-01-01 00:00:00.000021260,0.9796175080787048
1970-01-01 00:00:00.000021261,0.9796175080787048
1970-01-01 00:00:00.000021262,0.9796175080787048
1970-01-01 00:00:00.000021263,0.9796175080787048
1970-01-01 00:00:00.000021264,0.9796175080787048
1970-01-01 00:00:00.000021265,0.9796175080787048
1970-01-01 00:00:00.000021266,0.9796175080787048
1970-01-01 00:00:00.000021267,0.9796175080787048
1970-01-01 00:00:00.000021268,0.9796175080787048
1970-01-01 00:00:00.000021269,0.9796175080787048
1970-01-01 00:00:00.000021270,0.9796175080787048
1970-01-01 00:00:00.000021271,0.9796175080787048
1970-01-01 00:00:00.000021272,0.9796175080787048
1970-01-01 00:00:00.000021273,0.9796175080787048
1970-01-01 00:00:00.000021274,0.9796175080787048
1970-01-01 00:00:00.000021275,0.9796175080787048
1970-01-01 00:00:00.000021276,0.9796175080787048
1970-01-01 00:00:00.000021277,0.9796175080787048
1970-01-01 00:00:00.000021278,0.9796175080787048
1970-01-01 00:00:00.000021279,0.9796175080787048
1970-01-01 00:00:00.000021280,0.9797243222980427
1970-01-01 00:00:00.000021281,0.979626349865813
1970-01-01 00:00:00.000021282,0.979626349865813
1970-01-01 00:00:00.000021283,0.979626349865813
1970-01-01 00:00:00.000021284,0.979626349865813
1970-01-01 00:00:00.000021285,0.979626349865813
1970-01-01 00:00:00.000021286,0.979626349865813
1970-01-01 00:00:00.000021287,0.979626349865813
1970-01-01 00:00:00.000021288,0.979626349865813
1970-01-01 00:00:00.000021289,0.979626349865813
1970-01-01 00:00:00.000021290,0.979626349865813
1970-01-01 00:00:00.000021291,0.979626349865813
1970-01-01 00:00:00.000021292,0.979626349865813
1970-01-01 00:00:00.000021293,0.979626349865813
1970-01-01 00:00:00.000021294,0.979626349865813
1970-01-01 00:00:00.000021295,0.979626349865813
1970-01-01 00:00:00.000021296,0.979626349865813
1970-01-01 00:00:00.000021297,0.9799590445190727
1970-01-01 00:00:00.000021298,0.9798610486146208
1970-01-01 00:00:00.000021299,0.9798610486146208
1970-01-01 00:00:00.000021300,0.9798610486146208
1970-01-01 00:00:00.000021301,0.9798610486146208
1970-01-01 00:00:00.000021302,0.9798610486146208
1970-01-01 00:00:00.000021303,0.9798610486146208
1970-01-01 00:00:00.000021304,0.9798610486146208
1970-01-01 00:00:00.000021305,0.9798610486146208
1970-01-01 00:00:00.000021306,0.9798610486146208
1970-01-01 00:00:00.000021307,0.9798610486146208
1970-01-01 00:00:00.000021308,0.9798610486146208
1970-01-01 00:00:00.000021309,0.9798610486146208
1970-01-01 00:00:00.000021310,0.9798610486146208
1970-01-01 00:00:00.000021311,0.9798610486146208
1970-01-01 00:00:00.000021312,0.9798610486146208
1970-01-01 00:00:00.000021313,0.9798610486146208
1970-01-01 00:00:00.000021314,0.9798610486146208
1970-01-01 00:00:00.000021315,0.9798610486146208
1970-01-01 00:00:00.000021316,0.9798610486146208
1970-01-01 00:00:00.000021317,0.9798610486146208
1970-01-01 00:00:00.000021318,0.9798610486146208
1970-01-01 00:00:00.000021319,0.9798610486146208
1970-01-01 00:00:00.000021320,0.9796043726418859
1970-01-01 00:00:00.000021321,0.9795064122046218
1970-01-01 00:00:00.000021322,0.9795064122046218
1970-01-01 00:00:00.000021323,0.9795064122046218
1970-01-01 00:00:00.000021324,0.9795064122046218
1970-01-01 00:00:00.000021325,0.9795064122046218
1970-01-01 00:00:00.000021326,0.9795064122046218
1970-01-01 00:00:00.000021327,0.9795064122046218
1970-01-01 00:00:00.000021328,0.9795064122046218
1970-01-01 00:00:00.000021329,0.9799303776719878
1970-01-01 00:00:00.000021330,0.9798323846342206
1970-01-01 00:00:00.000021331,0.9798323846342206
1970-01-01 00:00:00.000021332,0.9798323846342206
1970-01-01 00:00:00.000021333,0.9798323846342206
1970-01-01 00:00:00.000021334,0.9798323846342206
1970-01-01 00:00:00.000021335,0.9798323846342206
1970-01-01 00:00:00.000021336,0.9798323846342206
1970-01-01 00:00:00.000021337,0.9798323846342206
1970-01-01 00:00:00.000021338,0.9798323846342206
1970-01-01 00:00:00.000021339,0.9798323846342206
1970-01-01 00:00:00.000021340,0.9798323846342206
1970-01-01 00:00:00.000021341,0.9798323846342206
1970-01-01 00:00:00.000021342,0.9798427794090087
1970-01-01 00:00:00.000021343,0.9797447951310677
1970-01-01 00:00:00.000021344,0.9797447951310677
1970-01-01 00:00:00.000021345,0.9797447951310677
1970-01-01 00:00:00.000021346,0.9797447951310677
1970-01-01 00:00:00.000021347,0.9797447951310677
1970-01-01 00:00:00.000021348,0.9797447951310677
1970-01-01 00:00:00.000021349,0.9797447951310677
1970-01-01 00:00:00.000021350,0.9797447951310677
1970-01-01 00:00:00.000021351,0.9797447951310677
1970-01-01 00:00:00.000021352,0.9797447951310677
1970-01-01 00:00:00.000021353,0.9797447951310677
1970-01-01 00:00:00.000021354,0.9797447951310677
1970-01-01 00:00:00.000021355,0.9797447951310677
1970-01-01 00:00:00.000021356,0.9797447951310677
1970-01-01 00:00:00.000021357,0.9797447951310677
1970-01-01 00:00:00.000021358,0.9797447951310677
1970-01-01 00:00:00.000021359,0.9797447951310677
1970-01-01 00:00:00.000021360,0.9797447951310677
1970-01-01 00:00:00.000021361,0.9797447951310677
1970-01-01 00:00:00.000021362,0.9797447951310677
1970-01-01 00:00:00.000021363,0.9797447951310677
1970-01-01 00:00:00.000021364,0.9797447951310677
1970-01-01 00:00:00.000021365,0.9797447951310677
1970-01-01 00:00:00.000021366,0.9797447951310677
1970-01-01 00:00:00.000021367,0.9797447951310677
1970-01-01 00:00:00.000021368,0.9797447951310677
1970-01-01 00:00:00.000021369,0.9797447951310677
1970-01-01 00:00:00.000021370,0.9797447951310677
1970-01-01 00:00:00.000021371,0.9797447951310677
1970-01-01 00:00:00.000021372,0.9797447951310677
1970-01-01 00:00:00.000021373,0.9797447951310677
1970-01-01 00:00:00.000021374,0.9797447951310677
1970-01-01 00:00:00.000021375,0.9797447951310677
1970-01-01 00:00:00.000021376,0.9797447951310677
1970-01-01 00:00:00.000021377,0.9797447951310677
1970-01-01 00:00:00.000021378,0.9797447951310677
1970-01-01 00:00:00.000021379,0.9797447951310677
1970-01-01 00:00:00.000021380,0.9794915493183424
1970-01-01 00:00:00.000021381,0.9793936001634106
1970-01-01 00:00:00.000021382,0.9793936001634106
1970-01-01 00:00:00.000021383,0.9793936001634106
1970-01-01 00:00:00.000021384,0.9793936001634106
1970-01-01 00:00:00.000021385,0.9792367871588985
1970-01-01 00:00:00.000021386,0.9791388634801826
1970-01-01 00:00:00.000021387,0.9791388634801826
1970-01-01 00:00:00.000021388,0.9791388634801826
1970-01-01 00:00:00.000021389,0.9791388634801826
1970-01-01 00:00:00.000021390,0.9791388634801826
1970-01-01 00:00:00.000021391,0.9791388634801826
1970-01-01 00:00:00.000021392,0.9791388634801826
1970-01-01 00:00:00.000021393,0.9791388634801826
1970-01-01 00:00:00.000021394,0.9791388634801826
1970-01-01 00:00:00.000021395,0.9790854670408674
1970-01-01 00:00:00.000021396,0.9789841644826498
1970-01-01 00:00:00.000021397,0.9789288781730537
1970-01-01 00:00:00.000021398,0.9791644713443086
1970-01-01 00:00:00.000021399,0.9790665548971742
1970-01-01 00:00:00.000021400,0.9790665548971742
1970-01-01 00:00:00.000021401,0.9790665548971742
1970-01-01 00:00:00.000021402,0.9787649044890384
1970-01-01 00:00:00.000021403,0.9786670279985895
1970-01-01 00:00:00.000021404,0.9786670279985895
1970-01-01 00:00:00.000021405,0.9786670279985895
1970-01-01 00:00:00.000021406,0.9786670279985895
1970-01-01 00:00:00.000021407,0.9786670279985895
1970-01-01 00:00:00.000021408,0.9786670279985895
1970-01-01 00:00:00.000021409,0.9786670279985895
1970-01-01 00:00:00.000021410,0.9786670279985895
1970-01-01 00:00:00.000021411,0.9786670279985895
1970-01-01 00:00:00.000021412,0.9786670279985895
1970-01-01 00:00:00.000021413,0.9786670279985895
1970-01-01 00:00:00.000021414,0.9786670279985895
1970-01-01 00:00:00.000021415,0.9786670279985895
1970-01-01 00:00:00.000021416,0.9786670279985895
1970-01-01 00:00:00.000021417,0.9784427856375406
1970-01-01 00:00:00.000021418,0.9783449413589769
1970-01-01 00:00:00.000021419,0.9783449413589769
1970-01-01 00:00:00.000021420,0.9783449413589769
1970-01-01 00:00:00.000021421,0.9783449413589769
1970-01-01 00:00:00.000021422,0.9783449413589769
1970-01-01 00:00:00.000021423,0.9783449413589769
1970-01-01 00:00:00.000021424,0.9787115646033331
1970-01-01 00:00:00.000021425,0.9787750977806025
1970-01-01 00:00:00.000021426,0.9788662768049847
1970-01-01 00:00:00.000021427,0.9789620660245641
1970-01-01 00:00:00.000021428,0.9788641698179616
1970-01-01 00:00:00.000021429,0.9788641698179616
1970-01-01 00:00:00.000021430,0.9788641698179616
1970-01-01 00:00:00.000021431,0.9788641698179616
1970-01-01 00:00:00.000021432,0.9788996395325781
1970-01-01 00:00:00.000021433,0.9788017495686249
1970-01-01 00:00:00.000021434,0.9788017495686249
1970-01-01 00:00:00.000021435,0.9788017495686249
1970-01-01 00:00:00.000021436,0.9788017495686249
1970-01-01 00:00:00.000021437,0.9788017495686249
1970-01-01 00:00:00.000021438,0.9788017495686249
1970-01-01 00:00:00.000021439,0.9788017495686249
1970-01-01 00:00:00.000021440,0.9788017495686249
1970-01-01 00:00:00.000021441,0.9788017495686249
1970-01-01 00:00:00.000021442,0.9788017495686249
1970-01-01 00:00:00.000021443,0.9785532642947906
1970-01-01 00:00:00.000021444,0.9784554089683611
1970-01-01 00:00:00.000021445,0.9784554089683611
1970-01-01 00:00:00.000021446,0.9784554089683611
1970-01-01 00:00:00.000021447,0.9784554089683611
1970-01-01 00:00:00.000021448,0.9784554089683611
1970-01-01 00:00:00.000021449,0.9784554089683611
1970-01-01 00:00:00.000021450,0.9784554089683611
1970-01-01 00:00:00.000021451,0.9784554089683611
1970-01-01 00:00:00.000021452,0.9784554089683611
1970-01-01 00:00:00.000021453,0.9783575634274643
1970-01-01 00:00:00.000021454,0.9782597276711216
1970-01-01 00:00:00.000021455,0.9782597276711216
1970-01-01 00:00:00.000021456,0.9782597276711216
1970-01-01 00:00:00.000021457,0.9782597276711216
1970-01-01 00:00:00.000021458,0.9782597276711216
1970-01-01 00:00:00.000021459,0.9782597276711216
1970-01-01 00:00:00.000021460,0.9782597276711216
1970-01-01 00:00:00.000021461,0.9782597276711216
1970-01-01 00:00:00.000021462,0.9782597276711216
1970-01-01 00:00:00.000021463,0.9778572479712343
1970-01-01 00:00:00.000021464,0.9777594622464372
1970-01-01 00:00:00.000021465,0.9777594622464372
1970-01-01 00:00:00.000021466,0.9777594622464372
1970-01-01 00:00:00.000021467,0.9777594622464372
1970-01-01 00:00:00.000021468,0.9777594622464372
1970-01-01 00:00:00.000021469,0.9777594622464372
1970-01-01 00:00:00.000021470,0.9777594622464372
1970-01-01 00:00:00.000021471,0.9777594622464372
1970-01-01 00:00:00.000021472,0.9777594622464372
1970-01-01 00:00:00.000021473,0.9777594622464372
1970-01-01 00:00:00.000021474,0.9777594622464372
1970-01-01 00:00:00.000021475,0.9777594622464372
1970-01-01 00:00:00.000021476,0.9777594622464372
1970-01-01 00:00:00.000021477,0.9777594622464372
1970-01-01 00:00:00.000021478,0.9777594622464372
1970-01-01 00:00:00.000021479,0.9777594622464372
1970-01-01 00:00:00.000021480,0.9777594622464372
1970-01-01 00:00:00.000021481,0.9777594622464372
1970-01-01 00:00:00.000021482,0.9777594622464372
1970-01-01 00:00:00.000021483,0.9777594622464372
1970-01-01 00:00:00.000021484,0.9777594622464372
1970-01-01 00:00:00.000021485,0.9777594622464372
1970-01-01 00:00:00.000021486,0.9777594622464372
1970-01-01 00:00:00.000021487,0.9777594622464372
1970-01-01 00:00:00.000021488,0.9777594622464372
1970-01-01 00:00:00.000021489,0.9777594622464372
1970-01-01 00:00:00.000021490,0.9777594622464372
1970-01-01 00:00:00.000021491,0.9777594622464372
1970-01-01 00:00:00.000021492,0.9776616863002126
1970-01-01 00:00:00.000021493,0.977662102964721
1970-01-01 00:00:00.000021494,0.9775643367544246
1970-01-01 00:00:00.000021495,0.9775643367544246
1970-01-01 00:00:00.000021496,0.9774664969985953
1970-01-01 00:00:00.000021497,0.9773687503488955
1970-01-01 00:00:00.000021498,0.9773687503488955
1970-01-01 00:00:00.000021499,0.9773687503488955
1970-01-01 00:00:00.000021500,0.9772709301729218
1970-01-01 00:00:00.000021501,0.9771032621799002
1970-01-01 00:00:00.000021502,0.9770055518536822
1970-01-01 00:00:00.000021503,0.9770055518536822
1970-01-01 00:00:00.000021504,0.9770055518536822
1970-01-01 00:00:00.000021505,0.9770055518536822
1970-01-01 00:00:00.000021506,0.9770055518536822
1970-01-01 00:00:00.000021507,0.9770055518536822
1970-01-01 00:00:00.000021508,0.9770055518536822
1970-01-01 00:00:00.000021509,0.9770055518536822
1970-01-01 00:00:00.000021510,0.9770055518536822
1970-01-01 00:00:00.000021511,0.9770410648352432
1970-01-01 00:00:00.000021512,0.9773496467250792
1970-01-01 00:00:00.000021513,0.9775780256109244
1970-01-01 00:00:00.000021514,0.9774782710447575
1970-01-01 00:00:00.000021515,0.977635848316084
1970-01-01 00:00:00.000021516,0.977635848316084
1970-01-01 00:00:00.000021517,0.9774566395291584
1970-01-01 00:00:00.000021518,0.9773588938652055
1970-01-01 00:00:00.000021519,0.9773588938652055
1970-01-01 00:00:00.000021520,0.9773588938652055
1970-01-01 00:00:00.000021521,0.9773588938652055
1970-01-01 00:00:00.000021522,0.9773588938652055
1970-01-01 00:00:00.000021523,0.9773588938652055
1970-01-01 00:00:00.000021524,0.9773588938652055
1970-01-01 00:00:00.000021525,0.9773588938652055
1970-01-01 00:00:00.000021526,0.9773588938652055
1970-01-01 00:00:00.000021527,0.9773588938652055
1970-01-01 00:00:00.000021528,0.9773588938652055
1970-01-01 00:00:00.000021529,0.9773588938652055
1970-01-01 00:00:00.000021530,0.9773588938652055
1970-01-01 00:00:00.000021531,0.9773588938652055
1970-01-01 00:00:00.000021532,0.9773588938652055
1970-01-01 00:00:00.000021533,0.9773588938652055
1970-01-01 00:00:00.000021534,0.9773588938652055
1970-01-01 00:00:00.000021535,0.9773588938652055
1970-01-01 00:00:00.000021536,0.9773588938652055
1970-01-01 00:00:00.000021537,0.9774305523105218
1970-01-01 00:00:00.000021538,0.9772645215234823
1970-01-01 00:00:00.000021539,0.9769490124257789
1970-01-01 00:00:00.000021540,0.976767462872595
1970-01-01 00:00:00.000021541,0.9767675458168774
1970-01-01 00:00:00.000021542,0.9780769874252528
1970-01-01 00:00:00.000021543,0.9787498083181025
1970-01-01 00:00:00.000021544,0.9786519333372707
1970-01-01 00:00:00.000021545,0.9786519333372707
1970-01-01 00:00:00.000021546,0.9786519333372707
1970-01-01 00:00:00.000021547,0.9786519333372707
1970-01-01 00:00:00.000021548,0.9786519333372707
1970-01-01 00:00:00.000021549,0.9786519333372707
1970-01-01 00:00:00.000021550,0.9786519333372707
1970-01-01 00:00:00.000021551,0.9786519333372707
1970-01-01 00:00:00.000021552,0.9786519333372707
1970-01-01 00:00:00.000021553,0.9786519333372707
1970-01-01 00:00:00.000021554,0.9786519333372707
1970-01-01 00:00:00.000021555,0.9786519333372707
1970-01-01 00:00:00.000021556,0.9786519333372707
1970-01-01 00:00:00.000021557,0.9786519333372707
1970-01-01 00:00:00.000021558,0.9786519333372707
1970-01-01 00:00:00.000021559,0.9786519333372707
1970-01-01 00:00:00.000021560,0.9786519333372707
1970-01-01 00:00:00.000021561,0.9786519333372707
1970-01-01 00:00:00.000021562,0.9786519333372707
1970-01-01 00:00:00.000021563,0.9786519333372707
1970-01-01 00:00:00.000021564,0.9786519333372707
1970-01-01 00:00:00.000021565,0.9786519333372707
1970-01-01 00:00:00.000021566,0.9786519333372707
1970-01-01 00:00:00.000021567,0.9786519333372707
1970-01-01 00:00:00.000021568,0.9786519333372707
1970-01-01 00:00:00.000021569,0.9786519333372707
1970-01-01 00:00:00.000021570,0.9786519333372707
1970-01-01 00:00:00.000021571,0.9786519333372707
1970-01-01 00:00:00.000021572,0.9787367115381911
1970-01-01 00:00:00.000021573,0.9786388378670373
1970-01-01 00:00:00.000021574,0.9786388378670373
1970-01-01 00:00:00.000021575,0.9786388378670373
1970-01-01 00:00:00.000021576,0.9784133924611645
1970-01-01 00:00:00.000021577,0.9790276774048284
1970-01-01 00:00:00.000021578,0.9791423806861627
1970-01-01 00:00:00.000021579,0.9791800581660475
1970-01-01 00:00:00.000021580,0.9791422971440786
1970-01-01 00:00:00.000021581,0.9790443829143642
1970-01-01 00:00:00.000021582,0.9790443829143642
1970-01-01 00:00:00.000021583,0.9790443829143642
1970-01-01 00:00:00.000021584,0.9790443829143642
1970-01-01 00:00:00.000021585,0.9791422306497203
1970-01-01 00:00:00.000021586,0.9790443164266553
1970-01-01 00:00:00.000021587,0.9790443164266553
1970-01-01 00:00:00.000021588,0.9790443164266553
1970-01-01 00:00:00.000021589,0.9790443164266553
1970-01-01 00:00:00.000021590,0.9790443164266553
1970-01-01 00:00:00.000021591,0.9790443164266553
1970-01-01 00:00:00.000021592,0.9790443164266553
1970-01-01 00:00:00.000021593,0.9790443164266553
1970-01-01 00:00:00.000021594,0.9790443164266553
1970-01-01 00:00:00.000021595,0.9790443164266553
1970-01-01 00:00:00.000021596,0.9789464119950126
1970-01-01 00:00:00.000021597,0.9789533375106144
1970-01-01 00:00:00.000021598,0.9787913782819345
1970-01-01 00:00:00.000021599,0.9786934991441063
1970-01-01 00:00:00.000021600,0.9786934991441063
1970-01-01 00:00:00.000021601,0.9786934991441063
1970-01-01 00:00:00.000021602,0.9786934991441063
1970-01-01 00:00:00.000021603,0.9786934991441063
1970-01-01 00:00:00.000021604,0.9786934991441063
1970-01-01 00:00:00.000021605,0.9786934991441063
1970-01-01 00:00:00.000021606,0.9786934991441063
1970-01-01 00:00:00.000021607,0.9786934991441063
1970-01-01 00:00:00.000021608,0.9786934991441063
1970-01-01 00:00:00.000021609,0.9786934991441063
1970-01-01 00:00:00.000021610,0.9786934991441063
1970-01-01 00:00:00.000021611,0.9786934991441063
1970-01-01 00:00:00.000021612,0.9786934991441063
1970-01-01 00:00:00.000021613,0.9786934991441063
1970-01-01 00:00:00.000021614,0.9779960426407075
1970-01-01 00:00:00.000021615,0.9778982430364435
1970-01-01 00:00:00.000021616,0.9778982430364435
1970-01-01 00:00:00.000021617,0.9778982430364435
1970-01-01 00:00:00.000021618,0.9778982430364435
1970-01-01 00:00:00.000021619,0.9778982430364435
1970-01-01 00:00:00.000021620,0.9778982430364435
1970-01-01 00:00:00.000021621,0.9778982430364435
1970-01-01 00:00:00.000021622,0.9778982430364435
1970-01-01 00:00:00.000021623,0.9778982430364435
1970-01-01 00:00:00.000021624,0.9778982430364435
1970-01-01 00:00:00.000021625,0.9778982430364435
1970-01-01 00:00:00.000021626,0.9778982430364435
1970-01-01 00:00:00.000021627,0.9778982430364435
1970-01-01 00:00:00.000021628,0.9778982430364435
1970-01-01 00:00:00.000021629,0.9778982430364435
1970-01-01 00:00:00.000021630,0.9778982430364435
1970-01-01 00:00:00.000021631,0.9778982430364435
1970-01-01 00:00:00.000021632,0.9778982430364435
1970-01-01 00:00:00.000021633,0.9778982430364435
1970-01-01 00:00:00.000021634,0.9778982430364435
1970-01-01 00:00:00.000021635,0.9778982430364435
1970-01-01 00:00:00.000021636,0.9778982430364435
1970-01-01 00:00:00.000021637,0.9778982430364435
1970-01-01 00:00:00.000021638,0.9778982430364435
1970-01-01 00:00:00.000021639,0.9778982430364435
1970-01-01 00:00:00.000021640,0.9778982430364435
1970-01-01 00:00:00.000021641,0.9778982430364435
1970-01-01 00:00:00.000021642,0.9778982430364435
1970-01-01 00:00:00.000021643,0.9778982430364435
1970-01-01 00:00:00.000021644,0.9778982430364435
1970-01-01 00:00:00.000021645,0.9777587452399558
1970-01-01 00:00:00.000021646,0.9779525433857561
1970-01-01 00:00:00.000021647,0.9778211604661239
1970-01-01 00:00:00.000021648,0.9777196381413528
1970-01-01 00:00:00.000021649,0.9776129040162265
1970-01-01 00:00:00.000021650,0.9774391771337045
1970-01-01 00:00:00.000021651,0.977395428790681
1970-01-01 00:00:00.000021652,0.9772961530132507
1970-01-01 00:00:00.000021653,0.9773495153532799
1970-01-01 00:00:00.000021654,0.977837547742474
1970-01-01 00:00:00.000021655,0.9777397639876998
1970-01-01 00:00:00.000021656,0.9777397639876998
1970-01-01 00:00:00.000021657,0.9777397639876998
1970-01-01 00:00:00.000021658,0.9777397639876998
1970-01-01 00:00:00.000021659,0.9777397639876998
1970-01-01 00:00:00.000021660,0.9777397639876998
1970-01-01 00:00:00.000021661,0.9777397639876998
1970-01-01 00:00:00.000021662,0.9777397639876998
1970-01-01 00:00:00.000021663,0.9777397639876998
1970-01-01 00:00:00.000021664,0.9777397639876998
1970-01-01 00:00:00.000021665,0.9777397639876998
1970-01-01 00:00:00.000021666,0.9777397639876998
1970-01-01 00:00:00.000021667,0.9777397639876998
1970-01-01 00:00:00.000021668,0.9777397639876998
1970-01-01 00:00:00.000021669,0.9777397639876998
1970-01-01 00:00:00.000021670,0.9777397639876998
1970-01-01 00:00:00.000021671,0.9777397639876998
1970-01-01 00:00:00.000021672,0.9777397639876998
1970-01-01 00:00:00.000021673,0.9777397639876998
1970-01-01 00:00:00.000021674,0.9777397639876998
1970-01-01 00:00:00.000021675,0.9777397639876998
1970-01-01 00:00:00.000021676,0.9777397639876998
1970-01-01 00:00:00.000021677,0.9777397639876998
1970-01-01 00:00:00.000021678,0.9777397639876998
1970-01-01 00:00:00.000021679,0.9777397639876998
1970-01-01 00:00:00.000021680,0.9777397639876998
1970-01-01 00:00:00.000021681,0.9777397639876998
1970-01-01 00:00:00.000021682,0.9777397639876998
1970-01-01 00:00:00.000021683,0.9777397639876998
1970-01-01 00:00:00.000021684,0.9777397639876998
1970-01-01 00:00:00.000021685,0.9777397639876998
1970-01-01 00:00:00.000021686,0.9777397639876998
1970-01-01 00:00:00.000021687,0.9777397639876998
1970-01-01 00:00:00.000021688,0.9777397639876998
1970-01-01 00:00:00.000021689,0.9777397639876998
1970-01-01 00:00:00.000021690,0.9777397639876998
1970-01-01 00:00:00.000021691,0.9777397639876998
1970-01-01 00:00:00.000021692,0.9777397639876998
1970-01-01 00:00:00.000021693,0.9777397639876998
1970-01-01 00:00:00.000021694,0.9777397639876998
1970-01-01 00:00:00.000021695,0.9777397639876998
1970-01-01 00:00:00.000021696,0.9777397639876998
1970-01-01 00:00:00.000021697,0.9777397639876998
1970-01-01 00:00:00.000021698,0.9777397639876998
1970-01-01 00:00:00.000021699,0.9777397639876998
1970-01-01 00:00:00.000021700,0.9777397639876998
1970-01-01 00:00:00.000021701,0.9777397639876998
1970-01-01 00:00:00.000021702,0.9777397639876998
1970-01-01 00:00:00.000021703,0.9777397639876998
1970-01-01 00:00:00.000021704,0.9777397639876998
1970-01-01 00:00:00.000021705,0.9777397639876998
1970-01-01 00:00:00.000021706,0.9777397639876998
1970-01-01 00:00:00.000021707,0.9777397639876998
1970-01-01 00:00:00.000021708,0.9777397639876998
1970-01-01 00:00:00.000021709,0.9777397639876998
1970-01-01 00:00:00.000021710,0.9777397639876998
1970-01-01 00:00:00.000021711,0.9777397639876998
1970-01-01 00:00:00.000021712,0.9777397639876998
1970-01-01 00:00:00.000021713,0.9777397639876998
1970-01-01 00:00:00.000021714,0.9777397639876998
1970-01-01 00:00:00.000021715,0.9777397639876998
1970-01-01 00:00:00.000021716,0.9777397639876998
1970-01-01 00:00:00.000021717,0.9777397639876998
1970-01-01 00:00:00.000021718,0.9777397639876998
1970-01-01 00:00:00.000021719,0.9777397639876998
1970-01-01 00:00:00.000021720,0.9777397639876998
1970-01-01 00:00:00.000021721,0.9777397639876998
1970-01-01 00:00:00.000021722,0.9777397639876998
1970-01-01 00:00:00.000021723,0.9777397639876998
1970-01-01 00:00:00.000021724,0.9773957390002636
1970-01-01 00:00:00.000021725,0.9772979994263635
1970-01-01 00:00:00.000021726,0.9772979994263635
1970-01-01 00:00:00.000021727,0.9773810557999875
1970-01-01 00:00:00.000021728,0.977090490437575
1970-01-01 00:00:00.000021729,0.9771314177035072
1970-01-01 00:00:00.000021730,0.9769076687740282
1970-01-01 00:00:00.000021731,0.9767914887831632
1970-01-01 00:00:00.000021732,0.9774102490004416
1970-01-01 00:00:00.000021733,0.9775455719036946
1970-01-01 00:00:00.000021734,0.9780634977755751
1970-01-01 00:00:00.000021735,0.9779656914257976
1970-01-01 00:00:00.000021736,0.9779656914257976
1970-01-01 00:00:00.000021737,0.9779656914257976
1970-01-01 00:00:00.000021738,0.9779656914257976
1970-01-01 00:00:00.000021739,0.9779656914257976
1970-01-01 00:00:00.000021740,0.9779656914257976
1970-01-01 00:00:00.000021741,0.9779656914257976
1970-01-01 00:00:00.000021742,0.9779656914257976
1970-01-01 00:00:00.000021743,0.9779656914257976
1970-01-01 00:00:00.000021744,0.9779656914257976
1970-01-01 00:00:00.000021745,0.9779656914257976
1970-01-01 00:00:00.000021746,0.9779656914257976
1970-01-01 00:00:00.000021747,0.9779656914257976
1970-01-01 00:00:00.000021748,0.9779656914257976
1970-01-01 00:00:00.000021749,0.9779656914257976
1970-01-01 00:00:00.000021750,0.9779656914257976
1970-01-01 00:00:00.000021751,0.9779656914257976
1970-01-01 00:00:00.000021752,0.9779656914257976
1970-01-01 00:00:00.000021753,0.9779656914257976
1970-01-01 00:00:00.000021754,0.9779656914257976
1970-01-01 00:00:00.000021755,0.9779656914257976
1970-01-01 00:00:00.000021756,0.9779656914257976
1970-01-01 00:00:00.000021757,0.9779656914257976
1970-01-01 00:00:00.000021758,0.9779656914257976
1970-01-01 00:00:00.000021759,0.9779656914257976
1970-01-01 00:00:00.000021760,0.9779656914257976
1970-01-01 00:00:00.000021761,0.9779656914257976
1970-01-01 00:00:00.000021762,0.9779656914257976
1970-01-01 00:00:00.000021763,0.9779656914257976
1970-01-01 00:00:00.000021764,0.9779656914257976
1970-01-01 00:00:00.000021765,0.9779656914257976
1970-01-01 00:00:00.000021766,0.9779656914257976
1970-01-01 00:00:00.000021767,0.9779656914257976
1970-01-01 00:00:00.000021768,0.9779656914257976
1970-01-01 00:00:00.000021769,0.9779656914257976
1970-01-01 00:00:00.000021770,0.9779656914257976
1970-01-01 00:00:00.000021771,0.9779656914257976
1970-01-01 00:00:00.000021772,0.9779656914257976
1970-01-01 00:00:00.000021773,0.9779656914257976
1970-01-01 00:00:00.000021774,0.9779656914257976
1970-01-01 00:00:00.000021775,0.9779656914257976
1970-01-01 00:00:00.000021776,0.9779656914257976
1970-01-01 00:00:00.000021777,0.9779656914257976
1970-01-01 00:00:00.000021778,0.9779656914257976
1970-01-01 00:00:00.000021779,0.9779656914257976
1970-01-01 00:00:00.000021780,0.9779656914257976
1970-01-01 00:00:00.000021781,0.9779656914257976
1970-01-01 00:00:00.000021782,0.9779656914257976
1970-01-01 00:00:00.000021783,0.9779656914257976
1970-01-01 00:00:00.000021784,0.9779656914257976
1970-01-01 00:00:00.000021785,0.9779656914257976
1970-01-01 00:00:00.000021786,0.9779656914257976
1970-01-01 00:00:00.000021787,0.9779656914257976
1970-01-01 00:00:00.000021788,0.9779656914257976
1970-01-01 00:00:00.000021789,0.9779656914257976
1970-01-01 00:00:00.000021790,0.9779656914257976
1970-01-01 00:00:00.000021791,0.9779656914257976
1970-01-01 00:00:00.000021792,0.9779656914257976
1970-01-01 00:00:00.000021793,0.9779656914257976
1970-01-01 00:00:00.000021794,0.9779656914257976
1970-01-01 00:00:00.000021795,0.9779656914257976
1970-01-01 00:00:00.000021796,0.9779656914257976
1970-01-01 00:00:00.000021797,0.9779656914257976
1970-01-01 00:00:00.000021798,0.9779656914257976
1970-01-01 00:00:00.000021799,0.9779656914257976
1970-01-01 00:00:00.000021800,0.9779656914257976
1970-01-01 00:00:00.000021801,0.9779656914257976
1970-01-01 00:00:00.000021802,0.9779656914257976
1970-01-01 00:00:00.000021803,0.9779656914257976
1970-01-01 00:00:00.000021804,0.9779656914257976
1970-01-01 00:00:00.000021805,0.9779656914257976
1970-01-01 00:00:00.000021806,0.9779656914257976
1970-01-01 00:00:00.000021807,0.9779656914257976
1970-01-01 00:00:00.000021808,0.9779656914257976
1970-01-01 00:00:00.000021809,0.9779656914257976
1970-01-01 00:00:00.000021810,0.9779656914257976
1970-01-01 00:00:00.000021811,0.9779656914257976
1970-01-01 00:00:00.000021812,0.9779656914257976
1970-01-01 00:00:00.000021813,0.9779656914257976
1970-01-01 00:00:00.000021814,0.9779656914257976
1970-01-01 00:00:00.000021815,0.9779656914257976
1970-01-01 00:00:00.000021816,0.9779656914257976
1970-01-01 00:00:00.000021817,0.9779656914257976
1970-01-01 00:00:00.000021818,0.9779656914257976
1970-01-01 00:00:00.000021819,0.9780885841903664
1970-01-01 00:00:00.000021820,0.9780885841903664
1970-01-01 00:00:00.000021821,0.9779907753319473
1970-01-01 00:00:00.000021822,0.9779907753319473
1970-01-01 00:00:00.000021823,0.9779907753319473
1970-01-01 00:00:00.000021824,0.9779907753319473
1970-01-01 00:00:00.000021825,0.9779907753319473
1970-01-01 00:00:00.000021826,0.9779907753319473
1970-01-01 00:00:00.000021827,0.9779907753319473
1970-01-01 00:00:00.000021828,0.9779907753319473
1970-01-01 00:00:00.000021829,0.9779907753319473
1970-01-01 00:00:00.000021830,0.9779907753319473
1970-01-01 00:00:00.000021831,0.9779907753319473
1970-01-01 00:00:00.000021832,0.9779907753319473
1970-01-01 00:00:00.000021833,0.9779907753319473
1970-01-01 00:00:00.000021834,0.9779907753319473
1970-01-01 00:00:00.000021835,0.9779907753319473
1970-01-01 00:00:00.000021836,0.9779907753319473
1970-01-01 00:00:00.000021837,0.9779907753319473
1970-01-01 00:00:00.000021838,0.9779907753319473
1970-01-01 00:00:00.000021839,0.9779907753319473
1970-01-01 00:00:00.000021840,0.9779907753319473
1970-01-01 00:00:00.000021841,0.9779907753319473
1970-01-01 00:00:00.000021842,0.9779907753319473
1970-01-01 00:00:00.000021843,0.9779907753319473
1970-01-01 00:00:00.000021844,0.9779907753319473
1970-01-01 00:00:00.000021845,0.9779907753319473
1970-01-01 00:00:00.000021846,0.9779907753319473
1970-01-01 00:00:00.000021847,0.9779907753319473
1970-01-01 00:00:00.000021848,0.9779907753319473
1970-01-01 00:00:00.000021849,0.9779907753319473
1970-01-01 00:00:00.000021850,0.9779907753319473
1970-01-01 00:00:00.000021851,0.9779907753319473
1970-01-01 00:00:00.000021852,0.9779907753319473
1970-01-01 00:00:00.000021853,0.9779907753319473
1970-01-01 00:00:00.000021854,0.9779907753319473
1970-01-01 00:00:00.000021855,0.9779907753319473
1970-01-01 00:00:00.000021856,0.9779907753319473
1970-01-01 00:00:00.000021857,0.9779907753319473
1970-01-01 00:00:00.000021858,0.9779907753319473
1970-01-01 00:00:00.000021859,0.9779907753319473
1970-01-01 00:00:00.000021860,0.9779907753319473
1970-01-01 00:00:00.000021861,0.9779907753319473
1970-01-01 00:00:00.000021862,0.978065963584824
1970-01-01 00:00:00.000021863,0.9779681569884655
1970-01-01 00:00:00.000021864,0.9779681569884655
1970-01-01 00:00:00.000021865,0.9779681569884655
1970-01-01 00:00:00.000021866,0.9779681569884655
1970-01-01 00:00:00.000021867,0.9779681569884655
1970-01-01 00:00:00.000021868,0.9779681569884655
1970-01-01 00:00:00.000021869,0.9779681569884655
1970-01-01 00:00:00.000021870,0.9779681569884655
1970-01-01 00:00:00.000021871,0.9778802417776938
1970-01-01 00:00:00.000021872,0.9778546678998219
1970-01-01 00:00:00.000021873,0.9780849868177296
1970-01-01 00:00:00.000021874,0.9781686351349035
1970-01-01 00:00:00.000021875,0.9784116472313711
1970-01-01 00:00:00.000021876,0.9783798944938636
1970-01-01 00:00:00.000021877,0.9783798113769091
1970-01-01 00:00:00.000021878,0.9782819733957714
1970-01-01 00:00:00.000021879,0.9782819733957714
1970-01-01 00:00:00.000021880,0.9782819733957714
1970-01-01 00:00:00.000021881,0.9782819733957714
1970-01-01 00:00:00.000021882,0.9782819733957714
1970-01-01 00:00:00.000021883,0.9782819733957714
1970-01-01 00:00:00.000021884,0.9782819733957714
1970-01-01 00:00:00.000021885,0.9782819733957714
1970-01-01 00:00:00.000021886,0.9782819733957714
1970-01-01 00:00:00.000021887,0.9782819733957714
1970-01-01 00:00:00.000021888,0.9782819733957714
1970-01-01 00:00:00.000021889,0.9782819733957714
1970-01-01 00:00:00.000021890,0.9782819733957714
1970-01-01 00:00:00.000021891,0.9782819733957714
1970-01-01 00:00:00.000021892,0.9782819733957714
1970-01-01 00:00:00.000021893,0.9782819733957714
1970-01-01 00:00:00.000021894,0.9782819733957714
1970-01-01 00:00:00.000021895,0.9782819733957714
1970-01-01 00:00:00.000021896,0.9782819733957714
1970-01-01 00:00:00.000021897,0.9782819733957714
1970-01-01 00:00:00.000021898,0.9782819733957714
1970-01-01 00:00:00.000021899,0.9782819733957714
1970-01-01 00:00:00.000021900,0.9782819733957714
1970-01-01 00:00:00.000021901,0.9782819733957714
1970-01-01 00:00:00.000021902,0.9782819733957714
1970-01-01 00:00:00.000021903,0.9782819733957714
1970-01-01 00:00:00.000021904,0.9782819733957714
1970-01-01 00:00:00.000021905,0.9782819733957714
1970-01-01 00:00:00.000021906,0.9782819733957714
1970-01-01 00:00:00.000021907,0.9782819733957714
1970-01-01 00:00:00.000021908,0.9782819733957714
1970-01-01 00:00:00.000021909,0.9782819733957714
1970-01-01 00:00:00.000021910,0.9782819733957714
1970-01-01 00:00:00.000021911,0.9782819733957714
1970-01-01 00:00:00.000021912,0.9782819733957714
1970-01-01 00:00:00.000021913,0.9782819733957714
1970-01-01 00:00:00.000021914,0.9782819733957714
1970-01-01 00:00:00.000021915,0.9782819733957714
1970-01-01 00:00:00.000021916,0.9782819733957714
1970-01-01 00:00:00.000021917,0.9782819733957714
1970-01-01 00:00:00.000021918,0.9782819733957714
1970-01-01 00:00:00.000021919,0.9781841451984318
1970-01-01 00:00:00.000021920,0.978061081014781
1970-01-01 00:00:00.000021921,0.9780611641662564
1970-01-01 00:00:00.000021922,0.9778656350848985
1970-01-01 00:00:00.000021923,0.9779851830125457
1970-01-01 00:00:00.000021924,0.9780956131033988
1970-01-01 00:00:00.000021925,0.9779978035420884
1970-01-01 00:00:00.000021926,0.978197245836358
1970-01-01 00:00:00.000021927,0.9780994261117744
1970-01-01 00:00:00.000021928,0.9780994261117744
1970-01-01 00:00:00.000021929,0.9780994261117744
1970-01-01 00:00:00.000021930,0.9780994261117744
1970-01-01 00:00:00.000021931,0.9780994261117744
1970-01-01 00:00:00.000021932,0.9780994261117744
1970-01-01 00:00:00.000021933,0.9780994261117744
1970-01-01 00:00:00.000021934,0.9780994261117744
1970-01-01 00:00:00.000021935,0.9780994261117744
1970-01-01 00:00:00.000021936,0.9780994261117744
1970-01-01 00:00:00.000021937,0.9780994261117744
1970-01-01 00:00:00.000021938,0.9780994261117744
1970-01-01 00:00:00.000021939,0.9780994261117744
1970-01-01 00:00:00.000021940,0.9780994261117744
1970-01-01 00:00:00.000021941,0.9780994261117744
1970-01-01 00:00:00.000021942,0.9780994261117744
1970-01-01 00:00:00.000021943,0.9780994261117744
1970-01-01 00:00:00.000021944,0.9780994261117744
1970-01-01 00:00:00.000021945,0.9780994261117744
1970-01-01 00:00:00.000021946,0.9780994261117744
1970-01-01 00:00:00.000021947,0.9780994261117744
1970-01-01 00:00:00.000021948,0.9780994261117744
1970-01-01 00:00:00.000021949,0.9780994261117744
1970-01-01 00:00:00.000021950,0.9780994261117744
1970-01-01 00:00:00.000021951,0.9780994261117744
1970-01-01 00:00:00.000021952,0.9780994261117744
1970-01-01 00:00:00.000021953,0.9780994261117744
1970-01-01 00:00:00.000021954,0.9780994261117744
1970-01-01 00:00:00.000021955,0.9780994261117744
1970-01-01 00:00:00.000021956,0.9780994261117744
1970-01-01 00:00:00.000021957,0.9780994261117744
1970-01-01 00:00:00.000021958,0.9780994261117744
1970-01-01 00:00:00.000021959,0.9780994261117744
1970-01-01 00:00:00.000021960,0.9780994261117744
1970-01-01 00:00:00.000021961,0.9780994261117744
1970-01-01 00:00:00.000021962,0.9780994261117744
1970-01-01 00:00:00.000021963,0.9780994261117744
1970-01-01 00:00:00.000021964,0.9780994261117744
1970-01-01 00:00:00.000021965,0.9780994261117744
1970-01-01 00:00:00.000021966,0.9780994261117744
1970-01-01 00:00:00.000021967,0.9780994261117744
1970-01-01 00:00:00.000021968,0.9780994261117744
1970-01-01 00:00:00.000021969,0.9780994261117744
1970-01-01 00:00:00.000021970,0.9780994261117744
1970-01-01 00:00:00.000021971,0.9780994261117744
1970-01-01 00:00:00.000021972,0.9780994261117744
1970-01-01 00:00:00.000021973,0.9780994261117744
1970-01-01 00:00:00.000021974,0.9780994261117744
1970-01-01 00:00:00.000021975,0.9780994261117744
1970-01-01 00:00:00.000021976,0.9780994261117744
1970-01-01 00:00:00.000021977,0.9780994261117744
1970-01-01 00:00:00.000021978,0.9780994261117744
1970-01-01 00:00:00.000021979,0.9780179368712476
1970-01-01 00:00:00.000021980,0.9779201350775605
1970-01-01 00:00:00.000021981,0.9779201350775605
1970-01-01 00:00:00.000021982,0.9779201350775605
1970-01-01 00:00:00.000021983,0.9779201350775605
1970-01-01 00:00:00.000021984,0.9777326691844055
1970-01-01 00:00:00.000021985,0.9776348959174871
1970-01-01 00:00:00.000021986,0.9776348959174871
1970-01-01 00:00:00.000021987,0.9776348959174871
1970-01-01 00:00:00.000021988,0.9772285790518283
1970-01-01 00:00:00.000021989,0.977130856193923
1970-01-01 00:00:00.000021990,0.977130856193923
1970-01-01 00:00:00.000021991,0.977130856193923
1970-01-01 00:00:00.000021992,0.977130856193923
1970-01-01 00:00:00.000021993,0.977130856193923
1970-01-01 00:00:00.000021994,0.977130856193923
1970-01-01 00:00:00.000021995,0.977130856193923
1970-01-01 00:00:00.000021996,0.977130856193923
1970-01-01 00:00:00.000021997,0.9770276453732725
1970-01-01 00:00:00.000021998,0.9769299426087351
1970-01-01 00:00:00.000021999,0.9769299426087351
1970-01-01 00:00:00.000022000,0.9769299426087351
1970-01-01 00:00:00.000022001,0.9769299426087351
1970-01-01 00:00:00.000022002,0.9769299426087351
1970-01-01 00:00:00.000022003,0.9769299426087351
1970-01-01 00:00:00.000022004,0.9769299426087351
1970-01-01 00:00:00.000022005,0.9769299426087351
1970-01-01 00:00:00.000022006,0.9769654528419907
1970-01-01 00:00:00.000022007,0.97719023681085
1970-01-01 00:00:00.000022008,0.9771903200025482
1970-01-01 00:00:00.000022009,0.977092600970548
1970-01-01 00:00:00.000022010,0.977092600970548
1970-01-01 00:00:00.000022011,0.977092600970548
1970-01-01 00:00:00.000022012,0.977092600970548
1970-01-01 00:00:00.000022013,0.977092600970548
1970-01-01 00:00:00.000022014,0.977092600970548
1970-01-01 00:00:00.000022015,0.977092600970548
1970-01-01 00:00:00.000022016,0.977092600970548
1970-01-01 00:00:00.000022017,0.977092600970548
1970-01-01 00:00:00.000022018,0.977092600970548
1970-01-01 00:00:00.000022019,0.977092600970548
1970-01-01 00:00:00.000022020,0.977092600970548
1970-01-01 00:00:00.000022021,0.977092600970548
1970-01-01 00:00:00.000022022,0.977092600970548
1970-01-01 00:00:00.000022023,0.977092600970548
1970-01-01 00:00:00.000022024,0.977092600970548
1970-01-01 00:00:00.000022025,0.977092600970548
1970-01-01 00:00:00.000022026,0.977092600970548
1970-01-01 00:00:00.000022027,0.977092600970548
1970-01-01 00:00:00.000022028,0.977092600970548
1970-01-01 00:00:00.000022029,0.977092600970548
1970-01-01 00:00:00.000022030,0.977092600970548
1970-01-01 00:00:00.000022031,0.977092600970548
1970-01-01 00:00:00.000022032,0.9767750971030993
1970-01-01 00:00:00.000022033,0.9766774195933889
1970-01-01 00:00:00.000022034,0.9766629734397174
1970-01-01 00:00:00.000022035,0.9765653071423734
1970-01-01 00:00:00.000022036,0.9765653071423734
1970-01-01 00:00:00.000022037,0.9765653071423734
1970-01-01 00:00:00.000022038,0.9765653071423734
1970-01-01 00:00:00.000022039,0.9767746129284026
1970-01-01 00:00:00.000022040,0.9766769354671098
1970-01-01 00:00:00.000022041,0.9766769354671098
1970-01-01 00:00:00.000022042,0.9766769354671098
1970-01-01 00:00:00.000022043,0.9766769354671098
1970-01-01 00:00:00.000022044,0.9766769354671098
1970-01-01 00:00:00.000022045,0.9766769354671098
1970-01-01 00:00:00.000022046,0.9766769354671098
1970-01-01 00:00:00.000022047,0.9766769354671098
1970-01-01 00:00:00.000022048,0.9766769354671098
1970-01-01 00:00:00.000022049,0.9766769354671098
1970-01-01 00:00:00.000022050,0.9766769354671098
1970-01-01 00:00:00.000022051,0.9766769354671098
1970-01-01 00:00:00.000022052,0.9766769354671098
1970-01-01 00:00:00.000022053,0.9766769354671098
1970-01-01 00:00:00.000022054,0.9766769354671098
1970-01-01 00:00:00.000022055,0.9766769354671098
1970-01-01 00:00:00.000022056,0.9766769354671098
1970-01-01 00:00:00.000022057,0.9766769354671098
1970-01-01 00:00:00.000022058,0.9763800059657571
1970-01-01 00:00:00.000022059,0.9762823679651605
1970-01-01 00:00:00.000022060,0.9762823679651605
1970-01-01 00:00:00.000022061,0.9765354094580537
1970-01-01 00:00:00.000022062,0.9764377559171079
1970-01-01 00:00:00.000022063,0.9764377559171079
1970-01-01 00:00:00.000022064,0.9764377559171079
1970-01-01 00:00:00.000022065,0.9764377559171079
1970-01-01 00:00:00.000022066,0.9763962050473355
1970-01-01 00:00:00.000022067,0.9762985654268308
1970-01-01 00:00:00.000022068,0.9762985654268308
1970-01-01 00:00:00.000022069,0.9762985654268308
1970-01-01 00:00:00.000022070,0.9762253278017242
1970-01-01 00:00:00.000022071,0.9761277052689441
1970-01-01 00:00:00.000022072,0.9761277052689441
1970-01-01 00:00:00.000022073,0.9761277052689441
1970-01-01 00:00:00.000022074,0.9761277052689441
1970-01-01 00:00:00.000022075,0.9760300924984172
1970-01-01 00:00:00.000022076,0.9759186727709598
1970-01-01 00:00:00.000022077,0.9758210809036827
1970-01-01 00:00:00.000022078,0.9758210809036827
1970-01-01 00:00:00.000022079,0.9758210809036827
1970-01-01 00:00:00.000022080,0.9758210809036827
1970-01-01 00:00:00.000022081,0.9758210809036827
1970-01-01 00:00:00.000022082,0.9758210809036827
1970-01-01 00:00:00.000022083,0.9758210809036827
1970-01-01 00:00:00.000022084,0.9758210809036827
1970-01-01 00:00:00.000022085,0.9758210809036827
1970-01-01 00:00:00.000022086,0.9758210809036827
1970-01-01 00:00:00.000022087,0.9758210809036827
1970-01-01 00:00:00.000022088,0.9758210809036827
1970-01-01 00:00:00.000022089,0.9758210809036827
1970-01-01 00:00:00.000022090,0.9758210809036827
1970-01-01 00:00:00.000022091,0.9758210809036827
1970-01-01 00:00:00.000022092,0.9758210809036827
1970-01-01 00:00:00.000022093,0.9758210809036827
1970-01-01 00:00:00.000022094,0.9757851829084994
1970-01-01 00:00:00.000022095,0.9754883318574742
1970-01-01 00:00:00.000022096,0.9756236414808442
1970-01-01 00:00:00.000022097,0.975769327609074
1970-01-01 00:00:00.000022098,0.9756343500338595
1970-01-01 00:00:00.000022099,0.9758327488067763
1970-01-01 00:00:00.000022100,0.9757351655318957
1970-01-01 00:00:00.000022101,0.9756375089748787
1970-01-01 00:00:00.000022102,0.97586360554592
1970-01-01 00:00:00.000022103,0.9757660191853654
1970-01-01 00:00:00.000022104,0.9757660191853654
1970-01-01 00:00:00.000022105,0.9757660191853654
1970-01-01 00:00:00.000022106,0.9757660191853654
1970-01-01 00:00:00.000022107,0.9757660191853654
1970-01-01 00:00:00.000022108,0.9755738848794353
1970-01-01 00:00:00.000022109,0.9756314937325024
1970-01-01 00:00:00.000022110,0.9759432788220124
1970-01-01 00:00:00.000022111,0.9758456844941302
1970-01-01 00:00:00.000022112,0.9758456844941302
1970-01-01 00:00:00.000022113,0.9758456844941302
1970-01-01 00:00:00.000022114,0.9758456844941302
1970-01-01 00:00:00.000022115,0.9758456844941302
1970-01-01 00:00:00.000022116,0.9755961285424241
1970-01-01 00:00:00.000022117,0.9754985689295699
1970-01-01 00:00:00.000022118,0.9754985689295699
1970-01-01 00:00:00.000022119,0.9754985689295699
1970-01-01 00:00:00.000022120,0.9754985689295699
1970-01-01 00:00:00.000022121,0.9754985689295699
1970-01-01 00:00:00.000022122,0.9754985689295699
1970-01-01 00:00:00.000022123,0.9754985689295699
1970-01-01 00:00:00.000022124,0.9754985689295699
1970-01-01 00:00:00.000022125,0.9754985689295699
1970-01-01 00:00:00.000022126,0.9754985689295699
1970-01-01 00:00:00.000022127,0.9751902816112668
1970-01-01 00:00:00.000022128,0.9750927625831056
1970-01-01 00:00:00.000022129,0.9750927625831056
1970-01-01 00:00:00.000022130,0.9750927625831056
1970-01-01 00:00:00.000022131,0.9750927625831056
1970-01-01 00:00:00.000022132,0.9750927625831056
1970-01-01 00:00:00.000022133,0.9750927625831056
1970-01-01 00:00:00.000022134,0.9750927625831056
1970-01-01 00:00:00.000022135,0.9750927625831056
1970-01-01 00:00:00.000022136,0.9750927625831056
1970-01-01 00:00:00.000022137,0.9750927625831056
1970-01-01 00:00:00.000022138,0.9750927625831056
1970-01-01 00:00:00.000022139,0.9750927625831056
1970-01-01 00:00:00.000022140,0.9750927625831056
1970-01-01 00:00:00.000022141,0.9752884232241709
1970-01-01 00:00:00.000022142,0.9754777188237617
1970-01-01 00:00:00.000022143,0.9753801710518794
1970-01-01 00:00:00.000022144,0.9753801710518794
1970-01-01 00:00:00.000022145,0.9753801710518794
1970-01-01 00:00:00.000022146,0.9753801710518794
1970-01-01 00:00:00.000022147,0.9753801710518794
1970-01-01 00:00:00.000022148,0.9753801710518794
1970-01-01 00:00:00.000022149,0.9753801710518794
1970-01-01 00:00:00.000022150,0.9753801710518794
1970-01-01 00:00:00.000022151,0.9753801710518794
1970-01-01 00:00:00.000022152,0.9753801710518794
1970-01-01 00:00:00.000022153,0.9753801710518794
1970-01-01 00:00:00.000022154,0.9753801710518794
1970-01-01 00:00:00.000022155,0.9750421381275336
1970-01-01 00:00:00.000022156,0.9749446339137209
1970-01-01 00:00:00.000022157,0.9749446339137209
1970-01-01 00:00:00.000022158,0.9749446339137209
1970-01-01 00:00:00.000022159,0.9749446339137209
1970-01-01 00:00:00.000022160,0.9749446339137209
1970-01-01 00:00:00.000022161,0.9749446339137209
1970-01-01 00:00:00.000022162,0.9749446339137209
1970-01-01 00:00:00.000022163,0.9749446339137209
1970-01-01 00:00:00.000022164,0.9749446339137209
1970-01-01 00:00:00.000022165,0.9749446339137209
1970-01-01 00:00:00.000022166,0.974732294392865
1970-01-01 00:00:00.000022167,0.9746348211634257
1970-01-01 00:00:00.000022168,0.9746348211634257
1970-01-01 00:00:00.000022169,0.9746348211634257
1970-01-01 00:00:00.000022170,0.9741487204944715
1970-01-01 00:00:00.000022171,0.9740513056224221
1970-01-01 00:00:00.000022172,0.9740513056224221
1970-01-01 00:00:00.000022173,0.9740513056224221
1970-01-01 00:00:00.000022174,0.9740513056224221
1970-01-01 00:00:00.000022175,0.9740513056224221
1970-01-01 00:00:00.000022176,0.9740513056224221
1970-01-01 00:00:00.000022177,0.9740513056224221
1970-01-01 00:00:00.000022178,0.9740513056224221
1970-01-01 00:00:00.000022179,0.9740513056224221
1970-01-01 00:00:00.000022180,0.9740513056224221
1970-01-01 00:00:00.000022181,0.9740513056224221
1970-01-01 00:00:00.000022182,0.9740513056224221
1970-01-01 00:00:00.000022183,0.9740513056224221
1970-01-01 00:00:00.000022184,0.9740513056224221
1970-01-01 00:00:00.000022185,0.9740513056224221
1970-01-01 00:00:00.000022186,0.9740513056224221
1970-01-01 00:00:00.000022187,0.9740513056224221
1970-01-01 00:00:00.000022188,0.9740513056224221
1970-01-01 00:00:00.000022189,0.9740513056224221
1970-01-01 00:00:00.000022190,0.9740513056224221
1970-01-01 00:00:00.000022191,0.9740513056224221
1970-01-01 00:00:00.000022192,0.9740513056224221
1970-01-01 00:00:00.000022193,0.9740513056224221
1970-01-01 00:00:00.000022194,0.9740513056224221
1970-01-01 00:00:00.000022195,0.9740513056224221
1970-01-01 00:00:00.000022196,0.9740513056224221
1970-01-01 00:00:00.000022197,0.9740513056224221
1970-01-01 00:00:00.000022198,0.9740513056224221
1970-01-01 00:00:00.000022199,0.9734391923593966
1970-01-01 00:00:00.000022200,0.9742066525834231
1970-01-01 00:00:00.000022201,0.9741092319181648
1970-01-01 00:00:00.000022202,0.9741092319181648
1970-01-01 00:00:00.000022203,0.9741092319181648
1970-01-01 00:00:00.000022204,0.9741092319181648
1970-01-01 00:00:00.000022205,0.9741092319181648
1970-01-01 00:00:00.000022206,0.9741092319181648
1970-01-01 00:00:00.000022207,0.9741092319181648
1970-01-01 00:00:00.000022208,0.9741092319181648
1970-01-01 00:00:00.000022209,0.9741092319181648
1970-01-01 00:00:00.000022210,0.9741092319181648
1970-01-01 00:00:00.000022211,0.9741092319181648
1970-01-01 00:00:00.000022212,0.9741092319181648
1970-01-01 00:00:00.000022213,0.9741092319181648
1970-01-01 00:00:00.000022214,0.9741092319181648
1970-01-01 00:00:00.000022215,0.9741092319181648
1970-01-01 00:00:00.000022216,0.9741092319181648
1970-01-01 00:00:00.000022217,0.9741092319181648
1970-01-01 00:00:00.000022218,0.9741092319181648
1970-01-01 00:00:00.000022219,0.9741092319181648
1970-01-01 00:00:00.000022220,0.9741092319181648
1970-01-01 00:00:00.000022221,0.9741092319181648
1970-01-01 00:00:00.000022222,0.9741092319181648
1970-01-01 00:00:00.000022223,0.9741092319181648
1970-01-01 00:00:00.000022224,0.9741092319181648
1970-01-01 00:00:00.000022225,0.9741092319181648
1970-01-01 00:00:00.000022226,0.9741092319181648
1970-01-01 00:00:00.000022227,0.9741092319181648
1970-01-01 00:00:00.000022228,0.9741092319181648
1970-01-01 00:00:00.000022229,0.9741092319181648
1970-01-01 00:00:00.000022230,0.9741092319181648
1970-01-01 00:00:00.000022231,0.9741092319181648
1970-01-01 00:00:00.000022232,0.9741092319181648
1970-01-01 00:00:00.000022233,0.9741092319181648
1970-01-01 00:00:00.000022234,0.9741092319181648
1970-01-01 00:00:00.000022235,0.9741092319181648
1970-01-01 00:00:00.000022236,0.9741092319181648
1970-01-01 00:00:00.000022237,0.9741092319181648
1970-01-01 00:00:00.000022238,0.9741092319181648
1970-01-01 00:00:00.000022239,0.9741092319181648
1970-01-01 00:00:00.000022240,0.9741092319181648
1970-01-01 00:00:00.000022241,0.9741092319181648
1970-01-01 00:00:00.000022242,0.9741092319181648
1970-01-01 00:00:00.000022243,0.9741092319181648
1970-01-01 00:00:00.000022244,0.9741092319181648
1970-01-01 00:00:00.000022245,0.9741092319181648
1970-01-01 00:00:00.000022246,0.9741092319181648
1970-01-01 00:00:00.000022247,0.9741092319181648
1970-01-01 00:00:00.000022248,0.9741092319181648
1970-01-01 00:00:00.000022249,0.9741092319181648
1970-01-01 00:00:00.000022250,0.9741092319181648
1970-01-01 00:00:00.000022251,0.9741092319181648
1970-01-01 00:00:00.000022252,0.9741092319181648
1970-01-01 00:00:00.000022253,0.9741092319181648
1970-01-01 00:00:00.000022254,0.9741092319181648
1970-01-01 00:00:00.000022255,0.9741092319181648
1970-01-01 00:00:00.000022256,0.9741092319181648
1970-01-01 00:00:00.000022257,0.9741092319181648
1970-01-01 00:00:00.000022258,0.9741092319181648
1970-01-01 00:00:00.000022259,0.9740099124087177
1970-01-01 00:00:00.000022260,0.9739125114174768
1970-01-01 00:00:00.000022261,0.9737533236871841
1970-01-01 00:00:00.000022262,0.9736559483548154
1970-01-01 00:00:00.000022263,0.97355858275998
1970-01-01 00:00:00.000022264,0.973461226901704
1970-01-01 00:00:00.000022265,0.973461226901704
1970-01-01 00:00:00.000022266,0.973461226901704
1970-01-01 00:00:00.000022267,0.9733638807790138
1970-01-01 00:00:00.000022268,0.973266544390936
1970-01-01 00:00:00.000022269,0.973266544390936
1970-01-01 00:00:00.000022270,0.973052814139848
1970-01-01 00:00:00.000022271,0.9729556645958614
1970-01-01 00:00:00.000022272,0.9729556645958614
1970-01-01 00:00:00.000022273,0.9728583690294018
1970-01-01 00:00:00.000022274,0.9728583690294018
1970-01-01 00:00:00.000022275,0.9728583690294018
1970-01-01 00:00:00.000022276,0.9728583690294018
1970-01-01 00:00:00.000022277,0.9728583690294018
1970-01-01 00:00:00.000022278,0.9728583690294018
1970-01-01 00:00:00.000022279,0.9728583690294018
1970-01-01 00:00:00.000022280,0.9728583690294018
1970-01-01 00:00:00.000022281,0.9728583690294018
1970-01-01 00:00:00.000022282,0.9728583690294018
1970-01-01 00:00:00.000022283,0.9728583690294018
1970-01-01 00:00:00.000022284,0.9727610831924989
1970-01-01 00:00:00.000022285,0.9729252241952072
1970-01-01 00:00:00.000022286,0.9729252241952072
1970-01-01 00:00:00.000022287,0.9728279316727877
1970-01-01 00:00:00.000022288,0.9728279316727877
1970-01-01 00:00:00.000022289,0.9732170621003132
1970-01-01 00:00:00.000022290,0.9731197403941032
1970-01-01 00:00:00.000022291,0.9730224284200638
1970-01-01 00:00:00.000022292,0.9730224284200638
1970-01-01 00:00:00.000022293,0.9729251261772218
1970-01-01 00:00:00.000022294,0.9728277508203101
1970-01-01 00:00:00.000022295,0.9727304680452281
1970-01-01 00:00:00.000022296,0.972773091027256
1970-01-01 00:00:00.000022297,0.9727730082078118
1970-01-01 00:00:00.000022298,0.972675730906991
1970-01-01 00:00:00.000022299,0.9724217077426351
1970-01-01 00:00:00.000022300,0.972321188854838
1970-01-01 00:00:00.000022301,0.9721439974051792
1970-01-01 00:00:00.000022302,0.9720467830054387
1970-01-01 00:00:00.000022303,0.9719496611211326
1970-01-01 00:00:00.000022304,0.9718524661550204
1970-01-01 00:00:00.000022305,0.9718524661550204
1970-01-01 00:00:00.000022306,0.9718524661550204
1970-01-01 00:00:00.000022307,0.9718524661550204
1970-01-01 00:00:00.000022308,0.9718524661550204
1970-01-01 00:00:00.000022309,0.9718524661550204
1970-01-01 00:00:00.000022310,0.9718524661550204
1970-01-01 00:00:00.000022311,0.9718524661550204
1970-01-01 00:00:00.000022312,0.9721873700731861
1970-01-01 00:00:00.000022313,0.9720901513361788
1970-01-01 00:00:00.000022314,0.9720901513361788
1970-01-01 00:00:00.000022315,0.9720901513361788
1970-01-01 00:00:00.000022316,0.9720901513361788
1970-01-01 00:00:00.000022317,0.9720901513361788
1970-01-01 00:00:00.000022318,0.9720901513361788
1970-01-01 00:00:00.000022319,0.9720901513361788
1970-01-01 00:00:00.000022320,0.9720901513361788
1970-01-01 00:00:00.000022321,0.9720901513361788
1970-01-01 00:00:00.000022322,0.9720901513361788
1970-01-01 00:00:00.000022323,0.9720901513361788
1970-01-01 00:00:00.000022324,0.9720901513361788
1970-01-01 00:00:00.000022325,0.9720901513361788
1970-01-01 00:00:00.000022326,0.9720901513361788
1970-01-01 00:00:00.000022327,0.9720901513361788
1970-01-01 00:00:00.000022328,0.9720901513361788
1970-01-01 00:00:00.000022329,0.9720901513361788
1970-01-01 00:00:00.000022330,0.9720901513361788
1970-01-01 00:00:00.000022331,0.9720901513361788
1970-01-01 00:00:00.000022332,0.9720901513361788
1970-01-01 00:00:00.000022333,0.9720901513361788
1970-01-01 00:00:00.000022334,0.9720901513361788
1970-01-01 00:00:00.000022335,0.9720901513361788
1970-01-01 00:00:00.000022336,0.9720901513361788
1970-01-01 00:00:00.000022337,0.9720901513361788
1970-01-01 00:00:00.000022338,0.9720901513361788
1970-01-01 00:00:00.000022339,0.9720901513361788
1970-01-01 00:00:00.000022340,0.9720901513361788
1970-01-01 00:00:00.000022341,0.9720901513361788
1970-01-01 00:00:00.000022342,0.9720901513361788
1970-01-01 00:00:00.000022343,0.9720901513361788
1970-01-01 00:00:00.000022344,0.9720901513361788
1970-01-01 00:00:00.000022345,0.9720901513361788
1970-01-01 00:00:00.000022346,0.9720901513361788
1970-01-01 00:00:00.000022347,0.9720901513361788
1970-01-01 00:00:00.000022348,0.9720901513361788
1970-01-01 00:00:00.000022349,0.9720901513361788
1970-01-01 00:00:00.000022350,0.9720901513361788
1970-01-01 00:00:00.000022351,0.9720901513361788
1970-01-01 00:00:00.000022352,0.9720901513361788
1970-01-01 00:00:00.000022353,0.9720901513361788
1970-01-01 00:00:00.000022354,0.9720901513361788
1970-01-01 00:00:00.000022355,0.9720901513361788
1970-01-01 00:00:00.000022356,0.9717338493496314
1970-01-01 00:00:00.000022357,0.9716366759646964
1970-01-01 00:00:00.000022358,0.9716366759646964
1970-01-01 00:00:00.000022359,0.9716366759646964
1970-01-01 00:00:00.000022360,0.9716366759646964
1970-01-01 00:00:00.000022361,0.9716366759646964
1970-01-01 00:00:00.000022362,0.9716366759646964
1970-01-01 00:00:00.000022363,0.9716366759646964
1970-01-01 00:00:00.000022364,0.9716366759646964
1970-01-01 00:00:00.000022365,0.9716366759646964
1970-01-01 00:00:00.000022366,0.9716366759646964
1970-01-01 00:00:00.000022367,0.9716366759646964
1970-01-01 00:00:00.000022368,0.9716366759646964
1970-01-01 00:00:00.000022369,0.9716366759646964
1970-01-01 00:00:00.000022370,0.9716366759646964
1970-01-01 00:00:00.000022371,0.9716366759646964
1970-01-01 00:00:00.000022372,0.9716366759646964
1970-01-01 00:00:00.000022373,0.9716366759646964
1970-01-01 00:00:00.000022374,0.9716366759646964
1970-01-01 00:00:00.000022375,0.9716366759646964
1970-01-01 00:00:00.000022376,0.9716366759646964
1970-01-01 00:00:00.000022377,0.9716366759646964
1970-01-01 00:00:00.000022378,0.9716366759646964
1970-01-01 00:00:00.000022379,0.9716366759646964
1970-01-01 00:00:00.000022380,0.9716366759646964
1970-01-01 00:00:00.000022381,0.9716366759646964
1970-01-01 00:00:00.000022382,0.9716366759646964
1970-01-01 00:00:00.000022383,0.9716366759646964
1970-01-01 00:00:00.000022384,0.9716366759646964
1970-01-01 00:00:00.000022385,0.9716366759646964
1970-01-01 00:00:00.000022386,0.9716366759646964
1970-01-01 00:00:00.000022387,0.9716366759646964
1970-01-01 00:00:00.000022388,0.9714850917774083
1970-01-01 00:00:00.000022389,0.9713879432682305
1970-01-01 00:00:00.000022390,0.9713879432682305
1970-01-01 00:00:00.000022391,0.9713879432682305
1970-01-01 00:00:00.000022392,0.9713879432682305
1970-01-01 00:00:00.000022393,0.9713879432682305
1970-01-01 00:00:00.000022394,0.9713879432682305
1970-01-01 00:00:00.000022395,0.9713879432682305
1970-01-01 00:00:00.000022396,0.9713879432682305
1970-01-01 00:00:00.000022397,0.9713879432682305
1970-01-01 00:00:00.000022398,0.9713879432682305
1970-01-01 00:00:00.000022399,0.9713879432682305
1970-01-01 00:00:00.000022400,0.9713879432682305
1970-01-01 00:00:00.000022401,0.9713879432682305
1970-01-01 00:00:00.000022402,0.9713879432682305
1970-01-01 00:00:00.000022403,0.9713879432682305
1970-01-01 00:00:00.000022404,0.9713879432682305
1970-01-01 00:00:00.000022405,0.9713879432682305
1970-01-01 00:00:00.000022406,0.9713879432682305
1970-01-01 00:00:00.000022407,0.9713879432682305
1970-01-01 00:00:00.000022408,0.9713879432682305
1970-01-01 00:00:00.000022409,0.9713879432682305
1970-01-01 00:00:00.000022410,0.9713879432682305
1970-01-01 00:00:00.000022411,0.9713879432682305
1970-01-01 00:00:00.000022412,0.9713879432682305
1970-01-01 00:00:00.000022413,0.9713879432682305
1970-01-01 00:00:00.000022414,0.9713879432682305
1970-01-01 00:00:00.000022415,0.9712621682225292
1970-01-01 00:00:00.000022416,0.971165042005707
1970-01-01 00:00:00.000022417,0.971165042005707
1970-01-01 00:00:00.000022418,0.971165042005707
1970-01-01 00:00:00.000022419,0.971165042005707
1970-01-01 00:00:00.000022420,0.971165042005707
1970-01-01 00:00:00.000022421,0.971165042005707
1970-01-01 00:00:00.000022422,0.971165042005707
1970-01-01 00:00:00.000022423,0.971165042005707
1970-01-01 00:00:00.000022424,0.971165042005707
1970-01-01 00:00:00.000022425,0.971165042005707
1970-01-01 00:00:00.000022426,0.971165042005707
1970-01-01 00:00:00.000022427,0.971165042005707
1970-01-01 00:00:00.000022428,0.971165042005707
1970-01-01 00:00:00.000022429,0.971165042005707
1970-01-01 00:00:00.000022430,0.971165042005707
1970-01-01 00:00:00.000022431,0.971165042005707
1970-01-01 00:00:00.000022432,0.971165042005707
1970-01-01 00:00:00.000022433,0.971165042005707
1970-01-01 00:00:00.000022434,0.971165042005707
1970-01-01 00:00:00.000022435,0.971165042005707
1970-01-01 00:00:00.000022436,0.971165042005707
1970-01-01 00:00:00.000022437,0.971165042005707
1970-01-01 00:00:00.000022438,0.971165042005707
1970-01-01 00:00:00.000022439,0.971165042005707
1970-01-01 00:00:00.000022440,0.971165042005707
1970-01-01 00:00:00.000022441,0.971165042005707
1970-01-01 00:00:00.000022442,0.971165042005707
1970-01-01 00:00:00.000022443,0.971165042005707
1970-01-01 00:00:00.000022444,0.971165042005707
1970-01-01 00:00:00.000022445,0.971165042005707
1970-01-01 00:00:00.000022446,0.971165042005707
1970-01-01 00:00:00.000022447,0.971165042005707
1970-01-01 00:00:00.000022448,0.971165042005707
1970-01-01 00:00:00.000022449,0.971165042005707
1970-01-01 00:00:00.000022450,0.971165042005707
1970-01-01 00:00:00.000022451,0.971165042005707
1970-01-01 00:00:00.000022452,0.971165042005707
1970-01-01 00:00:00.000022453,0.971165042005707
1970-01-01 00:00:00.000022454,0.971165042005707
1970-01-01 00:00:00.000022455,0.971165042005707
1970-01-01 00:00:00.000022456,0.971165042005707
1970-01-01 00:00:00.000022457,0.971165042005707
1970-01-01 00:00:00.000022458,0.971165042005707
1970-01-01 00:00:00.000022459,0.971165042005707
1970-01-01 00:00:00.000022460,0.971165042005707
1970-01-01 00:00:00.000022461,0.971165042005707
1970-01-01 00:00:00.000022462,0.971165042005707
1970-01-01 00:00:00.000022463,0.971165042005707
1970-01-01 00:00:00.000022464,0.971165042005707
1970-01-01 00:00:00.000022465,0.971165042005707
1970-01-01 00:00:00.000022466,0.971165042005707
1970-01-01 00:00:00.000022467,0.971165042005707
1970-01-01 00:00:00.000022468,0.971165042005707
1970-01-01 00:00:00.000022469,0.971165042005707
1970-01-01 00:00:00.000022470,0.971165042005707
1970-01-01 00:00:00.000022471,0.971165042005707
1970-01-01 00:00:00.000022472,0.971165042005707
1970-01-01 00:00:00.000022473,0.971165042005707
1970-01-01 00:00:00.000022474,0.9708587009429731
1970-01-01 00:00:00.000022475,0.9707616150728788
1970-01-01 00:00:00.000022476,0.9707616150728788
1970-01-01 00:00:00.000022477,0.9707616150728788
1970-01-01 00:00:00.000022478,0.9707616150728788
1970-01-01 00:00:00.000022479,0.9707616150728788
1970-01-01 00:00:00.000022480,0.9707616150728788
1970-01-01 00:00:00.000022481,0.9707616150728788
1970-01-01 00:00:00.000022482,0.9707616150728788
1970-01-01 00:00:00.000022483,0.9707616150728788
1970-01-01 00:00:00.000022484,0.9707616150728788
1970-01-01 00:00:00.000022485,0.9707616150728788
1970-01-01 00:00:00.000022486,0.9707616150728788
1970-01-01 00:00:00.000022487,0.9707616150728788
1970-01-01 00:00:00.000022488,0.9707616150728788
1970-01-01 00:00:00.000022489,0.9707616150728788
1970-01-01 00:00:00.000022490,0.9706645389113716
1970-01-01 00:00:00.000022491,0.9705674724574804
1970-01-01 00:00:00.000022492,0.9703734080767094
1970-01-01 00:00:00.000022493,0.9702763707359017
1970-01-01 00:00:00.000022494,0.970181979603203
1970-01-01 00:00:00.000022495,0.9700849614052427
1970-01-01 00:00:00.000022496,0.9699913302019951
1970-01-01 00:00:00.000022497,0.970021228609918
1970-01-01 00:00:00.000022498,0.970021228609918
1970-01-01 00:00:00.000022499,0.9702122324886313
1970-01-01 00:00:00.000022500,0.9703773738326676
1970-01-01 00:00:00.000022501,0.9702803360952844
1970-01-01 00:00:00.000022502,0.9700657730615604
1970-01-01 00:00:00.000022503,0.9699687664842542
1970-01-01 00:00:00.000022504,0.9698716872407822
1970-01-01 00:00:00.000022505,0.9697747000720581
1970-01-01 00:00:00.000022506,0.969677722602051
1970-01-01 00:00:00.000022507,0.9699866195139389
1970-01-01 00:00:00.000022508,0.9698896208519876
1970-01-01 00:00:00.000022509,0.9698896208519876
1970-01-01 00:00:00.000022510,0.9698896208519876
1970-01-01 00:00:00.000022511,0.9698896208519876
1970-01-01 00:00:00.000022512,0.9699136259704136
1970-01-01 00:00:00.000022513,0.9698166346078166
1970-01-01 00:00:00.000022514,0.9697195705812185
1970-01-01 00:00:00.000022515,0.9699834356391402
1970-01-01 00:00:00.000022516,0.9697248653257478
1970-01-01 00:00:00.000022517,0.9696278928392152
1970-01-01 00:00:00.000022518,0.9696278928392152
1970-01-01 00:00:00.000022519,0.9696278928392152
1970-01-01 00:00:00.000022520,0.9695309300499313
1970-01-01 00:00:00.000022521,0.9695309300499313
1970-01-01 00:00:00.000022522,0.9697280198537218
1970-01-01 00:00:00.000022523,0.9696171632316735
1970-01-01 00:00:00.000022524,0.9695202015153503
1970-01-01 00:00:00.000022525,0.9695202015153503
1970-01-01 00:00:00.000022526,0.9694231671729812
1970-01-01 00:00:00.000022527,0.9694232494869528
1970-01-01 00:00:00.000022528,0.9694232494869528
1970-01-01 00:00:00.000022529,0.9695499307107169
1970-01-01 00:00:00.000022530,0.9696256793720383
1970-01-01 00:00:00.000022531,0.9697400612549131
1970-01-01 00:00:00.000022532,0.9696430872487876
1970-01-01 00:00:00.000022533,0.9696430872487876
1970-01-01 00:00:00.000022534,0.969488723259435
1970-01-01 00:00:00.000022535,0.9693917743871091
1970-01-01 00:00:00.000022536,0.9693917743871091
1970-01-01 00:00:00.000022537,0.9693917743871091
1970-01-01 00:00:00.000022538,0.9693917743871091
1970-01-01 00:00:00.000022539,0.9693917743871091
1970-01-01 00:00:00.000022540,0.9693917743871091
1970-01-01 00:00:00.000022541,0.9693917743871091
1970-01-01 00:00:00.000022542,0.9694313827027775
1970-01-01 00:00:00.000022543,0.9694314651009912
1970-01-01 00:00:00.000022544,0.9693345219544811
1970-01-01 00:00:00.000022545,0.9693859728580488
1970-01-01 00:00:00.000022546,0.9695263513485519
1970-01-01 00:00:00.000022547,0.9696082388013455
1970-01-01 00:00:00.000022548,0.9696083211830889
1970-01-01 00:00:00.000022549,0.9695113603509706
1970-01-01 00:00:00.000022550,0.9695113603509706
1970-01-01 00:00:00.000022551,0.9695113603509706
1970-01-01 00:00:00.000022552,0.9695113603509706
1970-01-01 00:00:00.000022553,0.9695113603509706
1970-01-01 00:00:00.000022554,0.9695113603509706
1970-01-01 00:00:00.000022555,0.9695113603509706
1970-01-01 00:00:00.000022556,0.9695113603509706
1970-01-01 00:00:00.000022557,0.9695113603509706
1970-01-01 00:00:00.000022558,0.9695113603509706
1970-01-01 00:00:00.000022559,0.9695113603509706
1970-01-01 00:00:00.000022560,0.9695113603509706
1970-01-01 00:00:00.000022561,0.9695113603509706
1970-01-01 00:00:00.000022562,0.9695113603509706
1970-01-01 00:00:00.000022563,0.9695113603509706
1970-01-01 00:00:00.000022564,0.9695113603509706
1970-01-01 00:00:00.000022565,0.9695113603509706
1970-01-01 00:00:00.000022566,0.9695113603509706
1970-01-01 00:00:00.000022567,0.9695113603509706
1970-01-01 00:00:00.000022568,0.9696371326394514
1970-01-01 00:00:00.000022569,0.9695401689261874
1970-01-01 00:00:00.000022570,0.9695401689261874
1970-01-01 00:00:00.000022571,0.9695401689261874
1970-01-01 00:00:00.000022572,0.9695401689261874
1970-01-01 00:00:00.000022573,0.9695401689261874
1970-01-01 00:00:00.000022574,0.9695401689261874
1970-01-01 00:00:00.000022575,0.9695401689261874
1970-01-01 00:00:00.000022576,0.9695401689261874
