timestamp,equity
1970-01-01 00:00:00.000018582,1.0
1970-01-01 00:00:00.000018583,1.0
1970-01-01 00:00:00.000018584,1.0
1970-01-01 00:00:00.000018585,1.0
1970-01-01 00:00:00.000018586,1.0
1970-01-01 00:00:00.000018587,1.0
1970-01-01 00:00:00.000018588,1.0
1970-01-01 00:00:00.000018589,1.0
1970-01-01 00:00:00.000018590,1.0
1970-01-01 00:00:00.000018591,1.0
1970-01-01 00:00:00.000018592,1.0
1970-01-01 00:00:00.000018593,1.0
1970-01-01 00:00:00.000018594,1.0
1970-01-01 00:00:00.000018595,1.0
1970-01-01 00:00:00.000018596,1.0
1970-01-01 00:00:00.000018597,1.0
1970-01-01 00:00:00.000018598,1.0
1970-01-01 00:00:00.000018599,1.0
1970-01-01 00:00:00.000018600,1.0
1970-01-01 00:00:00.000018601,1.0
1970-01-01 00:00:00.000018602,1.0
1970-01-01 00:00:00.000018603,1.0
1970-01-01 00:00:00.000018604,1.0
1970-01-01 00:00:00.000018605,1.0
1970-01-01 00:00:00.000018606,1.0
1970-01-01 00:00:00.000018607,1.0
1970-01-01 00:00:00.000018608,1.0
1970-01-01 00:00:00.000018609,1.0
1970-01-01 00:00:00.000018610,1.0
1970-01-01 00:00:00.000018611,1.0
1970-01-01 00:00:00.000018612,1.0
1970-01-01 00:00:00.000018613,1.0
1970-01-01 00:00:00.000018614,1.0
1970-01-01 00:00:00.000018615,1.0
1970-01-01 00:00:00.000018616,1.0
1970-01-01 00:00:00.000018617,1.0
1970-01-01 00:00:00.000018618,1.0
1970-01-01 00:00:00.000018619,1.0
1970-01-01 00:00:00.000018620,1.0
1970-01-01 00:00:00.000018621,1.0
1970-01-01 00:00:00.000018622,1.0
1970-01-01 00:00:00.000018623,1.0
1970-01-01 00:00:00.000018624,1.0
1970-01-01 00:00:00.000018625,1.0
1970-01-01 00:00:00.000018626,1.0
1970-01-01 00:00:00.000018627,1.0
1970-01-01 00:00:00.000018628,1.0
1970-01-01 00:00:00.000018629,1.0
1970-01-01 00:00:00.000018630,1.0
1970-01-01 00:00:00.000018631,1.0
1970-01-01 00:00:00.000018632,1.0
1970-01-01 00:00:00.000018633,0.9991623994540471
1970-01-01 00:00:00.000018634,0.9983426842589128
1970-01-01 00:00:00.000018635,1.0002138277087178
1970-01-01 00:00:00.000018636,1.000113806325947
1970-01-01 00:00:00.000018637,1.000113806325947
1970-01-01 00:00:00.000018638,1.000113806325947
1970-01-01 00:00:00.000018639,1.000639040835008
1970-01-01 00:00:00.000018640,1.0005389769309245
1970-01-01 00:00:00.000018641,1.0005389769309245
1970-01-01 00:00:00.000018642,1.0005389769309245
1970-01-01 00:00:00.000018643,1.0005389769309245
1970-01-01 00:00:00.000018644,1.0005389769309245
1970-01-01 00:00:00.000018645,1.0005389769309245
1970-01-01 00:00:00.000018646,1.0005389769309245
1970-01-01 00:00:00.000018647,1.0005389769309245
1970-01-01 00:00:00.000018648,1.0005389769309245
1970-01-01 00:00:00.000018649,1.0005389769309245
1970-01-01 00:00:00.000018650,1.0005389769309245
1970-01-01 00:00:00.000018651,1.0005389769309245
1970-01-01 00:00:00.000018652,1.0005389769309245
1970-01-01 00:00:00.000018653,1.0005389769309245
1970-01-01 00:00:00.000018654,1.0005389769309245
1970-01-01 00:00:00.000018655,1.0005389769309245
1970-01-01 00:00:00.000018656,1.0005389769309245
1970-01-01 00:00:00.000018657,1.0005389769309245
1970-01-01 00:00:00.000018658,1.0005389769309245
1970-01-01 00:00:00.000018659,1.0005389769309245
1970-01-01 00:00:00.000018660,1.0005389769309245
1970-01-01 00:00:00.000018661,1.0005389769309245
1970-01-01 00:00:00.000018662,1.0005389769309245
1970-01-01 00:00:00.000018663,1.0005389769309245
1970-01-01 00:00:00.000018664,1.0005389769309245
1970-01-01 00:00:00.000018665,1.0005389769309245
1970-01-01 00:00:00.000018666,1.0005389769309245
1970-01-01 00:00:00.000018667,1.0005389769309245
1970-01-01 00:00:00.000018668,1.0005389769309245
1970-01-01 00:00:00.000018669,1.0005389769309245
1970-01-01 00:00:00.000018670,1.0005389769309245
1970-01-01 00:00:00.000018671,1.0005389769309245
1970-01-01 00:00:00.000018672,1.0005389769309245
1970-01-01 00:00:00.000018673,1.0005389769309245
1970-01-01 00:00:00.000018674,1.0005389769309245
1970-01-01 00:00:00.000018675,1.0005389769309245
1970-01-01 00:00:00.000018676,1.0005389769309245
1970-01-01 00:00:00.000018677,1.0005389769309245
1970-01-01 00:00:00.000018678,1.0005389769309245
1970-01-01 00:00:00.000018679,1.0005389769309245
1970-01-01 00:00:00.000018680,1.0005389769309245
1970-01-01 00:00:00.000018681,0.995710009929284
1970-01-01 00:00:00.000018682,0.9978268288421787
1970-01-01 00:00:00.000018683,0.9942124324047901
1970-01-01 00:00:00.000018684,0.9915546934973466
1970-01-01 00:00:00.000018685,0.9893236455904755
1970-01-01 00:00:00.000018686,0.9872797125172849
1970-01-01 00:00:00.000018687,0.983261026150962
1970-01-01 00:00:00.000018688,0.9885550911767832
1970-01-01 00:00:00.000018689,0.986635434637054
1970-01-01 00:00:00.000018690,0.990496901717507
1970-01-01 00:00:00.000018691,0.9903978520273353
1970-01-01 00:00:00.000018692,0.9903978520273353
1970-01-01 00:00:00.000018693,0.9883442869926582
1970-01-01 00:00:00.000018694,0.9880960606207123
1970-01-01 00:00:00.000018695,0.9879972510146503
1970-01-01 00:00:00.000018696,0.9879972510146503
1970-01-01 00:00:00.000018697,0.9879972510146503
1970-01-01 00:00:00.000018698,0.9879972510146503
1970-01-01 00:00:00.000018699,0.9879972510146503
1970-01-01 00:00:00.000018700,0.9879972510146503
1970-01-01 00:00:00.000018701,0.9879972510146503
1970-01-01 00:00:00.000018702,0.9879972510146503
1970-01-01 00:00:00.000018703,0.9879972510146503
1970-01-01 00:00:00.000018704,0.9879972510146503
1970-01-01 00:00:00.000018705,0.9879972510146503
1970-01-01 00:00:00.000018706,0.9879972510146503
1970-01-01 00:00:00.000018707,0.9879972510146503
1970-01-01 00:00:00.000018708,0.9879972510146503
1970-01-01 00:00:00.000018709,0.988032754836673
1970-01-01 00:00:00.000018710,0.9879339515611893
1970-01-01 00:00:00.000018711,0.9879339515611893
1970-01-01 00:00:00.000018712,0.9879339515611893
1970-01-01 00:00:00.000018713,0.9879339515611893
1970-01-01 00:00:00.000018714,0.987111383354737
1970-01-01 00:00:00.000018715,0.9870126722164015
1970-01-01 00:00:00.000018716,0.9870126722164015
1970-01-01 00:00:00.000018717,0.9870126722164015
1970-01-01 00:00:00.000018718,0.9870126722164015
1970-01-01 00:00:00.000018719,0.9870126722164015
1970-01-01 00:00:00.000018720,0.9870126722164015
1970-01-01 00:00:00.000018721,0.9870126722164015
1970-01-01 00:00:00.000018722,0.9877078671343962
1970-01-01 00:00:00.000018723,0.9876090963476828
1970-01-01 00:00:00.000018724,0.9861847683861996
1970-01-01 00:00:00.000018725,0.9881596232676504
1970-01-01 00:00:00.000018726,0.9880608073053236
1970-01-01 00:00:00.000018727,0.9864657902420602
1970-01-01 00:00:00.000018728,0.9835097055781318
1970-01-01 00:00:00.000018729,0.9864078130764254
1970-01-01 00:00:00.000018730,0.9863091722951178
1970-01-01 00:00:00.000018731,0.9863091722951178
1970-01-01 00:00:00.000018732,0.9863091722951178
1970-01-01 00:00:00.000018733,0.9846150813797095
1970-01-01 00:00:00.000018734,0.9836156677899542
1970-01-01 00:00:00.000018735,0.9822359850119269
1970-01-01 00:00:00.000018736,0.9846259126283928
1970-01-01 00:00:00.000018737,0.9863607596074337
1970-01-01 00:00:00.000018738,0.9864033289336545
1970-01-01 00:00:00.000018739,0.9878939270567264
1970-01-01 00:00:00.000018740,0.9866893074841633
1970-01-01 00:00:00.000018741,0.9835362386329426
1970-01-01 00:00:00.000018742,0.9851828403223226
1970-01-01 00:00:00.000018743,0.9834306129674875
1970-01-01 00:00:00.000018744,0.9826848521085271
1970-01-01 00:00:00.000018745,0.9825003010650689
1970-01-01 00:00:00.000018746,0.9829613428210418
1970-01-01 00:00:00.000018747,0.9823690666333468
1970-01-01 00:00:00.000018748,0.9820243978283442
1970-01-01 00:00:00.000018749,0.9800292650282295
1970-01-01 00:00:00.000018750,0.9805144881766119
1970-01-01 00:00:00.000018751,0.9805918182544212
1970-01-01 00:00:00.000018752,0.9809416927758453
1970-01-01 00:00:00.000018753,0.9808934979173626
1970-01-01 00:00:00.000018754,0.9805006342538775
1970-01-01 00:00:00.000018755,0.9834943410120667
1970-01-01 00:00:00.000018756,0.9820749436555336
1970-01-01 00:00:00.000018757,0.9811536158121006
1970-01-01 00:00:00.000018758,0.9810555004505194
1970-01-01 00:00:00.000018759,0.9810555004505194
1970-01-01 00:00:00.000018760,0.983104558256279
1970-01-01 00:00:00.000018761,0.9830062478004533
1970-01-01 00:00:00.000018762,0.9830062478004533
1970-01-01 00:00:00.000018763,0.9830062478004533
1970-01-01 00:00:00.000018764,0.9803404136450679
1970-01-01 00:00:00.000018765,0.9820033103077147
1970-01-01 00:00:00.000018766,0.9857187148417643
1970-01-01 00:00:00.000018767,0.9854049385215565
1970-01-01 00:00:00.000018768,0.9853063980277044
1970-01-01 00:00:00.000018769,0.9853063980277044
1970-01-01 00:00:00.000018770,0.990878131699847
1970-01-01 00:00:00.000018771,0.9980752688114763
1970-01-01 00:00:00.000018772,0.9979754612845952
1970-01-01 00:00:00.000018773,0.9979754612845952
1970-01-01 00:00:00.000018774,0.9979754612845952
1970-01-01 00:00:00.000018775,1.000353443897184
1970-01-01 00:00:00.000018776,1.0002534085527943
1970-01-01 00:00:00.000018777,1.0002534085527943
1970-01-01 00:00:00.000018778,1.0002534085527943
1970-01-01 00:00:00.000018779,1.0002534085527943
1970-01-01 00:00:00.000018780,1.0002534085527943
1970-01-01 00:00:00.000018781,1.0002534085527943
1970-01-01 00:00:00.000018782,1.0002534085527943
1970-01-01 00:00:00.000018783,1.0002534085527943
1970-01-01 00:00:00.000018784,1.0002534085527943
1970-01-01 00:00:00.000018785,1.0002534085527943
1970-01-01 00:00:00.000018786,1.0002534085527943
1970-01-01 00:00:00.000018787,1.0002534085527943
1970-01-01 00:00:00.000018788,1.0002534085527943
1970-01-01 00:00:00.000018789,1.0002534085527943
1970-01-01 00:00:00.000018790,1.0002534085527943
1970-01-01 00:00:00.000018791,1.0002534085527943
1970-01-01 00:00:00.000018792,1.0002534085527943
1970-01-01 00:00:00.000018793,1.0002534085527943
1970-01-01 00:00:00.000018794,1.003168184862964
1970-01-01 00:00:00.000018795,1.0030678680444778
1970-01-01 00:00:00.000018796,1.0030678680444778
1970-01-01 00:00:00.000018797,1.0030678680444778
1970-01-01 00:00:00.000018798,1.0030678680444778
1970-01-01 00:00:00.000018799,1.0030678680444778
1970-01-01 00:00:00.000018800,1.0030678680444778
1970-01-01 00:00:00.000018801,1.0030678680444778
1970-01-01 00:00:00.000018802,1.0030678680444778
1970-01-01 00:00:00.000018803,1.0030678680444778
1970-01-01 00:00:00.000018804,1.0030678680444778
1970-01-01 00:00:00.000018805,1.0060019128340014
1970-01-01 00:00:00.000018806,1.005901312642718
1970-01-01 00:00:00.000018807,1.005901312642718
1970-01-01 00:00:00.000018808,1.005901312642718
1970-01-01 00:00:00.000018809,1.005901312642718
1970-01-01 00:00:00.000018810,1.005901312642718
1970-01-01 00:00:00.000018811,1.005901312642718
1970-01-01 00:00:00.000018812,1.005901312642718
1970-01-01 00:00:00.000018813,1.007581163764225
1970-01-01 00:00:00.000018814,1.0074804056478486
1970-01-01 00:00:00.000018815,1.0046287192247743
1970-01-01 00:00:00.000018816,1.0045282563528517
1970-01-01 00:00:00.000018817,1.0045282563528517
1970-01-01 00:00:00.000018818,1.0045282563528517
1970-01-01 00:00:00.000018819,1.0045282563528517
1970-01-01 00:00:00.000018820,1.0045282563528517
1970-01-01 00:00:00.000018821,1.0045282563528517
1970-01-01 00:00:00.000018822,1.0045282563528517
1970-01-01 00:00:00.000018823,1.0045282563528517
1970-01-01 00:00:00.000018824,1.0045282563528517
1970-01-01 00:00:00.000018825,1.0045282563528517
1970-01-01 00:00:00.000018826,1.0045282563528517
1970-01-01 00:00:00.000018827,1.0045282563528517
1970-01-01 00:00:00.000018828,1.0045282563528517
1970-01-01 00:00:00.000018829,1.0045282563528517
1970-01-01 00:00:00.000018830,1.0045282563528517
1970-01-01 00:00:00.000018831,1.0045282563528517
1970-01-01 00:00:00.000018832,1.0065189927069802
1970-01-01 00:00:00.000018833,1.0064183408077094
1970-01-01 00:00:00.000018834,1.0064183408077094
1970-01-01 00:00:00.000018835,1.0064183408077094
1970-01-01 00:00:00.000018836,1.0064183408077094
1970-01-01 00:00:00.000018837,1.0064183408077094
1970-01-01 00:00:00.000018838,1.0064183408077094
1970-01-01 00:00:00.000018839,1.0064183408077094
1970-01-01 00:00:00.000018840,1.0064183408077094
1970-01-01 00:00:00.000018841,1.0064183408077094
1970-01-01 00:00:00.000018842,1.0064183408077094
1970-01-01 00:00:00.000018843,1.0064183408077094
1970-01-01 00:00:00.000018844,1.0064183408077094
1970-01-01 00:00:00.000018845,1.0064183408077094
1970-01-01 00:00:00.000018846,1.0064183408077094
1970-01-01 00:00:00.000018847,1.0064183408077094
1970-01-01 00:00:00.000018848,1.0064183408077094
1970-01-01 00:00:00.000018849,1.0064183408077094
1970-01-01 00:00:00.000018850,1.0064183408077094
1970-01-01 00:00:00.000018851,1.0064183408077094
1970-01-01 00:00:00.000018852,1.0064183408077094
1970-01-01 00:00:00.000018853,1.0064183408077094
1970-01-01 00:00:00.000018854,1.0094235985230866
1970-01-01 00:00:00.000018855,1.0094811862938657
1970-01-01 00:00:00.000018856,1.0093802381752364
1970-01-01 00:00:00.000018857,1.0093802381752364
1970-01-01 00:00:00.000018858,1.0085624078816953
1970-01-01 00:00:00.000018859,1.0097189700727462
1970-01-01 00:00:00.000018860,1.009617998175739
1970-01-01 00:00:00.000018861,1.0093960471588297
1970-01-01 00:00:00.000018862,1.009295107554114
1970-01-01 00:00:00.000018863,1.009295107554114
1970-01-01 00:00:00.000018864,1.009295107554114
1970-01-01 00:00:00.000018865,1.009295107554114
1970-01-01 00:00:00.000018866,1.009295107554114
1970-01-01 00:00:00.000018867,1.009295107554114
1970-01-01 00:00:00.000018868,1.009295107554114
1970-01-01 00:00:00.000018869,1.009295107554114
1970-01-01 00:00:00.000018870,1.012148120071542
1970-01-01 00:00:00.000018871,1.008644484806
1970-01-01 00:00:00.000018872,1.0085436203575195
1970-01-01 00:00:00.000018873,1.0085436203575195
1970-01-01 00:00:00.000018874,1.0085436203575195
1970-01-01 00:00:00.000018875,1.0085436203575195
1970-01-01 00:00:00.000018876,1.0085436203575195
1970-01-01 00:00:00.000018877,1.0085436203575195
1970-01-01 00:00:00.000018878,1.0085436203575195
1970-01-01 00:00:00.000018879,1.0085436203575195
1970-01-01 00:00:00.000018880,1.0085436203575195
1970-01-01 00:00:00.000018881,1.0085436203575195
1970-01-01 00:00:00.000018882,1.0085436203575195
1970-01-01 00:00:00.000018883,1.0085436203575195
1970-01-01 00:00:00.000018884,1.0085436203575195
1970-01-01 00:00:00.000018885,1.0085436203575195
1970-01-01 00:00:00.000018886,1.0064833338556558
1970-01-01 00:00:00.000018887,1.0086835542391641
1970-01-01 00:00:00.000018888,1.0085826858837401
1970-01-01 00:00:00.000018889,1.013008701157249
1970-01-01 00:00:00.000018890,1.0113343731883968
1970-01-01 00:00:00.000018891,1.0088090032513477
1970-01-01 00:00:00.000018892,1.0085471832404498
1970-01-01 00:00:00.000018893,1.0062124663365464
1970-01-01 00:00:00.000018894,1.008947698467205
1970-01-01 00:00:00.000018895,1.0093434748702335
1970-01-01 00:00:00.000018896,1.0092425405227465
1970-01-01 00:00:00.000018897,1.0092425405227465
1970-01-01 00:00:00.000018898,1.0091521361628446
1970-01-01 00:00:00.000018899,1.0089771026291015
1970-01-01 00:00:00.000018900,1.0093105078505868
1970-01-01 00:00:00.000018901,1.0092095767998017
1970-01-01 00:00:00.000018902,1.0092095767998017
1970-01-01 00:00:00.000018903,1.0092095767998017
1970-01-01 00:00:00.000018904,1.0092095767998017
1970-01-01 00:00:00.000018905,1.0092095767998017
1970-01-01 00:00:00.000018906,1.0092095767998017
1970-01-01 00:00:00.000018907,1.0092095767998017
1970-01-01 00:00:00.000018908,1.0092095767998017
1970-01-01 00:00:00.000018909,1.0092095767998017
1970-01-01 00:00:00.000018910,1.0092095767998017
1970-01-01 00:00:00.000018911,1.0092095767998017
1970-01-01 00:00:00.000018912,1.0092095767998017
1970-01-01 00:00:00.000018913,1.0092095767998017
1970-01-01 00:00:00.000018914,1.0092095767998017
1970-01-01 00:00:00.000018915,1.0092095767998017
1970-01-01 00:00:00.000018916,1.0092095767998017
1970-01-01 00:00:00.000018917,1.0092095767998017
1970-01-01 00:00:00.000018918,1.0092095767998017
1970-01-01 00:00:00.000018919,1.0092095767998017
1970-01-01 00:00:00.000018920,1.0092095767998017
1970-01-01 00:00:00.000018921,1.0092095767998017
1970-01-01 00:00:00.000018922,1.0092095767998017
1970-01-01 00:00:00.000018923,1.0092095767998017
1970-01-01 00:00:00.000018924,1.00803453194374
1970-01-01 00:00:00.000018925,1.0079337284905456
1970-01-01 00:00:00.000018926,1.0079337284905456
1970-01-01 00:00:00.000018927,1.0090082866924146
1970-01-01 00:00:00.000018928,1.0089073858637454
1970-01-01 00:00:00.000018929,1.0089073858637454
1970-01-01 00:00:00.000018930,1.0089073858637454
1970-01-01 00:00:00.000018931,1.0089073858637454
1970-01-01 00:00:00.000018932,1.0089073858637454
1970-01-01 00:00:00.000018933,1.0089073858637454
1970-01-01 00:00:00.000018934,1.0089073858637454
1970-01-01 00:00:00.000018935,1.0089073858637454
1970-01-01 00:00:00.000018936,1.0089073858637454
1970-01-01 00:00:00.000018937,1.0089073858637454
1970-01-01 00:00:00.000018938,1.0089073858637454
1970-01-01 00:00:00.000018939,1.0089073858637454
1970-01-01 00:00:00.000018940,1.00766561670736
1970-01-01 00:00:00.000018941,1.0075648501456893
1970-01-01 00:00:00.000018942,1.005452252463598
1970-01-01 00:00:00.000018943,1.003935555571724
1970-01-01 00:00:00.000018944,1.0050378739100723
1970-01-01 00:00:00.000018945,1.0049373701226814
1970-01-01 00:00:00.000018946,1.0049373701226814
1970-01-01 00:00:00.000018947,1.0067622339500903
1970-01-01 00:00:00.000018948,1.0116728450642172
1970-01-01 00:00:00.000018949,1.0115716777797108
1970-01-01 00:00:00.000018950,1.0096027662573452
1970-01-01 00:00:00.000018951,1.0084432934732286
1970-01-01 00:00:00.000018952,1.007851316312775
1970-01-01 00:00:00.000018953,1.0056087055363403
1970-01-01 00:00:00.000018954,1.005953232163468
1970-01-01 00:00:00.000018955,1.0058526368402518
1970-01-01 00:00:00.000018956,1.005169424631192
1970-01-01 00:00:00.000018957,1.004961710710817
1970-01-01 00:00:00.000018958,1.0036529088710104
1970-01-01 00:00:00.000018959,1.0021406460576017
1970-01-01 00:00:00.000018960,0.9992057725487508
1970-01-01 00:00:00.000018961,0.9991058519714959
1970-01-01 00:00:00.000018962,0.9980666913614241
1970-01-01 00:00:00.000018963,0.9979049577051309
1970-01-01 00:00:00.000018964,0.9983793199787196
1970-01-01 00:00:00.000018965,0.9961457866530412
1970-01-01 00:00:00.000018966,1.0015800375044928
1970-01-01 00:00:00.000018967,1.003154866059331
1970-01-01 00:00:00.000018968,1.0050611215936098
1970-01-01 00:00:00.000018969,1.0038955384633084
1970-01-01 00:00:00.000018970,1.005720334428292
1970-01-01 00:00:00.000018971,1.0029244591070934
1970-01-01 00:00:00.000018972,1.0035431961890486
1970-01-01 00:00:00.000018973,1.0082819076411325
1970-01-01 00:00:00.000018974,1.0066606759220804
1970-01-01 00:00:00.000018975,1.0047711864945796
1970-01-01 00:00:00.000018976,1.003934066637975
1970-01-01 00:00:00.000018977,1.0030315759003976
1970-01-01 00:00:00.000018978,1.0039223811696145
1970-01-01 00:00:00.000018979,1.0068554337280877
1970-01-01 00:00:00.000018980,1.006754748184715
1970-01-01 00:00:00.000018981,1.006754748184715
1970-01-01 00:00:00.000018982,1.0117899938576291
1970-01-01 00:00:00.000018983,1.0113696218667045
1970-01-01 00:00:00.000018984,1.0153871224984365
1970-01-01 00:00:00.000018985,1.0152855837861867
1970-01-01 00:00:00.000018986,1.0152855837861867
1970-01-01 00:00:00.000018987,1.0152855837861867
1970-01-01 00:00:00.000018988,1.0152855837861867
1970-01-01 00:00:00.000018989,1.0152855837861867
1970-01-01 00:00:00.000018990,1.0152855837861867
1970-01-01 00:00:00.000018991,1.0136507101595469
1970-01-01 00:00:00.000018992,1.0158649028961861
1970-01-01 00:00:00.000018993,1.0177559187310428
1970-01-01 00:00:00.000018994,1.0192562549101398
1970-01-01 00:00:00.000018995,1.0191543292846488
1970-01-01 00:00:00.000018996,1.0191543292846488
1970-01-01 00:00:00.000018997,1.0191543292846488
1970-01-01 00:00:00.000018998,1.0191543292846488
1970-01-01 00:00:00.000018999,1.0191543292846488
1970-01-01 00:00:00.000019000,1.0191543292846488
1970-01-01 00:00:00.000019001,1.0191543292846488
1970-01-01 00:00:00.000019002,1.0191543292846488
1970-01-01 00:00:00.000019003,1.0191543292846488
1970-01-01 00:00:00.000019004,1.0191543292846488
1970-01-01 00:00:00.000019005,1.0191543292846488
1970-01-01 00:00:00.000019006,1.0191543292846488
1970-01-01 00:00:00.000019007,1.0191543292846488
1970-01-01 00:00:00.000019008,1.0191543292846488
1970-01-01 00:00:00.000019009,1.0191543292846488
1970-01-01 00:00:00.000019010,1.0191543292846488
1970-01-01 00:00:00.000019011,1.0191543292846488
1970-01-01 00:00:00.000019012,1.0191543292846488
1970-01-01 00:00:00.000019013,1.0207126424287616
1970-01-01 00:00:00.000019014,1.0206105711645188
1970-01-01 00:00:00.000019015,1.0206105711645188
1970-01-01 00:00:00.000019016,1.0206105711645188
1970-01-01 00:00:00.000019017,1.0206105711645188
1970-01-01 00:00:00.000019018,1.0206105711645188
1970-01-01 00:00:00.000019019,1.0206105711645188
1970-01-01 00:00:00.000019020,1.0206105711645188
1970-01-01 00:00:00.000019021,1.0206105711645188
1970-01-01 00:00:00.000019022,1.0206105711645188
1970-01-01 00:00:00.000019023,1.0176467651336245
1970-01-01 00:00:00.000019024,1.0175450004571112
1970-01-01 00:00:00.000019025,1.0175450004571112
1970-01-01 00:00:00.000019026,1.0175450004571112
1970-01-01 00:00:00.000019027,1.0175450004571112
1970-01-01 00:00:00.000019028,1.0175450004571112
1970-01-01 00:00:00.000019029,1.0175450004571112
1970-01-01 00:00:00.000019030,1.0175450004571112
1970-01-01 00:00:00.000019031,1.0175450004571112
1970-01-01 00:00:00.000019032,1.0175450004571112
1970-01-01 00:00:00.000019033,1.0175450004571112
1970-01-01 00:00:00.000019034,1.0175450004571112
1970-01-01 00:00:00.000019035,1.0160713274622162
1970-01-01 00:00:00.000019036,1.01596972032947
1970-01-01 00:00:00.000019037,1.0174854963418278
1970-01-01 00:00:00.000019038,1.0173837477921936
1970-01-01 00:00:00.000019039,1.0162769829175804
1970-01-01 00:00:00.000019040,1.0153671878452875
1970-01-01 00:00:00.000019041,1.015265651126503
1970-01-01 00:00:00.000019042,1.0167884296080967
1970-01-01 00:00:00.000019043,1.0184849908643097
1970-01-01 00:00:00.000019044,1.0168343660009707
1970-01-01 00:00:00.000019045,1.0182412537349568
1970-01-01 00:00:00.000019046,1.0187852914624995
1970-01-01 00:00:00.000019047,1.0170451934757272
1970-01-01 00:00:00.000019048,1.0169434889563795
1970-01-01 00:00:00.000019049,1.0169434889563795
1970-01-01 00:00:00.000019050,1.0169434889563795
1970-01-01 00:00:00.000019051,1.0169434889563795
1970-01-01 00:00:00.000019052,1.0169434889563795
1970-01-01 00:00:00.000019053,1.0169434889563795
1970-01-01 00:00:00.000019054,1.0169434889563795
1970-01-01 00:00:00.000019055,1.0169434889563795
1970-01-01 00:00:00.000019056,1.0169434889563795
1970-01-01 00:00:00.000019057,1.0169434889563795
1970-01-01 00:00:00.000019058,1.0169434889563795
1970-01-01 00:00:00.000019059,1.0169434889563795
1970-01-01 00:00:00.000019060,1.0162846643540542
1970-01-01 00:00:00.000019061,1.0161830358876187
1970-01-01 00:00:00.000019062,1.0170523836434344
1970-01-01 00:00:00.000019063,1.0189372636618996
1970-01-01 00:00:00.000019064,1.0188353699355335
1970-01-01 00:00:00.000019065,1.0171036123969746
1970-01-01 00:00:00.000019066,1.0203721027264112
1970-01-01 00:00:00.000019067,1.0202700655161385
1970-01-01 00:00:00.000019068,1.0202700655161385
1970-01-01 00:00:00.000019069,1.0202700655161385
1970-01-01 00:00:00.000019070,1.0202700655161385
1970-01-01 00:00:00.000019071,1.0202700655161385
1970-01-01 00:00:00.000019072,1.0202700655161385
1970-01-01 00:00:00.000019073,1.0202700655161385
1970-01-01 00:00:00.000019074,1.0202700655161385
1970-01-01 00:00:00.000019075,1.0202700655161385
1970-01-01 00:00:00.000019076,1.0202700655161385
1970-01-01 00:00:00.000019077,1.0202700655161385
1970-01-01 00:00:00.000019078,1.0202700655161385
1970-01-01 00:00:00.000019079,1.0202700655161385
1970-01-01 00:00:00.000019080,1.0202700655161385
1970-01-01 00:00:00.000019081,1.0202700655161385
1970-01-01 00:00:00.000019082,1.0202700655161385
1970-01-01 00:00:00.000019083,1.0202700655161385
1970-01-01 00:00:00.000019084,1.0202700655161385
1970-01-01 00:00:00.000019085,1.0202700655161385
1970-01-01 00:00:00.000019086,1.0202700655161385
1970-01-01 00:00:00.000019087,1.0183265504981986
1970-01-01 00:00:00.000019088,1.018224717843149
1970-01-01 00:00:00.000019089,1.0182747696923211
1970-01-01 00:00:00.000019090,1.0217204491321181
1970-01-01 00:00:00.000019091,1.0216182770872049
1970-01-01 00:00:00.000019092,1.0216182770872049
1970-01-01 00:00:00.000019093,1.0216182770872049
1970-01-01 00:00:00.000019094,1.0216182770872049
1970-01-01 00:00:00.000019095,1.0209767299875672
1970-01-01 00:00:00.000019096,1.0233228602270275
1970-01-01 00:00:00.000019097,1.0224447215693007
1970-01-01 00:00:00.000019098,1.0223424770971437
1970-01-01 00:00:00.000019099,1.0223424770971437
1970-01-01 00:00:00.000019100,1.0223424770971437
1970-01-01 00:00:00.000019101,1.0223424770971437
1970-01-01 00:00:00.000019102,1.0223424770971437
1970-01-01 00:00:00.000019103,1.0223424770971437
1970-01-01 00:00:00.000019104,1.0223424770971437
1970-01-01 00:00:00.000019105,1.0223424770971437
1970-01-01 00:00:00.000019106,1.0223424770971437
1970-01-01 00:00:00.000019107,1.0223424770971437
1970-01-01 00:00:00.000019108,1.0223424770971437
1970-01-01 00:00:00.000019109,1.0223424770971437
1970-01-01 00:00:00.000019110,1.0223424770971437
1970-01-01 00:00:00.000019111,1.0223424770971437
1970-01-01 00:00:00.000019112,1.0223424770971437
1970-01-01 00:00:00.000019113,1.0223424770971437
1970-01-01 00:00:00.000019114,1.0223424770971437
1970-01-01 00:00:00.000019115,1.0223424770971437
1970-01-01 00:00:00.000019116,1.0223424770971437
1970-01-01 00:00:00.000019117,1.0223424770971437
1970-01-01 00:00:00.000019118,1.0223424770971437
1970-01-01 00:00:00.000019119,1.0223424770971437
1970-01-01 00:00:00.000019120,1.0223424770971437
1970-01-01 00:00:00.000019121,1.0223424770971437
1970-01-01 00:00:00.000019122,1.0223424770971437
1970-01-01 00:00:00.000019123,1.0223424770971437
1970-01-01 00:00:00.000019124,1.0223424770971437
1970-01-01 00:00:00.000019125,1.0223424770971437
1970-01-01 00:00:00.000019126,1.0223424770971437
1970-01-01 00:00:00.000019127,1.0223424770971437
1970-01-01 00:00:00.000019128,1.0223424770971437
1970-01-01 00:00:00.000019129,1.0223424770971437
1970-01-01 00:00:00.000019130,1.0223424770971437
1970-01-01 00:00:00.000019131,1.0223424770971437
1970-01-01 00:00:00.000019132,1.0223424770971437
1970-01-01 00:00:00.000019133,1.0223424770971437
1970-01-01 00:00:00.000019134,1.0223424770971437
1970-01-01 00:00:00.000019135,1.0223424770971437
1970-01-01 00:00:00.000019136,1.0223424770971437
1970-01-01 00:00:00.000019137,1.0223424770971437
1970-01-01 00:00:00.000019138,1.0223424770971437
1970-01-01 00:00:00.000019139,1.0223424770971437
1970-01-01 00:00:00.000019140,1.0223424770971437
1970-01-01 00:00:00.000019141,1.0223424770971437
1970-01-01 00:00:00.000019142,1.0223424770971437
1970-01-01 00:00:00.000019143,1.0223424770971437
1970-01-01 00:00:00.000019144,1.0223424770971437
1970-01-01 00:00:00.000019145,1.0223424770971437
1970-01-01 00:00:00.000019146,1.0223424770971437
1970-01-01 00:00:00.000019147,1.0223424770971437
1970-01-01 00:00:00.000019148,1.0223424770971437
1970-01-01 00:00:00.000019149,1.0223424770971437
1970-01-01 00:00:00.000019150,1.0223424770971437
1970-01-01 00:00:00.000019151,1.0223424770971437
1970-01-01 00:00:00.000019152,1.0223424770971437
1970-01-01 00:00:00.000019153,1.0223424770971437
1970-01-01 00:00:00.000019154,1.0223424770971437
1970-01-01 00:00:00.000019155,1.0223424770971437
1970-01-01 00:00:00.000019156,1.0223424770971437
1970-01-01 00:00:00.000019157,1.0223424770971437
1970-01-01 00:00:00.000019158,1.0223424770971437
1970-01-01 00:00:00.000019159,1.0223424770971437
1970-01-01 00:00:00.000019160,1.0223424770971437
1970-01-01 00:00:00.000019161,1.0223424770971437
1970-01-01 00:00:00.000019162,1.0223424770971437
1970-01-01 00:00:00.000019163,1.0223424770971437
1970-01-01 00:00:00.000019164,1.0223424770971437
1970-01-01 00:00:00.000019165,1.0223424770971437
1970-01-01 00:00:00.000019166,1.0223424770971437
1970-01-01 00:00:00.000019167,1.0223424770971437
1970-01-01 00:00:00.000019168,1.0241717056813653
1970-01-01 00:00:00.000019169,1.023825634436349
1970-01-01 00:00:00.000019170,1.0229868604065215
1970-01-01 00:00:00.000019171,1.0222156357377232
1970-01-01 00:00:00.000019172,1.021749206966252
1970-01-01 00:00:00.000019173,1.02156606928911
1970-01-01 00:00:00.000019174,1.0215489868447931
1970-01-01 00:00:00.000019175,1.022761320113791
1970-01-01 00:00:00.000019176,1.0225302301944807
1970-01-01 00:00:00.000019177,1.0227320111484153
1970-01-01 00:00:00.000019178,1.021990615722485
1970-01-01 00:00:00.000019179,1.0210100660761199
1970-01-01 00:00:00.000019180,1.0209079650695123
1970-01-01 00:00:00.000019181,1.0209079650695123
1970-01-01 00:00:00.000019182,1.0209079650695123
1970-01-01 00:00:00.000019183,1.0209079650695123
1970-01-01 00:00:00.000019184,1.0209079650695123
1970-01-01 00:00:00.000019185,1.0209079650695123
1970-01-01 00:00:00.000019186,1.0209079650695123
1970-01-01 00:00:00.000019187,1.0209079650695123
1970-01-01 00:00:00.000019188,1.0209079650695123
1970-01-01 00:00:00.000019189,1.0209079650695123
1970-01-01 00:00:00.000019190,1.0209079650695123
1970-01-01 00:00:00.000019191,1.0209079650695123
1970-01-01 00:00:00.000019192,1.0209079650695123
1970-01-01 00:00:00.000019193,1.0209079650695123
1970-01-01 00:00:00.000019194,1.0209079650695123
1970-01-01 00:00:00.000019195,1.0209079650695123
1970-01-01 00:00:00.000019196,1.0209079650695123
1970-01-01 00:00:00.000019197,1.0209079650695123
1970-01-01 00:00:00.000019198,1.021032388659402
1970-01-01 00:00:00.000019199,1.020930285420536
1970-01-01 00:00:00.000019200,1.020930285420536
1970-01-01 00:00:00.000019201,1.020930285420536
1970-01-01 00:00:00.000019202,1.020930285420536
1970-01-01 00:00:00.000019203,1.020930285420536
1970-01-01 00:00:00.000019204,1.020930285420536
1970-01-01 00:00:00.000019205,1.020930285420536
1970-01-01 00:00:00.000019206,1.020930285420536
1970-01-01 00:00:00.000019207,1.020930285420536
1970-01-01 00:00:00.000019208,1.020930285420536
1970-01-01 00:00:00.000019209,1.020930285420536
1970-01-01 00:00:00.000019210,1.020930285420536
1970-01-01 00:00:00.000019211,1.020930285420536
1970-01-01 00:00:00.000019212,1.020930285420536
1970-01-01 00:00:00.000019213,1.020930285420536
1970-01-01 00:00:00.000019214,1.020930285420536
1970-01-01 00:00:00.000019215,1.020930285420536
1970-01-01 00:00:00.000019216,1.020930285420536
1970-01-01 00:00:00.000019217,1.020930285420536
1970-01-01 00:00:00.000019218,1.020930285420536
1970-01-01 00:00:00.000019219,1.020930285420536
1970-01-01 00:00:00.000019220,1.020930285420536
1970-01-01 00:00:00.000019221,1.020930285420536
1970-01-01 00:00:00.000019222,1.020930285420536
1970-01-01 00:00:00.000019223,1.020930285420536
1970-01-01 00:00:00.000019224,1.020930285420536
1970-01-01 00:00:00.000019225,1.020930285420536
1970-01-01 00:00:00.000019226,1.020930285420536
1970-01-01 00:00:00.000019227,1.020930285420536
1970-01-01 00:00:00.000019228,1.020930285420536
1970-01-01 00:00:00.000019229,1.020930285420536
1970-01-01 00:00:00.000019230,1.020930285420536
1970-01-01 00:00:00.000019231,1.0227800174732098
1970-01-01 00:00:00.000019232,1.0220409667013526
1970-01-01 00:00:00.000019233,1.0219935705839767
1970-01-01 00:00:00.000019234,1.0218805291142496
1970-01-01 00:00:00.000019235,1.0206259158320308
1970-01-01 00:00:00.000019236,1.0205814603496746
1970-01-01 00:00:00.000019237,1.0212994942300677
1970-01-01 00:00:00.000019238,1.0198218251326796
1970-01-01 00:00:00.000019239,1.0200647734788642
1970-01-01 00:00:00.000019240,1.0202024643891972
1970-01-01 00:00:00.000019241,1.0203031378939884
1970-01-01 00:00:00.000019242,1.0196064668621208
1970-01-01 00:00:00.000019243,1.0197087836629524
1970-01-01 00:00:00.000019244,1.019379605519279
1970-01-01 00:00:00.000019245,1.0197948404819106
1970-01-01 00:00:00.000019246,1.0195221398284682
1970-01-01 00:00:00.000019247,1.0196151157886493
1970-01-01 00:00:00.000019248,1.0192605098009822
1970-01-01 00:00:00.000019249,1.0191858695650415
1970-01-01 00:00:00.000019250,1.0213122081520642
1970-01-01 00:00:00.000019251,1.021210076931249
1970-01-01 00:00:00.000019252,1.021210076931249
1970-01-01 00:00:00.000019253,1.021210076931249
1970-01-01 00:00:00.000019254,1.021210076931249
1970-01-01 00:00:00.000019255,1.021210076931249
1970-01-01 00:00:00.000019256,1.021210076931249
1970-01-01 00:00:00.000019257,1.021210076931249
1970-01-01 00:00:00.000019258,1.021210076931249
1970-01-01 00:00:00.000019259,1.021210076931249
1970-01-01 00:00:00.000019260,1.021210076931249
1970-01-01 00:00:00.000019261,1.021210076931249
1970-01-01 00:00:00.000019262,1.021210076931249
1970-01-01 00:00:00.000019263,1.021210076931249
1970-01-01 00:00:00.000019264,1.021210076931249
1970-01-01 00:00:00.000019265,1.021210076931249
1970-01-01 00:00:00.000019266,1.021210076931249
1970-01-01 00:00:00.000019267,1.0192796317854909
1970-01-01 00:00:00.000019268,1.0191777038223124
1970-01-01 00:00:00.000019269,1.0191777038223124
1970-01-01 00:00:00.000019270,1.0191777038223124
1970-01-01 00:00:00.000019271,1.0191777038223124
1970-01-01 00:00:00.000019272,1.0191777038223124
1970-01-01 00:00:00.000019273,1.0191777038223124
1970-01-01 00:00:00.000019274,1.0191777038223124
1970-01-01 00:00:00.000019275,1.0191777038223124
1970-01-01 00:00:00.000019276,1.0191777038223124
1970-01-01 00:00:00.000019277,1.0191777038223124
1970-01-01 00:00:00.000019278,1.0191777038223124
1970-01-01 00:00:00.000019279,1.0191777038223124
1970-01-01 00:00:00.000019280,1.0191777038223124
1970-01-01 00:00:00.000019281,1.0191777038223124
1970-01-01 00:00:00.000019282,1.0191777038223124
1970-01-01 00:00:00.000019283,1.0191777038223124
1970-01-01 00:00:00.000019284,1.0191777038223124
1970-01-01 00:00:00.000019285,1.0191777038223124
1970-01-01 00:00:00.000019286,1.0191777038223124
1970-01-01 00:00:00.000019287,1.0191777038223124
1970-01-01 00:00:00.000019288,1.0221066895770328
1970-01-01 00:00:00.000019289,1.022004478908075
1970-01-01 00:00:00.000019290,1.022004478908075
1970-01-01 00:00:00.000019291,1.022004478908075
1970-01-01 00:00:00.000019292,1.022004478908075
1970-01-01 00:00:00.000019293,1.022004478908075
1970-01-01 00:00:00.000019294,1.022004478908075
1970-01-01 00:00:00.000019295,1.022004478908075
1970-01-01 00:00:00.000019296,1.022004478908075
1970-01-01 00:00:00.000019297,1.022004478908075
1970-01-01 00:00:00.000019298,1.022004478908075
1970-01-01 00:00:00.000019299,1.022004478908075
1970-01-01 00:00:00.000019300,1.022004478908075
1970-01-01 00:00:00.000019301,1.022004478908075
1970-01-01 00:00:00.000019302,1.022004478908075
1970-01-01 00:00:00.000019303,1.022004478908075
1970-01-01 00:00:00.000019304,1.022004478908075
1970-01-01 00:00:00.000019305,1.022004478908075
1970-01-01 00:00:00.000019306,1.022004478908075
1970-01-01 00:00:00.000019307,1.022004478908075
1970-01-01 00:00:00.000019308,1.022004478908075
1970-01-01 00:00:00.000019309,1.022004478908075
1970-01-01 00:00:00.000019310,1.022004478908075
1970-01-01 00:00:00.000019311,1.022004478908075
1970-01-01 00:00:00.000019312,1.022004478908075
1970-01-01 00:00:00.000019313,1.022004478908075
1970-01-01 00:00:00.000019314,1.022004478908075
1970-01-01 00:00:00.000019315,1.0222857516408796
1970-01-01 00:00:00.000019316,1.0221835230657155
1970-01-01 00:00:00.000019317,1.0221835230657155
1970-01-01 00:00:00.000019318,1.0221835230657155
1970-01-01 00:00:00.000019319,1.0221835230657155
1970-01-01 00:00:00.000019320,1.0221835230657155
1970-01-01 00:00:00.000019321,1.0221835230657155
1970-01-01 00:00:00.000019322,1.0221835230657155
1970-01-01 00:00:00.000019323,1.0221835230657155
1970-01-01 00:00:00.000019324,1.0221835230657155
1970-01-01 00:00:00.000019325,1.0221835230657155
1970-01-01 00:00:00.000019326,1.0221835230657155
1970-01-01 00:00:00.000019327,1.0221835230657155
1970-01-01 00:00:00.000019328,1.0221835230657155
1970-01-01 00:00:00.000019329,1.0221835230657155
1970-01-01 00:00:00.000019330,1.022232399864695
1970-01-01 00:00:00.000019331,1.021461110043685
1970-01-01 00:00:00.000019332,1.020284077114162
1970-01-01 00:00:00.000019333,1.0187982705870295
1970-01-01 00:00:00.000019334,1.0186963907599709
1970-01-01 00:00:00.000019335,1.0186963907599709
1970-01-01 00:00:00.000019336,1.0186963907599709
1970-01-01 00:00:00.000019337,1.018471452675718
1970-01-01 00:00:00.000019338,1.0183696055304503
1970-01-01 00:00:00.000019339,1.0183696055304503
1970-01-01 00:00:00.000019340,1.0183696055304503
1970-01-01 00:00:00.000019341,1.0183696055304503
1970-01-01 00:00:00.000019342,1.0183696055304503
1970-01-01 00:00:00.000019343,1.0183696055304503
1970-01-01 00:00:00.000019344,1.0183696055304503
1970-01-01 00:00:00.000019345,1.0183696055304503
1970-01-01 00:00:00.000019346,1.0179927681104526
1970-01-01 00:00:00.000019347,1.016298996750288
1970-01-01 00:00:00.000019348,1.0191086827783182
1970-01-01 00:00:00.000019349,1.0190067719100404
1970-01-01 00:00:00.000019350,1.0190067719100404
1970-01-01 00:00:00.000019351,1.0190067719100404
1970-01-01 00:00:00.000019352,1.0190067719100404
1970-01-01 00:00:00.000019353,1.0190067719100404
1970-01-01 00:00:00.000019354,1.0190067719100404
1970-01-01 00:00:00.000019355,1.0190067719100404
1970-01-01 00:00:00.000019356,1.0183249466986486
1970-01-01 00:00:00.000019357,1.0182231142039788
1970-01-01 00:00:00.000019358,1.0182231142039788
1970-01-01 00:00:00.000019359,1.0152276395068998
1970-01-01 00:00:00.000019360,1.015126116742949
1970-01-01 00:00:00.000019361,1.0144308681167602
1970-01-01 00:00:00.000019362,1.0143294250299486
1970-01-01 00:00:00.000019363,1.0143294250299486
1970-01-01 00:00:00.000019364,1.0113381386880547
1970-01-01 00:00:00.000019365,1.0098254506443374
1970-01-01 00:00:00.000019366,1.009724468099273
1970-01-01 00:00:00.000019367,1.0103274455626017
1970-01-01 00:00:00.000019368,1.0102264128180454
1970-01-01 00:00:00.000019369,1.0102264128180454
1970-01-01 00:00:00.000019370,1.0075058010181481
1970-01-01 00:00:00.000019371,1.0098435886325987
1970-01-01 00:00:00.000019372,1.006730752104404
1970-01-01 00:00:00.000019373,1.0047749424412296
1970-01-01 00:00:00.000019374,1.0041124574937665
1970-01-01 00:00:00.000019375,1.0055067372105584
1970-01-01 00:00:00.000019376,1.0067126077217567
1970-01-01 00:00:00.000019377,1.0074065658637645
1970-01-01 00:00:00.000019378,1.0055892038596521
1970-01-01 00:00:00.000019379,1.0056804417268974
1970-01-01 00:00:00.000019380,1.008021153080732
1970-01-01 00:00:00.000019381,1.0079203509654238
1970-01-01 00:00:00.000019382,1.0079203509654238
1970-01-01 00:00:00.000019383,1.0079203509654238
1970-01-01 00:00:00.000019384,1.0086642228660563
1970-01-01 00:00:00.000019385,1.0085633564437697
1970-01-01 00:00:00.000019386,1.0085633564437697
1970-01-01 00:00:00.000019387,1.0085633564437697
1970-01-01 00:00:00.000019388,1.0090553594831957
1970-01-01 00:00:00.000019389,1.0088013514231169
1970-01-01 00:00:00.000019390,1.0093282848666387
1970-01-01 00:00:00.000019391,1.009227352038152
1970-01-01 00:00:00.000019392,1.009227352038152
1970-01-01 00:00:00.000019393,1.009227352038152
1970-01-01 00:00:00.000019394,1.009227352038152
1970-01-01 00:00:00.000019395,1.0069332901895822
1970-01-01 00:00:00.000019396,1.0101301343871747
1970-01-01 00:00:00.000019397,1.010029121373736
1970-01-01 00:00:00.000019398,1.010029121373736
1970-01-01 00:00:00.000019399,1.010029121373736
1970-01-01 00:00:00.000019400,1.010029121373736
1970-01-01 00:00:00.000019401,1.010029121373736
1970-01-01 00:00:00.000019402,1.010029121373736
1970-01-01 00:00:00.000019403,1.010029121373736
1970-01-01 00:00:00.000019404,1.010029121373736
1970-01-01 00:00:00.000019405,1.010029121373736
1970-01-01 00:00:00.000019406,1.010029121373736
1970-01-01 00:00:00.000019407,1.010029121373736
1970-01-01 00:00:00.000019408,1.010029121373736
1970-01-01 00:00:00.000019409,1.010029121373736
1970-01-01 00:00:00.000019410,1.010029121373736
1970-01-01 00:00:00.000019411,1.010029121373736
1970-01-01 00:00:00.000019412,1.0095790088087875
1970-01-01 00:00:00.000019413,1.008987882507564
1970-01-01 00:00:00.000019414,1.0110264927166526
1970-01-01 00:00:00.000019415,1.0129608372078867
1970-01-01 00:00:00.000019416,1.0143045724179858
1970-01-01 00:00:00.000019417,1.014203141960744
1970-01-01 00:00:00.000019418,1.0166553633079363
1970-01-01 00:00:00.000019419,1.0205175357470693
1970-01-01 00:00:00.000019420,1.0204154839934945
1970-01-01 00:00:00.000019421,1.0204154839934945
1970-01-01 00:00:00.000019422,1.0185380008051192
1970-01-01 00:00:00.000019423,1.015973778851887
1970-01-01 00:00:00.000019424,1.0158721814740017
1970-01-01 00:00:00.000019425,1.0158721814740017
1970-01-01 00:00:00.000019426,1.0158721814740017
1970-01-01 00:00:00.000019427,1.0158721814740017
1970-01-01 00:00:00.000019428,1.0158721814740017
1970-01-01 00:00:00.000019429,1.0158721814740017
1970-01-01 00:00:00.000019430,1.0158721814740017
1970-01-01 00:00:00.000019431,1.0158721814740017
1970-01-01 00:00:00.000019432,1.0158721814740017
1970-01-01 00:00:00.000019433,1.0158721814740017
1970-01-01 00:00:00.000019434,1.0158721814740017
1970-01-01 00:00:00.000019435,1.0158721814740017
1970-01-01 00:00:00.000019436,1.0158721814740017
1970-01-01 00:00:00.000019437,1.0158721814740017
1970-01-01 00:00:00.000019438,1.0158721814740017
1970-01-01 00:00:00.000019439,1.0158721814740017
1970-01-01 00:00:00.000019440,1.0158721814740017
1970-01-01 00:00:00.000019441,1.0158721814740017
1970-01-01 00:00:00.000019442,1.0158721814740017
1970-01-01 00:00:00.000019443,1.0158721814740017
1970-01-01 00:00:00.000019444,1.0158721814740017
1970-01-01 00:00:00.000019445,1.0158721814740017
1970-01-01 00:00:00.000019446,1.0158721814740017
1970-01-01 00:00:00.000019447,1.0158721814740017
1970-01-01 00:00:00.000019448,1.0158721814740017
1970-01-01 00:00:00.000019449,1.0158721814740017
1970-01-01 00:00:00.000019450,1.0158721814740017
1970-01-01 00:00:00.000019451,1.0158721814740017
1970-01-01 00:00:00.000019452,1.0158721814740017
1970-01-01 00:00:00.000019453,1.0158721814740017
1970-01-01 00:00:00.000019454,1.0158721814740017
1970-01-01 00:00:00.000019455,1.0158721814740017
1970-01-01 00:00:00.000019456,1.0158721814740017
1970-01-01 00:00:00.000019457,1.0158721814740017
1970-01-01 00:00:00.000019458,1.0158721814740017
1970-01-01 00:00:00.000019459,1.0158721814740017
1970-01-01 00:00:00.000019460,1.0158721814740017
1970-01-01 00:00:00.000019461,1.0158721814740017
1970-01-01 00:00:00.000019462,1.0158721814740017
1970-01-01 00:00:00.000019463,1.0158721814740017
1970-01-01 00:00:00.000019464,1.0158721814740017
1970-01-01 00:00:00.000019465,1.0158721814740017
1970-01-01 00:00:00.000019466,1.0158721814740017
1970-01-01 00:00:00.000019467,1.0158721814740017
1970-01-01 00:00:00.000019468,1.0158721814740017
1970-01-01 00:00:00.000019469,1.0158721814740017
1970-01-01 00:00:00.000019470,1.0158721814740017
1970-01-01 00:00:00.000019471,1.0158721814740017
1970-01-01 00:00:00.000019472,1.0158721814740017
1970-01-01 00:00:00.000019473,1.0158721814740017
1970-01-01 00:00:00.000019474,1.0158721814740017
1970-01-01 00:00:00.000019475,1.0158721814740017
1970-01-01 00:00:00.000019476,1.0158721814740017
1970-01-01 00:00:00.000019477,1.0158721814740017
1970-01-01 00:00:00.000019478,1.0158721814740017
1970-01-01 00:00:00.000019479,1.0158721814740017
1970-01-01 00:00:00.000019480,1.0158721814740017
1970-01-01 00:00:00.000019481,1.0158721814740017
1970-01-01 00:00:00.000019482,1.0158721814740017
1970-01-01 00:00:00.000019483,1.0158721814740017
1970-01-01 00:00:00.000019484,1.0158721814740017
1970-01-01 00:00:00.000019485,1.0158721814740017
1970-01-01 00:00:00.000019486,1.0158721814740017
1970-01-01 00:00:00.000019487,1.0158721814740017
1970-01-01 00:00:00.000019488,1.0158721814740017
1970-01-01 00:00:00.000019489,1.0158721814740017
1970-01-01 00:00:00.000019490,1.0158721814740017
1970-01-01 00:00:00.000019491,1.0158721814740017
1970-01-01 00:00:00.000019492,1.0158721814740017
1970-01-01 00:00:00.000019493,1.0158721814740017
1970-01-01 00:00:00.000019494,1.0158721814740017
1970-01-01 00:00:00.000019495,1.0158721814740017
1970-01-01 00:00:00.000019496,1.0158721814740017
1970-01-01 00:00:00.000019497,1.0158721814740017
1970-01-01 00:00:00.000019498,1.0158721814740017
1970-01-01 00:00:00.000019499,1.0148952213090023
1970-01-01 00:00:00.000019500,1.0146119604831965
1970-01-01 00:00:00.000019501,1.0131201713102536
1970-01-01 00:00:00.000019502,1.011705743645593
1970-01-01 00:00:00.000019503,1.0124945410310346
1970-01-01 00:00:00.000019504,1.0135375140445706
1970-01-01 00:00:00.000019505,1.0133821939711614
1970-01-01 00:00:00.000019506,1.0149625181447626
1970-01-01 00:00:00.000019507,1.0148610218929481
1970-01-01 00:00:00.000019508,1.0135884119346827
1970-01-01 00:00:00.000019509,1.0128159060445563
1970-01-01 00:00:00.000019510,1.012639401549939
1970-01-01 00:00:00.000019511,1.012538137609784
1970-01-01 00:00:00.000019512,1.012538137609784
1970-01-01 00:00:00.000019513,1.012538137609784
1970-01-01 00:00:00.000019514,1.012538137609784
1970-01-01 00:00:00.000019515,1.012538137609784
1970-01-01 00:00:00.000019516,1.012538137609784
1970-01-01 00:00:00.000019517,1.012538137609784
1970-01-01 00:00:00.000019518,1.012538137609784
1970-01-01 00:00:00.000019519,1.012538137609784
1970-01-01 00:00:00.000019520,1.012538137609784
1970-01-01 00:00:00.000019521,1.012538137609784
1970-01-01 00:00:00.000019522,1.013424364086359
1970-01-01 00:00:00.000019523,1.0119574973273169
1970-01-01 00:00:00.000019524,1.0098026810976526
1970-01-01 00:00:00.000019525,1.0097017008295428
1970-01-01 00:00:00.000019526,1.0097017008295428
1970-01-01 00:00:00.000019527,1.0097017008295428
1970-01-01 00:00:00.000019528,1.0097017008295428
1970-01-01 00:00:00.000019529,1.0097017008295428
1970-01-01 00:00:00.000019530,1.0097017008295428
1970-01-01 00:00:00.000019531,1.0097017008295428
1970-01-01 00:00:00.000019532,1.0097017008295428
1970-01-01 00:00:00.000019533,1.0097017008295428
1970-01-01 00:00:00.000019534,1.0097017008295428
1970-01-01 00:00:00.000019535,1.0097017008295428
1970-01-01 00:00:00.000019536,1.0097017008295428
1970-01-01 00:00:00.000019537,1.0097017008295428
1970-01-01 00:00:00.000019538,1.0097017008295428
1970-01-01 00:00:00.000019539,1.010783558631083
1970-01-01 00:00:00.000019540,1.0103735765181934
1970-01-01 00:00:00.000019541,1.0064286432257263
1970-01-01 00:00:00.000019542,1.0044727778172096
1970-01-01 00:00:00.000019543,1.0070649669559386
1970-01-01 00:00:00.000019544,1.0098331805584988
1970-01-01 00:00:00.000019545,1.009732197240443
1970-01-01 00:00:00.000019546,1.009732197240443
1970-01-01 00:00:00.000019547,1.009732197240443
1970-01-01 00:00:00.000019548,1.009732197240443
1970-01-01 00:00:00.000019549,1.009732197240443
1970-01-01 00:00:00.000019550,1.009732197240443
1970-01-01 00:00:00.000019551,1.009732197240443
1970-01-01 00:00:00.000019552,1.0092991300613607
1970-01-01 00:00:00.000019553,1.0084364400289239
1970-01-01 00:00:00.000019554,1.007934752594676
1970-01-01 00:00:00.000019555,1.0078339591194165
1970-01-01 00:00:00.000019556,1.0078339591194165
1970-01-01 00:00:00.000019557,1.0095507461933437
1970-01-01 00:00:00.000019558,1.0094497911187243
1970-01-01 00:00:00.000019559,1.0094497911187243
1970-01-01 00:00:00.000019560,1.0094497911187243
1970-01-01 00:00:00.000019561,1.0094497911187243
1970-01-01 00:00:00.000019562,1.0094497911187243
1970-01-01 00:00:00.000019563,1.0094497911187243
1970-01-01 00:00:00.000019564,1.0094497911187243
1970-01-01 00:00:00.000019565,1.0094497911187243
1970-01-01 00:00:00.000019566,1.0094497911187243
1970-01-01 00:00:00.000019567,1.0094497911187243
1970-01-01 00:00:00.000019568,1.0094497911187243
1970-01-01 00:00:00.000019569,1.0094497911187243
1970-01-01 00:00:00.000019570,1.0094497911187243
1970-01-01 00:00:00.000019571,1.0094497911187243
1970-01-01 00:00:00.000019572,1.0094497911187243
1970-01-01 00:00:00.000019573,1.0094497911187243
1970-01-01 00:00:00.000019574,1.0122196817608295
1970-01-01 00:00:00.000019575,1.0121184597926536
1970-01-01 00:00:00.000019576,1.0121184597926536
1970-01-01 00:00:00.000019577,1.0121184597926536
1970-01-01 00:00:00.000019578,1.0121184597926536
1970-01-01 00:00:00.000019579,1.0121184597926536
1970-01-01 00:00:00.000019580,1.0121184597926536
1970-01-01 00:00:00.000019581,1.0121184597926536
1970-01-01 00:00:00.000019582,1.0121184597926536
1970-01-01 00:00:00.000019583,1.0121184597926536
1970-01-01 00:00:00.000019584,1.0121184597926536
1970-01-01 00:00:00.000019585,1.0121184597926536
1970-01-01 00:00:00.000019586,1.0121184597926536
1970-01-01 00:00:00.000019587,1.0121184597926536
1970-01-01 00:00:00.000019588,1.0121184597926536
1970-01-01 00:00:00.000019589,1.0121184597926536
1970-01-01 00:00:00.000019590,1.0121184597926536
1970-01-01 00:00:00.000019591,1.0121184597926536
1970-01-01 00:00:00.000019592,1.0121184597926536
1970-01-01 00:00:00.000019593,1.0121184597926536
1970-01-01 00:00:00.000019594,1.0121184597926536
1970-01-01 00:00:00.000019595,1.0121184597926536
1970-01-01 00:00:00.000019596,1.0121184597926536
1970-01-01 00:00:00.000019597,1.0093276861385458
1970-01-01 00:00:00.000019598,1.009226753369932
1970-01-01 00:00:00.000019599,1.0098590151892304
1970-01-01 00:00:00.000019600,1.0097580292877115
1970-01-01 00:00:00.000019601,1.0061896595394884
1970-01-01 00:00:00.000019602,1.0067703743812684
1970-01-01 00:00:00.000019603,1.0066696973438303
1970-01-01 00:00:00.000019604,1.0062931889540072
1970-01-01 00:00:00.000019605,1.0089055900520978
1970-01-01 00:00:00.000019606,1.0088046994930926
1970-01-01 00:00:00.000019607,1.0088046994930926
1970-01-01 00:00:00.000019608,1.0088046994930926
1970-01-01 00:00:00.000019609,1.0056803951222444
1970-01-01 00:00:00.000019610,1.005579827082732
1970-01-01 00:00:00.000019611,1.005579827082732
1970-01-01 00:00:00.000019612,1.0065521757585034
1970-01-01 00:00:00.000019613,1.0064515205409277
1970-01-01 00:00:00.000019614,1.0064515205409277
1970-01-01 00:00:00.000019615,1.0064515205409277
1970-01-01 00:00:00.000019616,1.0064515205409277
1970-01-01 00:00:00.000019617,1.0064515205409277
1970-01-01 00:00:00.000019618,1.0064515205409277
1970-01-01 00:00:00.000019619,1.0064515205409277
1970-01-01 00:00:00.000019620,1.0059757890345435
1970-01-01 00:00:00.000019621,1.0056678283136162
1970-01-01 00:00:00.000019622,1.005567261530785
1970-01-01 00:00:00.000019623,1.005567261530785
1970-01-01 00:00:00.000019624,1.005567261530785
1970-01-01 00:00:00.000019625,1.005567261530785
1970-01-01 00:00:00.000019626,1.005567261530785
1970-01-01 00:00:00.000019627,1.0080256882592196
1970-01-01 00:00:00.000019628,1.0079248856903937
1970-01-01 00:00:00.000019629,1.0079248856903937
1970-01-01 00:00:00.000019630,1.0079248856903937
1970-01-01 00:00:00.000019631,1.0079248856903937
1970-01-01 00:00:00.000019632,1.0079248856903937
1970-01-01 00:00:00.000019633,1.0079248856903937
1970-01-01 00:00:00.000019634,1.0094713463237928
1970-01-01 00:00:00.000019635,1.0093703991891605
1970-01-01 00:00:00.000019636,1.0093703991891605
1970-01-01 00:00:00.000019637,1.0093703991891605
1970-01-01 00:00:00.000019638,1.005972317161689
1970-01-01 00:00:00.000019639,1.005871719929973
1970-01-01 00:00:00.000019640,1.0071097774024584
1970-01-01 00:00:00.000019641,1.011079707311046
1970-01-01 00:00:00.000019642,1.014833129683931
1970-01-01 00:00:00.000019643,1.0147316463709626
1970-01-01 00:00:00.000019644,1.0147316463709626
1970-01-01 00:00:00.000019645,1.0147316463709626
1970-01-01 00:00:00.000019646,1.0147316463709626
1970-01-01 00:00:00.000019647,1.0147316463709626
1970-01-01 00:00:00.000019648,1.0147316463709626
1970-01-01 00:00:00.000019649,1.0147316463709626
1970-01-01 00:00:00.000019650,1.0147316463709626
1970-01-01 00:00:00.000019651,1.0147316463709626
1970-01-01 00:00:00.000019652,1.0147316463709626
1970-01-01 00:00:00.000019653,1.0147316463709626
1970-01-01 00:00:00.000019654,1.0147316463709626
1970-01-01 00:00:00.000019655,1.0147316463709626
1970-01-01 00:00:00.000019656,1.0147316463709626
1970-01-01 00:00:00.000019657,1.0147316463709626
1970-01-01 00:00:00.000019658,1.0147316463709626
1970-01-01 00:00:00.000019659,1.0147316463709626
1970-01-01 00:00:00.000019660,1.0147316463709626
1970-01-01 00:00:00.000019661,1.0147316463709626
1970-01-01 00:00:00.000019662,1.0147316463709626
1970-01-01 00:00:00.000019663,1.0147316463709626
1970-01-01 00:00:00.000019664,1.0147316463709626
1970-01-01 00:00:00.000019665,1.0147316463709626
1970-01-01 00:00:00.000019666,1.0147316463709626
1970-01-01 00:00:00.000019667,1.0147316463709626
1970-01-01 00:00:00.000019668,1.0147316463709626
1970-01-01 00:00:00.000019669,1.0151089929744386
1970-01-01 00:00:00.000019670,1.0150074820751411
1970-01-01 00:00:00.000019671,1.0150074820751411
1970-01-01 00:00:00.000019672,1.0150074820751411
1970-01-01 00:00:00.000019673,1.0150074820751411
1970-01-01 00:00:00.000019674,1.0150074820751411
1970-01-01 00:00:00.000019675,1.0150074820751411
1970-01-01 00:00:00.000019676,1.0150074820751411
1970-01-01 00:00:00.000019677,1.0150074820751411
1970-01-01 00:00:00.000019678,1.0150074820751411
1970-01-01 00:00:00.000019679,1.0150074820751411
1970-01-01 00:00:00.000019680,1.0150074820751411
1970-01-01 00:00:00.000019681,1.0150074820751411
1970-01-01 00:00:00.000019682,1.0137887289683216
1970-01-01 00:00:00.000019683,1.0128695823569178
1970-01-01 00:00:00.000019684,1.0117537342350305
1970-01-01 00:00:00.000019685,1.0117585591516258
1970-01-01 00:00:00.000019686,1.011158287831636
1970-01-01 00:00:00.000019687,1.0097861160156238
1970-01-01 00:00:00.000019688,1.008924523766464
1970-01-01 00:00:00.000019689,1.004948534014265
1970-01-01 00:00:00.000019690,1.0048480391608636
1970-01-01 00:00:00.000019691,1.0048480391608636
1970-01-01 00:00:00.000019692,1.0048480391608636
1970-01-01 00:00:00.000019693,0.9993428523245815
1970-01-01 00:00:00.000019694,0.99951310432178
1970-01-01 00:00:00.000019695,0.9979054093431485
1970-01-01 00:00:00.000019696,0.9987816961995327
1970-01-01 00:00:00.000019697,1.0020314656292715
1970-01-01 00:00:00.000019698,1.0054281055509982
1970-01-01 00:00:00.000019699,0.9989099480855198
1970-01-01 00:00:00.000019700,1.0011732777898834
1970-01-01 00:00:00.000019701,1.001328808098616
1970-01-01 00:00:00.000019702,1.0002088339990394
1970-01-01 00:00:00.000019703,0.9992860439267369
1970-01-01 00:00:00.000019704,0.9983718270730115
1970-01-01 00:00:00.000019705,0.999167144642834
1970-01-01 00:00:00.000019706,0.9983404785363963
1970-01-01 00:00:00.000019707,1.0002911022581131
1970-01-01 00:00:00.000019708,1.0007637550560324
1970-01-01 00:00:00.000019709,0.9974468720465233
1970-01-01 00:00:00.000019710,0.9986501535831828
1970-01-01 00:00:00.000019711,1.0016377037618958
1970-01-01 00:00:00.000019712,1.0021330452796857
1970-01-01 00:00:00.000019713,0.9968020620917221
1970-01-01 00:00:00.000019714,0.9976329715083646
1970-01-01 00:00:00.000019715,0.9987539847859506
1970-01-01 00:00:00.000019716,1.0027512695970813
1970-01-01 00:00:00.000019717,1.0026509944701216
1970-01-01 00:00:00.000019718,1.0026509944701216
1970-01-01 00:00:00.000019719,1.0026509944701216
1970-01-01 00:00:00.000019720,1.0026509944701216
1970-01-01 00:00:00.000019721,1.0026509944701216
1970-01-01 00:00:00.000019722,1.0026509944701216
1970-01-01 00:00:00.000019723,1.0026509944701216
1970-01-01 00:00:00.000019724,1.0026509944701216
1970-01-01 00:00:00.000019725,1.0026509944701216
1970-01-01 00:00:00.000019726,1.0026509944701216
1970-01-01 00:00:00.000019727,1.0026509944701216
1970-01-01 00:00:00.000019728,1.0026509944701216
1970-01-01 00:00:00.000019729,1.0026509944701216
1970-01-01 00:00:00.000019730,1.0026509944701216
1970-01-01 00:00:00.000019731,1.0026509944701216
1970-01-01 00:00:00.000019732,1.0026509944701216
1970-01-01 00:00:00.000019733,1.0026509944701216
1970-01-01 00:00:00.000019734,1.0026509944701216
1970-01-01 00:00:00.000019735,1.0026509944701216
1970-01-01 00:00:00.000019736,1.0026509944701216
1970-01-01 00:00:00.000019737,1.0026509944701216
1970-01-01 00:00:00.000019738,1.0013300402919723
1970-01-01 00:00:00.000019739,1.0046526509734588
1970-01-01 00:00:00.000019740,1.0045521857083615
1970-01-01 00:00:00.000019741,1.0045521857083615
1970-01-01 00:00:00.000019742,1.0045521857083615
1970-01-01 00:00:00.000019743,1.0045521857083615
1970-01-01 00:00:00.000019744,1.0045521857083615
1970-01-01 00:00:00.000019745,1.0045521857083615
1970-01-01 00:00:00.000019746,1.0045521857083615
1970-01-01 00:00:00.000019747,1.0045521857083615
1970-01-01 00:00:00.000019748,1.0045521857083615
1970-01-01 00:00:00.000019749,1.0045521857083615
1970-01-01 00:00:00.000019750,1.0045521857083615
1970-01-01 00:00:00.000019751,1.0045521857083615
1970-01-01 00:00:00.000019752,1.0045521857083615
1970-01-01 00:00:00.000019753,1.0045521857083615
1970-01-01 00:00:00.000019754,1.0045521857083615
1970-01-01 00:00:00.000019755,1.0045521857083615
1970-01-01 00:00:00.000019756,1.0045521857083615
1970-01-01 00:00:00.000019757,1.0045521857083615
1970-01-01 00:00:00.000019758,1.0045521857083615
1970-01-01 00:00:00.000019759,1.0045521857083615
1970-01-01 00:00:00.000019760,1.0045521857083615
1970-01-01 00:00:00.000019761,1.0045521857083615
1970-01-01 00:00:00.000019762,1.0045521857083615
1970-01-01 00:00:00.000019763,1.0065694093995912
1970-01-01 00:00:00.000019764,1.0063507368663491
1970-01-01 00:00:00.000019765,1.0062501017926626
1970-01-01 00:00:00.000019766,1.0062501017926626
1970-01-01 00:00:00.000019767,1.0059414692737838
1970-01-01 00:00:00.000019768,1.006360618705857
1970-01-01 00:00:00.000019769,1.007230334463744
1970-01-01 00:00:00.000019770,1.0067137583256702
1970-01-01 00:00:00.000019771,1.0066130869498378
1970-01-01 00:00:00.000019772,1.0072633631747376
1970-01-01 00:00:00.000019773,1.0071626368384201
1970-01-01 00:00:00.000019774,1.0071626368384201
1970-01-01 00:00:00.000019775,1.0071626368384201
1970-01-01 00:00:00.000019776,1.0071626368384201
1970-01-01 00:00:00.000019777,1.0071626368384201
1970-01-01 00:00:00.000019778,1.0071626368384201
1970-01-01 00:00:00.000019779,1.0071626368384201
1970-01-01 00:00:00.000019780,1.0071626368384201
1970-01-01 00:00:00.000019781,1.0071626368384201
1970-01-01 00:00:00.000019782,1.0071626368384201
1970-01-01 00:00:00.000019783,1.0071626368384201
1970-01-01 00:00:00.000019784,1.0071626368384201
1970-01-01 00:00:00.000019785,1.0071626368384201
1970-01-01 00:00:00.000019786,1.0071626368384201
1970-01-01 00:00:00.000019787,1.0071626368384201
1970-01-01 00:00:00.000019788,1.0071626368384201
1970-01-01 00:00:00.000019789,1.0071626368384201
1970-01-01 00:00:00.000019790,1.0071626368384201
1970-01-01 00:00:00.000019791,1.0071626368384201
1970-01-01 00:00:00.000019792,1.0071626368384201
1970-01-01 00:00:00.000019793,1.0071626368384201
1970-01-01 00:00:00.000019794,1.0071626368384201
1970-01-01 00:00:00.000019795,1.0071626368384201
1970-01-01 00:00:00.000019796,1.0071626368384201
1970-01-01 00:00:00.000019797,1.0071626368384201
1970-01-01 00:00:00.000019798,1.0071626368384201
1970-01-01 00:00:00.000019799,1.0071626368384201
1970-01-01 00:00:00.000019800,1.0071626368384201
1970-01-01 00:00:00.000019801,1.0071626368384201
1970-01-01 00:00:00.000019802,1.0071626368384201
1970-01-01 00:00:00.000019803,1.0071626368384201
1970-01-01 00:00:00.000019804,1.0071626368384201
1970-01-01 00:00:00.000019805,1.0071626368384201
1970-01-01 00:00:00.000019806,1.0071626368384201
1970-01-01 00:00:00.000019807,1.0071626368384201
1970-01-01 00:00:00.000019808,1.0071626368384201
1970-01-01 00:00:00.000019809,1.0071626368384201
1970-01-01 00:00:00.000019810,1.0071626368384201
1970-01-01 00:00:00.000019811,1.0071626368384201
1970-01-01 00:00:00.000019812,1.0071626368384201
1970-01-01 00:00:00.000019813,1.0071626368384201
1970-01-01 00:00:00.000019814,1.0071626368384201
1970-01-01 00:00:00.000019815,1.0071626368384201
1970-01-01 00:00:00.000019816,1.0071626368384201
1970-01-01 00:00:00.000019817,1.0071626368384201
1970-01-01 00:00:00.000019818,1.0071626368384201
1970-01-01 00:00:00.000019819,1.0071626368384201
1970-01-01 00:00:00.000019820,1.0071626368384201
1970-01-01 00:00:00.000019821,1.0071626368384201
1970-01-01 00:00:00.000019822,1.0071626368384201
1970-01-01 00:00:00.000019823,1.0071626368384201
1970-01-01 00:00:00.000019824,1.0071626368384201
1970-01-01 00:00:00.000019825,1.0071626368384201
1970-01-01 00:00:00.000019826,1.0071626368384201
1970-01-01 00:00:00.000019827,1.0071626368384201
1970-01-01 00:00:00.000019828,1.0071626368384201
1970-01-01 00:00:00.000019829,1.0071626368384201
1970-01-01 00:00:00.000019830,1.0071626368384201
1970-01-01 00:00:00.000019831,1.0071626368384201
1970-01-01 00:00:00.000019832,1.0071626368384201
1970-01-01 00:00:00.000019833,1.0071626368384201
1970-01-01 00:00:00.000019834,1.0071626368384201
1970-01-01 00:00:00.000019835,1.0071626368384201
1970-01-01 00:00:00.000019836,1.0071626368384201
1970-01-01 00:00:00.000019837,1.0071626368384201
1970-01-01 00:00:00.000019838,1.0071626368384201
1970-01-01 00:00:00.000019839,1.0071626368384201
1970-01-01 00:00:00.000019840,1.0071626368384201
1970-01-01 00:00:00.000019841,1.0071626368384201
1970-01-01 00:00:00.000019842,1.0071626368384201
1970-01-01 00:00:00.000019843,1.0071626368384201
1970-01-01 00:00:00.000019844,1.0071626368384201
1970-01-01 00:00:00.000019845,1.0071626368384201
1970-01-01 00:00:00.000019846,1.0071626368384201
1970-01-01 00:00:00.000019847,1.0071626368384201
1970-01-01 00:00:00.000019848,1.0071626368384201
1970-01-01 00:00:00.000019849,1.0071626368384201
1970-01-01 00:00:00.000019850,1.0071626368384201
1970-01-01 00:00:00.000019851,1.0071626368384201
1970-01-01 00:00:00.000019852,1.0071626368384201
1970-01-01 00:00:00.000019853,1.0071626368384201
1970-01-01 00:00:00.000019854,1.0071626368384201
1970-01-01 00:00:00.000019855,1.0071626368384201
1970-01-01 00:00:00.000019856,1.0071626368384201
1970-01-01 00:00:00.000019857,1.0071626368384201
1970-01-01 00:00:00.000019858,1.0071626368384201
1970-01-01 00:00:00.000019859,1.0071626368384201
1970-01-01 00:00:00.000019860,1.0071626368384201
1970-01-01 00:00:00.000019861,1.0071626368384201
1970-01-01 00:00:00.000019862,1.0071626368384201
1970-01-01 00:00:00.000019863,1.0071626368384201
1970-01-01 00:00:00.000019864,1.0071626368384201
1970-01-01 00:00:00.000019865,1.0071626368384201
1970-01-01 00:00:00.000019866,1.0071626368384201
1970-01-01 00:00:00.000019867,1.0071626368384201
1970-01-01 00:00:00.000019868,1.0071626368384201
1970-01-01 00:00:00.000019869,1.0071626368384201
1970-01-01 00:00:00.000019870,1.0071626368384201
1970-01-01 00:00:00.000019871,1.0071626368384201
1970-01-01 00:00:00.000019872,1.0071626368384201
1970-01-01 00:00:00.000019873,1.0071626368384201
1970-01-01 00:00:00.000019874,1.0071626368384201
1970-01-01 00:00:00.000019875,1.0071626368384201
1970-01-01 00:00:00.000019876,1.0071626368384201
1970-01-01 00:00:00.000019877,1.0071626368384201
1970-01-01 00:00:00.000019878,1.0071626368384201
1970-01-01 00:00:00.000019879,1.0071626368384201
1970-01-01 00:00:00.000019880,1.0071626368384201
1970-01-01 00:00:00.000019881,1.0071626368384201
1970-01-01 00:00:00.000019882,1.0071626368384201
1970-01-01 00:00:00.000019883,1.0071626368384201
1970-01-01 00:00:00.000019884,1.0071626368384201
1970-01-01 00:00:00.000019885,1.0071626368384201
1970-01-01 00:00:00.000019886,1.0071626368384201
1970-01-01 00:00:00.000019887,1.007061835354012
1970-01-01 00:00:00.000019888,1.0069611291704765
1970-01-01 00:00:00.000019889,1.0069611291704765
1970-01-01 00:00:00.000019890,1.0068463784852326
1970-01-01 00:00:00.000019891,1.0067363379302607
1970-01-01 00:00:00.000019892,1.0072287949649714
1970-01-01 00:00:00.000019893,1.007128072085475
1970-01-01 00:00:00.000019894,1.007128072085475
1970-01-01 00:00:00.000019895,1.007075214469017
1970-01-01 00:00:00.000019896,1.00697450694757
1970-01-01 00:00:00.000019897,1.00697450694757
1970-01-01 00:00:00.000019898,1.00697450694757
1970-01-01 00:00:00.000019899,1.00697450694757
1970-01-01 00:00:00.000019900,1.00697450694757
1970-01-01 00:00:00.000019901,1.00697450694757
1970-01-01 00:00:00.000019902,1.00697450694757
1970-01-01 00:00:00.000019903,1.00697450694757
1970-01-01 00:00:00.000019904,1.00697450694757
1970-01-01 00:00:00.000019905,1.00697450694757
1970-01-01 00:00:00.000019906,1.00697450694757
1970-01-01 00:00:00.000019907,1.00697450694757
1970-01-01 00:00:00.000019908,1.00697450694757
1970-01-01 00:00:00.000019909,1.00697450694757
1970-01-01 00:00:00.000019910,1.00697450694757
1970-01-01 00:00:00.000019911,1.00697450694757
1970-01-01 00:00:00.000019912,1.00697450694757
1970-01-01 00:00:00.000019913,1.00697450694757
1970-01-01 00:00:00.000019914,1.00697450694757
1970-01-01 00:00:00.000019915,1.00697450694757
1970-01-01 00:00:00.000019916,1.00697450694757
1970-01-01 00:00:00.000019917,1.00697450694757
1970-01-01 00:00:00.000019918,1.00697450694757
1970-01-01 00:00:00.000019919,1.00697450694757
1970-01-01 00:00:00.000019920,1.00697450694757
1970-01-01 00:00:00.000019921,1.00697450694757
1970-01-01 00:00:00.000019922,1.00697450694757
1970-01-01 00:00:00.000019923,1.00697450694757
1970-01-01 00:00:00.000019924,1.00697450694757
1970-01-01 00:00:00.000019925,1.00697450694757
1970-01-01 00:00:00.000019926,1.00697450694757
1970-01-01 00:00:00.000019927,1.00697450694757
1970-01-01 00:00:00.000019928,1.00697450694757
1970-01-01 00:00:00.000019929,1.00697450694757
1970-01-01 00:00:00.000019930,1.00697450694757
1970-01-01 00:00:00.000019931,1.00697450694757
1970-01-01 00:00:00.000019932,1.00697450694757
1970-01-01 00:00:00.000019933,1.00697450694757
1970-01-01 00:00:00.000019934,1.00697450694757
1970-01-01 00:00:00.000019935,1.00697450694757
1970-01-01 00:00:00.000019936,1.00697450694757
1970-01-01 00:00:00.000019937,1.00647172835578
1970-01-01 00:00:00.000019938,1.0063710811829445
1970-01-01 00:00:00.000019939,1.0063710811829445
1970-01-01 00:00:00.000019940,1.0063710811829445
1970-01-01 00:00:00.000019941,1.0063710811829445
1970-01-01 00:00:00.000019942,1.0063710811829445
1970-01-01 00:00:00.000019943,1.0063710811829445
1970-01-01 00:00:00.000019944,1.0063710811829445
1970-01-01 00:00:00.000019945,1.0063710811829445
1970-01-01 00:00:00.000019946,1.0063710811829445
1970-01-01 00:00:00.000019947,1.0063710811829445
1970-01-01 00:00:00.000019948,1.0063710811829445
1970-01-01 00:00:00.000019949,1.0063710811829445
1970-01-01 00:00:00.000019950,1.0063710811829445
1970-01-01 00:00:00.000019951,1.0063710811829445
1970-01-01 00:00:00.000019952,1.0063710811829445
1970-01-01 00:00:00.000019953,1.0063710811829445
1970-01-01 00:00:00.000019954,1.0063710811829445
1970-01-01 00:00:00.000019955,1.0063710811829445
1970-01-01 00:00:00.000019956,1.0063710811829445
1970-01-01 00:00:00.000019957,1.0063710811829445
1970-01-01 00:00:00.000019958,1.0063710811829445
1970-01-01 00:00:00.000019959,1.0063710811829445
1970-01-01 00:00:00.000019960,1.0063710811829445
1970-01-01 00:00:00.000019961,1.0069764352506265
1970-01-01 00:00:00.000019962,1.0068757376071014
1970-01-01 00:00:00.000019963,1.0068757376071014
1970-01-01 00:00:00.000019964,1.0068757376071014
1970-01-01 00:00:00.000019965,1.0068757376071014
1970-01-01 00:00:00.000019966,1.0068757376071014
1970-01-01 00:00:00.000019967,1.0068757376071014
1970-01-01 00:00:00.000019968,1.0068757376071014
1970-01-01 00:00:00.000019969,1.0068757376071014
1970-01-01 00:00:00.000019970,1.0068757376071014
1970-01-01 00:00:00.000019971,1.0068757376071014
1970-01-01 00:00:00.000019972,1.0068757376071014
1970-01-01 00:00:00.000019973,1.0068757376071014
1970-01-01 00:00:00.000019974,1.0068757376071014
1970-01-01 00:00:00.000019975,1.0068757376071014
1970-01-01 00:00:00.000019976,1.0068757376071014
1970-01-01 00:00:00.000019977,1.0068757376071014
1970-01-01 00:00:00.000019978,1.0068757376071014
1970-01-01 00:00:00.000019979,1.0068757376071014
1970-01-01 00:00:00.000019980,1.0068757376071014
1970-01-01 00:00:00.000019981,1.0068757376071014
1970-01-01 00:00:00.000019982,1.0068757376071014
1970-01-01 00:00:00.000019983,1.0068757376071014
1970-01-01 00:00:00.000019984,1.0068757376071014
1970-01-01 00:00:00.000019985,1.0068757376071014
1970-01-01 00:00:00.000019986,1.0068757376071014
1970-01-01 00:00:00.000019987,1.0068757376071014
1970-01-01 00:00:00.000019988,1.0068757376071014
1970-01-01 00:00:00.000019989,1.0068757376071014
1970-01-01 00:00:00.000019990,1.0068757376071014
1970-01-01 00:00:00.000019991,1.0068757376071014
1970-01-01 00:00:00.000019992,1.0068757376071014
1970-01-01 00:00:00.000019993,1.0068757376071014
1970-01-01 00:00:00.000019994,1.0068757376071014
1970-01-01 00:00:00.000019995,1.0068757376071014
1970-01-01 00:00:00.000019996,1.0082814254424115
1970-01-01 00:00:00.000019997,1.00692059811376
1970-01-01 00:00:00.000019998,1.0068597969922932
1970-01-01 00:00:00.000019999,1.006984701803106
1970-01-01 00:00:00.000020000,1.0068840033329256
1970-01-01 00:00:00.000020001,1.0068840033329256
1970-01-01 00:00:00.000020002,1.0068840033329256
1970-01-01 00:00:00.000020003,1.0068840033329256
1970-01-01 00:00:00.000020004,1.0068840033329256
1970-01-01 00:00:00.000020005,1.006012197418922
1970-01-01 00:00:00.000020006,1.00591159619918
1970-01-01 00:00:00.000020007,1.00591159619918
1970-01-01 00:00:00.000020008,1.00591159619918
1970-01-01 00:00:00.000020009,1.00591159619918
1970-01-01 00:00:00.000020010,1.0067057874570293
1970-01-01 00:00:00.000020011,1.0066051168782837
1970-01-01 00:00:00.000020012,1.0066051168782837
1970-01-01 00:00:00.000020013,1.0078148153227497
1970-01-01 00:00:00.000020014,1.0077140338412174
1970-01-01 00:00:00.000020015,1.0077140338412174
1970-01-01 00:00:00.000020016,1.0077140338412174
1970-01-01 00:00:00.000020017,1.0077140338412174
1970-01-01 00:00:00.000020018,1.0077140338412174
1970-01-01 00:00:00.000020019,1.0077140338412174
1970-01-01 00:00:00.000020020,1.0077140338412174
1970-01-01 00:00:00.000020021,1.0077140338412174
1970-01-01 00:00:00.000020022,1.0077140338412174
1970-01-01 00:00:00.000020023,1.007984407520014
1970-01-01 00:00:00.000020024,1.007883609079262
1970-01-01 00:00:00.000020025,1.0091791607228355
1970-01-01 00:00:00.000020026,1.0090782428067633
1970-01-01 00:00:00.000020027,1.01070263692248
1970-01-01 00:00:00.000020028,1.0127920680465017
1970-01-01 00:00:00.000020029,1.012690788839697
1970-01-01 00:00:00.000020030,1.012041801511301
1970-01-01 00:00:00.000020031,1.011177700777791
1970-01-01 00:00:00.000020032,1.0130590253480338
1970-01-01 00:00:00.000020033,1.012957719445499
1970-01-01 00:00:00.000020034,1.012957719445499
1970-01-01 00:00:00.000020035,1.0114314207442991
1970-01-01 00:00:00.000020036,1.0127770743963487
1970-01-01 00:00:00.000020037,1.0113655153808165
1970-01-01 00:00:00.000020038,1.0097582140031693
1970-01-01 00:00:00.000020039,1.0107632707962821
1970-01-01 00:00:00.000020040,1.0106621944692025
1970-01-01 00:00:00.000020041,1.0121478965129571
1970-01-01 00:00:00.000020042,1.0124915932035063
1970-01-01 00:00:00.000020043,1.0156697989687906
1970-01-01 00:00:00.000020044,1.0155682319888937
1970-01-01 00:00:00.000020045,1.0155682319888937
1970-01-01 00:00:00.000020046,1.018774714728215
1970-01-01 00:00:00.000020047,1.0186728372567422
1970-01-01 00:00:00.000020048,1.0163372397621837
1970-01-01 00:00:00.000020049,1.019237667091187
1970-01-01 00:00:00.000020050,1.0191357433244779
1970-01-01 00:00:00.000020051,1.0191357433244779
1970-01-01 00:00:00.000020052,1.0191357433244779
1970-01-01 00:00:00.000020053,1.0191357433244779
1970-01-01 00:00:00.000020054,1.0191357433244779
1970-01-01 00:00:00.000020055,1.0191357433244779
1970-01-01 00:00:00.000020056,1.0191357433244779
1970-01-01 00:00:00.000020057,1.0191357433244779
1970-01-01 00:00:00.000020058,1.0191357433244779
1970-01-01 00:00:00.000020059,1.0191357433244779
1970-01-01 00:00:00.000020060,1.0191357433244779
1970-01-01 00:00:00.000020061,1.0191357433244779
1970-01-01 00:00:00.000020062,1.0191357433244779
1970-01-01 00:00:00.000020063,1.0191357433244779
1970-01-01 00:00:00.000020064,1.0191357433244779
1970-01-01 00:00:00.000020065,1.0191357433244779
1970-01-01 00:00:00.000020066,1.0191357433244779
1970-01-01 00:00:00.000020067,1.0191357433244779
1970-01-01 00:00:00.000020068,1.0191357433244779
1970-01-01 00:00:00.000020069,1.0191357433244779
1970-01-01 00:00:00.000020070,1.0191357433244779
1970-01-01 00:00:00.000020071,1.0191357433244779
1970-01-01 00:00:00.000020072,1.0191357433244779
1970-01-01 00:00:00.000020073,1.0191357433244779
1970-01-01 00:00:00.000020074,1.0191357433244779
1970-01-01 00:00:00.000020075,1.0191357433244779
1970-01-01 00:00:00.000020076,1.0191357433244779
1970-01-01 00:00:00.000020077,1.0191357433244779
1970-01-01 00:00:00.000020078,1.0191357433244779
1970-01-01 00:00:00.000020079,1.0191357433244779
1970-01-01 00:00:00.000020080,1.0191357433244779
1970-01-01 00:00:00.000020081,1.0178460292571425
1970-01-01 00:00:00.000020082,1.0180097230224703
1970-01-01 00:00:00.000020083,1.0179079220501681
1970-01-01 00:00:00.000020084,1.0179079220501681
1970-01-01 00:00:00.000020085,1.0179079220501681
1970-01-01 00:00:00.000020086,1.0179079220501681
1970-01-01 00:00:00.000020087,1.0179079220501681
1970-01-01 00:00:00.000020088,1.0179079220501681
1970-01-01 00:00:00.000020089,1.0179079220501681
1970-01-01 00:00:00.000020090,1.0179079220501681
1970-01-01 00:00:00.000020091,1.0179079220501681
1970-01-01 00:00:00.000020092,1.0179079220501681
1970-01-01 00:00:00.000020093,1.0179079220501681
1970-01-01 00:00:00.000020094,1.0179079220501681
1970-01-01 00:00:00.000020095,1.0179079220501681
1970-01-01 00:00:00.000020096,1.0179079220501681
1970-01-01 00:00:00.000020097,1.019305273532542
1970-01-01 00:00:00.000020098,1.0192033430051888
1970-01-01 00:00:00.000020099,1.018196578653505
1970-01-01 00:00:00.000020100,1.0191100728573776
1970-01-01 00:00:00.000020101,1.019008161850092
1970-01-01 00:00:00.000020102,1.017806984335373
1970-01-01 00:00:00.000020103,1.016110507835069
1970-01-01 00:00:00.000020104,1.0167318951566613
1970-01-01 00:00:00.000020105,1.01535827958131
1970-01-01 00:00:00.000020106,1.0138051540171649
1970-01-01 00:00:00.000020107,1.0145885715959457
1970-01-01 00:00:00.000020108,1.015385613083184
1970-01-01 00:00:00.000020109,1.014864562848407
1970-01-01 00:00:00.000020110,1.0161583200421085
1970-01-01 00:00:00.000020111,1.015251773177458
1970-01-01 00:00:00.000020112,1.019075121726378
1970-01-01 00:00:00.000020113,1.0189732142142054
1970-01-01 00:00:00.000020114,1.0189732142142054
1970-01-01 00:00:00.000020115,1.0186057478367665
1970-01-01 00:00:00.000020116,1.0192410276164006
1970-01-01 00:00:00.000020117,1.0182985617010787
1970-01-01 00:00:00.000020118,1.016424254997583
1970-01-01 00:00:00.000020119,1.012465024150837
1970-01-01 00:00:00.000020120,1.013424884427538
1970-01-01 00:00:00.000020121,1.0132997821240224
1970-01-01 00:00:00.000020122,1.0095898990192154
1970-01-01 00:00:00.000020123,1.0092157917197977
1970-01-01 00:00:00.000020124,1.007097449837937
1970-01-01 00:00:00.000020125,1.0069967400929531
1970-01-01 00:00:00.000020126,1.0069967400929531
1970-01-01 00:00:00.000020127,1.0069967400929531
1970-01-01 00:00:00.000020128,1.0069967400929531
1970-01-01 00:00:00.000020129,1.0069967400929531
1970-01-01 00:00:00.000020130,1.0069967400929531
1970-01-01 00:00:00.000020131,1.0069967400929531
1970-01-01 00:00:00.000020132,1.0069967400929531
1970-01-01 00:00:00.000020133,1.0069967400929531
1970-01-01 00:00:00.000020134,1.0077405741625578
1970-01-01 00:00:00.000020135,1.0076398001051416
1970-01-01 00:00:00.000020136,1.0086796410123857
1970-01-01 00:00:00.000020137,1.0085787730482845
1970-01-01 00:00:00.000020138,1.0085787730482845
1970-01-01 00:00:00.000020139,1.0099639402024898
1970-01-01 00:00:00.000020140,1.0072451495174788
1970-01-01 00:00:00.000020141,1.0080785541307262
1970-01-01 00:00:00.000020142,1.0079777462753132
1970-01-01 00:00:00.000020143,1.0079777462753132
1970-01-01 00:00:00.000020144,1.0107426287440966
1970-01-01 00:00:00.000020145,1.0106415544812222
1970-01-01 00:00:00.000020146,1.0131469372899808
1970-01-01 00:00:00.000020147,1.0130456225962519
1970-01-01 00:00:00.000020148,1.0130456225962519
1970-01-01 00:00:00.000020149,1.0130456225962519
1970-01-01 00:00:00.000020150,1.0130456225962519
1970-01-01 00:00:00.000020151,1.0130456225962519
1970-01-01 00:00:00.000020152,1.0130456225962519
1970-01-01 00:00:00.000020153,1.0130456225962519
1970-01-01 00:00:00.000020154,1.0130456225962519
1970-01-01 00:00:00.000020155,1.0130456225962519
1970-01-01 00:00:00.000020156,1.0130456225962519
1970-01-01 00:00:00.000020157,1.0115030904831277
1970-01-01 00:00:00.000020158,1.0114019401740795
1970-01-01 00:00:00.000020159,1.0114019401740795
1970-01-01 00:00:00.000020160,1.0114019401740795
1970-01-01 00:00:00.000020161,1.0114019401740795
1970-01-01 00:00:00.000020162,1.0114019401740795
1970-01-01 00:00:00.000020163,1.0114019401740795
1970-01-01 00:00:00.000020164,1.0114019401740795
1970-01-01 00:00:00.000020165,1.0114019401740795
1970-01-01 00:00:00.000020166,1.0114019401740795
1970-01-01 00:00:00.000020167,1.0114019401740795
1970-01-01 00:00:00.000020168,1.0114019401740795
1970-01-01 00:00:00.000020169,1.0114019401740795
1970-01-01 00:00:00.000020170,1.0114019401740795
1970-01-01 00:00:00.000020171,1.0114019401740795
1970-01-01 00:00:00.000020172,1.0114019401740795
1970-01-01 00:00:00.000020173,1.0114019401740795
1970-01-01 00:00:00.000020174,1.0114019401740795
1970-01-01 00:00:00.000020175,1.0114019401740795
1970-01-01 00:00:00.000020176,1.0114019401740795
1970-01-01 00:00:00.000020177,1.0114019401740795
1970-01-01 00:00:00.000020178,1.0114019401740795
1970-01-01 00:00:00.000020179,1.0114019401740795
1970-01-01 00:00:00.000020180,1.0114019401740795
1970-01-01 00:00:00.000020181,1.0114019401740795
1970-01-01 00:00:00.000020182,1.0114019401740795
1970-01-01 00:00:00.000020183,1.0114019401740795
1970-01-01 00:00:00.000020184,1.0114019401740795
1970-01-01 00:00:00.000020185,1.0114019401740795
1970-01-01 00:00:00.000020186,1.0114019401740795
1970-01-01 00:00:00.000020187,1.0114019401740795
1970-01-01 00:00:00.000020188,1.0114019401740795
1970-01-01 00:00:00.000020189,1.0114019401740795
1970-01-01 00:00:00.000020190,1.0114019401740795
1970-01-01 00:00:00.000020191,1.0114019401740795
1970-01-01 00:00:00.000020192,1.0114019401740795
1970-01-01 00:00:00.000020193,1.0114019401740795
1970-01-01 00:00:00.000020194,1.0114019401740795
1970-01-01 00:00:00.000020195,1.0114019401740795
1970-01-01 00:00:00.000020196,1.0114019401740795
1970-01-01 00:00:00.000020197,1.0114019401740795
1970-01-01 00:00:00.000020198,1.0114019401740795
1970-01-01 00:00:00.000020199,1.0114019401740795
1970-01-01 00:00:00.000020200,1.0114019401740795
1970-01-01 00:00:00.000020201,1.0114019401740795
1970-01-01 00:00:00.000020202,1.0114019401740795
1970-01-01 00:00:00.000020203,1.0114019401740795
1970-01-01 00:00:00.000020204,1.0114019401740795
1970-01-01 00:00:00.000020205,1.0114019401740795
1970-01-01 00:00:00.000020206,1.0114019401740795
1970-01-01 00:00:00.000020207,1.010469950161131
1970-01-01 00:00:00.000020208,1.0126699895586264
1970-01-01 00:00:00.000020209,1.0125687225596705
1970-01-01 00:00:00.000020210,1.0138051719521142
1970-01-01 00:00:00.000020211,1.013703791434919
1970-01-01 00:00:00.000020212,1.0133403225049047
1970-01-01 00:00:00.000020213,1.0146500805214878
1970-01-01 00:00:00.000020214,1.0145486155134356
1970-01-01 00:00:00.000020215,1.0145486155134356
1970-01-01 00:00:00.000020216,1.0145486155134356
1970-01-01 00:00:00.000020217,1.0145486155134356
1970-01-01 00:00:00.000020218,1.0145486155134356
1970-01-01 00:00:00.000020219,1.0145486155134356
1970-01-01 00:00:00.000020220,1.0126126198768683
1970-01-01 00:00:00.000020221,1.0122448915032116
1970-01-01 00:00:00.000020222,1.0121436670140613
1970-01-01 00:00:00.000020223,1.0121436670140613
1970-01-01 00:00:00.000020224,1.0121436670140613
1970-01-01 00:00:00.000020225,1.0121436670140613
1970-01-01 00:00:00.000020226,1.0117555724764604
1970-01-01 00:00:00.000020227,1.0119471218884484
1970-01-01 00:00:00.000020228,1.0118459271762597
1970-01-01 00:00:00.000020229,1.011774203698002
1970-01-01 00:00:00.000020230,1.0117300593872873
1970-01-01 00:00:00.000020231,1.0116288863813485
1970-01-01 00:00:00.000020232,1.0116288863813485
1970-01-01 00:00:00.000020233,1.0116288863813485
1970-01-01 00:00:00.000020234,1.0116288863813485
1970-01-01 00:00:00.000020235,1.0116288863813485
1970-01-01 00:00:00.000020236,1.0116288863813485
1970-01-01 00:00:00.000020237,1.0116288863813485
1970-01-01 00:00:00.000020238,1.0116288863813485
1970-01-01 00:00:00.000020239,1.0116288863813485
1970-01-01 00:00:00.000020240,1.0116288863813485
1970-01-01 00:00:00.000020241,1.0116288863813485
1970-01-01 00:00:00.000020242,1.0116288863813485
1970-01-01 00:00:00.000020243,1.0116288863813485
1970-01-01 00:00:00.000020244,1.0116288863813485
1970-01-01 00:00:00.000020245,1.0116288863813485
1970-01-01 00:00:00.000020246,1.0116288863813485
1970-01-01 00:00:00.000020247,1.0116288863813485
1970-01-01 00:00:00.000020248,1.0116288863813485
1970-01-01 00:00:00.000020249,1.0116288863813485
1970-01-01 00:00:00.000020250,1.0116288863813485
1970-01-01 00:00:00.000020251,1.0116288863813485
1970-01-01 00:00:00.000020252,1.0116288863813485
1970-01-01 00:00:00.000020253,1.0116288863813485
1970-01-01 00:00:00.000020254,1.0116288863813485
1970-01-01 00:00:00.000020255,1.0116288863813485
1970-01-01 00:00:00.000020256,1.0116288863813485
1970-01-01 00:00:00.000020257,1.0116288863813485
1970-01-01 00:00:00.000020258,1.0116288863813485
1970-01-01 00:00:00.000020259,1.0116288863813485
1970-01-01 00:00:00.000020260,1.0116288863813485
1970-01-01 00:00:00.000020261,1.0116288863813485
1970-01-01 00:00:00.000020262,1.0116288863813485
1970-01-01 00:00:00.000020263,1.01313091806584
1970-01-01 00:00:00.000020264,1.012666604420254
1970-01-01 00:00:00.000020265,1.0125653377598118
1970-01-01 00:00:00.000020266,1.0125653377598118
1970-01-01 00:00:00.000020267,1.0125653377598118
1970-01-01 00:00:00.000020268,1.0126634751299453
1970-01-01 00:00:00.000020269,1.012900466828285
1970-01-01 00:00:00.000020270,1.012824376420088
1970-01-01 00:00:00.000020271,1.0126947662416308
1970-01-01 00:00:00.000020272,1.0120407307104982
1970-01-01 00:00:00.000020273,1.0128050545860963
1970-01-01 00:00:00.000020274,1.0132124375018932
1970-01-01 00:00:00.000020275,1.013111116258143
1970-01-01 00:00:00.000020276,1.013111116258143
1970-01-01 00:00:00.000020277,1.013111116258143
1970-01-01 00:00:00.000020278,1.0130827367300288
1970-01-01 00:00:00.000020279,1.0129814284563559
1970-01-01 00:00:00.000020280,1.0139914504746743
1970-01-01 00:00:00.000020281,1.013890051329627
1970-01-01 00:00:00.000020282,1.013890051329627
1970-01-01 00:00:00.000020283,1.013890051329627
1970-01-01 00:00:00.000020284,1.013890051329627
1970-01-01 00:00:00.000020285,1.013890051329627
1970-01-01 00:00:00.000020286,1.013943162603665
1970-01-01 00:00:00.000020287,1.0136870834886227
1970-01-01 00:00:00.000020288,1.0137046851895564
1970-01-01 00:00:00.000020289,1.0148325611717244
1970-01-01 00:00:00.000020290,1.0133277011870316
1970-01-01 00:00:00.000020291,1.0127393258830006
1970-01-01 00:00:00.000020292,1.0128109289188383
1970-01-01 00:00:00.000020293,1.0128258818201172
1970-01-01 00:00:00.000020294,1.0134271593418231
1970-01-01 00:00:00.000020295,1.0130065983127148
1970-01-01 00:00:00.000020296,1.0122604912614805
1970-01-01 00:00:00.000020297,1.012904662248569
1970-01-01 00:00:00.000020298,1.0125679229117717
1970-01-01 00:00:00.000020299,1.0128252837040663
1970-01-01 00:00:00.000020300,1.0118414682450751
1970-01-01 00:00:00.000020301,1.011373741493076
1970-01-01 00:00:00.000020302,1.0114249231380243
1970-01-01 00:00:00.000020303,1.0113237806457105
1970-01-01 00:00:00.000020304,1.0113237806457105
1970-01-01 00:00:00.000020305,1.0113237806457105
1970-01-01 00:00:00.000020306,1.0113237806457105
1970-01-01 00:00:00.000020307,1.0113237806457105
1970-01-01 00:00:00.000020308,1.0113237806457105
1970-01-01 00:00:00.000020309,1.0113237806457105
1970-01-01 00:00:00.000020310,1.0113237806457105
1970-01-01 00:00:00.000020311,1.0113237806457105
1970-01-01 00:00:00.000020312,1.0113237806457105
1970-01-01 00:00:00.000020313,1.0113237806457105
1970-01-01 00:00:00.000020314,1.0113237806457105
1970-01-01 00:00:00.000020315,1.0122424358564361
1970-01-01 00:00:00.000020316,1.0121412116128505
1970-01-01 00:00:00.000020317,1.0121412116128505
1970-01-01 00:00:00.000020318,1.0121412116128505
1970-01-01 00:00:00.000020319,1.0121412116128505
1970-01-01 00:00:00.000020320,1.0121412116128505
1970-01-01 00:00:00.000020321,1.0121412116128505
1970-01-01 00:00:00.000020322,1.0121412116128505
1970-01-01 00:00:00.000020323,1.009867803149189
1970-01-01 00:00:00.000020324,1.0063025683546558
1970-01-01 00:00:00.000020325,1.0081018768461136
1970-01-01 00:00:00.000020326,1.008001066658429
1970-01-01 00:00:00.000020327,1.0063077981637176
1970-01-01 00:00:00.000020328,1.0096299097900157
1970-01-01 00:00:00.000020329,1.0095289467990367
1970-01-01 00:00:00.000020330,1.0095289467990367
1970-01-01 00:00:00.000020331,1.0095289467990367
1970-01-01 00:00:00.000020332,1.0095289467990367
1970-01-01 00:00:00.000020333,1.0095289467990367
1970-01-01 00:00:00.000020334,1.0095289467990367
1970-01-01 00:00:00.000020335,1.0095289467990367
1970-01-01 00:00:00.000020336,1.0095289467990367
1970-01-01 00:00:00.000020337,1.0095289467990367
1970-01-01 00:00:00.000020338,1.0095289467990367
1970-01-01 00:00:00.000020339,1.0095289467990367
1970-01-01 00:00:00.000020340,1.0095289467990367
1970-01-01 00:00:00.000020341,1.009021357551524
1970-01-01 00:00:00.000020342,1.0073006730152434
1970-01-01 00:00:00.000020343,1.0052007930672653
1970-01-01 00:00:00.000020344,1.0051687252537846
1970-01-01 00:00:00.000020345,1.0045091309554797
1970-01-01 00:00:00.000020346,1.0027510195641125
1970-01-01 00:00:00.000020347,1.0057969432278482
1970-01-01 00:00:00.000020348,1.0056963635335254
1970-01-01 00:00:00.000020349,1.0030249633866537
1970-01-01 00:00:00.000020350,1.0032026148101663
1970-01-01 00:00:00.000020351,0.9992936768782755
1970-01-01 00:00:00.000020352,1.0035139814270833
1970-01-01 00:00:00.000020353,1.001069931135707
1970-01-01 00:00:00.000020354,1.0002838452514722
1970-01-01 00:00:00.000020355,0.9935472166126492
1970-01-01 00:00:00.000020356,0.9982309747287472
1970-01-01 00:00:00.000020357,0.9981311516312743
1970-01-01 00:00:00.000020358,0.9981311516312743
1970-01-01 00:00:00.000020359,0.9981311516312743
1970-01-01 00:00:00.000020360,0.9981311516312743
1970-01-01 00:00:00.000020361,0.9981311516312743
1970-01-01 00:00:00.000020362,0.9981311516312743
1970-01-01 00:00:00.000020363,0.9981311516312743
1970-01-01 00:00:00.000020364,0.9981311516312743
1970-01-01 00:00:00.000020365,0.9981311516312743
1970-01-01 00:00:00.000020366,0.9981311516312743
1970-01-01 00:00:00.000020367,0.9981311516312743
1970-01-01 00:00:00.000020368,0.9981311516312743
1970-01-01 00:00:00.000020369,0.9981311516312743
1970-01-01 00:00:00.000020370,0.9981311516312743
1970-01-01 00:00:00.000020371,0.9981311516312743
1970-01-01 00:00:00.000020372,0.9981311516312743
1970-01-01 00:00:00.000020373,0.9981311516312743
1970-01-01 00:00:00.000020374,0.9981311516312743
1970-01-01 00:00:00.000020375,0.9981311516312743
1970-01-01 00:00:00.000020376,0.9981311516312743
1970-01-01 00:00:00.000020377,0.9981311516312743
1970-01-01 00:00:00.000020378,0.9981311516312743
1970-01-01 00:00:00.000020379,0.9981311516312743
1970-01-01 00:00:00.000020380,0.9981311516312743
1970-01-01 00:00:00.000020381,0.9974398003908636
1970-01-01 00:00:00.000020382,1.0001240510384184
1970-01-01 00:00:00.000020383,0.9965495402932969
1970-01-01 00:00:00.000020384,0.9944624174405863
1970-01-01 00:00:00.000020385,0.9958579462034454
1970-01-01 00:00:00.000020386,0.9960761659520777
1970-01-01 00:00:00.000020387,0.9994547916659697
1970-01-01 00:00:00.000020388,0.9993548461868031
1970-01-01 00:00:00.000020389,0.9993548461868031
1970-01-01 00:00:00.000020390,0.9993548461868031
1970-01-01 00:00:00.000020391,0.9993548461868031
1970-01-01 00:00:00.000020392,0.9993548461868031
1970-01-01 00:00:00.000020393,0.9993548461868031
1970-01-01 00:00:00.000020394,0.9993548461868031
1970-01-01 00:00:00.000020395,0.9993548461868031
1970-01-01 00:00:00.000020396,0.9993548461868031
1970-01-01 00:00:00.000020397,0.9993548461868031
1970-01-01 00:00:00.000020398,0.9993548461868031
1970-01-01 00:00:00.000020399,0.9993548461868031
1970-01-01 00:00:00.000020400,0.9993548461868031
1970-01-01 00:00:00.000020401,0.9993548461868031
1970-01-01 00:00:00.000020402,0.9993548461868031
1970-01-01 00:00:00.000020403,0.9993548461868031
1970-01-01 00:00:00.000020404,0.9993548461868031
1970-01-01 00:00:00.000020405,0.9993548461868031
1970-01-01 00:00:00.000020406,0.9937537445637253
1970-01-01 00:00:00.000020407,0.993654369189269
1970-01-01 00:00:00.000020408,0.993654369189269
1970-01-01 00:00:00.000020409,0.993654369189269
1970-01-01 00:00:00.000020410,0.993654369189269
1970-01-01 00:00:00.000020411,0.993654369189269
1970-01-01 00:00:00.000020412,0.993654369189269
1970-01-01 00:00:00.000020413,0.993654369189269
1970-01-01 00:00:00.000020414,0.993654369189269
1970-01-01 00:00:00.000020415,0.993654369189269
1970-01-01 00:00:00.000020416,0.993654369189269
1970-01-01 00:00:00.000020417,0.993654369189269
1970-01-01 00:00:00.000020418,0.993654369189269
1970-01-01 00:00:00.000020419,0.993654369189269
1970-01-01 00:00:00.000020420,0.993654369189269
1970-01-01 00:00:00.000020421,0.993654369189269
1970-01-01 00:00:00.000020422,0.993654369189269
1970-01-01 00:00:00.000020423,0.993654369189269
1970-01-01 00:00:00.000020424,0.993654369189269
1970-01-01 00:00:00.000020425,0.993654369189269
1970-01-01 00:00:00.000020426,0.993654369189269
1970-01-01 00:00:00.000020427,0.993654369189269
1970-01-01 00:00:00.000020428,0.993654369189269
1970-01-01 00:00:00.000020429,0.993654369189269
1970-01-01 00:00:00.000020430,0.993654369189269
1970-01-01 00:00:00.000020431,0.993654369189269
1970-01-01 00:00:00.000020432,0.993654369189269
1970-01-01 00:00:00.000020433,0.993654369189269
1970-01-01 00:00:00.000020434,0.993654369189269
1970-01-01 00:00:00.000020435,0.993654369189269
1970-01-01 00:00:00.000020436,0.993654369189269
1970-01-01 00:00:00.000020437,0.993654369189269
1970-01-01 00:00:00.000020438,0.993654369189269
1970-01-01 00:00:00.000020439,0.993654369189269
1970-01-01 00:00:00.000020440,0.9918326378845653
1970-01-01 00:00:00.000020441,0.9884842443305474
1970-01-01 00:00:00.000020442,0.9891403721013804
1970-01-01 00:00:00.000020443,0.9906289647135023
1970-01-01 00:00:00.000020444,0.9905299018170309
1970-01-01 00:00:00.000020445,0.9905299018170309
1970-01-01 00:00:00.000020446,0.9900223835005932
1970-01-01 00:00:00.000020447,0.9905013254092379
1970-01-01 00:00:00.000020448,0.9904022752766969
1970-01-01 00:00:00.000020449,0.9904022752766969
1970-01-01 00:00:00.000020450,0.9904022752766969
1970-01-01 00:00:00.000020451,0.9904022752766969
1970-01-01 00:00:00.000020452,0.9904022752766969
1970-01-01 00:00:00.000020453,0.9904022752766969
1970-01-01 00:00:00.000020454,0.9904022752766969
1970-01-01 00:00:00.000020455,0.9904022752766969
1970-01-01 00:00:00.000020456,0.9904022752766969
1970-01-01 00:00:00.000020457,0.9904022752766969
1970-01-01 00:00:00.000020458,0.9904022752766969
1970-01-01 00:00:00.000020459,0.9904022752766969
1970-01-01 00:00:00.000020460,0.9904022752766969
1970-01-01 00:00:00.000020461,0.9904022752766969
1970-01-01 00:00:00.000020462,0.9904022752766969
1970-01-01 00:00:00.000020463,0.9904022752766969
1970-01-01 00:00:00.000020464,0.9904022752766969
1970-01-01 00:00:00.000020465,0.9904022752766969
1970-01-01 00:00:00.000020466,0.9904022752766969
1970-01-01 00:00:00.000020467,0.9904022752766969
1970-01-01 00:00:00.000020468,0.9904022752766969
1970-01-01 00:00:00.000020469,0.9904022752766969
1970-01-01 00:00:00.000020470,0.9904022752766969
1970-01-01 00:00:00.000020471,0.9904022752766969
1970-01-01 00:00:00.000020472,0.9904022752766969
1970-01-01 00:00:00.000020473,0.9904022752766969
1970-01-01 00:00:00.000020474,0.9904022752766969
1970-01-01 00:00:00.000020475,0.9904022752766969
1970-01-01 00:00:00.000020476,0.9904022752766969
1970-01-01 00:00:00.000020477,0.9904022752766969
1970-01-01 00:00:00.000020478,0.9904022752766969
1970-01-01 00:00:00.000020479,0.9904022752766969
1970-01-01 00:00:00.000020480,0.9904022752766969
1970-01-01 00:00:00.000020481,0.9904022752766969
1970-01-01 00:00:00.000020482,0.9904022752766969
1970-01-01 00:00:00.000020483,0.9904022752766969
1970-01-01 00:00:00.000020484,0.9904022752766969
1970-01-01 00:00:00.000020485,0.9904022752766969
1970-01-01 00:00:00.000020486,0.9904022752766969
1970-01-01 00:00:00.000020487,0.9904022752766969
1970-01-01 00:00:00.000020488,0.9904022752766969
1970-01-01 00:00:00.000020489,0.9904022752766969
1970-01-01 00:00:00.000020490,0.9904022752766969
1970-01-01 00:00:00.000020491,0.9904022752766969
1970-01-01 00:00:00.000020492,0.9904022752766969
1970-01-01 00:00:00.000020493,0.9904022752766969
1970-01-01 00:00:00.000020494,0.9904022752766969
1970-01-01 00:00:00.000020495,0.9904022752766969
1970-01-01 00:00:00.000020496,0.9904022752766969
1970-01-01 00:00:00.000020497,0.9904022752766969
1970-01-01 00:00:00.000020498,0.9904022752766969
1970-01-01 00:00:00.000020499,0.9904022752766969
1970-01-01 00:00:00.000020500,0.9904022752766969
1970-01-01 00:00:00.000020501,0.9904022752766969
1970-01-01 00:00:00.000020502,0.9904022752766969
1970-01-01 00:00:00.000020503,0.9904022752766969
1970-01-01 00:00:00.000020504,0.9904022752766969
1970-01-01 00:00:00.000020505,0.9904022752766969
1970-01-01 00:00:00.000020506,0.9904022752766969
1970-01-01 00:00:00.000020507,0.9904022752766969
1970-01-01 00:00:00.000020508,0.9904022752766969
1970-01-01 00:00:00.000020509,0.9904022752766969
1970-01-01 00:00:00.000020510,0.9904022752766969
1970-01-01 00:00:00.000020511,0.9904022752766969
1970-01-01 00:00:00.000020512,0.9904022752766969
1970-01-01 00:00:00.000020513,0.9904022752766969
1970-01-01 00:00:00.000020514,0.9904022752766969
1970-01-01 00:00:00.000020515,0.9904022752766969
1970-01-01 00:00:00.000020516,0.9904022752766969
1970-01-01 00:00:00.000020517,0.9904022752766969
1970-01-01 00:00:00.000020518,0.9904022752766969
1970-01-01 00:00:00.000020519,0.988334977547131
1970-01-01 00:00:00.000020520,0.9873350461947301
1970-01-01 00:00:00.000020521,0.9883524600931798
1970-01-01 00:00:00.000020522,0.9868207606441277
1970-01-01 00:00:00.000020523,0.9843543160193996
1970-01-01 00:00:00.000020524,0.9901622110911993
1970-01-01 00:00:00.000020525,0.9906366118382529
1970-01-01 00:00:00.000020526,0.985957790544441
1970-01-01 00:00:00.000020527,0.9870432897352919
1970-01-01 00:00:00.000020528,0.9877019161057847
1970-01-01 00:00:00.000020529,0.9876788988843537
1970-01-01 00:00:00.000020530,0.9907947454206041
1970-01-01 00:00:00.000020531,0.9892484625411797
1970-01-01 00:00:00.000020532,0.9891392625173671
1970-01-01 00:00:00.000020533,0.9890403485911153
1970-01-01 00:00:00.000020534,0.9890403485911153
1970-01-01 00:00:00.000020535,0.9890403485911153
1970-01-01 00:00:00.000020536,0.9890403485911153
1970-01-01 00:00:00.000020537,0.9890403485911153
1970-01-01 00:00:00.000020538,0.9890403485911153
1970-01-01 00:00:00.000020539,0.9890403485911153
1970-01-01 00:00:00.000020540,0.9890403485911153
1970-01-01 00:00:00.000020541,0.9890403485911153
1970-01-01 00:00:00.000020542,0.9890403485911153
1970-01-01 00:00:00.000020543,0.9890403485911153
1970-01-01 00:00:00.000020544,0.9890403485911153
1970-01-01 00:00:00.000020545,0.9890403485911153
1970-01-01 00:00:00.000020546,0.9890403485911153
1970-01-01 00:00:00.000020547,0.9890403485911153
1970-01-01 00:00:00.000020548,0.9890403485911153
1970-01-01 00:00:00.000020549,0.9890403485911153
1970-01-01 00:00:00.000020550,0.9890403485911153
1970-01-01 00:00:00.000020551,0.9890403485911153
1970-01-01 00:00:00.000020552,0.9890403485911153
1970-01-01 00:00:00.000020553,0.9890403485911153
1970-01-01 00:00:00.000020554,0.9890403485911153
1970-01-01 00:00:00.000020555,0.9890403485911153
1970-01-01 00:00:00.000020556,0.9890403485911153
1970-01-01 00:00:00.000020557,0.9890403485911153
1970-01-01 00:00:00.000020558,0.9890403485911153
1970-01-01 00:00:00.000020559,0.9890403485911153
1970-01-01 00:00:00.000020560,0.9890403485911153
1970-01-01 00:00:00.000020561,0.9890403485911153
1970-01-01 00:00:00.000020562,0.9890403485911153
1970-01-01 00:00:00.000020563,0.9890403485911153
1970-01-01 00:00:00.000020564,0.9890403485911153
1970-01-01 00:00:00.000020565,0.9890403485911153
1970-01-01 00:00:00.000020566,0.9890403485911153
1970-01-01 00:00:00.000020567,0.9890403485911153
1970-01-01 00:00:00.000020568,0.9890403485911153
1970-01-01 00:00:00.000020569,0.9890403485911153
1970-01-01 00:00:00.000020570,0.9890403485911153
1970-01-01 00:00:00.000020571,0.9890403485911153
1970-01-01 00:00:00.000020572,0.9890403485911153
1970-01-01 00:00:00.000020573,0.9890403485911153
1970-01-01 00:00:00.000020574,0.9890403485911153
1970-01-01 00:00:00.000020575,0.9890403485911153
1970-01-01 00:00:00.000020576,0.9890403485911153
1970-01-01 00:00:00.000020577,0.9890403485911153
1970-01-01 00:00:00.000020578,0.9890403485911153
1970-01-01 00:00:00.000020579,0.9890403485911153
1970-01-01 00:00:00.000020580,0.9890403485911153
1970-01-01 00:00:00.000020581,0.9890403485911153
1970-01-01 00:00:00.000020582,0.9890403485911153
1970-01-01 00:00:00.000020583,0.9890403485911153
1970-01-01 00:00:00.000020584,0.9890403485911153
1970-01-01 00:00:00.000020585,0.9890403485911153
1970-01-01 00:00:00.000020586,0.9890403485911153
1970-01-01 00:00:00.000020587,0.9890403485911153
1970-01-01 00:00:00.000020588,0.9890403485911153
1970-01-01 00:00:00.000020589,0.9890403485911153
1970-01-01 00:00:00.000020590,0.9890403485911153
1970-01-01 00:00:00.000020591,0.9890403485911153
1970-01-01 00:00:00.000020592,0.9890403485911153
1970-01-01 00:00:00.000020593,0.9890403485911153
1970-01-01 00:00:00.000020594,0.9890403485911153
1970-01-01 00:00:00.000020595,0.9890403485911153
1970-01-01 00:00:00.000020596,0.9890403485911153
1970-01-01 00:00:00.000020597,0.9890403485911153
1970-01-01 00:00:00.000020598,0.9890403485911153
1970-01-01 00:00:00.000020599,0.9890403485911153
1970-01-01 00:00:00.000020600,0.9890403485911153
1970-01-01 00:00:00.000020601,0.9890403485911153
1970-01-01 00:00:00.000020602,0.9890403485911153
1970-01-01 00:00:00.000020603,0.9890403485911153
1970-01-01 00:00:00.000020604,0.9890403485911153
1970-01-01 00:00:00.000020605,0.9890403485911153
1970-01-01 00:00:00.000020606,0.9890403485911153
1970-01-01 00:00:00.000020607,0.9890403485911153
1970-01-01 00:00:00.000020608,0.9890403485911153
1970-01-01 00:00:00.000020609,0.9890403485911153
1970-01-01 00:00:00.000020610,0.9890403485911153
1970-01-01 00:00:00.000020611,0.9890403485911153
1970-01-01 00:00:00.000020612,0.9890403485911153
1970-01-01 00:00:00.000020613,0.9890403485911153
1970-01-01 00:00:00.000020614,0.9890403485911153
1970-01-01 00:00:00.000020615,0.9890403485911153
1970-01-01 00:00:00.000020616,0.9890403485911153
1970-01-01 00:00:00.000020617,0.9890403485911153
1970-01-01 00:00:00.000020618,0.9890403485911153
1970-01-01 00:00:00.000020619,0.9890403485911153
1970-01-01 00:00:00.000020620,0.9890403485911153
1970-01-01 00:00:00.000020621,0.9890403485911153
1970-01-01 00:00:00.000020622,0.9890403485911153
1970-01-01 00:00:00.000020623,0.9890403485911153
1970-01-01 00:00:00.000020624,0.9890403485911153
1970-01-01 00:00:00.000020625,0.9890403485911153
1970-01-01 00:00:00.000020626,0.9890403485911153
1970-01-01 00:00:00.000020627,0.9890403485911153
1970-01-01 00:00:00.000020628,0.9890403485911153
1970-01-01 00:00:00.000020629,0.9890403485911153
1970-01-01 00:00:00.000020630,0.9890403485911153
1970-01-01 00:00:00.000020631,0.9890403485911153
1970-01-01 00:00:00.000020632,0.9890403485911153
1970-01-01 00:00:00.000020633,0.9890403485911153
1970-01-01 00:00:00.000020634,0.9890403485911153
1970-01-01 00:00:00.000020635,0.9890403485911153
1970-01-01 00:00:00.000020636,0.9890403485911153
1970-01-01 00:00:00.000020637,0.9890403485911153
1970-01-01 00:00:00.000020638,0.9890403485911153
1970-01-01 00:00:00.000020639,0.9890403485911153
1970-01-01 00:00:00.000020640,0.9890403485911153
1970-01-01 00:00:00.000020641,0.9890403485911153
1970-01-01 00:00:00.000020642,0.9890403485911153
1970-01-01 00:00:00.000020643,0.9890403485911153
1970-01-01 00:00:00.000020644,0.9890403485911153
1970-01-01 00:00:00.000020645,0.9890403485911153
1970-01-01 00:00:00.000020646,0.9890403485911153
1970-01-01 00:00:00.000020647,0.9890403485911153
1970-01-01 00:00:00.000020648,0.9890403485911153
1970-01-01 00:00:00.000020649,0.9890403485911153
1970-01-01 00:00:00.000020650,0.9890403485911153
1970-01-01 00:00:00.000020651,0.9890403485911153
1970-01-01 00:00:00.000020652,0.9890403485911153
1970-01-01 00:00:00.000020653,0.9890403485911153
1970-01-01 00:00:00.000020654,0.9890403485911153
1970-01-01 00:00:00.000020655,0.9890403485911153
1970-01-01 00:00:00.000020656,0.9890403485911153
1970-01-01 00:00:00.000020657,0.9890403485911153
1970-01-01 00:00:00.000020658,0.9890403485911153
1970-01-01 00:00:00.000020659,0.9890403485911153
1970-01-01 00:00:00.000020660,0.9890403485911153
1970-01-01 00:00:00.000020661,0.9890403485911153
1970-01-01 00:00:00.000020662,0.9890403485911153
1970-01-01 00:00:00.000020663,0.9890403485911153
1970-01-01 00:00:00.000020664,0.9890403485911153
1970-01-01 00:00:00.000020665,0.9890403485911153
1970-01-01 00:00:00.000020666,0.9890403485911153
1970-01-01 00:00:00.000020667,0.9890403485911153
1970-01-01 00:00:00.000020668,0.9890403485911153
1970-01-01 00:00:00.000020669,0.9890403485911153
1970-01-01 00:00:00.000020670,0.9890403485911153
1970-01-01 00:00:00.000020671,0.9890403485911153
1970-01-01 00:00:00.000020672,0.9890403485911153
1970-01-01 00:00:00.000020673,0.9890403485911153
1970-01-01 00:00:00.000020674,0.9890403485911153
1970-01-01 00:00:00.000020675,0.9890403485911153
1970-01-01 00:00:00.000020676,0.9890403485911153
1970-01-01 00:00:00.000020677,0.9890403485911153
1970-01-01 00:00:00.000020678,0.9890403485911153
1970-01-01 00:00:00.000020679,0.9890403485911153
1970-01-01 00:00:00.000020680,0.9890403485911153
1970-01-01 00:00:00.000020681,0.9890403485911153
1970-01-01 00:00:00.000020682,0.9890403485911153
1970-01-01 00:00:00.000020683,0.9890403485911153
1970-01-01 00:00:00.000020684,0.9890403485911153
1970-01-01 00:00:00.000020685,0.9890403485911153
1970-01-01 00:00:00.000020686,0.9890403485911153
1970-01-01 00:00:00.000020687,0.9890403485911153
1970-01-01 00:00:00.000020688,0.9890403485911153
1970-01-01 00:00:00.000020689,0.9885591461946966
1970-01-01 00:00:00.000020690,0.9890914410308345
1970-01-01 00:00:00.000020691,0.9889925318867314
1970-01-01 00:00:00.000020692,0.9889925318867314
1970-01-01 00:00:00.000020693,0.9889925318867314
1970-01-01 00:00:00.000020694,0.9889925318867314
1970-01-01 00:00:00.000020695,0.9889925318867314
1970-01-01 00:00:00.000020696,0.9889925318867314
1970-01-01 00:00:00.000020697,0.9889925318867314
1970-01-01 00:00:00.000020698,0.9865928066393711
1970-01-01 00:00:00.000020699,0.9887670863872151
1970-01-01 00:00:00.000020700,0.9869608331093851
1970-01-01 00:00:00.000020701,0.9864337297773325
1970-01-01 00:00:00.000020702,0.9873599870518629
1970-01-01 00:00:00.000020703,0.9889921156563803
1970-01-01 00:00:00.000020704,0.9888932164448148
1970-01-01 00:00:00.000020705,0.990220593072372
1970-01-01 00:00:00.000020706,0.9901215710130647
1970-01-01 00:00:00.000020707,0.9901215710130647
1970-01-01 00:00:00.000020708,0.9901215710130647
1970-01-01 00:00:00.000020709,0.9901215710130647
1970-01-01 00:00:00.000020710,0.9901215710130647
1970-01-01 00:00:00.000020711,0.9901215710130647
1970-01-01 00:00:00.000020712,0.9901215710130647
1970-01-01 00:00:00.000020713,0.9901215710130647
1970-01-01 00:00:00.000020714,0.9901215710130647
1970-01-01 00:00:00.000020715,0.9901215710130647
1970-01-01 00:00:00.000020716,0.9901215710130647
1970-01-01 00:00:00.000020717,0.9901215710130647
1970-01-01 00:00:00.000020718,0.9901215710130647
1970-01-01 00:00:00.000020719,0.9901215710130647
1970-01-01 00:00:00.000020720,0.9901215710130647
1970-01-01 00:00:00.000020721,0.9901215710130647
1970-01-01 00:00:00.000020722,0.9901215710130647
1970-01-01 00:00:00.000020723,0.9901215710130647
1970-01-01 00:00:00.000020724,0.9901215710130647
1970-01-01 00:00:00.000020725,0.9901215710130647
1970-01-01 00:00:00.000020726,0.9901215710130647
1970-01-01 00:00:00.000020727,0.9901215710130647
1970-01-01 00:00:00.000020728,0.9901215710130647
1970-01-01 00:00:00.000020729,0.9901215710130647
1970-01-01 00:00:00.000020730,0.9901215710130647
1970-01-01 00:00:00.000020731,0.9901215710130647
1970-01-01 00:00:00.000020732,0.9901215710130647
1970-01-01 00:00:00.000020733,0.9901215710130647
1970-01-01 00:00:00.000020734,0.9901215710130647
1970-01-01 00:00:00.000020735,0.9901215710130647
1970-01-01 00:00:00.000020736,0.9901215710130647
1970-01-01 00:00:00.000020737,0.9901215710130647
1970-01-01 00:00:00.000020738,0.9901215710130647
1970-01-01 00:00:00.000020739,0.9901215710130647
1970-01-01 00:00:00.000020740,0.9901215710130647
1970-01-01 00:00:00.000020741,0.9901215710130647
1970-01-01 00:00:00.000020742,0.9901215710130647
1970-01-01 00:00:00.000020743,0.9901215710130647
1970-01-01 00:00:00.000020744,0.9901215710130647
1970-01-01 00:00:00.000020745,0.9901215710130647
1970-01-01 00:00:00.000020746,0.9901215710130647
1970-01-01 00:00:00.000020747,0.9878443983701395
1970-01-01 00:00:00.000020748,0.9877456139303025
1970-01-01 00:00:00.000020749,0.9877456139303025
1970-01-01 00:00:00.000020750,0.9871641680194667
1970-01-01 00:00:00.000020751,0.9884105554603815
1970-01-01 00:00:00.000020752,0.9871072312855443
1970-01-01 00:00:00.000020753,0.9871913836054843
1970-01-01 00:00:00.000020754,0.9878658117466032
1970-01-01 00:00:00.000020755,0.9887471647401407
1970-01-01 00:00:00.000020756,0.9883491259947992
1970-01-01 00:00:00.000020757,0.9870610079886576
1970-01-01 00:00:00.000020758,0.9884527180190372
1970-01-01 00:00:00.000020759,0.988659988466199
1970-01-01 00:00:00.000020760,0.9885611224673524
1970-01-01 00:00:00.000020761,0.9885611224673524
1970-01-01 00:00:00.000020762,0.9885611224673524
1970-01-01 00:00:00.000020763,0.9885611224673524
1970-01-01 00:00:00.000020764,0.9885611224673524
1970-01-01 00:00:00.000020765,0.9885611224673524
1970-01-01 00:00:00.000020766,0.9885611224673524
1970-01-01 00:00:00.000020767,0.9885611224673524
1970-01-01 00:00:00.000020768,0.9885611224673524
1970-01-01 00:00:00.000020769,0.9885611224673524
1970-01-01 00:00:00.000020770,0.9885611224673524
1970-01-01 00:00:00.000020771,0.9885611224673524
1970-01-01 00:00:00.000020772,0.9885611224673524
1970-01-01 00:00:00.000020773,0.9885611224673524
1970-01-01 00:00:00.000020774,0.9885611224673524
1970-01-01 00:00:00.000020775,0.9885611224673524
1970-01-01 00:00:00.000020776,0.9885611224673524
1970-01-01 00:00:00.000020777,0.9885611224673524
1970-01-01 00:00:00.000020778,0.9885611224673524
1970-01-01 00:00:00.000020779,0.9885611224673524
1970-01-01 00:00:00.000020780,0.9885611224673524
1970-01-01 00:00:00.000020781,0.9885611224673524
1970-01-01 00:00:00.000020782,0.9885611224673524
1970-01-01 00:00:00.000020783,0.9885611224673524
1970-01-01 00:00:00.000020784,0.9885611224673524
1970-01-01 00:00:00.000020785,0.9885611224673524
1970-01-01 00:00:00.000020786,0.9889125139672016
1970-01-01 00:00:00.000020787,0.9897427025046825
1970-01-01 00:00:00.000020788,0.9909483636624608
1970-01-01 00:00:00.000020789,0.9908492688260945
1970-01-01 00:00:00.000020790,0.9908492688260945
1970-01-01 00:00:00.000020791,0.9908492688260945
1970-01-01 00:00:00.000020792,0.9853904497162432
1970-01-01 00:00:00.000020793,0.9812778642246498
1970-01-01 00:00:00.000020794,0.9835498142885658
1970-01-01 00:00:00.000020795,0.9848607253859178
1970-01-01 00:00:00.000020796,0.9830242664969817
1970-01-01 00:00:00.000020797,0.9829259640703321
1970-01-01 00:00:00.000020798,0.9829259640703321
1970-01-01 00:00:00.000020799,0.9829259640703321
1970-01-01 00:00:00.000020800,0.9829259640703321
1970-01-01 00:00:00.000020801,0.9829259640703321
1970-01-01 00:00:00.000020802,0.9829259640703321
1970-01-01 00:00:00.000020803,0.9829259640703321
1970-01-01 00:00:00.000020804,0.9829259640703321
1970-01-01 00:00:00.000020805,0.9829259640703321
1970-01-01 00:00:00.000020806,0.9829259640703321
1970-01-01 00:00:00.000020807,0.9829259640703321
1970-01-01 00:00:00.000020808,0.9829259640703321
1970-01-01 00:00:00.000020809,0.9829259640703321
1970-01-01 00:00:00.000020810,0.9829259640703321
1970-01-01 00:00:00.000020811,0.9829259640703321
1970-01-01 00:00:00.000020812,0.9829259640703321
1970-01-01 00:00:00.000020813,0.9829259640703321
1970-01-01 00:00:00.000020814,0.9829259640703321
1970-01-01 00:00:00.000020815,0.9829259640703321
1970-01-01 00:00:00.000020816,0.9829259640703321
1970-01-01 00:00:00.000020817,0.9829259640703321
1970-01-01 00:00:00.000020818,0.9829259640703321
1970-01-01 00:00:00.000020819,0.9829259640703321
1970-01-01 00:00:00.000020820,0.9829259640703321
1970-01-01 00:00:00.000020821,0.9829259640703321
1970-01-01 00:00:00.000020822,0.9829259640703321
1970-01-01 00:00:00.000020823,0.9829259640703321
1970-01-01 00:00:00.000020824,0.9829259640703321
1970-01-01 00:00:00.000020825,0.9829259640703321
1970-01-01 00:00:00.000020826,0.9829259640703321
1970-01-01 00:00:00.000020827,0.9829259640703321
1970-01-01 00:00:00.000020828,0.9829259640703321
1970-01-01 00:00:00.000020829,0.9829259640703321
1970-01-01 00:00:00.000020830,0.9829259640703321
1970-01-01 00:00:00.000020831,0.9829259640703321
1970-01-01 00:00:00.000020832,0.9829259640703321
1970-01-01 00:00:00.000020833,0.9829259640703321
1970-01-01 00:00:00.000020834,0.9829259640703321
1970-01-01 00:00:00.000020835,0.9829259640703321
1970-01-01 00:00:00.000020836,0.9829259640703321
1970-01-01 00:00:00.000020837,0.9829259640703321
1970-01-01 00:00:00.000020838,0.9829259640703321
1970-01-01 00:00:00.000020839,0.9829259640703321
1970-01-01 00:00:00.000020840,0.9829259640703321
1970-01-01 00:00:00.000020841,0.9829259640703321
1970-01-01 00:00:00.000020842,0.9829259640703321
1970-01-01 00:00:00.000020843,0.9829259640703321
1970-01-01 00:00:00.000020844,0.9829259640703321
1970-01-01 00:00:00.000020845,0.9829259640703321
1970-01-01 00:00:00.000020846,0.9829259640703321
1970-01-01 00:00:00.000020847,0.9829259640703321
1970-01-01 00:00:00.000020848,0.9829259640703321
1970-01-01 00:00:00.000020849,0.9829259640703321
1970-01-01 00:00:00.000020850,0.9829259640703321
1970-01-01 00:00:00.000020851,0.9829259640703321
1970-01-01 00:00:00.000020852,0.9829259640703321
1970-01-01 00:00:00.000020853,0.9829259640703321
1970-01-01 00:00:00.000020854,0.9829259640703321
1970-01-01 00:00:00.000020855,0.9829259640703321
1970-01-01 00:00:00.000020856,0.9829259640703321
1970-01-01 00:00:00.000020857,0.9829259640703321
1970-01-01 00:00:00.000020858,0.9829259640703321
1970-01-01 00:00:00.000020859,0.9829259640703321
1970-01-01 00:00:00.000020860,0.9829259640703321
1970-01-01 00:00:00.000020861,0.9829259640703321
1970-01-01 00:00:00.000020862,0.9829259640703321
1970-01-01 00:00:00.000020863,0.9829259640703321
1970-01-01 00:00:00.000020864,0.982891009884929
1970-01-01 00:00:00.000020865,0.9802943947045248
1970-01-01 00:00:00.000020866,0.9801963652650544
1970-01-01 00:00:00.000020867,0.9801963652650544
1970-01-01 00:00:00.000020868,0.9801963652650544
1970-01-01 00:00:00.000020869,0.9801963652650544
1970-01-01 00:00:00.000020870,0.9801963652650544
1970-01-01 00:00:00.000020871,0.9801963652650544
1970-01-01 00:00:00.000020872,0.9801963652650544
1970-01-01 00:00:00.000020873,0.9801963652650544
1970-01-01 00:00:00.000020874,0.9801963652650544
1970-01-01 00:00:00.000020875,0.9801963652650544
1970-01-01 00:00:00.000020876,0.9801963652650544
1970-01-01 00:00:00.000020877,0.9801963652650544
1970-01-01 00:00:00.000020878,0.9801963652650544
1970-01-01 00:00:00.000020879,0.9801963652650544
1970-01-01 00:00:00.000020880,0.9801963652650544
1970-01-01 00:00:00.000020881,0.9801963652650544
1970-01-01 00:00:00.000020882,0.9801963652650544
1970-01-01 00:00:00.000020883,0.9801963652650544
1970-01-01 00:00:00.000020884,0.9801963652650544
1970-01-01 00:00:00.000020885,0.9801963652650544
1970-01-01 00:00:00.000020886,0.9801963652650544
1970-01-01 00:00:00.000020887,0.9801963652650544
1970-01-01 00:00:00.000020888,0.9801963652650544
1970-01-01 00:00:00.000020889,0.9801963652650544
1970-01-01 00:00:00.000020890,0.9801963652650544
1970-01-01 00:00:00.000020891,0.9787541789477631
1970-01-01 00:00:00.000020892,0.9780555307200538
1970-01-01 00:00:00.000020893,0.9802448156913071
1970-01-01 00:00:00.000020894,0.9801467912097379
1970-01-01 00:00:00.000020895,0.9801467912097379
1970-01-01 00:00:00.000020896,0.9801467912097379
1970-01-01 00:00:00.000020897,0.9801467912097379
1970-01-01 00:00:00.000020898,0.9801467912097379
1970-01-01 00:00:00.000020899,0.9801467912097379
1970-01-01 00:00:00.000020900,0.9801467912097379
1970-01-01 00:00:00.000020901,0.9801467912097379
1970-01-01 00:00:00.000020902,0.9801467912097379
1970-01-01 00:00:00.000020903,0.9801467912097379
1970-01-01 00:00:00.000020904,0.9801467912097379
1970-01-01 00:00:00.000020905,0.9801467912097379
1970-01-01 00:00:00.000020906,0.9801467912097379
1970-01-01 00:00:00.000020907,0.9801467912097379
1970-01-01 00:00:00.000020908,0.9801467912097379
1970-01-01 00:00:00.000020909,0.9801467912097379
1970-01-01 00:00:00.000020910,0.9801467912097379
1970-01-01 00:00:00.000020911,0.9797018218841576
1970-01-01 00:00:00.000020912,0.9794407816361586
1970-01-01 00:00:00.000020913,0.9783095505418984
1970-01-01 00:00:00.000020914,0.9782261367036942
1970-01-01 00:00:00.000020915,0.9797059883245979
1970-01-01 00:00:00.000020916,0.9789971832733538
1970-01-01 00:00:00.000020917,0.9788992835550265
1970-01-01 00:00:00.000020918,0.9788992835550265
1970-01-01 00:00:00.000020919,0.9788992835550265
1970-01-01 00:00:00.000020920,0.9783333454170238
1970-01-01 00:00:00.000020921,0.9779919067041202
1970-01-01 00:00:00.000020922,0.978388679398129
1970-01-01 00:00:00.000020923,0.9779919067041201
1970-01-01 00:00:00.000020924,0.9775029957067036
1970-01-01 00:00:00.000020925,0.9772805548026288
1970-01-01 00:00:00.000020926,0.9771828267471485
1970-01-01 00:00:00.000020927,0.9771828267471485
1970-01-01 00:00:00.000020928,0.9771828267471485
1970-01-01 00:00:00.000020929,0.9771828267471485
1970-01-01 00:00:00.000020930,0.9771828267471485
1970-01-01 00:00:00.000020931,0.9771828267471485
1970-01-01 00:00:00.000020932,0.9771828267471485
1970-01-01 00:00:00.000020933,0.9771828267471485
1970-01-01 00:00:00.000020934,0.9771828267471485
1970-01-01 00:00:00.000020935,0.9771828267471485
1970-01-01 00:00:00.000020936,0.9771828267471485
1970-01-01 00:00:00.000020937,0.9771828267471485
1970-01-01 00:00:00.000020938,0.9771828267471485
1970-01-01 00:00:00.000020939,0.9771828267471485
1970-01-01 00:00:00.000020940,0.9771828267471485
1970-01-01 00:00:00.000020941,0.9771828267471485
1970-01-01 00:00:00.000020942,0.9771828267471485
1970-01-01 00:00:00.000020943,0.9771828267471485
1970-01-01 00:00:00.000020944,0.9771828267471485
1970-01-01 00:00:00.000020945,0.9760986242448796
1970-01-01 00:00:00.000020946,0.9760010143824551
1970-01-01 00:00:00.000020947,0.9760010143824551
1970-01-01 00:00:00.000020948,0.9760010143824551
1970-01-01 00:00:00.000020949,0.9760010143824551
1970-01-01 00:00:00.000020950,0.9760010143824551
1970-01-01 00:00:00.000020951,0.9760010143824551
1970-01-01 00:00:00.000020952,0.9760010143824551
1970-01-01 00:00:00.000020953,0.9760010143824551
1970-01-01 00:00:00.000020954,0.9760010143824551
1970-01-01 00:00:00.000020955,0.9760010143824551
1970-01-01 00:00:00.000020956,0.9760010143824551
1970-01-01 00:00:00.000020957,0.9760010143824551
1970-01-01 00:00:00.000020958,0.9760010143824551
1970-01-01 00:00:00.000020959,0.9760010143824551
1970-01-01 00:00:00.000020960,0.9760010143824551
1970-01-01 00:00:00.000020961,0.9760010143824551
1970-01-01 00:00:00.000020962,0.9760010143824551
1970-01-01 00:00:00.000020963,0.9760010143824551
1970-01-01 00:00:00.000020964,0.9760010143824551
1970-01-01 00:00:00.000020965,0.9760010143824551
1970-01-01 00:00:00.000020966,0.9760010143824551
1970-01-01 00:00:00.000020967,0.9760010143824551
1970-01-01 00:00:00.000020968,0.9760010143824551
1970-01-01 00:00:00.000020969,0.9760010143824551
1970-01-01 00:00:00.000020970,0.9760010143824551
1970-01-01 00:00:00.000020971,0.9760010143824551
1970-01-01 00:00:00.000020972,0.9760010143824551
1970-01-01 00:00:00.000020973,0.9760010143824551
1970-01-01 00:00:00.000020974,0.9748055143266037
1970-01-01 00:00:00.000020975,0.9728275346029279
1970-01-01 00:00:00.000020976,0.9727302518494676
1970-01-01 00:00:00.000020977,0.9727302518494676
1970-01-01 00:00:00.000020978,0.9727302518494676
1970-01-01 00:00:00.000020979,0.9727302518494676
1970-01-01 00:00:00.000020980,0.9727302518494676
1970-01-01 00:00:00.000020981,0.9727302518494676
1970-01-01 00:00:00.000020982,0.9727302518494676
1970-01-01 00:00:00.000020983,0.9727302518494676
1970-01-01 00:00:00.000020984,0.9727302518494676
1970-01-01 00:00:00.000020985,0.9727302518494676
1970-01-01 00:00:00.000020986,0.9727302518494676
1970-01-01 00:00:00.000020987,0.9727302518494676
1970-01-01 00:00:00.000020988,0.9727302518494676
1970-01-01 00:00:00.000020989,0.9727302518494676
1970-01-01 00:00:00.000020990,0.9727302518494676
1970-01-01 00:00:00.000020991,0.9727302518494676
1970-01-01 00:00:00.000020992,0.9727302518494676
1970-01-01 00:00:00.000020993,0.9727302518494676
1970-01-01 00:00:00.000020994,0.9739670686146453
1970-01-01 00:00:00.000020995,0.9750886544012557
1970-01-01 00:00:00.000020996,0.9751364901858505
1970-01-01 00:00:00.000020997,0.9750389765368319
1970-01-01 00:00:00.000020998,0.9759573906938799
1970-01-01 00:00:00.000020999,0.9734915204747372
1970-01-01 00:00:00.000021000,0.9733941713226897
1970-01-01 00:00:00.000021001,0.9733941713226897
1970-01-01 00:00:00.000021002,0.9733941713226897
1970-01-01 00:00:00.000021003,0.9733941713226897
1970-01-01 00:00:00.000021004,0.9733941713226897
1970-01-01 00:00:00.000021005,0.9733941713226897
1970-01-01 00:00:00.000021006,0.9733941713226897
1970-01-01 00:00:00.000021007,0.9733941713226897
1970-01-01 00:00:00.000021008,0.9733941713226897
1970-01-01 00:00:00.000021009,0.9733941713226897
1970-01-01 00:00:00.000021010,0.9733941713226897
1970-01-01 00:00:00.000021011,0.9733941713226897
1970-01-01 00:00:00.000021012,0.9733941713226897
1970-01-01 00:00:00.000021013,0.9733941713226897
1970-01-01 00:00:00.000021014,0.9733941713226897
1970-01-01 00:00:00.000021015,0.9733941713226897
1970-01-01 00:00:00.000021016,0.9733941713226897
1970-01-01 00:00:00.000021017,0.9733941713226897
1970-01-01 00:00:00.000021018,0.9733941713226897
1970-01-01 00:00:00.000021019,0.9733941713226897
1970-01-01 00:00:00.000021020,0.9733941713226897
1970-01-01 00:00:00.000021021,0.9733941713226897
1970-01-01 00:00:00.000021022,0.9733941713226897
1970-01-01 00:00:00.000021023,0.9733941713226897
1970-01-01 00:00:00.000021024,0.9733941713226897
1970-01-01 00:00:00.000021025,0.9733941713226897
1970-01-01 00:00:00.000021026,0.9707323288160198
1970-01-01 00:00:00.000021027,0.9699906875591833
1970-01-01 00:00:00.000021028,0.9678162606261188
1970-01-01 00:00:00.000021029,0.9671352983559172
1970-01-01 00:00:00.000021030,0.9676189090515795
1970-01-01 00:00:00.000021031,0.9675221471606744
1970-01-01 00:00:00.000021032,0.9666411879848822
1970-01-01 00:00:00.000021033,0.9664263038377605
1970-01-01 00:00:00.000021034,0.9659853609056658
1970-01-01 00:00:00.000021035,0.9668548305055761
1970-01-01 00:00:00.000021036,0.9678228852438617
1970-01-01 00:00:00.000021037,0.9663475847222317
1970-01-01 00:00:00.000021038,0.9662509499637595
1970-01-01 00:00:00.000021039,0.9662509499637595
1970-01-01 00:00:00.000021040,0.9662509499637595
1970-01-01 00:00:00.000021041,0.9662509499637595
1970-01-01 00:00:00.000021042,0.9662509499637595
1970-01-01 00:00:00.000021043,0.9662509499637595
1970-01-01 00:00:00.000021044,0.9662509499637595
1970-01-01 00:00:00.000021045,0.9662509499637595
1970-01-01 00:00:00.000021046,0.9657502677035017
1970-01-01 00:00:00.000021047,0.9656536926767314
1970-01-01 00:00:00.000021048,0.9656536926767314
1970-01-01 00:00:00.000021049,0.9656536926767314
1970-01-01 00:00:00.000021050,0.9656536926767314
1970-01-01 00:00:00.000021051,0.9656536926767314
1970-01-01 00:00:00.000021052,0.9656536926767314
1970-01-01 00:00:00.000021053,0.9656536926767314
1970-01-01 00:00:00.000021054,0.9656536926767314
1970-01-01 00:00:00.000021055,0.9656536926767314
1970-01-01 00:00:00.000021056,0.9656536926767314
1970-01-01 00:00:00.000021057,0.9656536926767314
1970-01-01 00:00:00.000021058,0.9656536926767314
1970-01-01 00:00:00.000021059,0.9656536926767314
1970-01-01 00:00:00.000021060,0.9656536926767314
1970-01-01 00:00:00.000021061,0.9656536926767314
1970-01-01 00:00:00.000021062,0.9656536926767314
1970-01-01 00:00:00.000021063,0.9656536926767314
1970-01-01 00:00:00.000021064,0.9656536926767314
1970-01-01 00:00:00.000021065,0.9656536926767314
1970-01-01 00:00:00.000021066,0.9656536926767314
1970-01-01 00:00:00.000021067,0.9656536926767314
1970-01-01 00:00:00.000021068,0.9656536926767314
1970-01-01 00:00:00.000021069,0.9656536926767314
1970-01-01 00:00:00.000021070,0.9656536926767314
1970-01-01 00:00:00.000021071,0.9656536926767314
1970-01-01 00:00:00.000021072,0.9656536926767314
1970-01-01 00:00:00.000021073,0.9656536926767314
1970-01-01 00:00:00.000021074,0.9656536926767314
1970-01-01 00:00:00.000021075,0.9656536926767314
1970-01-01 00:00:00.000021076,0.9656536926767314
1970-01-01 00:00:00.000021077,0.9656536926767314
1970-01-01 00:00:00.000021078,0.9656536926767314
1970-01-01 00:00:00.000021079,0.9656536926767314
1970-01-01 00:00:00.000021080,0.9656536926767314
1970-01-01 00:00:00.000021081,0.9656536926767314
1970-01-01 00:00:00.000021082,0.9656536926767314
1970-01-01 00:00:00.000021083,0.9656536926767314
1970-01-01 00:00:00.000021084,0.9656536926767314
1970-01-01 00:00:00.000021085,0.9656536926767314
1970-01-01 00:00:00.000021086,0.9679536009991866
1970-01-01 00:00:00.000021087,0.9678568056390867
1970-01-01 00:00:00.000021088,0.967396927819538
1970-01-01 00:00:00.000021089,0.9676533250530189
1970-01-01 00:00:00.000021090,0.9682068664316389
1970-01-01 00:00:00.000021091,0.9701576352431505
1970-01-01 00:00:00.000021092,0.9700606194796262
1970-01-01 00:00:00.000021093,0.9700606194796262
1970-01-01 00:00:00.000021094,0.9700606194796262
1970-01-01 00:00:00.000021095,0.9700606194796262
1970-01-01 00:00:00.000021096,0.9700606194796262
1970-01-01 00:00:00.000021097,0.9700606194796262
1970-01-01 00:00:00.000021098,0.9700606194796262
1970-01-01 00:00:00.000021099,0.9700606194796262
1970-01-01 00:00:00.000021100,0.9700606194796262
1970-01-01 00:00:00.000021101,0.9700606194796262
1970-01-01 00:00:00.000021102,0.9700606194796262
1970-01-01 00:00:00.000021103,0.9700606194796262
1970-01-01 00:00:00.000021104,0.9700606194796262
1970-01-01 00:00:00.000021105,0.9700606194796262
1970-01-01 00:00:00.000021106,0.9700606194796262
1970-01-01 00:00:00.000021107,0.9700606194796262
1970-01-01 00:00:00.000021108,0.9700606194796262
1970-01-01 00:00:00.000021109,0.9700606194796262
1970-01-01 00:00:00.000021110,0.9700606194796262
1970-01-01 00:00:00.000021111,0.9700606194796262
1970-01-01 00:00:00.000021112,0.9700606194796262
1970-01-01 00:00:00.000021113,0.9700606194796262
1970-01-01 00:00:00.000021114,0.9700606194796262
1970-01-01 00:00:00.000021115,0.9700606194796262
1970-01-01 00:00:00.000021116,0.9700606194796262
1970-01-01 00:00:00.000021117,0.9700606194796262
1970-01-01 00:00:00.000021118,0.9700606194796262
1970-01-01 00:00:00.000021119,0.9700606194796262
1970-01-01 00:00:00.000021120,0.9700606194796262
1970-01-01 00:00:00.000021121,0.9700606194796262
1970-01-01 00:00:00.000021122,0.9700606194796262
1970-01-01 00:00:00.000021123,0.9700606194796262
1970-01-01 00:00:00.000021124,0.9700606194796262
1970-01-01 00:00:00.000021125,0.9700606194796262
1970-01-01 00:00:00.000021126,0.9700606194796262
1970-01-01 00:00:00.000021127,0.9700606194796262
1970-01-01 00:00:00.000021128,0.9700606194796262
1970-01-01 00:00:00.000021129,0.9700606194796262
1970-01-01 00:00:00.000021130,0.9700606194796262
1970-01-01 00:00:00.000021131,0.9700606194796262
1970-01-01 00:00:00.000021132,0.9700606194796262
1970-01-01 00:00:00.000021133,0.9700606194796262
1970-01-01 00:00:00.000021134,0.9700606194796262
1970-01-01 00:00:00.000021135,0.9700606194796262
1970-01-01 00:00:00.000021136,0.9700606194796262
1970-01-01 00:00:00.000021137,0.9700606194796262
1970-01-01 00:00:00.000021138,0.9700606194796262
1970-01-01 00:00:00.000021139,0.9700606194796262
1970-01-01 00:00:00.000021140,0.9700606194796262
1970-01-01 00:00:00.000021141,0.9700606194796262
1970-01-01 00:00:00.000021142,0.9700606194796262
1970-01-01 00:00:00.000021143,0.9700606194796262
1970-01-01 00:00:00.000021144,0.9700606194796262
1970-01-01 00:00:00.000021145,0.9700606194796262
1970-01-01 00:00:00.000021146,0.9700606194796262
1970-01-01 00:00:00.000021147,0.9700606194796262
1970-01-01 00:00:00.000021148,0.9700606194796262
1970-01-01 00:00:00.000021149,0.9700606194796262
1970-01-01 00:00:00.000021150,0.9700606194796262
1970-01-01 00:00:00.000021151,0.9700606194796262
1970-01-01 00:00:00.000021152,0.9700606194796262
1970-01-01 00:00:00.000021153,0.9700606194796262
1970-01-01 00:00:00.000021154,0.9700606194796262
1970-01-01 00:00:00.000021155,0.9700606194796262
1970-01-01 00:00:00.000021156,0.9700606194796262
1970-01-01 00:00:00.000021157,0.9700606194796262
1970-01-01 00:00:00.000021158,0.9700606194796262
1970-01-01 00:00:00.000021159,0.9700606194796262
1970-01-01 00:00:00.000021160,0.9700606194796262
1970-01-01 00:00:00.000021161,0.9700606194796262
1970-01-01 00:00:00.000021162,0.9700606194796262
1970-01-01 00:00:00.000021163,0.9700606194796262
1970-01-01 00:00:00.000021164,0.9700606194796262
1970-01-01 00:00:00.000021165,0.9700606194796262
1970-01-01 00:00:00.000021166,0.9700606194796262
1970-01-01 00:00:00.000021167,0.9700606194796262
1970-01-01 00:00:00.000021168,0.9700606194796262
1970-01-01 00:00:00.000021169,0.9700606194796262
1970-01-01 00:00:00.000021170,0.9700606194796262
1970-01-01 00:00:00.000021171,0.9681692148368782
1970-01-01 00:00:00.000021172,0.9680723979153946
1970-01-01 00:00:00.000021173,0.9680723979153946
1970-01-01 00:00:00.000021174,0.9680723979153946
1970-01-01 00:00:00.000021175,0.9680723979153946
1970-01-01 00:00:00.000021176,0.9680723979153946
1970-01-01 00:00:00.000021177,0.9680723979153946
1970-01-01 00:00:00.000021178,0.9680723979153946
1970-01-01 00:00:00.000021179,0.9680723979153946
1970-01-01 00:00:00.000021180,0.9680723979153946
1970-01-01 00:00:00.000021181,0.9680723979153946
1970-01-01 00:00:00.000021182,0.9680723979153946
1970-01-01 00:00:00.000021183,0.9680723979153946
1970-01-01 00:00:00.000021184,0.9680723979153946
1970-01-01 00:00:00.000021185,0.9680723979153946
1970-01-01 00:00:00.000021186,0.9680723979153946
1970-01-01 00:00:00.000021187,0.9680723979153946
1970-01-01 00:00:00.000021188,0.9680723979153946
1970-01-01 00:00:00.000021189,0.9680723979153946
1970-01-01 00:00:00.000021190,0.9680723979153946
1970-01-01 00:00:00.000021191,0.9680723979153946
1970-01-01 00:00:00.000021192,0.9680723979153946
1970-01-01 00:00:00.000021193,0.9680723979153946
1970-01-01 00:00:00.000021194,0.9680723979153946
1970-01-01 00:00:00.000021195,0.9680723979153946
1970-01-01 00:00:00.000021196,0.9680723979153946
1970-01-01 00:00:00.000021197,0.9680723979153946
1970-01-01 00:00:00.000021198,0.9680723979153946
1970-01-01 00:00:00.000021199,0.9680723979153946
1970-01-01 00:00:00.000021200,0.9680723979153946
1970-01-01 00:00:00.000021201,0.9680723979153946
1970-01-01 00:00:00.000021202,0.9680723979153946
1970-01-01 00:00:00.000021203,0.9680723979153946
1970-01-01 00:00:00.000021204,0.9680723979153946
1970-01-01 00:00:00.000021205,0.9680723979153946
1970-01-01 00:00:00.000021206,0.9680723979153946
1970-01-01 00:00:00.000021207,0.9680723979153946
1970-01-01 00:00:00.000021208,0.9680723979153946
1970-01-01 00:00:00.000021209,0.9680723979153946
1970-01-01 00:00:00.000021210,0.9680723979153946
1970-01-01 00:00:00.000021211,0.9680723979153946
1970-01-01 00:00:00.000021212,0.9680723979153946
1970-01-01 00:00:00.000021213,0.9680723979153946
1970-01-01 00:00:00.000021214,0.9680723979153946
1970-01-01 00:00:00.000021215,0.9680723979153946
1970-01-01 00:00:00.000021216,0.9680723979153946
1970-01-01 00:00:00.000021217,0.9680723979153946
1970-01-01 00:00:00.000021218,0.9680723979153946
1970-01-01 00:00:00.000021219,0.9680723979153946
1970-01-01 00:00:00.000021220,0.9680723979153946
1970-01-01 00:00:00.000021221,0.9680723979153946
1970-01-01 00:00:00.000021222,0.9680723979153946
1970-01-01 00:00:00.000021223,0.9680723979153946
1970-01-01 00:00:00.000021224,0.9680723979153946
1970-01-01 00:00:00.000021225,0.9680723979153946
1970-01-01 00:00:00.000021226,0.9680723979153946
1970-01-01 00:00:00.000021227,0.9680723979153946
1970-01-01 00:00:00.000021228,0.9680723979153946
1970-01-01 00:00:00.000021229,0.9680723979153946
1970-01-01 00:00:00.000021230,0.9702905171966575
1970-01-01 00:00:00.000021231,0.9701934881449378
1970-01-01 00:00:00.000021232,0.9701934881449378
1970-01-01 00:00:00.000021233,0.9701934881449378
1970-01-01 00:00:00.000021234,0.9701934881449378
1970-01-01 00:00:00.000021235,0.9701934881449378
1970-01-01 00:00:00.000021236,0.9701934881449378
1970-01-01 00:00:00.000021237,0.9701934881449378
1970-01-01 00:00:00.000021238,0.9701934881449378
1970-01-01 00:00:00.000021239,0.9701934881449378
1970-01-01 00:00:00.000021240,0.9701934881449378
1970-01-01 00:00:00.000021241,0.9701934881449378
1970-01-01 00:00:00.000021242,0.9701934881449378
1970-01-01 00:00:00.000021243,0.9701934881449378
1970-01-01 00:00:00.000021244,0.9701934881449378
1970-01-01 00:00:00.000021245,0.9701934881449378
1970-01-01 00:00:00.000021246,0.9701934881449378
1970-01-01 00:00:00.000021247,0.9701934881449378
1970-01-01 00:00:00.000021248,0.9701934881449378
1970-01-01 00:00:00.000021249,0.9701934881449378
1970-01-01 00:00:00.000021250,0.9701934881449378
1970-01-01 00:00:00.000021251,0.9701934881449378
1970-01-01 00:00:00.000021252,0.9701934881449378
1970-01-01 00:00:00.000021253,0.9701934881449378
1970-01-01 00:00:00.000021254,0.9715950814526729
1970-01-01 00:00:00.000021255,0.9714979219445277
1970-01-01 00:00:00.000021256,0.9714979219445277
1970-01-01 00:00:00.000021257,0.9714979219445277
1970-01-01 00:00:00.000021258,0.9714979219445277
1970-01-01 00:00:00.000021259,0.9714979219445277
1970-01-01 00:00:00.000021260,0.9714979219445277
1970-01-01 00:00:00.000021261,0.9714979219445277
1970-01-01 00:00:00.000021262,0.9714979219445277
1970-01-01 00:00:00.000021263,0.9714979219445277
1970-01-01 00:00:00.000021264,0.9714979219445277
1970-01-01 00:00:00.000021265,0.9714979219445277
1970-01-01 00:00:00.000021266,0.9714979219445277
1970-01-01 00:00:00.000021267,0.9714979219445277
1970-01-01 00:00:00.000021268,0.9714979219445277
1970-01-01 00:00:00.000021269,0.9714979219445277
1970-01-01 00:00:00.000021270,0.9706304314857331
1970-01-01 00:00:00.000021271,0.9718058209185186
1970-01-01 00:00:00.000021272,0.973498434145207
1970-01-01 00:00:00.000021273,0.9733181596923257
1970-01-01 00:00:00.000021274,0.9733099653990129
1970-01-01 00:00:00.000021275,0.9741649579632686
1970-01-01 00:00:00.000021276,0.9725303603332347
1970-01-01 00:00:00.000021277,0.9728918925541947
1970-01-01 00:00:00.000021278,0.9736049599582731
1970-01-01 00:00:00.000021279,0.9737701569114589
1970-01-01 00:00:00.000021280,0.9728264201506257
1970-01-01 00:00:00.000021281,0.9732616190684676
1970-01-01 00:00:00.000021282,0.972431045498284
1970-01-01 00:00:00.000021283,0.9716915924697385
1970-01-01 00:00:00.000021284,0.9706426409827691
1970-01-01 00:00:00.000021285,0.9711902656048624
1970-01-01 00:00:00.000021286,0.9711902656048624
1970-01-01 00:00:00.000021287,0.9714673146617675
1970-01-01 00:00:00.000021288,0.9704858841516955
1970-01-01 00:00:00.000021289,0.971536228668528
1970-01-01 00:00:00.000021290,0.9714390750456611
1970-01-01 00:00:00.000021291,0.9714390750456611
1970-01-01 00:00:00.000021292,0.9714390750456611
1970-01-01 00:00:00.000021293,0.9721186348595424
1970-01-01 00:00:00.000021294,0.9721186348595424
1970-01-01 00:00:00.000021295,0.9692461013122322
1970-01-01 00:00:00.000021296,0.969149176702101
1970-01-01 00:00:00.000021297,0.9723623950566316
1970-01-01 00:00:00.000021298,0.9722651588171259
1970-01-01 00:00:00.000021299,0.9722651588171259
1970-01-01 00:00:00.000021300,0.9722651588171259
1970-01-01 00:00:00.000021301,0.9722651588171259
1970-01-01 00:00:00.000021302,0.9722651588171259
1970-01-01 00:00:00.000021303,0.9722651588171259
1970-01-01 00:00:00.000021304,0.9722651588171259
1970-01-01 00:00:00.000021305,0.9722651588171259
1970-01-01 00:00:00.000021306,0.9722651588171259
1970-01-01 00:00:00.000021307,0.9722651588171259
1970-01-01 00:00:00.000021308,0.9722651588171259
1970-01-01 00:00:00.000021309,0.9722651588171259
1970-01-01 00:00:00.000021310,0.9722651588171259
1970-01-01 00:00:00.000021311,0.9722651588171259
1970-01-01 00:00:00.000021312,0.9722651588171259
1970-01-01 00:00:00.000021313,0.9722651588171259
1970-01-01 00:00:00.000021314,0.9722651588171259
1970-01-01 00:00:00.000021315,0.9722651588171259
1970-01-01 00:00:00.000021316,0.9722651588171259
1970-01-01 00:00:00.000021317,0.9722651588171259
1970-01-01 00:00:00.000021318,0.9722651588171259
1970-01-01 00:00:00.000021319,0.9722651588171259
1970-01-01 00:00:00.000021320,0.9722651588171259
1970-01-01 00:00:00.000021321,0.9722651588171259
1970-01-01 00:00:00.000021322,0.9722651588171259
1970-01-01 00:00:00.000021323,0.9722651588171259
1970-01-01 00:00:00.000021324,0.9722651588171259
1970-01-01 00:00:00.000021325,0.9722651588171259
1970-01-01 00:00:00.000021326,0.9722651588171259
1970-01-01 00:00:00.000021327,0.9722651588171259
1970-01-01 00:00:00.000021328,0.9722651588171259
1970-01-01 00:00:00.000021329,0.9722651588171259
1970-01-01 00:00:00.000021330,0.9722651588171259
1970-01-01 00:00:00.000021331,0.9722651588171259
1970-01-01 00:00:00.000021332,0.9722651588171259
1970-01-01 00:00:00.000021333,0.9722651588171259
1970-01-01 00:00:00.000021334,0.9722651588171259
1970-01-01 00:00:00.000021335,0.9722651588171259
1970-01-01 00:00:00.000021336,0.9722651588171259
1970-01-01 00:00:00.000021337,0.9722651588171259
1970-01-01 00:00:00.000021338,0.9722651588171259
1970-01-01 00:00:00.000021339,0.9722651588171259
1970-01-01 00:00:00.000021340,0.9722651588171259
1970-01-01 00:00:00.000021341,0.9722651588171259
1970-01-01 00:00:00.000021342,0.9722651588171259
1970-01-01 00:00:00.000021343,0.9722651588171259
1970-01-01 00:00:00.000021344,0.9722651588171259
1970-01-01 00:00:00.000021345,0.9722651588171259
1970-01-01 00:00:00.000021346,0.9722651588171259
1970-01-01 00:00:00.000021347,0.9722651588171259
1970-01-01 00:00:00.000021348,0.9722651588171259
1970-01-01 00:00:00.000021349,0.9722651588171259
1970-01-01 00:00:00.000021350,0.9722651588171259
1970-01-01 00:00:00.000021351,0.9722651588171259
1970-01-01 00:00:00.000021352,0.9722651588171259
1970-01-01 00:00:00.000021353,0.9722651588171259
1970-01-01 00:00:00.000021354,0.9722651588171259
1970-01-01 00:00:00.000021355,0.9722651588171259
1970-01-01 00:00:00.000021356,0.9685676855815336
1970-01-01 00:00:00.000021357,0.96997278941975
1970-01-01 00:00:00.000021358,0.969875792140808
1970-01-01 00:00:00.000021359,0.9668196592870638
1970-01-01 00:00:00.000021360,0.9666612759517362
1970-01-01 00:00:00.000021361,0.9620440276880805
1970-01-01 00:00:00.000021362,0.9623955437751204
1970-01-01 00:00:00.000021363,0.9614285125626734
1970-01-01 00:00:00.000021364,0.9615227060038459
1970-01-01 00:00:00.000021365,0.9668067086943836
1970-01-01 00:00:00.000021366,0.9667100280235141
1970-01-01 00:00:00.000021367,0.967074036518276
1970-01-01 00:00:00.000021368,0.9657668813713407
1970-01-01 00:00:00.000021369,0.9656703046832036
1970-01-01 00:00:00.000021370,0.9656703046832036
1970-01-01 00:00:00.000021371,0.9656703046832036
1970-01-01 00:00:00.000021372,0.9656703046832036
1970-01-01 00:00:00.000021373,0.9656703046832036
1970-01-01 00:00:00.000021374,0.9656703046832036
1970-01-01 00:00:00.000021375,0.9656703046832036
1970-01-01 00:00:00.000021376,0.9656703046832036
1970-01-01 00:00:00.000021377,0.9656703046832036
1970-01-01 00:00:00.000021378,0.9656703046832036
1970-01-01 00:00:00.000021379,0.9656703046832036
1970-01-01 00:00:00.000021380,0.9656703046832036
1970-01-01 00:00:00.000021381,0.9656703046832036
1970-01-01 00:00:00.000021382,0.9635253757622899
1970-01-01 00:00:00.000021383,0.9634290232247137
1970-01-01 00:00:00.000021384,0.9634290232247137
1970-01-01 00:00:00.000021385,0.9634290232247137
1970-01-01 00:00:00.000021386,0.9634290232247137
1970-01-01 00:00:00.000021387,0.9634290232247137
1970-01-01 00:00:00.000021388,0.9624827402875294
1970-01-01 00:00:00.000021389,0.9599414725523248
1970-01-01 00:00:00.000021390,0.9598454784050695
1970-01-01 00:00:00.000021391,0.9598454784050695
1970-01-01 00:00:00.000021392,0.9598454784050695
1970-01-01 00:00:00.000021393,0.9598454784050695
1970-01-01 00:00:00.000021394,0.9598454784050695
1970-01-01 00:00:00.000021395,0.9598454784050695
1970-01-01 00:00:00.000021396,0.9598454784050695
1970-01-01 00:00:00.000021397,0.9598454784050695
1970-01-01 00:00:00.000021398,0.9598454784050695
1970-01-01 00:00:00.000021399,0.9598454784050695
1970-01-01 00:00:00.000021400,0.9592744954222687
1970-01-01 00:00:00.000021401,0.9591785679727265
1970-01-01 00:00:00.000021402,0.9604963057046862
1970-01-01 00:00:00.000021403,0.9604002560741158
1970-01-01 00:00:00.000021404,0.9604002560741158
1970-01-01 00:00:00.000021405,0.9607799653031394
1970-01-01 00:00:00.000021406,0.9603526510158591
1970-01-01 00:00:00.000021407,0.9607007491154387
1970-01-01 00:00:00.000021408,0.9606046790405272
1970-01-01 00:00:00.000021409,0.9606046790405272
1970-01-01 00:00:00.000021410,0.9606046790405272
1970-01-01 00:00:00.000021411,0.9606046790405272
1970-01-01 00:00:00.000021412,0.9606046790405272
1970-01-01 00:00:00.000021413,0.9606046790405272
1970-01-01 00:00:00.000021414,0.9606046790405272
1970-01-01 00:00:00.000021415,0.9606046790405272
1970-01-01 00:00:00.000021416,0.9606046790405272
1970-01-01 00:00:00.000021417,0.9606046790405272
1970-01-01 00:00:00.000021418,0.9606046790405272
1970-01-01 00:00:00.000021419,0.9606046790405272
1970-01-01 00:00:00.000021420,0.9606046790405272
1970-01-01 00:00:00.000021421,0.9606046790405272
1970-01-01 00:00:00.000021422,0.9606046790405272
1970-01-01 00:00:00.000021423,0.9606046790405272
1970-01-01 00:00:00.000021424,0.9606046790405272
1970-01-01 00:00:00.000021425,0.9606046790405272
1970-01-01 00:00:00.000021426,0.9606046790405272
1970-01-01 00:00:00.000021427,0.9606046790405272
1970-01-01 00:00:00.000021428,0.9606046790405272
1970-01-01 00:00:00.000021429,0.9595303664025939
1970-01-01 00:00:00.000021430,0.9621215034756758
1970-01-01 00:00:00.000021431,0.9612252129674901
1970-01-01 00:00:00.000021432,0.9635148874367255
1970-01-01 00:00:00.000021433,0.9632985274911232
1970-01-01 00:00:00.000021434,0.9622832875966763
1970-01-01 00:00:00.000021435,0.9643885054955217
1970-01-01 00:00:00.000021436,0.9647126405487575
1970-01-01 00:00:00.000021437,0.963659991112818
1970-01-01 00:00:00.000021438,0.9634715668637848
1970-01-01 00:00:00.000021439,0.9628989255706337
1970-01-01 00:00:00.000021440,0.9621689536733264
1970-01-01 00:00:00.000021441,0.9620727367779591
1970-01-01 00:00:00.000021442,0.9620727367779591
1970-01-01 00:00:00.000021443,0.9604678492457236
1970-01-01 00:00:00.000021444,0.960973957862029
1970-01-01 00:00:00.000021445,0.9598566488066755
1970-01-01 00:00:00.000021446,0.9586866319111021
1970-01-01 00:00:00.000021447,0.9573362262781862
1970-01-01 00:00:00.000021448,0.9572404926555583
1970-01-01 00:00:00.000021449,0.9572404926555583
1970-01-01 00:00:00.000021450,0.9575490895955168
1970-01-01 00:00:00.000021451,0.9560204870405344
1970-01-01 00:00:00.000021452,0.9579557953681179
1970-01-01 00:00:00.000021453,0.9578599997885812
1970-01-01 00:00:00.000021454,0.9586507869931884
1970-01-01 00:00:00.000021455,0.9585549219144891
1970-01-01 00:00:00.000021456,0.9585549219144891
1970-01-01 00:00:00.000021457,0.9585549219144891
1970-01-01 00:00:00.000021458,0.9585549219144891
1970-01-01 00:00:00.000021459,0.9585549219144891
1970-01-01 00:00:00.000021460,0.9585549219144891
1970-01-01 00:00:00.000021461,0.9585549219144891
1970-01-01 00:00:00.000021462,0.9585549219144891
1970-01-01 00:00:00.000021463,0.9585549219144891
1970-01-01 00:00:00.000021464,0.9585549219144891
1970-01-01 00:00:00.000021465,0.9585549219144891
1970-01-01 00:00:00.000021466,0.9585549219144891
1970-01-01 00:00:00.000021467,0.9585549219144891
1970-01-01 00:00:00.000021468,0.9585549219144891
1970-01-01 00:00:00.000021469,0.9585549219144891
1970-01-01 00:00:00.000021470,0.9585549219144891
1970-01-01 00:00:00.000021471,0.9585549219144891
1970-01-01 00:00:00.000021472,0.9585549219144891
1970-01-01 00:00:00.000021473,0.9585549219144891
1970-01-01 00:00:00.000021474,0.9585549219144891
1970-01-01 00:00:00.000021475,0.9585549219144891
1970-01-01 00:00:00.000021476,0.9585549219144891
1970-01-01 00:00:00.000021477,0.9585549219144891
1970-01-01 00:00:00.000021478,0.9585549219144891
1970-01-01 00:00:00.000021479,0.9585549219144891
1970-01-01 00:00:00.000021480,0.9585549219144891
1970-01-01 00:00:00.000021481,0.9585549219144891
1970-01-01 00:00:00.000021482,0.9567225291917788
1970-01-01 00:00:00.000021483,0.95825439279134
1970-01-01 00:00:00.000021484,0.9605342714229542
1970-01-01 00:00:00.000021485,0.959772067272835
1970-01-01 00:00:00.000021486,0.9592907595617165
1970-01-01 00:00:00.000021487,0.9599974898717133
1970-01-01 00:00:00.000021488,0.9605175170406052
1970-01-01 00:00:00.000021489,0.9604214652889012
1970-01-01 00:00:00.000021490,0.9604214652889012
1970-01-01 00:00:00.000021491,0.9604214652889012
1970-01-01 00:00:00.000021492,0.9604214652889012
1970-01-01 00:00:00.000021493,0.9604214652889012
1970-01-01 00:00:00.000021494,0.9604214652889012
1970-01-01 00:00:00.000021495,0.9604214652889012
1970-01-01 00:00:00.000021496,0.9604214652889012
1970-01-01 00:00:00.000021497,0.9604214652889012
1970-01-01 00:00:00.000021498,0.9604214652889012
1970-01-01 00:00:00.000021499,0.9604214652889012
1970-01-01 00:00:00.000021500,0.9604214652889012
1970-01-01 00:00:00.000021501,0.9604214652889012
1970-01-01 00:00:00.000021502,0.9604214652889012
1970-01-01 00:00:00.000021503,0.9604214652889012
1970-01-01 00:00:00.000021504,0.9604214652889012
1970-01-01 00:00:00.000021505,0.9604214652889012
1970-01-01 00:00:00.000021506,0.9604214652889012
1970-01-01 00:00:00.000021507,0.957459799536598
1970-01-01 00:00:00.000021508,0.9573640535566443
1970-01-01 00:00:00.000021509,0.9573640535566443
1970-01-01 00:00:00.000021510,0.9575967165675039
1970-01-01 00:00:00.000021511,0.9575009568958471
1970-01-01 00:00:00.000021512,0.9575009568958471
1970-01-01 00:00:00.000021513,0.9575009568958471
1970-01-01 00:00:00.000021514,0.9575009568958471
1970-01-01 00:00:00.000021515,0.9575009568958471
1970-01-01 00:00:00.000021516,0.9575009568958471
1970-01-01 00:00:00.000021517,0.9575009568958471
1970-01-01 00:00:00.000021518,0.9575009568958471
1970-01-01 00:00:00.000021519,0.9575009568958471
1970-01-01 00:00:00.000021520,0.9575009568958471
1970-01-01 00:00:00.000021521,0.9575009568958471
1970-01-01 00:00:00.000021522,0.9575009568958471
1970-01-01 00:00:00.000021523,0.9575009568958471
1970-01-01 00:00:00.000021524,0.9575009568958471
1970-01-01 00:00:00.000021525,0.9575009568958471
1970-01-01 00:00:00.000021526,0.9565270021550972
1970-01-01 00:00:00.000021527,0.957887034766522
1970-01-01 00:00:00.000021528,0.9577912460630454
1970-01-01 00:00:00.000021529,0.9578124928189516
1970-01-01 00:00:00.000021530,0.9596610114585999
1970-01-01 00:00:00.000021531,0.9595650453574541
1970-01-01 00:00:00.000021532,0.9595650453574541
1970-01-01 00:00:00.000021533,0.9595650453574541
1970-01-01 00:00:00.000021534,0.9595650453574541
1970-01-01 00:00:00.000021535,0.9595650453574541
1970-01-01 00:00:00.000021536,0.9595650453574541
1970-01-01 00:00:00.000021537,0.9595650453574541
1970-01-01 00:00:00.000021538,0.9595650453574541
1970-01-01 00:00:00.000021539,0.9595650453574541
1970-01-01 00:00:00.000021540,0.9595650453574541
1970-01-01 00:00:00.000021541,0.9595650453574541
1970-01-01 00:00:00.000021542,0.9602048481884
1970-01-01 00:00:00.000021543,0.9601088277035812
1970-01-01 00:00:00.000021544,0.9601088277035812
1970-01-01 00:00:00.000021545,0.9601088277035812
1970-01-01 00:00:00.000021546,0.9601088277035812
1970-01-01 00:00:00.000021547,0.9601088277035812
1970-01-01 00:00:00.000021548,0.9601088277035812
1970-01-01 00:00:00.000021549,0.9601088277035812
1970-01-01 00:00:00.000021550,0.9601088277035812
1970-01-01 00:00:00.000021551,0.9601088277035812
1970-01-01 00:00:00.000021552,0.9601088277035812
1970-01-01 00:00:00.000021553,0.9601088277035812
1970-01-01 00:00:00.000021554,0.9601088277035812
1970-01-01 00:00:00.000021555,0.9601088277035812
1970-01-01 00:00:00.000021556,0.9601088277035812
1970-01-01 00:00:00.000021557,0.9601088277035812
1970-01-01 00:00:00.000021558,0.9601088277035812
1970-01-01 00:00:00.000021559,0.9601088277035812
1970-01-01 00:00:00.000021560,0.9601088277035812
1970-01-01 00:00:00.000021561,0.9601088277035812
1970-01-01 00:00:00.000021562,0.9601088277035812
1970-01-01 00:00:00.000021563,0.9601088277035812
1970-01-01 00:00:00.000021564,0.9601088277035812
1970-01-01 00:00:00.000021565,0.9601088277035812
1970-01-01 00:00:00.000021566,0.9601088277035812
1970-01-01 00:00:00.000021567,0.9601088277035812
1970-01-01 00:00:00.000021568,0.9601088277035812
1970-01-01 00:00:00.000021569,0.9601088277035812
1970-01-01 00:00:00.000021570,0.9601088277035812
1970-01-01 00:00:00.000021571,0.9601088277035812
1970-01-01 00:00:00.000021572,0.9601088277035812
1970-01-01 00:00:00.000021573,0.9601088277035812
1970-01-01 00:00:00.000021574,0.9601088277035812
1970-01-01 00:00:00.000021575,0.9601088277035812
1970-01-01 00:00:00.000021576,0.9601088277035812
1970-01-01 00:00:00.000021577,0.9601088277035812
1970-01-01 00:00:00.000021578,0.9601088277035812
1970-01-01 00:00:00.000021579,0.9601088277035812
1970-01-01 00:00:00.000021580,0.9601088277035812
1970-01-01 00:00:00.000021581,0.9601088277035812
1970-01-01 00:00:00.000021582,0.9601088277035812
1970-01-01 00:00:00.000021583,0.9601088277035812
1970-01-01 00:00:00.000021584,0.9601088277035812
1970-01-01 00:00:00.000021585,0.9601088277035812
1970-01-01 00:00:00.000021586,0.9601088277035812
1970-01-01 00:00:00.000021587,0.9601088277035812
1970-01-01 00:00:00.000021588,0.9601088277035812
1970-01-01 00:00:00.000021589,0.9601088277035812
1970-01-01 00:00:00.000021590,0.9601088277035812
1970-01-01 00:00:00.000021591,0.9601088277035812
1970-01-01 00:00:00.000021592,0.9601088277035812
1970-01-01 00:00:00.000021593,0.9601088277035812
1970-01-01 00:00:00.000021594,0.9601088277035812
1970-01-01 00:00:00.000021595,0.9601088277035812
1970-01-01 00:00:00.000021596,0.9601088277035812
1970-01-01 00:00:00.000021597,0.9601088277035812
1970-01-01 00:00:00.000021598,0.9601088277035812
1970-01-01 00:00:00.000021599,0.9601088277035812
1970-01-01 00:00:00.000021600,0.9601088277035812
1970-01-01 00:00:00.000021601,0.9601088277035812
1970-01-01 00:00:00.000021602,0.9601088277035812
1970-01-01 00:00:00.000021603,0.9601088277035812
1970-01-01 00:00:00.000021604,0.9601088277035812
1970-01-01 00:00:00.000021605,0.9601088277035812
1970-01-01 00:00:00.000021606,0.9601088277035812
1970-01-01 00:00:00.000021607,0.9601088277035812
1970-01-01 00:00:00.000021608,0.9601088277035812
1970-01-01 00:00:00.000021609,0.9601088277035812
1970-01-01 00:00:00.000021610,0.9601088277035812
1970-01-01 00:00:00.000021611,0.9608065247083669
1970-01-01 00:00:00.000021612,0.9607104440558961
1970-01-01 00:00:00.000021613,0.960247960853167
1970-01-01 00:00:00.000021614,0.9601519360570817
1970-01-01 00:00:00.000021615,0.9601519360570817
1970-01-01 00:00:00.000021616,0.9601519360570817
1970-01-01 00:00:00.000021617,0.9601519360570817
1970-01-01 00:00:00.000021618,0.9601519360570817
1970-01-01 00:00:00.000021619,0.9601519360570817
1970-01-01 00:00:00.000021620,0.9601519360570817
1970-01-01 00:00:00.000021621,0.9601519360570817
1970-01-01 00:00:00.000021622,0.9601519360570817
1970-01-01 00:00:00.000021623,0.9569398921187112
1970-01-01 00:00:00.000021624,0.9557184295230885
1970-01-01 00:00:00.000021625,0.9570499408756371
1970-01-01 00:00:00.000021626,0.9569542358815496
1970-01-01 00:00:00.000021627,0.9569542358815496
1970-01-01 00:00:00.000021628,0.9563870534204463
1970-01-01 00:00:00.000021629,0.9586963616927286
1970-01-01 00:00:00.000021630,0.9586004920565594
1970-01-01 00:00:00.000021631,0.9592082732958028
1970-01-01 00:00:00.000021632,0.9591123524684733
1970-01-01 00:00:00.000021633,0.9591123524684733
1970-01-01 00:00:00.000021634,0.9591123524684733
1970-01-01 00:00:00.000021635,0.9610822290601928
1970-01-01 00:00:00.000021636,0.9609861208372869
1970-01-01 00:00:00.000021637,0.9590484144220561
1970-01-01 00:00:00.000021638,0.958952509580614
1970-01-01 00:00:00.000021639,0.958952509580614
1970-01-01 00:00:00.000021640,0.959106377047646
1970-01-01 00:00:00.000021641,0.9562493109059323
1970-01-01 00:00:00.000021642,0.9545365077654735
1970-01-01 00:00:00.000021643,0.9537234393253875
1970-01-01 00:00:00.000021644,0.9542247302352979
1970-01-01 00:00:00.000021645,0.9541293077622743
1970-01-01 00:00:00.000021646,0.9553733717157648
1970-01-01 00:00:00.000021647,0.9557281917980144
1970-01-01 00:00:00.000021648,0.9556326189788346
1970-01-01 00:00:00.000021649,0.9556326189788346
1970-01-01 00:00:00.000021650,0.9556326189788346
1970-01-01 00:00:00.000021651,0.9586147578390548
1970-01-01 00:00:00.000021652,0.9504623370929274
1970-01-01 00:00:00.000021653,0.9507434522777066
1970-01-01 00:00:00.000021654,0.9520202473820387
1970-01-01 00:00:00.000021655,0.9488942979753108
1970-01-01 00:00:00.000021656,0.9555618806951133
1970-01-01 00:00:00.000021657,0.9571199517592804
1970-01-01 00:00:00.000021658,0.9549958721117472
1970-01-01 00:00:00.000021659,0.9528815193550801
1970-01-01 00:00:00.000021660,0.9497836251955606
1970-01-01 00:00:00.000021661,0.9492874733738683
1970-01-01 00:00:00.000021662,0.9506407974046832
1970-01-01 00:00:00.000021663,0.9457304056554527
1970-01-01 00:00:00.000021664,0.9456722050853126
1970-01-01 00:00:00.000021665,0.9462218950005317
1970-01-01 00:00:00.000021666,0.947499011654975
1970-01-01 00:00:00.000021667,0.946322379410304
1970-01-01 00:00:00.000021668,0.94945797532037
1970-01-01 00:00:00.000021669,0.9461260730673725
1970-01-01 00:00:00.000021670,0.9479307730668851
1970-01-01 00:00:00.000021671,0.9458395719182295
1970-01-01 00:00:00.000021672,0.947407209098207
1970-01-01 00:00:00.000021673,0.948894297975311
1970-01-01 00:00:00.000021674,0.949294306313733
1970-01-01 00:00:00.000021675,0.9494884421934132
1970-01-01 00:00:00.000021676,0.9509295494046053
1970-01-01 00:00:00.000021677,0.9500805767233201
1970-01-01 00:00:00.000021678,0.9481380925011277
1970-01-01 00:00:00.000021679,0.9471257723633165
1970-01-01 00:00:00.000021680,0.949698253641018
1970-01-01 00:00:00.000021681,0.9480536855969187
1970-01-01 00:00:00.000021682,0.9479588802283591
1970-01-01 00:00:00.000021683,0.9479588802283591
1970-01-01 00:00:00.000021684,0.9479588802283591
1970-01-01 00:00:00.000021685,0.9472507184219178
1970-01-01 00:00:00.000021686,0.9499223638911702
1970-01-01 00:00:00.000021687,0.9498273716547811
1970-01-01 00:00:00.000021688,0.9498273716547811
1970-01-01 00:00:00.000021689,0.9498273716547811
1970-01-01 00:00:00.000021690,0.9498273716547811
1970-01-01 00:00:00.000021691,0.9498273716547811
1970-01-01 00:00:00.000021692,0.9498273716547811
1970-01-01 00:00:00.000021693,0.9498273716547811
1970-01-01 00:00:00.000021694,0.9498273716547811
1970-01-01 00:00:00.000021695,0.9498273716547811
1970-01-01 00:00:00.000021696,0.9498273716547811
1970-01-01 00:00:00.000021697,0.9498273716547811
1970-01-01 00:00:00.000021698,0.9498273716547811
1970-01-01 00:00:00.000021699,0.9498273716547811
1970-01-01 00:00:00.000021700,0.9498273716547811
1970-01-01 00:00:00.000021701,0.9498273716547811
1970-01-01 00:00:00.000021702,0.9498273716547811
1970-01-01 00:00:00.000021703,0.9498273716547811
1970-01-01 00:00:00.000021704,0.9498273716547811
1970-01-01 00:00:00.000021705,0.9498273716547811
1970-01-01 00:00:00.000021706,0.9498273716547811
1970-01-01 00:00:00.000021707,0.9498273716547811
1970-01-01 00:00:00.000021708,0.9498273716547811
1970-01-01 00:00:00.000021709,0.9498273716547811
1970-01-01 00:00:00.000021710,0.9498273716547811
1970-01-01 00:00:00.000021711,0.9498273716547811
1970-01-01 00:00:00.000021712,0.9498273716547811
1970-01-01 00:00:00.000021713,0.9498273716547811
1970-01-01 00:00:00.000021714,0.9498273716547811
1970-01-01 00:00:00.000021715,0.9498273716547811
1970-01-01 00:00:00.000021716,0.9498273716547811
1970-01-01 00:00:00.000021717,0.9498273716547811
1970-01-01 00:00:00.000021718,0.9498273716547811
1970-01-01 00:00:00.000021719,0.9498273716547811
1970-01-01 00:00:00.000021720,0.9498273716547811
1970-01-01 00:00:00.000021721,0.9506807640176201
1970-01-01 00:00:00.000021722,0.9496585575070483
1970-01-01 00:00:00.000021723,0.9479998045487167
1970-01-01 00:00:00.000021724,0.9479050045682619
1970-01-01 00:00:00.000021725,0.9479050045682619
1970-01-01 00:00:00.000021726,0.9479050045682619
1970-01-01 00:00:00.000021727,0.9479050045682619
1970-01-01 00:00:00.000021728,0.9479050045682619
1970-01-01 00:00:00.000021729,0.9479050045682619
1970-01-01 00:00:00.000021730,0.9479050045682619
1970-01-01 00:00:00.000021731,0.9479050045682619
1970-01-01 00:00:00.000021732,0.9479050045682619
1970-01-01 00:00:00.000021733,0.9479050045682619
1970-01-01 00:00:00.000021734,0.9479050045682619
1970-01-01 00:00:00.000021735,0.9479050045682619
1970-01-01 00:00:00.000021736,0.9479050045682619
1970-01-01 00:00:00.000021737,0.9479050045682619
1970-01-01 00:00:00.000021738,0.9479050045682619
1970-01-01 00:00:00.000021739,0.9479050045682619
1970-01-01 00:00:00.000021740,0.9479050045682619
1970-01-01 00:00:00.000021741,0.9479050045682619
1970-01-01 00:00:00.000021742,0.9479050045682619
1970-01-01 00:00:00.000021743,0.9479050045682619
1970-01-01 00:00:00.000021744,0.9479050045682619
1970-01-01 00:00:00.000021745,0.9479050045682619
1970-01-01 00:00:00.000021746,0.9479050045682619
1970-01-01 00:00:00.000021747,0.9479050045682619
1970-01-01 00:00:00.000021748,0.9479050045682619
1970-01-01 00:00:00.000021749,0.9479050045682619
1970-01-01 00:00:00.000021750,0.9457579701105847
1970-01-01 00:00:00.000021751,0.9478038248991988
1970-01-01 00:00:00.000021752,0.9467338386688842
1970-01-01 00:00:00.000021753,0.9455766410121119
1970-01-01 00:00:00.000021754,0.9427828237685932
1970-01-01 00:00:00.000021755,0.9423972785950914
1970-01-01 00:00:00.000021756,0.9423030388672319
1970-01-01 00:00:00.000021757,0.9423030388672319
1970-01-01 00:00:00.000021758,0.9423030388672319
1970-01-01 00:00:00.000021759,0.9403643005282942
1970-01-01 00:00:00.000021760,0.9403148100637075
1970-01-01 00:00:00.000021761,0.9415161589548838
1970-01-01 00:00:00.000021762,0.9428364135077295
1970-01-01 00:00:00.000021763,0.9413011646639198
1970-01-01 00:00:00.000021764,0.944395684508863
1970-01-01 00:00:00.000021765,0.9443012449404121
1970-01-01 00:00:00.000021766,0.9443012449404121
1970-01-01 00:00:00.000021767,0.9443012449404121
1970-01-01 00:00:00.000021768,0.9437518801519889
1970-01-01 00:00:00.000021769,0.9432638496543473
1970-01-01 00:00:00.000021770,0.9424342702045079
1970-01-01 00:00:00.000021771,0.9423400267774874
1970-01-01 00:00:00.000021772,0.9423400267774874
1970-01-01 00:00:00.000021773,0.9423400267774874
1970-01-01 00:00:00.000021774,0.9423400267774874
1970-01-01 00:00:00.000021775,0.9423400267774874
1970-01-01 00:00:00.000021776,0.9423400267774874
1970-01-01 00:00:00.000021777,0.9423400267774874
1970-01-01 00:00:00.000021778,0.9423400267774874
1970-01-01 00:00:00.000021779,0.9423400267774874
1970-01-01 00:00:00.000021780,0.9423400267774874
1970-01-01 00:00:00.000021781,0.9423400267774874
1970-01-01 00:00:00.000021782,0.9423400267774874
1970-01-01 00:00:00.000021783,0.9423400267774874
1970-01-01 00:00:00.000021784,0.9423400267774874
1970-01-01 00:00:00.000021785,0.9423400267774874
1970-01-01 00:00:00.000021786,0.9423400267774874
1970-01-01 00:00:00.000021787,0.9423400267774874
1970-01-01 00:00:00.000021788,0.9423400267774874
1970-01-01 00:00:00.000021789,0.9423400267774874
1970-01-01 00:00:00.000021790,0.9423400267774874
1970-01-01 00:00:00.000021791,0.9423400267774874
1970-01-01 00:00:00.000021792,0.9423400267774874
1970-01-01 00:00:00.000021793,0.9423400267774874
1970-01-01 00:00:00.000021794,0.9423400267774874
1970-01-01 00:00:00.000021795,0.9423400267774874
1970-01-01 00:00:00.000021796,0.9423400267774874
1970-01-01 00:00:00.000021797,0.9423400267774874
1970-01-01 00:00:00.000021798,0.9423400267774874
1970-01-01 00:00:00.000021799,0.9423400267774874
1970-01-01 00:00:00.000021800,0.9423400267774874
1970-01-01 00:00:00.000021801,0.9423400267774874
1970-01-01 00:00:00.000021802,0.9423400267774874
1970-01-01 00:00:00.000021803,0.9423400267774874
1970-01-01 00:00:00.000021804,0.9423400267774874
1970-01-01 00:00:00.000021805,0.9423400267774874
1970-01-01 00:00:00.000021806,0.9423400267774874
1970-01-01 00:00:00.000021807,0.9423400267774874
1970-01-01 00:00:00.000021808,0.9423400267774874
1970-01-01 00:00:00.000021809,0.9423400267774874
1970-01-01 00:00:00.000021810,0.9423400267774874
1970-01-01 00:00:00.000021811,0.9423400267774874
1970-01-01 00:00:00.000021812,0.9423400267774874
1970-01-01 00:00:00.000021813,0.9423400267774874
1970-01-01 00:00:00.000021814,0.9423400267774874
1970-01-01 00:00:00.000021815,0.9423400267774874
1970-01-01 00:00:00.000021816,0.9423400267774874
1970-01-01 00:00:00.000021817,0.9423400267774874
1970-01-01 00:00:00.000021818,0.9423400267774874
1970-01-01 00:00:00.000021819,0.9423400267774874
1970-01-01 00:00:00.000021820,0.9423400267774874
1970-01-01 00:00:00.000021821,0.9423400267774874
1970-01-01 00:00:00.000021822,0.9419419439112527
1970-01-01 00:00:00.000021823,0.9414928244398698
1970-01-01 00:00:00.000021824,0.9413729951676764
1970-01-01 00:00:00.000021825,0.9422428787880114
1970-01-01 00:00:00.000021826,0.9422224533438874
1970-01-01 00:00:00.000021827,0.9423978718640103
1970-01-01 00:00:00.000021828,0.9423036320768239
1970-01-01 00:00:00.000021829,0.9423036320768239
1970-01-01 00:00:00.000021830,0.9423036320768239
1970-01-01 00:00:00.000021831,0.9423036320768239
1970-01-01 00:00:00.000021832,0.9423036320768239
1970-01-01 00:00:00.000021833,0.942121067272812
1970-01-01 00:00:00.000021834,0.9425787545066594
1970-01-01 00:00:00.000021835,0.9424844966312087
1970-01-01 00:00:00.000021836,0.9423936170691806
1970-01-01 00:00:00.000021837,0.9416340890792111
1970-01-01 00:00:00.000021838,0.941417860202658
1970-01-01 00:00:00.000021839,0.9418773465653334
1970-01-01 00:00:00.000021840,0.9424885781188242
1970-01-01 00:00:00.000021841,0.9436595505215227
1970-01-01 00:00:00.000021842,0.944376089387667
1970-01-01 00:00:00.000021843,0.9442816517787282
1970-01-01 00:00:00.000021844,0.9442816517787282
1970-01-01 00:00:00.000021845,0.9442816517787282
1970-01-01 00:00:00.000021846,0.9442816517787282
1970-01-01 00:00:00.000021847,0.9442816517787282
1970-01-01 00:00:00.000021848,0.9442816517787282
1970-01-01 00:00:00.000021849,0.9442816517787282
1970-01-01 00:00:00.000021850,0.9442816517787282
1970-01-01 00:00:00.000021851,0.9442816517787282
1970-01-01 00:00:00.000021852,0.9442816517787282
1970-01-01 00:00:00.000021853,0.9442816517787282
1970-01-01 00:00:00.000021854,0.9442816517787282
1970-01-01 00:00:00.000021855,0.9442816517787282
1970-01-01 00:00:00.000021856,0.9442816517787282
