timestamp,open,high,low,close,volume
2020-01-01 00:00:00,99.97368971806029,100.60041637185684,98.43590348635495,100.0,14804.61284891795
2020-01-01 01:00:00,98.4439839853762,99.0791805537147,97.6649177928546,98.40236056523175,23743.751798868183
2020-01-01 02:00:00,99.65328968294259,100.99753852303665,99.07563606821176,99.59939658238721,30419.906967054463
2020-01-01 03:00:00,101.08691827124748,102.50626815229059,99.85491457859281,101.11327525799913,24546.24431743247
2020-01-01 04:00:00,98.04404314347555,98.96374354492367,97.24285197100745,98.08047615480646,21394.631450441975
2020-01-01 05:00:00,96.15143142574027,98.39421987138901,95.34737911521981,96.11580290605622,14263.826387016958
2020-01-01 06:00:00,96.36347733326646,97.08370701750549,95.2340738537478,96.33578600087756,21644.122671112767
2020-01-01 07:00:00,95.81572065449458,96.79822442126343,95.43256617259802,95.88334766384689,31886.770277096875
2020-01-01 08:00:00,95.830036683217,97.50923560912274,93.68703241464203,95.88413622135124,15210.859241502425
2020-01-01 09:00:00,94.51042696681623,95.56027991460918,92.81510896791906,94.63043870887752,20467.137863711454
2020-01-01 10:00:00,96.0048652122636,97.09010117483302,95.32227086090184,95.97629370048216,19609.20897134346
2020-01-01 11:00:00,97.172931218058,98.02412434122677,94.23268195664039,97.18565414157648,17866.60539157141
2020-01-01 12:00:00,97.30542413488836,98.98476416279064,95.17661554241623,97.31331383229056,23727.189393660177
2020-01-01 13:00:00,98.99951296639988,100.49866985487091,98.53438748957761,99.08330990626072,25159.5184815184
2020-01-01 14:00:00,99.78792719950508,102.58977460136566,98.38660689165448,99.842745976653,25080.55368952645
2020-01-01 15:00:00,98.50404695504717,99.69148853096178,97.23991370236962,98.5275930256574,16431.525758736363
2020-01-01 16:00:00,99.09515184812068,99.95178020480829,98.64620978140532,99.12847515389547,13442.880199819981
2020-01-01 17:00:00,97.67518059375968,98.93461554166971,96.92673439206573,97.66942610282467,23830.380350482385
2020-01-01 18:00:00,99.08592216896433,100.82123557420937,98.17359253756916,99.05702386089341,18924.720087117897
2020-01-01 19:00:00,99.11852973727603,100.26195859433274,96.99433998310694,99.00617690550523,38234.50709391066
2020-01-01 20:00:00,98.74430601316871,100.22449822002797,97.7838429666831,98.74529430692948,38768.095592243146
2020-01-01 21:00:00,97.77319708474805,98.30374410345576,96.57468340336293,97.7186992360669,40022.8947585351
2020-01-01 22:00:00,99.60415658249663,100.9199560718066,98.67893070563194,99.64550811203729,16613.430769097264
2020-01-01 23:00:00,99.3471569247848,101.02147682178122,98.88569001816028,99.43042723863469,26129.251843694095
2020-01-02 00:00:00,98.77151938197612,99.34000871788439,97.70888464354405,98.78892113177184,28603.53970834027
2020-01-02 01:00:00,98.19089767410314,98.94860501884023,98.03753687066776,98.26940125239486,27653.463742005053
2020-01-02 02:00:00,99.12443055176972,101.19042361428738,98.5972498680506,99.12370332243508,19804.819907731606
2020-01-02 03:00:00,99.68411296972724,100.42474274705555,99.31173396951644,99.72302759382428,32329.954743531613
2020-01-02 04:00:00,100.30261344104585,102.17976321174459,98.93482004041725,100.4007185667982,22029.60469972853
2020-01-02 05:00:00,101.1995804260206,101.92720897228386,100.35231015601127,101.11181410010994,22889.46036394481
2020-01-02 06:00:00,104.5806720286508,107.43772819738416,103.89091803478998,104.60878886852582,13886.18811704963
2020-01-02 07:00:00,103.88461470263839,104.49863272081973,103.22372368801915,103.9697461342342,26726.997901480034
2020-01-02 08:00:00,103.20885897021493,104.57882573885082,102.25063361815414,103.1625301330135,20371.181019765732
2020-01-02 09:00:00,101.83953976735653,102.84306957776778,101.5381780349557,101.87665416407222,25322.12145852934
2020-01-02 10:00:00,102.95390097281462,104.53341880134103,101.67348361660551,102.89781312241107,23636.18572002815
2020-01-02 11:00:00,104.73382018230585,106.99094549787435,104.07012793968008,104.77223986588044,23255.128631689153
2020-01-02 12:00:00,104.58463817533487,105.92199955197292,103.8957851187248,104.61293062160729,21726.45514852712
2020-01-02 13:00:00,103.28386427065342,105.0550900215633,101.44770164274641,103.2660595647281,27888.78513182959
2020-01-02 14:00:00,101.99193941519425,102.71287961755525,100.88041699850365,101.96169658794153,20750.63731025635
2020-01-02 15:00:00,103.07945287283074,104.29386524614837,102.19301890899669,103.03986064422926,14234.740561687964
2020-01-02 16:00:00,104.27681113449299,105.81166871305712,103.11427143915954,104.28149030433714,26126.01086490879
2020-01-02 17:00:00,105.23383214441328,105.71407233909419,104.27228752267409,105.20602531231908,17279.88422729886
2020-01-02 18:00:00,104.17637154906582,106.1794323487229,100.86506743177426,104.1375475817999,14805.01786460715
2020-01-02 19:00:00,104.5579948795852,105.89492783760585,104.01081992282188,104.54751037753732,16209.082297273848
2020-01-02 20:00:00,104.7609122363987,105.74202416321974,104.32871789291872,104.76838526648463,23980.5823667806
2020-01-02 21:00:00,105.08252454376776,106.35420248027775,104.36379899370033,105.15851708051774,21397.82069349257
2020-01-02 22:00:00,106.67266833285933,107.86081067325657,105.80386443429732,106.64072015107187,11616.654626899182
2020-01-02 23:00:00,107.04835325296263,108.46475814550567,106.30540058450995,107.04609598803943,19631.745769867124
2020-01-03 00:00:00,108.20390075408382,108.68983169594081,107.6607047882913,108.22628280718884,31281.100225570834
2020-01-03 01:00:00,108.4403240982016,109.08874901087297,107.36185603519614,108.37108763292001,19237.394589809013
2020-01-03 02:00:00,108.81761048601778,110.3502198541028,107.16400625829506,108.8953527095511,20959.70437253498
2020-01-03 03:00:00,110.10381651406885,110.5773636610421,109.00850414866092,110.01338351523127,30118.576842066457
2020-01-03 04:00:00,107.54567707261053,108.17433483028196,105.26385090348636,107.54687478336469,27963.259797948387
2020-01-03 05:00:00,107.05299717285763,110.51175986131489,104.90578057137617,107.03600423430827,29927.26827735194
2020-01-03 06:00:00,106.25404406941622,107.46582204789547,104.24413824569842,106.27503573311014,9587.67709530465
2020-01-03 07:00:00,105.1521094735269,106.4625555179398,103.43386998723496,105.23983070907373,37051.23307446996
2020-01-03 08:00:00,104.80607884611305,105.4757238726846,103.41623114218113,104.81339533985368,26660.014313642663
2020-01-03 09:00:00,107.35755192314842,108.05945778904271,106.45237999650016,107.33958623324865,46094.223811657044
2020-01-03 10:00:00,105.9505871704893,106.80591749178784,105.12669617786032,105.91477603713612,17418.744766318854
2020-01-03 11:00:00,107.56093431217937,108.39372869779697,106.96628411808317,107.57158568476652,12977.402028082472
2020-01-03 12:00:00,104.6718038833036,105.61314264218535,104.11772843426941,104.78667836687701,22074.21660626535
2020-01-03 13:00:00,104.1835653840472,104.92044313737274,103.3751085710515,104.26393522333115,20279.95626354476
2020-01-03 14:00:00,104.66732050566739,106.48500706815385,103.39398228559955,104.56004087779601,26798.44641112367
2020-01-03 15:00:00,105.50095388247742,106.11515909041701,105.05051487958917,105.55861717630859,30408.53192288141
2020-01-03 16:00:00,106.85291527765072,107.77626253610453,106.41459455982599,106.7767274421263,21457.11898134896
2020-01-03 17:00:00,108.09816013772294,108.83681621156238,106.37103157413794,108.14867025700116,20491.95371266302
2020-01-03 18:00:00,107.57588856362028,109.21483122490328,105.60801574665929,107.5857033873129,25766.12557099376
2020-01-03 19:00:00,106.86771777661428,107.65632522557779,105.57573211881666,106.83432092668822,20396.149260864637
2020-01-03 20:00:00,108.2727729136191,110.38294564712254,107.21713659077898,108.31719349390556,19890.656338720622
2020-01-03 21:00:00,108.10681301785999,108.98543802626081,106.79625378862762,108.02081682809462,30065.70647954631
2020-01-03 22:00:00,105.90521189813924,107.14576462999933,104.3026044237632,105.90120203606541,32142.465804019623
2020-01-03 23:00:00,104.08024868113789,104.55500855149694,103.1541493592863,104.05627147075285,30491.092573130445
2020-01-04 00:00:00,102.57464907892887,102.81211392624053,101.88040099708611,102.58837576307663,20942.399898322277
2020-01-04 01:00:00,103.45702393721164,104.3394572554958,102.42793556622705,103.4229605360874,11591.916765954351
2020-01-04 02:00:00,103.76532819438677,104.89875356811187,102.7630144650254,103.68348083099758,21068.581347433388
2020-01-04 03:00:00,104.83881751201768,105.5867988313066,103.85497326623259,104.84569989502593,17546.433628579347
2020-01-04 04:00:00,104.26111230991351,106.0019633605501,102.31142322757394,104.17101933762667,21185.716726861938
2020-01-04 05:00:00,104.4279858806302,105.94827606694203,103.4103557463021,104.45992950814559,18009.825196053363
2020-01-04 06:00:00,105.56326731396985,106.53164596256812,105.00292044147174,105.52295247894492,21889.843549301335
2020-01-04 07:00:00,105.06446172204133,105.67626760142312,104.24566269162037,105.03877373699325,16126.470176277393
2020-01-04 08:00:00,105.76942332335659,107.646520396641,104.64232512459763,105.82596518796868,14999.68933671919
2020-01-04 09:00:00,104.76830257998847,106.14584643059509,102.61832788455648,104.7571035373055,31786.833583348118
2020-01-04 10:00:00,104.18866169242138,105.11897222876901,103.15496513985907,104.18827797023124,16466.81983177931
2020-01-04 11:00:00,103.54786308858985,105.55925873712403,102.62236877435959,103.59205505403813,22028.657263526584
2020-01-04 12:00:00,101.70533263632743,103.51753924225825,100.42870189173648,101.68713051620192,29329.656606644574
2020-01-04 13:00:00,102.50543347851982,104.67625560850263,101.2070490279689,102.49793629023135,28977.972108346585
2020-01-04 14:00:00,101.76709254795556,103.18481812404306,101.3552902891047,101.77078616330188,27957.88253313102
2020-01-04 15:00:00,101.81509581678907,102.30786223389171,100.81016028400322,101.81858704729049,24121.526928974712
2020-01-04 16:00:00,102.61576038830978,103.80235710954578,101.29902018488067,102.62037883174452,27369.950474750483
2020-01-04 17:00:00,103.35376270613979,104.6525981552787,101.78574939847887,103.37276776991789,33253.87031568918
2020-01-04 18:00:00,104.49749733361499,106.38753891151924,103.76225576253546,104.49019168791867,25021.90144657481
2020-01-04 19:00:00,104.32312101907723,106.3085559457908,102.5504166557334,104.35671940646797,12693.423401973714
2020-01-04 20:00:00,103.82938708837291,104.25140782765331,102.15926180720905,103.69164261822581,18796.764597965877
2020-01-04 21:00:00,103.51680624465045,104.3347750753467,102.59524120252178,103.58980252094243,27143.992265387773
2020-01-04 22:00:00,100.87138412084275,101.38701502387855,99.5732354733557,100.90088431448451,18249.103233030226
2020-01-04 23:00:00,98.62933442331182,100.01383289084887,97.07942384546087,98.65428123522052,35811.76830010154
2020-01-05 00:00:00,96.74548004243131,97.2551323293401,94.64286672647394,96.64687638504195,21612.90894605254
2020-01-05 01:00:00,95.10402163830058,96.23341651010531,94.74393014631205,95.16683815859156,22597.04967552477
2020-01-05 02:00:00,95.8144156977176,96.4487100227618,95.43104363694415,95.7940152941539,30866.392809689445
2020-01-05 03:00:00,94.47519036620864,96.85159326752898,92.84487575591355,94.46345828500776,20850.746518012464
2020-01-05 04:00:00,93.94384209039903,94.71568477733754,93.4909454461676,93.92817476261169,23222.643874440764
2020-01-05 05:00:00,95.95526683816799,96.54214775505766,95.33681585790855,95.89598666445079,28846.300895818706
2020-01-05 06:00:00,95.44346179733851,95.80007173533599,94.21414105812781,95.38547556649492,14162.017207381086
2020-01-05 07:00:00,96.50438147702276,98.54902481494224,95.8152842601022,96.5261460392698,20219.657450003124
2020-01-05 08:00:00,95.15247834365299,95.68805903806891,94.233171081449,95.14324861843623,28247.097519220508
2020-01-05 09:00:00,94.77338590716631,95.28182890978728,93.38395775353005,94.86180194605694,22464.241212476547
2020-01-05 10:00:00,93.48322774505297,94.42745701733124,91.90236956683682,93.47859620738768,34207.49816542715
2020-01-05 11:00:00,92.96926618126012,94.05750620539312,92.26134712096751,93.00618914671284,13728.414191212743
2020-01-05 12:00:00,94.26210678892103,94.65772479071323,93.39159156171814,94.27089200769596,13266.528256411115
2020-01-05 13:00:00,91.68873304612757,93.00447151920875,91.14142818864318,91.76606301650408,27747.63679442117
2020-01-05 14:00:00,92.43995584907687,93.93792656325078,91.8165667953482,92.42124644838138,28559.421609488236
2020-01-05 15:00:00,92.71451577754587,94.37289713333696,91.32990205057303,92.79323082283354,20785.792885213952
2020-01-05 16:00:00,91.96091668440383,92.73342580858782,90.81047681715505,91.95409899569759,24837.709459336842
2020-01-05 17:00:00,89.85305686430394,90.34392054949366,89.15327064222697,89.90819331528381,27544.60840605743
2020-01-05 18:00:00,89.99669208831801,91.10262058694394,89.60501317928076,90.03494077845872,17254.720518065416
2020-01-05 19:00:00,89.36321358945078,89.85948681077024,87.98462406487415,89.31164807586856,17817.6619281212
2020-01-05 20:00:00,89.69032969764542,90.93480673214016,89.28600491442235,89.66397216847554,23316.53055215345
2020-01-05 21:00:00,89.77086085365501,90.54302355037913,88.3616165089142,89.71930799852424,28889.303600724932
2020-01-05 22:00:00,92.10820435618187,93.04241840556165,91.12734073336154,92.0364284988278,15525.09338767249
2020-01-05 23:00:00,91.67972810182273,92.33104361673712,90.27718438087781,91.71516861799265,20756.52035802843
2020-01-06 00:00:00,90.34098499781052,91.55069135956663,89.49573947346555,90.27332641872255,20470.27290444747
2020-01-06 01:00:00,90.4869055514683,91.1388429541538,90.00817840317532,90.55325870787921,24968.93500824013
2020-01-06 02:00:00,90.92623667232539,91.8629031951344,90.07387103910241,90.89232927368604,21969.06241990912
2020-01-06 03:00:00,92.86129439334547,93.33027713544244,91.5708384318969,92.88420603430917,18699.179499708946
2020-01-06 04:00:00,94.09575613568738,95.81636688213261,93.53018375781319,94.13954515182876,32034.532297350805
2020-01-06 05:00:00,94.7250420160236,96.07000466574478,93.68677873493935,94.69594811268806,18736.387271056705
2020-01-06 06:00:00,96.97577924121994,98.118666441906,95.0173834168169,96.92998217397496,20178.462285802558
2020-01-06 07:00:00,95.20171660304852,95.47285411739874,94.60292592024265,95.15816897115329,13664.420764705203
2020-01-06 08:00:00,94.2400778213284,95.14591641797652,92.95262110458876,94.22995470252943,17781.470962520772
2020-01-06 09:00:00,92.89638348701656,93.6456845431736,92.1477229866706,92.89025471335067,25714.82165919114
2020-01-06 10:00:00,92.371272643904,92.99967075733954,91.28824434980437,92.34694538399687,24250.210746530847
2020-01-06 11:00:00,90.40472634623765,93.389568828826,89.42036740051292,90.39099757733057,26366.646415283976
2020-01-06 12:00:00,91.34931864582641,92.34389185244714,90.44587317152813,91.32459909331791,25985.518622670425
2020-01-06 13:00:00,91.03966732844893,91.65728386595106,90.20481997299905,91.03038225398667,41204.97213269965
2020-01-06 14:00:00,89.00783685557063,89.79785396031009,88.24994877451822,88.97034547155855,17599.791806249843
2020-01-06 15:00:00,87.51131790516632,88.16668242718991,86.79293908863335,87.5825754303954,13550.420742998405
2020-01-06 16:00:00,88.0343100231787,89.74455073620662,86.43052118477259,88.04008868737316,16072.003128957904
2020-01-06 17:00:00,89.17245322181016,89.71075979850448,87.98709765638247,89.23419643674522,17834.756579906214
2020-01-06 18:00:00,92.1226691228065,93.56889144134803,90.52296222576098,92.10992562167603,16443.769308695446
2020-01-06 19:00:00,96.54074755923092,98.57110045048739,95.48070282450777,96.46155598943649,22654.148124406234
2020-01-06 20:00:00,97.09662605117019,97.55830797253691,96.28692080388987,97.11964752462993,32073.85437148816
2020-01-06 21:00:00,95.65006532964505,96.17912306971351,95.23160254329734,95.64397988433205,34957.828775993476
2020-01-06 22:00:00,92.54612522663507,94.44623200244715,90.46486293313693,92.51113350489567,25624.201386597397
2020-01-06 23:00:00,92.83126402929192,94.64098780299506,91.51936676391725,92.92733802320122,41872.37851899163
2020-01-07 00:00:00,91.7462840657454,92.62304387704934,90.59109013004698,91.77024116817681,19793.088360292673
2020-01-07 01:00:00,91.21340504992055,92.17905831675704,90.31150102558387,91.19678372204955,13497.291131945032
2020-01-07 02:00:00,90.21568305643258,91.37719489776158,89.45851723096068,90.34654979555211,30210.7596697803
2020-01-07 03:00:00,90.1270079587393,92.0576115773183,89.42339041069856,90.17104788143934,12688.123563966743
2020-01-07 04:00:00,91.77308879887981,92.59762833328037,91.37657670087782,91.72260201999332,17562.111295490475
2020-01-07 05:00:00,92.02095284339673,93.03725261392607,90.51630686781779,91.97482760989062,25745.977227859952
2020-01-07 06:00:00,91.78754581122784,93.04745010373156,91.22017602602659,91.770370150088,21360.219216908867
2020-01-07 07:00:00,90.3502049796018,91.15635233372427,89.74812514787023,90.31036918232427,20800.122833704765
2020-01-07 08:00:00,87.99314120893973,89.08815104479112,86.7961344106351,87.98367837805019,15456.161264134736
2020-01-07 09:00:00,87.36049436948628,87.5871984559257,86.21158597541508,87.3362413176548,21955.19979523322
2020-01-07 10:00:00,87.27233306217656,87.89591687338199,86.10108440032731,87.28610915421896,29765.3054212394
2020-01-07 11:00:00,89.7801887022205,91.429378294448,88.78469297892804,89.77499016098558,22158.808579676006
2020-01-07 12:00:00,89.9554586246985,90.84380247123835,88.40583931087387,89.98391020473218,17170.228057166023
2020-01-07 13:00:00,91.47008062190338,91.83241252104014,90.93458408339401,91.4123316426617,15149.737163161772
2020-01-07 14:00:00,90.79012554671314,91.43252734342548,89.6144589935005,90.72110676989006,17276.830840659353
2020-01-07 15:00:00,89.12959778376931,89.88328728488298,88.43439296632106,89.06814464730273,24777.719614943184
2020-01-07 16:00:00,87.73065032004607,88.95382514021766,86.47014832882215,87.74855579726879,24418.11804859632
2020-01-07 17:00:00,86.73434867200169,87.0828850585284,85.65519072217319,86.7757308916874,17323.99597194149
2020-01-07 18:00:00,89.81556883648328,90.30328327998332,88.007679012871,89.75825936995817,11347.720587044854
2020-01-07 19:00:00,88.65293673972033,89.75194484458119,88.06232194694428,88.6288338091873,24984.3230486747
2020-01-07 20:00:00,89.84619846871216,91.73505346479617,88.67588797326833,89.83143986645383,16826.121016336296
2020-01-07 21:00:00,88.55919590244608,89.58552291630345,87.65255874297715,88.58726176813293,27084.550273900597
2020-01-07 22:00:00,89.94016335259693,93.62541168980805,86.44412437876996,89.92102528936648,17556.28189111724
2020-01-07 23:00:00,90.44339879320736,91.3958472072105,90.1841032699921,90.49250355754481,16376.945521167987
2020-01-08 00:00:00,90.32280693555029,90.85938745437977,89.97156436360471,90.29418086502054,23062.231816856314
2020-01-08 01:00:00,90.3230862929297,91.43379265929902,89.21161683202513,90.26085654563678,44681.274105216864
2020-01-08 02:00:00,89.43212476599508,90.30857318971941,88.64585254736029,89.35925026252127,27576.217551735088
2020-01-08 03:00:00,90.04564948635287,90.7410017049565,88.97480073031929,90.01376102890794,22945.240073249508
2020-01-08 04:00:00,89.3337012660102,90.20112603665602,89.0068103821982,89.39547450211046,24530.081529558363
2020-01-08 05:00:00,87.71913488327935,88.66110507705241,86.77272796648913,87.71048092293641,13025.512868596134
2020-01-08 06:00:00,86.07834435511533,87.43950477597078,85.58605607972221,85.9863526406237,15729.57360829482
2020-01-08 07:00:00,86.20645121809082,87.53625161060374,85.88702077574335,86.24390744689752,10370.508549619253
2020-01-08 08:00:00,88.43704926099599,90.3083475108724,87.37480259411639,88.43966626027446,37010.69368466382
2020-01-08 09:00:00,88.74965521356725,89.78942736025807,87.97377284470295,88.68697461441474,34829.353748813446
2020-01-08 10:00:00,88.57290424721673,90.18876927201197,87.23386122367066,88.54558200606388,24781.32335377862
2020-01-08 11:00:00,89.07965204538068,90.26588453110027,88.64786639145696,88.96932313065685,22937.640518499124
2020-01-08 12:00:00,90.80964806398764,92.00393471280486,90.12513923194005,90.84293606725078,13828.998392877618
2020-01-08 13:00:00,91.13708528958185,91.60085585675101,89.78156981529644,91.18220934921185,20623.98528985111
2020-01-08 14:00:00,90.67421270026864,91.11596367341718,90.26929934441924,90.61874834286361,37711.39428774067
2020-01-08 15:00:00,92.18138718699221,93.34382931846265,91.32966852273152,92.23653903988398,22912.20001572146
2020-01-08 16:00:00,92.87765243791156,93.32207304392173,92.07943523015336,92.88679101143909,18594.22002634674
2020-01-08 17:00:00,95.1835685699539,96.51860341598774,94.75301182846319,95.18669290870695,12998.364255136827
2020-01-08 18:00:00,95.53727647283111,95.83495955024726,94.11223506005955,95.48781428761181,33325.95221790439
2020-01-08 19:00:00,93.7184401591014,94.4117530605919,93.07128392611341,93.68966487906629,21568.19079093339
2020-01-08 20:00:00,91.73855378250084,93.84397095830711,90.14637440644626,91.71759333553763,13003.578190467135
2020-01-08 21:00:00,94.14022925666858,94.77691704124445,93.61157299825449,94.1591755365054,16692.591803101855
2020-01-08 22:00:00,96.83534147371326,98.7981666238669,94.85715329208055,96.77654952540013,15014.003252927796
2020-01-08 23:00:00,96.72397005817825,96.96425844785986,95.66242209015192,96.52966433641728,21172.891557051506
2020-01-09 00:00:00,96.00825038322829,97.18365434261567,95.18866937978574,95.97507745673398,23440.0573622717
2020-01-09 01:00:00,98.24130857541137,98.91519196654905,96.46293834360702,98.23641285534598,18940.066554829464
2020-01-09 02:00:00,96.5022471134061,98.41925329971082,95.69382516538386,96.56491112462899,27808.971931082182
2020-01-09 03:00:00,95.20941521181368,95.9232320039113,94.32760098180836,95.23977200575911,22553.39013341425
2020-01-09 04:00:00,96.2255609831441,96.68247820529412,94.94048874250335,96.23584427554123,30293.659603219945
2020-01-09 05:00:00,95.64017046451424,96.10954933371471,94.00675911508719,95.66574192882447,19788.213795222262
2020-01-09 06:00:00,95.68335721032665,96.11119657788177,94.16233600007672,95.68412640710226,54918.06782325066
2020-01-09 07:00:00,95.54906290820179,96.3846464013551,94.10413000872175,95.46419447193651,18595.09997812053
2020-01-09 08:00:00,96.05911240570721,97.26695377644762,95.54260202227039,95.99924886207069,16797.763011920946
2020-01-09 09:00:00,98.1698872184778,99.06846432700094,96.7506950787561,98.17768413261147,16189.365175016761
2020-01-09 10:00:00,98.28525476295869,99.37357358793332,96.78318547618628,98.34466870839127,20675.770409135515
2020-01-09 11:00:00,99.4406214438367,100.83936083115023,97.81281599439158,99.37417154305575,13149.502086443541
2020-01-09 12:00:00,96.24079676300872,97.77033361234777,95.21171157303034,96.243157332088,24061.512546230926
2020-01-09 13:00:00,96.1125431879951,97.40603873624792,94.62758284523824,96.19558404639369,12436.722527118476
2020-01-09 14:00:00,94.98631164711291,95.82826780991257,94.40111443210021,94.9524881409242,23121.108733025514
2020-01-09 15:00:00,93.22050139064989,94.67322019809447,92.00580781770623,93.17271838236059,14685.626080982809
2020-01-09 16:00:00,91.80662702141849,93.93589955011629,90.67008140430556,91.91811949073768,19645.66491186375
2020-01-09 17:00:00,91.42296277442999,92.16689310811334,90.97617139641555,91.46066993441349,26406.411506403416
2020-01-09 18:00:00,92.80966111925697,93.26681630390468,91.13825915835267,92.8147870020235,43967.73309662243
2020-01-09 19:00:00,90.95430644492605,91.59228063865929,90.31524826042171,90.92091524277005,15940.205490582386
2020-01-09 20:00:00,90.96614251167468,92.56790458622572,89.13713171506944,90.9896063010177,21055.2405458229
2020-01-09 21:00:00,90.285510826577,91.66394172156743,87.84423699538796,90.32309164121223,17727.500219629277
2020-01-09 22:00:00,89.9153901708918,91.09120532458506,89.27398897813693,89.88271019942432,16967.22639539517
2020-01-09 23:00:00,91.31692795200144,92.51753975125665,90.04892385292466,91.33831584042589,17774.28450555325
2020-01-10 00:00:00,92.16576035616251,93.18436431024934,91.58974336871452,92.14078768492759,28204.024025648294
2020-01-10 01:00:00,94.07540615756041,95.53127325837346,92.66000215480165,94.12771837383018,19026.409005642447
2020-01-10 02:00:00,93.86107398179853,94.50064254464534,92.56308822817398,93.92458263900889,43251.786137374154
2020-01-10 03:00:00,92.96122425479356,93.8589055255952,92.57499776978341,92.926132134027,24954.108994255697
2020-01-10 04:00:00,92.63606381461707,92.97750163463006,91.31005703218497,92.62436906593221,16268.6756992413
2020-01-10 05:00:00,93.04704043285523,93.94530709999624,92.18618571705399,93.00414432977936,19731.831943327885
2020-01-10 06:00:00,93.26373215133087,94.95035562743166,92.19241677899615,93.28857457227244,17317.033699535656
2020-01-10 07:00:00,91.69751871376303,92.83331372463367,90.72085116762698,91.73398780382324,28001.702640112293
2020-01-10 08:00:00,91.95239316584812,92.95827089475159,91.1747220239358,91.88987502159029,13471.964522185626
2020-01-10 09:00:00,92.17566473765558,93.1840302323236,91.01288510492007,92.24590809474334,14731.07645488857
2020-01-10 10:00:00,96.06285980901843,97.5838907732669,95.29498084476633,96.00278795047254,18444.770441312474
2020-01-10 11:00:00,98.97503122652334,100.29063778317433,97.82596218150942,98.90972584722482,27034.903650821652
2020-01-10 12:00:00,97.6581411012708,100.00956737261323,94.54293342112777,97.6161617826847,31885.86485082243
2020-01-10 13:00:00,97.1684493652137,97.68001602882015,96.64482103559996,97.20187745620466,33328.31640857201
2020-01-10 14:00:00,94.97440684224145,95.74031356341769,93.64837904261249,95.01319711236431,25820.924155227614
2020-01-10 15:00:00,94.14920602021238,94.95891832953687,93.725427181804,94.15909535099176,21485.490784957434
2020-01-10 16:00:00,94.59278974788303,94.94519283303062,93.62035119484952,94.65408014256234,27956.017307486054
2020-01-10 17:00:00,96.44869883970185,98.74887530088145,94.61049860939131,96.4950982181346,15625.34906899107
2020-01-10 18:00:00,95.45026751665586,96.57476754308092,94.72739568472657,95.41950740240523,12665.066756876196
2020-01-10 19:00:00,94.4979970350106,95.6517310362065,93.96150399910303,94.46732589781315,25109.242220619384
2020-01-10 20:00:00,91.30314973163469,91.8164491014451,90.44245307082443,91.3510896336627,16289.833407245107
2020-01-10 21:00:00,91.17304413666939,92.68864572779387,89.57256293682455,91.14223250535485,21599.122770060665
2020-01-10 22:00:00,89.67479791512967,89.97271001451621,88.89365245711342,89.65443276254055,22831.309685948458
2020-01-10 23:00:00,89.00141180089497,89.79530298718544,88.07867057956314,88.93427148385781,23728.588541799305
2020-01-11 00:00:00,87.76349679861276,89.7652887989994,85.88647176229715,87.73852920145056,29182.878442009664
2020-01-11 01:00:00,87.67866565377604,87.9552337304917,86.99805129355532,87.63228271668635,28271.868872733692
2020-01-11 02:00:00,85.28334316054645,85.48360309730292,84.70587794420265,85.2630046261252,23353.45038209657
2020-01-11 03:00:00,83.37925375834286,83.78388878082845,82.38745329280458,83.33842088605164,19291.028376528007
2020-01-11 04:00:00,86.14838528906704,87.318460337926,85.61686429475033,86.20386252427573,22750.186601356698
2020-01-11 05:00:00,84.49158376735916,85.5878288442043,83.50613102593928,84.49672727145382,18418.978919069108
2020-01-11 06:00:00,83.07081025498152,83.35823038064123,82.22203041223703,83.07242945161323,20765.97945277476
2020-01-11 07:00:00,85.52360974763165,85.90953852075882,84.37568356956194,85.53403420578105,48312.810251519884
2020-01-11 08:00:00,89.58246532607396,90.61929524042414,88.1027710049506,89.56258750848815,23263.872744681838
2020-01-11 09:00:00,87.97715684756199,88.83463728859522,86.6662767183892,87.94926023690087,25211.953470748937
2020-01-11 10:00:00,87.48169843860273,88.3850156121692,86.96302832932348,87.46454414538582,17824.97433216811
2020-01-11 11:00:00,87.95249484485235,89.46770271715242,86.8445385032251,87.96027686124292,29912.209632166974
2020-01-11 12:00:00,90.37924288489221,92.06071048094807,88.4582318296382,90.41250248372789,27669.381693587966
2020-01-11 13:00:00,89.09135300583577,89.76236738646561,88.41851850542692,89.04250490763944,27728.21501597752
2020-01-11 14:00:00,88.73893500189301,90.08768235585772,87.40301085847749,88.72342025606012,23493.2253132105
2020-01-11 15:00:00,89.79499065084866,90.840013581608,88.97397903599155,89.84074716590473,30039.15657431345
2020-01-11 16:00:00,90.47390966217642,91.11672219132221,88.9850164493913,90.48267234536065,32257.490505471418
2020-01-11 17:00:00,89.89436446357446,90.42471297409855,88.3129053194172,89.97278923080871,23978.902873512823
2020-01-11 18:00:00,89.80945611856737,91.45846514084002,87.96184383256004,89.807867838838,21281.98655612708
2020-01-11 19:00:00,87.8994577241307,88.36701492965425,86.87002229869273,87.9081773337174,28806.931004092705
2020-01-11 20:00:00,87.57779544455605,88.32165643724782,87.27357384616266,87.60295794660288,16793.755637130052
2020-01-11 21:00:00,87.32915401000409,88.21133447562045,86.50236112871417,87.26001788954908,17758.364366344405
2020-01-11 22:00:00,87.55290839890021,89.2120359385714,86.82997611042822,87.6035500015106,21677.061292662675
2020-01-11 23:00:00,86.89512156293449,87.54136907254336,85.43256596675675,86.86444134837433,13063.702729687919
2020-01-12 00:00:00,87.63148630285018,88.62545119669545,86.41382637031664,87.53577870201957,28233.89772604615
2020-01-12 01:00:00,89.0152488683995,90.605516883187,87.77455188021231,88.9673280449084,16500.167869735025
2020-01-12 02:00:00,89.20829526355126,89.98282843448673,88.27118539828406,89.20970204622819,19121.195170123658
2020-01-12 03:00:00,89.67885993122636,90.7060171240413,88.6331820992003,89.72973977317653,20661.268121256962
2020-01-12 04:00:00,89.7682126819803,90.51734644150527,89.24689193044868,89.82938928872822,22287.60663033619
2020-01-12 05:00:00,89.83552929279269,91.26522350718815,89.41870678248956,89.85401907971819,19868.761770528636
2020-01-12 06:00:00,88.83246059060257,90.33047262471445,87.211815754303,88.86298505857908,21585.7506927585
2020-01-12 07:00:00,89.29924071008791,89.67879251511795,88.75664168307476,89.33137976918086,21635.953207690753
2020-01-12 08:00:00,89.20439867380634,90.36487624486377,88.14058113666448,89.21895534661267,19262.02293317849
2020-01-12 09:00:00,92.22945202835838,93.72284356229044,91.42543545220464,92.23416736609734,17466.52834985731
2020-01-12 10:00:00,94.59683751487204,95.14483358183084,93.41739908308236,94.57389332338411,30468.303030567953
2020-01-12 11:00:00,95.11738007771837,95.55562460399463,94.64670877958903,95.17628450028684,11715.620189515132
2020-01-12 12:00:00,94.03296518349921,94.56666300330535,93.00251004415236,94.06505283286329,20708.208619145058
2020-01-12 13:00:00,92.44933258129151,93.33659167970951,91.7371964767872,92.45671395933591,19136.067008349564
2020-01-12 14:00:00,94.22394911460299,95.12623315916565,92.79947843419242,94.23315970832921,24975.170892051912
2020-01-12 15:00:00,94.73662309071227,94.96757083867149,93.9202805568747,94.64971460081584,14238.604207767052
2020-01-12 16:00:00,95.40522479578854,97.09602825045835,94.31232425944994,95.39414731294892,18959.5757144149
2020-01-12 17:00:00,92.75932891952807,93.40741373958105,92.21354384818729,92.83422710105377,21360.358567539795
2020-01-12 18:00:00,94.24549886644424,96.09829377218213,93.17551659888886,94.22579713037395,30364.276555796532
2020-01-12 19:00:00,94.9543318585348,95.60139136888381,93.22695781080378,94.92843235763753,24334.624459606763
2020-01-12 20:00:00,93.30240420476912,95.10657291672946,92.45889066313063,93.30824194293578,15443.6552838091
2020-01-12 21:00:00,92.586982990715,93.06126986917717,91.56423777055397,92.64318945971354,19029.715010635326
2020-01-12 22:00:00,93.13593159351255,94.35172647012627,91.44770667153372,93.05413446450574,28733.39763327618
2020-01-12 23:00:00,93.10663243037014,94.69746480531195,90.12371553768047,93.15646573243674,15363.771857928787
2020-01-13 00:00:00,92.78475905736386,93.61812608481017,91.1017150996593,92.75411438695504,21512.87171702115
2020-01-13 01:00:00,92.6376004086143,93.23794837799423,91.78090425506188,92.62833523487927,21966.280768874178
2020-01-13 02:00:00,92.3143866583669,93.97506659013258,91.63214532151842,92.28666325795683,19619.222060927812
2020-01-13 03:00:00,92.61287342363494,94.75907554713567,90.38104313593902,92.53390231142775,49450.40538231855
2020-01-13 04:00:00,94.75574796457055,95.83072078878925,93.68238549061758,94.72914617916106,19461.249497157343
2020-01-13 05:00:00,90.97585138698092,91.47553592204147,90.55735176767533,91.00127096433255,25208.324287206215
2020-01-13 06:00:00,90.73735211093407,92.5156030554692,88.3761290025175,90.68720243825923,17502.686526586695
2020-01-13 07:00:00,90.93575577927984,92.42926685546713,90.16930759686173,90.96445958949009,25805.021857282794
2020-01-13 08:00:00,91.4218890920542,92.72145026465108,90.29390262962455,91.41441331222708,28602.124551189652
2020-01-13 09:00:00,90.84657760974754,91.97991889155621,89.973601521451,90.90535171984246,18464.602299379654
2020-01-13 10:00:00,88.4032868031874,89.30480539118352,87.81583647451578,88.44898314011526,21667.949267831707
2020-01-13 11:00:00,88.93358701906088,90.00519441783321,88.47560364608124,88.93130207730523,16838.379753971603
2020-01-13 12:00:00,91.42548214373438,92.11317061356809,90.4246013630661,91.40865898752314,15625.802860945245
2020-01-13 13:00:00,89.17541850996396,89.94138781642552,88.24108383258817,89.25138887370433,30062.644387586453
2020-01-13 14:00:00,90.52105041101271,90.74767683203596,89.89463304610527,90.49854851851238,18653.6984968664
2020-01-13 15:00:00,90.01920578476455,91.22186417833821,89.58643256861811,90.05610307495412,10677.738097365094
2020-01-13 16:00:00,90.05130223879368,90.59330950479553,88.80508313035699,89.99372029611936,37406.76490834452
2020-01-13 17:00:00,88.52235510925871,89.68847516683223,87.3478162915365,88.53793621133268,17315.743630194855
2020-01-13 18:00:00,88.0473534159559,90.51450357980633,87.14850781213917,88.09684720565461,20457.157226699648
2020-01-13 19:00:00,89.9470570915806,91.26234974327157,89.33804317665249,89.94364802234082,36035.93635604649
2020-01-13 20:00:00,90.75593710918275,91.3255239909962,90.3028795234316,90.79753304807788,21109.47713080286
2020-01-13 21:00:00,93.39338781548207,94.10796330434334,92.18836829883354,93.33416984480495,20973.164516199224
2020-01-13 22:00:00,95.1069315624082,96.38960323550891,94.31286227497947,95.10690634920911,15238.00761293543
2020-01-13 23:00:00,95.78571205452842,97.08349479908276,94.30603235025826,95.79297683214939,13487.921902953913
2020-01-14 00:00:00,98.51634101188904,101.0312480158153,95.84960566215639,98.48719859964757,20953.984969874087
2020-01-14 01:00:00,99.14766317921146,100.12220964505246,98.51942513002132,99.19750731968945,24559.227599197828
2020-01-14 02:00:00,100.46209649670942,102.44996158895091,98.99001499267689,100.52689380301192,24140.775577833425
2020-01-14 03:00:00,100.10620882614296,100.76250238155345,99.32981226913809,100.08577373425095,19065.232662435385
2020-01-14 04:00:00,100.1629524915229,101.05478625257784,99.85710869700725,100.21805592177829,22160.73570078602
2020-01-14 05:00:00,99.0958575232176,99.64627836351914,97.49587766052566,99.15039074149955,12693.394276259985
2020-01-14 06:00:00,100.77732560598746,103.59891993129273,98.7615454705851,100.73518022118436,25287.11120091565
2020-01-14 07:00:00,98.93606888095646,99.44551772132934,97.31076493196021,98.91010180866915,23119.2701280263
2020-01-14 08:00:00,100.10082629074387,101.00753506676132,98.85820757423578,100.16362034387696,39818.952374933404
2020-01-14 09:00:00,99.85965816063762,102.0790139128996,99.02078011245965,99.89058109018926,22075.94634146237
2020-01-14 10:00:00,101.73197465114957,103.42552159022792,100.3087487638113,101.77796463031778,16600.68426629423
2020-01-14 11:00:00,103.10823700837035,103.41659936251877,102.33071528686008,103.01674169522312,21693.82766730571
2020-01-14 12:00:00,106.09020446480007,106.23388732473872,105.18476725497781,106.04216681035389,19963.483526137155
2020-01-14 13:00:00,107.27630626903617,108.69531239919091,105.57156533141739,107.29888436026873,25094.710368785018
2020-01-14 14:00:00,104.73379221349568,105.1411095194566,104.23754241494117,104.70362737647102,22204.885662116372
2020-01-14 15:00:00,104.55088008746793,105.64708086667267,102.76859343608794,104.62182342330472,15093.447522005095
2020-01-14 16:00:00,102.7019625451786,104.10432889236859,101.28018540683493,102.73651520594855,13484.241867210078
2020-01-14 17:00:00,101.9345268239028,102.89363480929721,99.84710462103716,101.9291825104164,23834.09650737796
2020-01-14 18:00:00,104.4362462066482,105.39562776556866,104.02730214374871,104.41263690414446,33354.04596648811
2020-01-14 19:00:00,105.48987869384543,106.10554606154605,105.23061608911416,105.49501942001477,22557.082269349732
2020-01-14 20:00:00,104.38160257884637,105.09090521523726,103.76596654114704,104.36866015993895,28113.051288957795
2020-01-14 21:00:00,102.7477419873207,103.32213082867935,101.78244539469593,102.74371769775726,29847.093570599463
2020-01-14 22:00:00,102.81641350582827,103.45777810712532,101.89305196063326,102.82482341456705,23861.881628133542
2020-01-14 23:00:00,100.88613543880429,101.32543745164558,100.3150127204777,100.90107614327786,17251.468575400646
2020-01-15 00:00:00,99.84617874440418,101.74087757888009,97.64823133932624,99.86746374026214,23355.608465872625
2020-01-15 01:00:00,100.3984140806795,102.5632434263352,99.08003954195435,100.38677235174025,31638.2422695966
2020-01-15 02:00:00,102.27887054888004,104.47768401934094,101.52072681895191,102.25786598614735,25821.61381280811
2020-01-15 03:00:00,103.28134869634175,104.48348707505676,100.9971070326494,103.27110631101378,27569.7270261153
2020-01-15 04:00:00,99.57952365618446,101.51750236018049,97.70592893756206,99.6382403242412,19172.574540014935
2020-01-15 05:00:00,100.09428423036734,101.27719300153103,99.25927013248838,100.14430269691596,20729.10171904547
2020-01-15 06:00:00,100.30532992832842,101.1410925233741,99.68487369006122,100.28532893177122,21255.730460542323
2020-01-15 07:00:00,101.04297841940057,101.64854839816695,100.17989573642637,100.96868196267637,21689.826381312178
2020-01-15 08:00:00,103.60776942792988,104.65798655138467,101.46127085329938,103.59987431659918,31269.15710824181
2020-01-15 09:00:00,100.29442699514134,100.92138537387113,99.40853637591516,100.3150752690331,10892.697412088368
2020-01-15 10:00:00,99.4238438750095,99.81455236495749,98.38356091877884,99.41269273062751,22229.18827339496
2020-01-15 11:00:00,100.31246295120215,101.04434160097398,98.98220348335721,100.36951405807639,21507.373037215602
2020-01-15 12:00:00,97.9912139130342,100.46685522829578,95.47731142081703,97.92712339403126,14596.683984737687
2020-01-15 13:00:00,100.26670503301939,102.3946996715488,98.30244423897936,100.2573513156697,26944.383899073575
2020-01-15 14:00:00,100.83439296837426,101.5144303897967,100.0134744560563,100.86815642582552,17723.557084495988
2020-01-15 15:00:00,102.2413447073529,103.52816804202625,101.52209241697844,102.24987211489156,19789.17213427968
2020-01-15 16:00:00,101.33555038754837,102.28952781913141,99.98153470902764,101.36226117965114,38354.785056605455
2020-01-15 17:00:00,102.76500277834825,103.8781536934083,101.55022430326956,102.6976500662075,29821.714894420224
2020-01-15 18:00:00,104.45828162503511,105.33207776732964,103.46724073650657,104.46884551936624,26169.400353230347
2020-01-15 19:00:00,104.88944381038262,105.09683340248496,104.07529975461487,104.88129632995368,24691.962884977358
2020-01-15 20:00:00,105.32810695101293,107.06070704148236,104.4178012015027,105.29790085523767,20964.713487171855
2020-01-15 21:00:00,105.73683890949941,107.86614817727485,104.86278410987019,105.77601657978018,40127.34012528233
2020-01-15 22:00:00,104.38615637890823,106.36190594307874,102.7475556911341,104.37604706473113,28019.340684297917
2020-01-15 23:00:00,104.17653191226783,106.38865480529887,102.8819538665574,104.1622390005831,17590.86523958602
2020-01-16 00:00:00,103.85992807533776,105.83835463852078,101.70321321254508,103.94069409100227,14471.975245080117
2020-01-16 01:00:00,104.61192291258781,105.26248627700627,103.46634512442074,104.59870704958676,26109.418769242617
2020-01-16 02:00:00,106.28528838885092,106.84676679514195,105.27600173171413,106.28772036163184,21660.362601864017
2020-01-16 03:00:00,104.5658673189323,106.03496541551931,102.83591352019009,104.55907274143667,14347.321517257957
2020-01-16 04:00:00,104.38376190692487,105.346065840712,101.89603185642444,104.38190235828756,25048.66595269547
2020-01-16 05:00:00,106.88884227733806,109.49821636782025,104.52429798534351,106.87499288817386,20318.596956791487
2020-01-16 06:00:00,105.73021544670162,107.11278147098682,104.63076650560396,105.6595638956997,25827.613200492506
2020-01-16 07:00:00,104.26710599232791,105.2332255527755,102.98302577662757,104.32863419098841,25147.708658871597
2020-01-16 08:00:00,104.67220510554864,105.36939929073282,103.55424086414908,104.69011508923944,18352.494669552245
2020-01-16 09:00:00,106.15588103942937,108.52280685841181,105.10272498197018,106.12051008496053,26631.591203865668
2020-01-16 10:00:00,106.1940977888805,106.6436941259267,105.26736213794057,106.16856818349096,18970.273402930707
2020-01-16 11:00:00,108.46849398239331,109.03723090538288,106.80851852218684,108.4435841899927,19343.958704301403
2020-01-16 12:00:00,110.09812046888916,110.59350855305037,109.16925599137905,109.94674704009566,18775.69659135517
2020-01-16 13:00:00,111.47868299864692,113.83693199151838,108.84803305810755,111.44446199710768,30924.138165695156
2020-01-16 14:00:00,112.515502180391,114.29163093296464,110.66838391632622,112.45191412042098,20248.343841471025
2020-01-16 15:00:00,116.66447274531798,117.08166864790029,115.76433016449485,116.68238769582877,33247.436792637964
2020-01-16 16:00:00,116.27997416521806,118.6294951944742,115.04566768348589,116.33773075142517,37610.76009042345
2020-01-16 17:00:00,112.73732656195749,113.46317931469987,111.60673545872531,112.75504700021061,17648.11502033916
2020-01-16 18:00:00,115.71278226585399,117.21302580326986,113.5398648666912,115.67160547782622,9170.081066279878
2020-01-16 19:00:00,114.8955335056787,115.34857028351108,113.52997154421591,114.87216690705752,30132.296923269583
2020-01-16 20:00:00,115.12209929228035,116.25729653772198,114.53180699535068,115.09889239922315,19878.786374604017
2020-01-16 21:00:00,117.51674299787129,119.50390954915257,116.88444801361102,117.52933887490721,16985.988478747448
2020-01-16 22:00:00,114.61064378701967,115.4659475245667,113.52883268951773,114.63206867075421,18460.425694303794
2020-01-16 23:00:00,112.41516973888211,113.11343837784504,111.47503530199418,112.42527998940601,19449.095684396438
2020-01-17 00:00:00,109.6952488059807,111.78309654334791,108.67545627485764,109.6555274371791,32505.283593370452
2020-01-17 01:00:00,108.36774672001285,109.93296857073892,107.53319851256929,108.32221199266169,23108.906195540898
2020-01-17 02:00:00,109.04966554386081,109.80425937311551,108.11067262153647,109.10455831923571,32372.986014886334
2020-01-17 03:00:00,110.08092440934944,111.78463296266912,108.62962754282154,110.0389807102535,25546.766600489467
2020-01-17 04:00:00,110.51298069078084,112.90942013003755,108.01131715956517,110.54894896484545,20075.00489829844
2020-01-17 05:00:00,108.17136465168662,108.9143851240003,106.60621109822377,108.14600864917871,19592.318184602787
2020-01-17 06:00:00,104.30073057176453,105.25660184823658,103.27189413735744,104.31074261634112,26068.491067681687
2020-01-17 07:00:00,104.51031220534709,105.43121045968641,102.27554873421556,104.42855568699296,28173.234888495273
2020-01-17 08:00:00,103.66215939747222,104.63101815240773,103.21796734351783,103.68383318751783,29704.02405589351
2020-01-17 09:00:00,104.47449436205305,105.0732217415021,102.93862326802103,104.46516500433765,20364.2959229408
2020-01-17 10:00:00,105.68727155705483,106.29388883799069,105.33429454984993,105.65522668827008,23215.182388605303
2020-01-17 11:00:00,105.86810797838544,106.77312499401812,104.55431613737423,105.91439038780284,26244.510511436958
2020-01-17 12:00:00,107.2152492612438,108.28542404001786,106.51602642604938,107.21915509720667,19629.925503279126
2020-01-17 13:00:00,107.62190168349088,109.27892499038306,106.27068212314683,107.63624878197227,15670.22963784026
2020-01-17 14:00:00,108.54025171821252,110.20211346367371,107.12689121831409,108.56814360623913,17294.06537955424
2020-01-17 15:00:00,107.37564620859301,108.06997592876778,106.62855041163274,107.39925917089286,20489.941111879107
2020-01-17 16:00:00,107.18468134822346,107.84100995949127,105.61767790878149,107.1251190001458,26867.217491087187
2020-01-17 17:00:00,107.45475951929531,108.77100640588358,106.93270607525945,107.48692770907401,32134.74905446656
2020-01-17 18:00:00,108.94545320284328,110.18024962772284,107.71310884786364,108.9146081565443,14664.513950826506
2020-01-17 19:00:00,108.28790050838563,109.22819688216944,107.34168958819946,108.27086977113785,18412.710549064144
2020-01-17 20:00:00,109.11668746077629,110.55790699024769,108.42288352369306,109.19295765609041,19784.246147723843
2020-01-17 21:00:00,108.79467301258346,109.75863074336567,107.95330231128524,108.76643890707993,27956.782362262293
2020-01-17 22:00:00,108.51815831886772,109.06168958333717,106.57250493804982,108.59490848769761,18799.148201927088
2020-01-17 23:00:00,110.08744827575386,111.07504311682752,109.21635474340215,110.05288661637898,19362.244703066743
2020-01-18 00:00:00,106.65426946616834,107.34734405198715,106.04508235740997,106.68132340402268,14420.444373797496
2020-01-18 01:00:00,104.55419879056109,105.48049425665975,103.08295185509775,104.55376137666092,25464.031214555485
2020-01-18 02:00:00,102.10325897522995,102.604246407663,101.00065208753745,102.16937686319987,20985.358885461184
2020-01-18 03:00:00,98.51560882571654,100.00893892503414,97.83632886518117,98.50958091001198,18102.158956514144
2020-01-18 04:00:00,97.53471207878216,98.05661534026058,96.4672193240306,97.48952809937242,20376.67274504171
2020-01-18 05:00:00,98.63406571360619,99.08457011645937,98.39554709060613,98.67387891807408,30887.246732264506
2020-01-18 06:00:00,98.22914323506126,100.28027376174327,96.5742158907009,98.25897304223604,16293.70193061194
2020-01-18 07:00:00,98.61482234942709,99.83253986645849,96.80112071133867,98.59241125796603,17111.43291611977
2020-01-18 08:00:00,100.34963668965321,101.31189469257363,99.10719297274818,100.32557769695624,32069.98209059324
2020-01-18 09:00:00,102.34861214968785,103.42447317187144,101.97841052277899,102.4733313806307,22532.915908162166
2020-01-18 10:00:00,102.49292544990053,104.42465732554625,101.61476979957777,102.38974697607968,26928.116129485108
2020-01-18 11:00:00,104.6520056218267,104.90808975138007,103.86005393138466,104.62435583795562,24847.826750737695
2020-01-18 12:00:00,104.84137006434158,105.12489897696442,104.4538365583038,104.80484983645827,21794.21037359336
2020-01-18 13:00:00,103.45257654945466,104.22687461302989,102.45745216142944,103.46000189689663,19841.088916866207
2020-01-18 14:00:00,102.42889672705522,104.1531311493155,100.17639490448155,102.52400586405057,28267.48283981638
2020-01-18 15:00:00,100.22231193441067,100.89510553879047,99.02759616352986,100.18851223466638,31216.46535537847
2020-01-18 16:00:00,98.79598079669854,100.33612657701937,98.13643926635463,98.82390784150606,30493.124291157023
2020-01-18 17:00:00,98.32182934790309,99.29740587031267,97.17400238445035,98.29509643873516,15434.468627930068
2020-01-18 18:00:00,99.56322084108474,100.49311051306395,96.22788421472846,99.57411430247465,32580.632813912456
2020-01-18 19:00:00,102.34952200723816,103.17453695797495,101.456167106496,102.33734184858113,19783.814318919915
2020-01-18 20:00:00,100.12231220638563,101.6554810580306,99.73115242844219,100.16112446089316,17561.971599048244
2020-01-18 21:00:00,100.85375564560728,103.61835688056937,99.6120030311469,100.81018604054586,20935.502708062566
2020-01-18 22:00:00,99.13978531607214,100.10404205689873,98.65330432476432,99.19872816071566,28263.84006961574
2020-01-18 23:00:00,100.0826097065376,101.58106806955284,97.47922672345835,99.97036450954627,25903.65235228699
2020-01-19 00:00:00,99.90308166263296,100.84089972168923,99.19601132394581,99.79141762919961,20401.915580804663
2020-01-19 01:00:00,97.06073937490788,98.34641424318232,96.57654171633354,96.98156849157085,28319.32633909494
2020-01-19 02:00:00,98.4994143079691,99.08621732818091,97.41348976907922,98.43663737676692,22970.318792383612
2020-01-19 03:00:00,97.52568142616877,98.38829085357683,97.17214907385727,97.52980441858999,18547.838908107733
2020-01-19 04:00:00,96.79601247409758,97.8167688822692,96.18647001916531,96.73958685091944,17811.318680356108
2020-01-19 05:00:00,95.1448443465089,96.00844776629879,93.26755980822558,95.14941991551915,24911.142026878122
2020-01-19 06:00:00,94.12656012115359,95.88172450463344,92.42346523429654,94.1997305881253,21487.887413753488
2020-01-19 07:00:00,94.9338277099477,95.84045577653532,94.46056338136309,94.8625289661075,14579.160922010706
2020-01-19 08:00:00,94.65943278367591,95.67226970872125,93.61691748988409,94.60603597979886,28400.11427534204
2020-01-19 09:00:00,95.12143772372569,95.68548172664794,94.42541279957375,95.12292825757027,19070.873289038278
2020-01-19 10:00:00,95.63413412596529,96.65259496275259,95.3020534115398,95.6927547542981,35512.35327096996
2020-01-19 11:00:00,97.70187282123604,99.72512751011006,96.23402370773692,97.73051766902603,14459.443427104068
2020-01-19 12:00:00,97.14234010568225,97.9439302728656,95.85432845036267,97.2308758958585,20864.145137929285
2020-01-19 13:00:00,95.06636589919748,96.89478083270467,92.00257758175914,95.02146441589387,17854.425696727933
2020-01-19 14:00:00,96.58088289930724,97.03623518108627,95.21315579184305,96.65836951458985,16438.36553880204
2020-01-19 15:00:00,96.19511460225603,96.52480491884144,95.5712244423313,96.18132071629958,19033.631740205812
2020-01-19 16:00:00,97.86991807273448,100.15114867630176,95.7917535947893,97.91122159590121,37465.29372348008
2020-01-19 17:00:00,98.46075074902367,99.90340158151305,97.11341287880391,98.53103803472544,22994.516444375135
2020-01-19 18:00:00,98.36631039701012,99.0978112491408,97.73003764457599,98.35458873842356,17369.786856219773
2020-01-19 19:00:00,98.90678182788075,99.5974177082747,97.51592009659734,98.92329209492792,12726.115210348984
2020-01-19 20:00:00,102.08053968336581,104.20092135508185,101.53563286800878,102.03777620718647,13142.29896599956
2020-01-19 21:00:00,105.39247958511677,106.06479059399281,104.48344467224256,105.45931997993833,18752.100593266834
2020-01-19 22:00:00,105.56343211927843,106.9382383493284,104.2741919388807,105.60341962742642,18213.049192648337
2020-01-19 23:00:00,105.77263118241102,106.74984402314081,105.05429321185501,105.89905571003733,20594.612431685626
2020-01-20 00:00:00,107.6209759340938,108.42075861582,105.36874619224119,107.73864521020552,11140.527451248332
2020-01-20 01:00:00,106.43792409118835,107.55529979906123,105.7050850400659,106.34231212192974,21428.894948077035
2020-01-20 02:00:00,107.04215086238393,107.15759974282307,105.94821136534209,106.93075050039249,29980.994179892416
2020-01-20 03:00:00,106.92132795514506,107.73246271600637,106.62674282942032,106.9163709804664,35841.16507413133
2020-01-20 04:00:00,107.43127675311032,108.01559486853054,107.03312005890349,107.47554747693185,12477.29854341869
2020-01-20 05:00:00,106.0873289726879,107.14753296733542,105.44160299982754,106.10316216005678,17319.393639351212
2020-01-20 06:00:00,103.5534622642889,104.98476270236014,101.9096727186458,103.50825119529455,17047.005583860217
2020-01-20 07:00:00,100.18520274944348,101.21221347774132,99.80540153440154,100.21097646242244,23010.74197466533
2020-01-20 08:00:00,98.50154268128065,98.81065852091417,97.1744206037299,98.48984042045893,15276.458459370811
2020-01-20 09:00:00,97.80702283278798,98.89122160734824,97.26260616995307,97.80764665242705,36485.82013430871
2020-01-20 10:00:00,97.35594495560665,98.93416268942103,96.50531383916851,97.38364148017301,22315.945382556227
2020-01-20 11:00:00,100.40143040393659,101.5057809936614,99.10899132882133,100.42785260770545,21227.57054624739
2020-01-20 12:00:00,102.23527867535108,103.17797089631785,101.5477905936124,102.22028700350718,35518.68305039481
2020-01-20 13:00:00,100.66144980124041,102.28766142753,98.93969307026397,100.71064131659548,21920.678910463375
2020-01-20 14:00:00,101.31414311395946,101.82168717360345,100.40182086881231,101.29126499553256,24837.031447205936
2020-01-20 15:00:00,100.64769986516171,101.85092376105409,99.45341820477844,100.67143713095602,17584.27855683855
2020-01-20 16:00:00,100.25533742125124,101.87776501710772,98.91147015390196,100.2489532017697,14601.059601142597
2020-01-20 17:00:00,100.63899314003122,101.07361312743608,99.2494977705926,100.56940099689037,18340.949389872203
2020-01-20 18:00:00,101.57401989979522,102.49374801002382,100.60016630290554,101.58256258927587,42450.4482719877
2020-01-20 19:00:00,101.11532401047332,102.30535291941271,99.34953403878986,101.06884223060237,26632.998858049094
2020-01-20 20:00:00,102.71235146136044,103.25767702105422,102.02707974087576,102.80446595171898,23917.374758276303
2020-01-20 21:00:00,100.9759699070472,102.77590486634395,99.76579644689598,100.99972317413173,16433.676983920184
2020-01-20 22:00:00,101.03876635648429,101.80540083054662,99.37163027658153,101.03736756379179,28951.4405094993
2020-01-20 23:00:00,105.38643850277272,106.15634499099566,104.07050507345947,105.28518938536726,14657.274113065867
2020-01-21 00:00:00,105.58098558257404,108.61857087498367,103.86026490519774,105.6845539133795,13764.981383105813
2020-01-21 01:00:00,108.12137828885879,108.66251957468491,107.06263188033014,108.12657971050923,18626.374946157834
2020-01-21 02:00:00,108.39096960257855,110.12701189680827,107.13715896620104,108.31208110209806,39590.611016515155
2020-01-21 03:00:00,109.29419791211231,109.8586678966302,107.7401081159917,109.3371138448229,38924.07643808832
2020-01-21 04:00:00,109.25756081256411,110.41766325510814,107.37547387618825,109.26918917468417,19237.733609646944
2020-01-21 05:00:00,109.02415565809255,109.50817798716363,107.13881417615053,109.00607487577047,17993.039983874653
2020-01-21 06:00:00,107.71544560124092,109.217702810363,105.96054385435363,107.70550930736579,13465.570693619076
2020-01-21 07:00:00,108.55237147058159,110.60037646928458,106.7216023034281,108.46745390214774,22548.170654159214
2020-01-21 08:00:00,107.07577302719628,109.65999702529705,104.68193002919024,107.05176807004554,23123.47988682982
2020-01-21 09:00:00,108.28114044337231,110.16019739404985,107.5310729268323,108.2093017544163,27913.532226424602
2020-01-21 10:00:00,110.08488959203422,112.00439769208988,108.60266488974752,110.10470889972575,28946.72220592019
2020-01-21 11:00:00,110.73130880128356,112.11234539560547,110.10524013929825,110.77232366155087,20759.79421587544
2020-01-21 12:00:00,110.29172627453768,111.84120413533522,109.78862816523169,110.30417537987275,26024.88207955313
2020-01-21 13:00:00,111.0615069022513,112.63227514798974,109.54958534043729,111.12591009532368,17850.88453293805
2020-01-21 14:00:00,110.64393848562007,112.62654390899023,108.11304156726428,110.61719613155427,25877.076020051685
2020-01-21 15:00:00,112.26800330233417,115.90971211292198,109.85076493824559,112.28966836498947,18917.266899546274
2020-01-21 16:00:00,109.09038829169992,109.87535880458981,108.34990199174996,109.1270434599418,25281.736960729988
2020-01-21 17:00:00,108.60848510670229,109.19683429516485,107.80426239388946,108.58141258944417,24675.111859034434
2020-01-21 18:00:00,105.19846322973383,106.54071574087894,104.36261744485286,105.25865622267897,22485.840696222036
2020-01-21 19:00:00,102.87696019953154,103.82451493137232,100.5404827555488,102.83734199969263,27955.29526190754
2020-01-21 20:00:00,105.07359059246058,105.93739456610531,102.82723325872071,105.09872691774437,13751.184964141508
2020-01-21 21:00:00,106.68176040305158,108.68722676499127,105.61148765771554,106.61996898958894,16002.898395478867
2020-01-21 22:00:00,105.42676078789559,106.87902690279978,104.413642263826,105.4474673793801,20312.304165328325
2020-01-21 23:00:00,103.04228175493303,103.76345031173315,102.10666683319138,103.00973533118035,14285.79525427356
2020-01-22 00:00:00,98.34671619688751,99.5451758365284,97.62500040364118,98.33788730464939,19495.53308279661
2020-01-22 01:00:00,97.56265897029274,98.74532039143693,96.31371741392141,97.52638394041782,19684.97456894321
2020-01-22 02:00:00,101.34886650136716,103.38985101128232,100.71643755439541,101.34329531118743,32627.316175823107
2020-01-22 03:00:00,101.98270836900964,104.02126395733445,101.46069389340497,102.06759785809027,22988.746916616834
2020-01-22 04:00:00,101.25073546052278,103.60550301375898,100.18472046734104,101.19969066346547,29996.28659508801
2020-01-22 05:00:00,101.96697639683126,103.20012201263572,101.41295872395301,101.97144697407023,24112.904091003533
2020-01-22 06:00:00,99.56170041826557,100.6789453614083,98.32663264141682,99.52241314564776,18756.578414341104
2020-01-22 07:00:00,99.11872309901435,100.46986596227873,98.22302245994922,99.08452672627183,22928.020457654722
2020-01-22 08:00:00,99.22857314600513,100.98524090059915,97.53495565693899,99.26695453931812,27414.515097130738
2020-01-22 09:00:00,99.11413737973304,100.02480242770748,98.28804889914727,99.15949270388556,31508.744766850035
2020-01-22 10:00:00,100.46245326583615,100.97380868428915,99.88190577401072,100.42954475858926,21169.293293490435
2020-01-22 11:00:00,100.9883605438001,102.52195015204204,100.68083726553165,101.00367517703226,13436.72363020572
2020-01-22 12:00:00,102.14802349801663,103.7724984098945,100.65148272314934,102.10021868091026,13156.34357953708
2020-01-22 13:00:00,101.01790067717225,102.28778254367236,99.87312510745566,101.02690222178748,19971.793197889725
2020-01-22 14:00:00,102.54589917047652,104.13469004212604,101.14611503283552,102.49345276963207,10923.039462817473
2020-01-22 15:00:00,105.20772340975358,105.84678278120744,104.85193408214934,105.18546067116574,37742.09541310463
2020-01-22 16:00:00,103.6337925926275,104.43462611200482,101.86063304978175,103.61887277051011,26346.216818728037
2020-01-22 17:00:00,102.18913742334553,103.58040149355529,101.24865867851031,102.20825093857287,18202.239176097562
2020-01-22 18:00:00,104.42175742894723,104.96350339693761,103.45987918726851,104.4096235890993,15789.583379204145
2020-01-22 19:00:00,104.18597597120171,104.8344335358025,103.14455418410795,104.12387374845561,29984.496052043738
2020-01-22 20:00:00,106.4776498232636,108.39834769211328,105.11805514236715,106.48053626881988,15770.696629077976
2020-01-22 21:00:00,105.79796633441248,107.21945807823236,104.78665978245427,105.76987520710165,16228.625546173078
2020-01-22 22:00:00,108.25359285221307,108.97386813615934,106.607040801441,108.25108358796844,17504.551608222362
2020-01-22 23:00:00,108.51183022856922,110.19555122259601,107.76075931877003,108.50507014337009,22793.39829094112
2020-01-23 00:00:00,109.0708613158153,110.94016446974481,108.41827399273947,108.97695528731504,26535.51309851655
2020-01-23 01:00:00,111.7933340572196,113.32575963646235,110.78295042333293,111.72620169130639,31501.853678685224
2020-01-23 02:00:00,111.1261919119552,111.9473200145634,110.51852196394404,111.12178016530696,30136.471340132393
2020-01-23 03:00:00,109.52857536001959,111.16489878487631,107.32697964135,109.51683219383871,22031.579012203543
2020-01-23 04:00:00,108.73740579206546,110.66141018351492,107.24591311730295,108.77557897726086,29916.23510524359
2020-01-23 05:00:00,109.57363284965078,110.55749721989322,108.1858831173124,109.58311022966126,18010.318377058065
2020-01-23 06:00:00,106.9597264911338,107.6050462267291,106.27173399053655,106.94318249910447,12755.785286838413
2020-01-23 07:00:00,108.09764571730462,109.1675347509834,105.99353905535116,108.05169059910486,18009.608112370075
2020-01-23 08:00:00,107.20814619000629,107.80140240744991,106.04486453515405,107.16799993748964,17294.1201279436
2020-01-23 09:00:00,109.0920564528088,109.83806013196887,108.8473575361858,109.15259570543968,18222.34520423518
2020-01-23 10:00:00,105.19355116917045,106.20912645009828,103.04736807481619,105.14219011716534,16517.696184854198
2020-01-23 11:00:00,103.87152601143985,104.8349564922809,102.35053255164102,103.87613674486904,19180.839685956314
2020-01-23 12:00:00,101.13123396033915,102.71969509204173,99.39614336334459,101.18116642865037,26529.302723727767
2020-01-23 13:00:00,99.96714007158924,100.40167909152595,99.05189862170731,99.90038739510007,36848.75571373842
2020-01-23 14:00:00,100.39155842009194,101.10638387298314,99.82142334123671,100.31816169059533,13126.600957327499
2020-01-23 15:00:00,100.07589823680192,101.80771032387935,98.2941169664022,100.06270261887163,14968.145848541122
2020-01-23 16:00:00,99.72673998963324,100.30501694719929,98.18727820213925,99.69140967296268,17371.151028987933
2020-01-23 17:00:00,99.5071055200865,100.06198328000649,98.66797038361081,99.46893684164961,27714.819891250783
2020-01-23 18:00:00,99.88494031760968,100.415525809278,99.45074847999264,99.81528062305027,20712.978575572586
2020-01-23 19:00:00,98.30502253524477,98.93168122736554,95.44911326757152,98.2692491615786,17725.636013986223
2020-01-23 20:00:00,99.33040724709903,100.02276642948853,99.00167036685085,99.39639095864679,27310.319196881595
2020-01-23 21:00:00,100.56748851039612,100.96071017942727,99.45915963833349,100.46652930584057,29346.16287471892
2020-01-23 22:00:00,101.15903797761656,101.57329855611484,100.3189796355424,101.1051662691182,21902.8492958037
2020-01-23 23:00:00,101.99704334981405,103.8244323461559,101.51660357041484,102.02303495271595,17242.529083093963
2020-01-24 00:00:00,102.47559142158192,104.06954118036656,102.1036474952583,102.52837431399279,23886.86177327389
2020-01-24 01:00:00,105.92318559190883,106.28252332291576,105.66759059901005,105.89645661514307,20537.74183292422
2020-01-24 02:00:00,105.76544569210776,106.75558650728642,103.74808586532605,105.78016288819965,20490.077567734555
2020-01-24 03:00:00,105.3159311769109,106.2810704524509,104.52573599193566,105.29855715958816,18887.959497638076
2020-01-24 04:00:00,104.12345107269151,104.97391962243485,103.34489688561582,104.08476241046712,29070.958763122722
2020-01-24 05:00:00,102.40530703308467,104.46679632359088,100.0415690624166,102.43431857749002,23741.125296363338
2020-01-24 06:00:00,100.4176328703605,101.32561645377868,98.39181377877254,100.4737026216358,30052.77448241078
2020-01-24 07:00:00,99.12329644570441,99.95441994933411,97.34421070823859,99.10417833458204,32889.14172889901
2020-01-24 08:00:00,98.99452839187724,100.09829059158666,97.77522881286338,99.02093667439738,25278.113737426807
2020-01-24 09:00:00,99.57805663819231,101.22769668099139,98.64340908492478,99.57078320228835,18921.551937455188
2020-01-24 10:00:00,99.61125104471967,102.14103224482243,97.82952051987782,99.67820122616764,30094.504811435916
2020-01-24 11:00:00,98.49814151539422,99.36504477163344,95.62027437994661,98.5105628464583,25328.851758558038
2020-01-24 12:00:00,99.98004172541282,101.64038809583099,97.80843468532318,99.944314037253,48098.69539891234
2020-01-24 13:00:00,101.17316605447998,101.59578905397372,100.38920178481685,101.14252328309865,24173.949527859208
2020-01-24 14:00:00,100.87629659703008,102.38649472099864,100.0012041025194,100.9160755933217,27154.72685561774
2020-01-24 15:00:00,99.85261896742774,101.85924954491146,98.0176658886167,99.91098018655555,24031.65424989634
2020-01-24 16:00:00,100.80593355987544,101.41001969965878,100.4740315432124,100.80513902940692,21381.26654297139
2020-01-24 17:00:00,101.15995096161322,101.69978454734382,99.25581014186339,101.13158189448458,20381.084822583547
2020-01-24 18:00:00,98.89829351281578,101.25425361974375,97.43110846102758,98.87826200598066,24059.209975656464
2020-01-24 19:00:00,98.7741107129228,99.95448420764292,97.1056466815669,98.79941125846938,25754.192942233076
2020-01-24 20:00:00,99.24981350867814,101.63508228815937,96.84557342644543,99.2350361990126,31142.11524093379
2020-01-24 21:00:00,97.93911318444613,98.75989056772133,96.76429754574806,97.86559872559859,24164.86910367116
2020-01-24 22:00:00,98.19548461302345,99.76860108646005,97.5629401819812,98.18541350504755,19170.602164705982
2020-01-24 23:00:00,95.90923495535435,96.81343594033436,94.26128332887144,95.98761594377572,19969.148789112303
2020-01-25 00:00:00,98.06559074988739,98.51402161274156,97.36102838580696,98.05562828147765,14810.90358369672
2020-01-25 01:00:00,100.13132677621626,100.63992811948367,99.40268354620753,100.02909918891062,36256.1446343175
2020-01-25 02:00:00,99.59513082776857,100.26759959206265,98.03658427397853,99.6592810492008,18725.6199492921
2020-01-25 03:00:00,100.2601919419013,101.43666037527034,98.73962554322162,100.25870186389714,29443.608540581812
2020-01-25 04:00:00,96.54032568665312,97.50764849453844,95.57075506149609,96.55125217138811,23931.84450766807
2020-01-25 05:00:00,94.83930867731652,95.56354484170043,94.11542669623923,94.83476215849758,24127.789567217842
2020-01-25 06:00:00,94.43194224808607,94.90985659221712,93.49852757340432,94.42277133476681,21263.89062815884
2020-01-25 07:00:00,92.9201385420835,93.44337297545762,91.14692124506273,92.86720553571617,17390.16913706973
2020-01-25 08:00:00,93.94753334721523,94.46118157050729,93.49148538501207,93.9435509257234,16472.364548250764
2020-01-25 09:00:00,97.03384032552924,99.12529796763361,95.61754067605546,96.97191117536431,36995.05805562686
2020-01-25 10:00:00,95.21194521358271,96.92540741488203,93.91527537858484,95.21754665517258,22792.534421079792
2020-01-25 11:00:00,93.97917011949973,94.61916192841312,91.60352559395385,93.99562578208926,30871.2411952878
2020-01-25 12:00:00,94.33897192104939,95.90309399795233,93.09030024962723,94.370547503294,33371.98589271117
2020-01-25 13:00:00,96.7340618627501,98.51089060998223,94.98375492434319,96.82202888916389,19472.255196698567
2020-01-25 14:00:00,95.01498844576184,96.35369591402693,94.4894317858648,95.00188856827937,25010.51786008764
2020-01-25 15:00:00,95.49921350949204,96.99829709439337,93.79098306709157,95.40123642592233,22325.91147920917
2020-01-25 16:00:00,98.2265169169059,99.09121511552055,96.22896493846872,98.20401663468891,15565.86818106394
2020-01-25 17:00:00,95.74136946059768,96.92964130924732,93.73550758322074,95.70850567907475,20834.30127607564
2020-01-25 18:00:00,93.80315678750918,94.76154704400915,93.1369221531302,93.82253260998924,26271.81517239103
2020-01-25 19:00:00,93.21274984040464,94.2685086206148,92.44988662891109,93.22413872538631,18963.87672443954
2020-01-25 20:00:00,92.53372822631384,93.905916221801,91.11085822652576,92.48819436963515,19981.198619885974
2020-01-25 21:00:00,93.79906946938652,94.44503039672836,93.2428784971645,93.70495719359732,20910.149527142272
2020-01-25 22:00:00,94.15792167801166,94.84650781091338,93.2009459622303,94.08792271281968,41500.41886884487
2020-01-25 23:00:00,91.55611169372052,93.54171467285109,89.5634223055707,91.51926399579588,12705.437353195992
2020-01-26 00:00:00,92.29194141453233,93.03694075775458,91.47902436255221,92.29031938543308,25603.721467025687
2020-01-26 01:00:00,91.48925583454823,93.35999443397178,90.39590736839726,91.47966332671304,20414.45029413881
2020-01-26 02:00:00,93.32456267802912,94.2260650063386,92.56974146022124,93.35973630035022,18175.022265252854
2020-01-26 03:00:00,92.3998227324498,93.51630511703611,91.9291700134883,92.46677642365796,20264.731466022975
2020-01-26 04:00:00,91.51774769762754,93.05021023019908,89.71222413217976,91.56933778734751,26908.91364986487
2020-01-26 05:00:00,92.38052742960728,93.43889674491975,91.54407628038051,92.37822721015522,27374.222864547726
2020-01-26 06:00:00,93.5066996783821,94.7691318921938,93.02786037613058,93.52035328810511,23290.600280749724
2020-01-26 07:00:00,94.13913270071917,95.1119751887937,93.07224834504702,94.20834953959232,30571.466785380857
2020-01-26 08:00:00,91.76374701879544,92.78619923404973,89.64712031017886,91.76545951731006,32229.900851670325
2020-01-26 09:00:00,92.55682724197631,93.13896915842167,92.23272510086633,92.57156603888134,28139.027833732187
2020-01-26 10:00:00,91.04732557227938,91.4114299863751,90.52737367657959,91.10074927703192,18697.446910207105
2020-01-26 11:00:00,91.4469470361231,92.40234860510503,90.18700060656637,91.46387603969303,25548.46370251283
2020-01-26 12:00:00,89.44596636642916,89.82836573486082,89.00438413077131,89.4603226459283,25584.966138335774
2020-01-26 13:00:00,90.0881440224702,90.91167193986404,89.19847359315378,90.11592843665662,17245.569862423057
2020-01-26 14:00:00,89.04396545951971,89.31454639428955,88.36320337282783,89.00272737349935,13755.146607417832
2020-01-26 15:00:00,87.16373231697287,87.86867220222581,86.82196718111776,87.24674329902851,12006.066150551042
2020-01-26 16:00:00,88.16951510186027,89.6036283982459,87.73494799522776,88.25714557716536,22492.937432598836
2020-01-26 17:00:00,88.61797065540524,89.46909806871535,86.71874806898622,88.6178250658695,24086.623272806693
2020-01-26 18:00:00,87.79325517530972,88.66871468323372,87.21606460738914,87.78903571867816,15451.564304833244
2020-01-26 19:00:00,89.86112636565846,92.33455919686097,87.93759494240634,89.84296842180798,30146.065609673096
2020-01-26 20:00:00,89.22194434187837,90.11594744746169,88.31231436924598,89.24599495537885,23055.634024632698
2020-01-26 21:00:00,89.27450454848484,89.78867005921914,88.15421949471819,89.31549695889595,33018.91257026236
2020-01-26 22:00:00,89.71869453558271,90.95908256497712,87.65513850186544,89.71902273372051,24616.217704699273
2020-01-26 23:00:00,88.85234970743954,90.03796964838712,87.35881541535676,88.8719716672063,15996.095311962803
2020-01-27 00:00:00,89.62771266243765,90.39959025277274,88.58503944170393,89.55825703666746,25272.80926043426
2020-01-27 01:00:00,88.81885300048067,89.32851550090203,87.96422019306254,88.83325408131701,26930.997038582103
2020-01-27 02:00:00,88.28097211881696,89.6359724743538,87.03399927296272,88.28331979969578,18689.421063495036
2020-01-27 03:00:00,90.33459976871764,91.85060556703952,88.93192087534102,90.22293002991577,14290.81212210604
2020-01-27 04:00:00,88.77200582716826,89.30737358729637,88.10012688119637,88.78065129705621,22699.287590349708
2020-01-27 05:00:00,85.5175718978298,86.56051612165244,85.02464818188103,85.4937979165082,16313.472993627282
2020-01-27 06:00:00,87.74278417252627,88.13720161172223,86.82449499158564,87.71443883789372,30830.702254913915
2020-01-27 07:00:00,91.36597256533474,91.91654067046659,90.69600345550657,91.33257216863016,19493.707416259775
2020-01-27 08:00:00,90.78940950247721,92.1553326987411,90.40403202088324,90.77627021536279,36952.19510107215
2020-01-27 09:00:00,88.08174566623032,88.7314887332125,87.3944486338733,88.0732095757751,11646.400016076184
2020-01-27 10:00:00,87.67192440780038,89.2140720625175,85.85562640957833,87.66752637829991,22935.442058318626
2020-01-27 11:00:00,87.27191822845676,88.50985778941099,85.77571746205753,87.29705951543868,33820.34393687086
2020-01-27 12:00:00,87.07426054170017,87.71473950575243,85.83949502295226,87.06009069345136,16863.53209613815
2020-01-27 13:00:00,85.65700353291399,86.9414261389936,84.63811018960796,85.57020771007468,20999.20206989263
2020-01-27 14:00:00,86.4306524951444,87.2948228452801,84.67279784776493,86.37836413375311,19517.93929890712
2020-01-27 15:00:00,87.13182563249524,87.63980528066622,85.99827465165892,87.11858717813814,17941.46345673057
2020-01-27 16:00:00,85.15185789912238,86.84051742690744,84.59717587807981,85.11543573603154,23703.708515621445
2020-01-27 17:00:00,86.04391893493278,87.30482583579932,84.57397696007936,86.08132884354394,14933.667693891659
2020-01-27 18:00:00,88.92220055716925,89.84160540157883,88.67585031578957,88.93378472308892,21305.26204601527
2020-01-27 19:00:00,89.24156012454618,89.49308938261291,88.36865346680291,89.1992863597075,25714.190327019904
2020-01-27 20:00:00,88.81688620399424,89.51609822723614,86.65822355456496,88.75089249613904,20650.02660124035
2020-01-27 21:00:00,88.54265862611568,89.67689698110149,87.85619594993697,88.57679905512772,16316.60761208574
2020-01-27 22:00:00,89.44199718363866,90.44877275002072,87.64407409423258,89.46362896618197,30003.08892709832
2020-01-27 23:00:00,87.17691481631608,87.60216614595781,86.4124246596385,87.08193560311173,27421.34732491148
2020-01-28 00:00:00,87.33570062722715,88.76863189336066,86.89774080479401,87.33149730768963,16117.224899575753
2020-01-28 01:00:00,86.8989583638002,88.2173737175748,86.14579901325318,86.8198063970694,14939.55586738972
2020-01-28 02:00:00,89.41706336431506,89.71459195557476,89.07883735073658,89.40781603383094,16554.65607709795
2020-01-28 03:00:00,89.19821635134106,89.39906128496455,88.92958138499219,89.18723828159108,25941.05037792813
2020-01-28 04:00:00,91.57192984932819,92.95431969595066,89.88643934167493,91.58591918120209,23924.824232465675
2020-01-28 05:00:00,90.07469233880553,90.92488938392557,89.23358194513418,90.03226215300847,27917.941167372108
2020-01-28 06:00:00,90.95528507212256,92.37450324014307,89.95984720285693,90.8935784419849,19973.36539179391
2020-01-28 07:00:00,91.32957052410103,91.78206967249182,90.31900674813197,91.37685815008533,16690.245546656573
2020-01-28 08:00:00,90.14347991974626,90.79888357594004,89.77734504862815,90.1593682793152,29017.487559665657
2020-01-28 09:00:00,90.47764841261866,91.213222797201,89.91718958560874,90.43627026824518,18656.790225465644
2020-01-28 10:00:00,92.19895759199521,92.99101077421216,90.88983065707761,92.20493010354117,23294.31030362102
2020-01-28 11:00:00,91.73834558114413,92.88819444598603,89.97603575700181,91.76098234877874,13835.90838119378
2020-01-28 12:00:00,89.4177074477875,90.50880770051143,88.70648407646337,89.37259474688867,18565.436395726574
2020-01-28 13:00:00,89.42156677032762,90.21600023943003,89.0204020561689,89.37225771823182,29816.550263035682
2020-01-28 14:00:00,88.11532438708576,88.90906891991936,86.91484526690273,88.13513902117134,17767.347294288313
2020-01-28 15:00:00,87.694478575359,88.72247097548446,86.73512923540777,87.68516787802986,28123.228375671122
2020-01-28 16:00:00,87.5435402551295,87.95288080181338,86.84607470063335,87.5964693178199,10945.613825798988
2020-01-28 17:00:00,85.25989431187051,86.82913195376553,84.65910330098076,85.29808571559985,18623.555852245307
2020-01-28 18:00:00,83.18297366282495,83.99042596214495,82.85999911684289,83.17780976679593,20922.776018335273
2020-01-28 19:00:00,83.8358703058282,84.68806438020432,82.8821597419509,83.83455381881637,37151.59900224171
2020-01-28 20:00:00,83.1297363560772,84.58965474028763,81.76488462632587,83.16994387121704,15510.634059047017
2020-01-28 21:00:00,79.87076337501256,80.62765131862635,79.00705738692358,79.89936630645131,26938.12877675326
2020-01-28 22:00:00,80.87204440032892,81.91934351598533,80.08766276887664,80.91513350402025,30244.79959226192
2020-01-28 23:00:00,81.30362576082345,82.2425260477297,79.64902462707053,81.28513096079135,17739.571583519388
2020-01-29 00:00:00,80.31923654038187,81.3297251042817,79.28938780577573,80.39833399704251,19691.50917297617
2020-01-29 01:00:00,78.72983873777987,79.86391971660953,77.80068403996687,78.76967954488356,22982.50681214414
2020-01-29 02:00:00,79.76077124631776,80.3406432856523,78.67055760103783,79.83513534162012,14122.923125516794
2020-01-29 03:00:00,80.31430592317142,81.55709913087566,79.4547174570284,80.29748277331144,19215.4329849788
2020-01-29 04:00:00,83.31526418463669,85.13790387555026,82.22066253837193,83.39042954718579,32300.35863125456
2020-01-29 05:00:00,83.96831955172324,84.8947169811907,82.77318597052103,83.96698744911563,25765.6230695689
2020-01-29 06:00:00,84.57356177876522,84.68932352705242,83.98447063895289,84.50428837365409,21014.639926102547
2020-01-29 07:00:00,84.37596615563974,85.29145527707034,82.56841723656882,84.30542637299071,22786.4583972465
2020-01-29 08:00:00,85.34302293051708,85.8840687179414,84.03164122864338,85.42015338129292,26219.838808882825
2020-01-29 09:00:00,86.30160870553702,86.67321609021053,85.53730817594136,86.28873401216613,27770.31835910952
2020-01-29 10:00:00,87.98708748421544,89.21410487723857,86.90916615351827,88.03061736110183,18640.19884413085
2020-01-29 11:00:00,87.28256119637295,87.67997926598606,86.50451545425739,87.33466226272908,34906.079229697985
2020-01-29 12:00:00,86.7565993758773,87.18947885582554,86.26904812606158,86.7615217888374,32692.614017932225
2020-01-29 13:00:00,86.185748624256,87.32507454796476,84.85186355801808,86.13285051495151,26988.80121432811
2020-01-29 14:00:00,87.26220495732787,87.6576217056943,86.76010387185524,87.23604902185393,17104.75955387459
2020-01-29 15:00:00,89.31147813388785,90.86336863743952,88.57088032070024,89.34342470373608,16218.9051918066
2020-01-29 16:00:00,88.75562994596356,90.95497767570596,87.06621329264048,88.72435310329554,19970.64772968925
2020-01-29 17:00:00,88.05795555837189,88.7652641131775,87.93044511199582,88.15685469306554,22431.680109825356
2020-01-29 18:00:00,88.58479178003289,89.69462664761623,87.81730609621575,88.6181541134352,12957.790125151072
2020-01-29 19:00:00,88.26354278064757,89.36126873656774,87.58321070942344,88.29991755838465,25550.3920532385
2020-01-29 20:00:00,89.66177958828509,90.39157813918132,88.75206860860462,89.65826853947902,32410.530977993607
2020-01-29 21:00:00,86.54934090772545,87.6941649414798,85.45655853320132,86.55811911124424,26185.00615964688
2020-01-29 22:00:00,85.45575736044987,86.19885334738915,83.54072015212186,85.46180254778444,17983.036199699145
2020-01-29 23:00:00,84.43086865689742,85.9777991608948,82.63229553552213,84.43824516215628,17355.747191943366
2020-01-30 00:00:00,81.43150922479023,82.45647116725894,80.56568642603797,81.43059690728585,24099.72487051129
2020-01-30 01:00:00,80.24769615213187,80.55369433160686,79.51742281030799,80.22602987058725,21036.386028642275
2020-01-30 02:00:00,79.10555898551887,79.78331524717352,77.8420283750336,79.09965296934773,25157.525420893857
2020-01-30 03:00:00,78.85983359798625,79.94664071853583,78.12880628901827,78.87104716075508,26384.088834610826
2020-01-30 04:00:00,80.30367944028775,81.14841050484632,78.94597461086299,80.28755174738562,30563.66483398613
2020-01-30 05:00:00,80.03315918108288,80.36239991485797,79.3237288982907,80.00011419216835,15683.476287187505
2020-01-30 06:00:00,78.71148177638008,79.38188572681408,77.2175211799584,78.73337067265902,23540.689815450944
2020-01-30 07:00:00,78.68190893873313,79.88428383360971,77.96008781852906,78.68424596826884,19750.962410974356
2020-01-30 08:00:00,80.06345362556036,81.3817018344168,79.01062167607097,80.01696750571037,21384.240122297786
2020-01-30 09:00:00,78.77455860666501,79.92219851589672,78.37097610574216,78.81801731174079,28547.443196949578
2020-01-30 10:00:00,77.78714389740188,78.59897215506973,76.87306770932649,77.71701586279487,29493.871114583326
2020-01-30 11:00:00,78.37253622789548,78.64845578810709,77.9799170991917,78.42504787439808,33507.78554417176
2020-01-30 12:00:00,78.15973512784156,78.54454523667634,77.24130804290003,78.17323426217034,25026.16296197139
2020-01-30 13:00:00,78.9584568173868,79.79327074354242,78.29160700759596,78.99598741590478,21311.34763758385
2020-01-30 14:00:00,79.0869852011679,80.21452033893371,77.70657311849415,79.00056147056327,20417.27140557056
2020-01-30 15:00:00,79.88005796715753,81.31791085884188,78.4199875135239,79.90016684280013,13089.602598575997
2020-01-30 16:00:00,78.61003463180977,79.37168348933963,77.7551810038016,78.62972513304635,32922.79366623046
2020-01-30 17:00:00,78.62163537968517,79.32753845542199,77.65405879656872,78.63621251803754,19998.858499140268
2020-01-30 18:00:00,78.40085824303321,79.15267108989615,77.65463169868777,78.39711075107392,25636.415957133024
2020-01-30 19:00:00,76.91855808619952,77.88482020752994,75.73708250515318,76.9311917949427,27002.884097905593
2020-01-30 20:00:00,75.07557837971417,75.95453493248834,74.6046576974039,75.08056698803232,15159.84367222913
2020-01-30 21:00:00,75.78254199302893,77.00362734918471,75.29084075832148,75.91650463490707,16697.196035838315
2020-01-30 22:00:00,75.52083131038825,76.6638864369932,74.62983090037304,75.51867299290657,35035.10970568818
2020-01-30 23:00:00,74.33354049027173,75.26907139651239,74.05309225506787,74.33287868155438,24031.738056020953
2020-01-31 00:00:00,74.27917706319747,75.01811208247548,73.37853924100583,74.24062506485109,18505.51918153097
2020-01-31 01:00:00,75.64136343823449,76.02559182645292,74.8705664674276,75.59188624508938,21207.197264670882
2020-01-31 02:00:00,72.93799281813472,73.25378095063789,72.38320866100216,72.94483898529195,30511.87012929407
2020-01-31 03:00:00,71.29416808372046,72.09227753913896,70.78008732001383,71.26508376678127,29152.45313814614
2020-01-31 04:00:00,70.21726947860805,70.93872622712547,69.93339449358177,70.25596536765255,14188.335627275708
2020-01-31 05:00:00,71.9386045096112,72.66748294951543,70.76168937614777,71.91101432651172,35964.41128654437
2020-01-31 06:00:00,72.23078266750537,73.02985606878165,71.51851502427319,72.2514637747369,29432.19462018477
2020-01-31 07:00:00,73.10647868628868,73.68425375303669,71.94120343213338,73.14980888297761,21041.615057581042
2020-01-31 08:00:00,71.86099923562792,73.54151273883251,70.514020538787,71.86766814839655,15405.55237224863
2020-01-31 09:00:00,70.68039679363548,71.30660055991501,70.43022794047273,70.6309384520246,30218.288272588416
2020-01-31 10:00:00,71.1566645732712,71.6356117551163,70.54512886117895,71.15022528091345,25410.766727169263
2020-01-31 11:00:00,71.28828491661217,71.69559943010184,70.66407515791792,71.2349837621621,14223.637702592214
2020-01-31 12:00:00,71.84595031124898,72.63129595746184,71.4043185383597,71.87285709091867,20545.075936000725
2020-01-31 13:00:00,71.71785568015397,72.2873641833878,70.66432543283716,71.68030053910685,56266.34653060484
2020-01-31 14:00:00,71.99113580883414,73.10027890624681,71.1036634532382,72.01461833692225,22135.778768554992
2020-01-31 15:00:00,72.22200283212953,73.30061292538095,71.28116470648612,72.21386690478316,17630.908784821295
2020-01-31 16:00:00,73.13170019202866,73.80465185575255,72.5233646094185,73.12377785851434,16276.066785226913
2020-01-31 17:00:00,74.10376100690033,74.63495463125767,73.2008595760334,74.07925959796069,37482.50969521601
2020-01-31 18:00:00,72.24211524952555,74.29596543756377,71.11016516331985,72.23305936848348,28405.209683134366
2020-01-31 19:00:00,69.7146045905285,71.27664572463961,67.84165344306697,69.74038009584282,33598.333085671766
2020-01-31 20:00:00,70.89985388333272,71.3367408792959,70.34550313524527,70.86866079594064,23729.056414243307
2020-01-31 21:00:00,72.28896569560496,73.61003751357589,71.69649703669731,72.22643000870038,32086.984852813595
2020-01-31 22:00:00,71.07343348004068,71.35693769025245,70.84586708859679,71.09418599458375,17077.274519223185
2020-01-31 23:00:00,68.99752861882986,69.21575842088097,68.53461344140395,69.06090000829155,23127.491434247288
2020-02-01 00:00:00,69.20484136221381,69.70095553755606,67.489842931962,69.18756800891698,24007.3678145814
2020-02-01 01:00:00,70.21680930367471,70.82014531347346,68.55858491159515,70.2284384446336,33347.366395088444
2020-02-01 02:00:00,72.25995129507632,73.90072583952356,70.88490386060516,72.26468834858993,24237.41789539525
2020-02-01 03:00:00,72.89480652848468,73.50052304506346,71.72400290124553,72.87454092917272,18257.77831917511
2020-02-01 04:00:00,72.45241146146901,72.99914634958195,71.48636103422862,72.46894860123852,22453.957352201487
2020-02-01 05:00:00,71.46666178366172,72.3668593449279,70.70348258069771,71.47627005171557,13320.72056712117
2020-02-01 06:00:00,71.50508775392478,72.2685223908264,70.50562577620023,71.50866746054625,10978.667822031834
2020-02-01 07:00:00,71.24417874807823,71.70303855802712,70.88618449306942,71.19186148869048,28265.645634330016
2020-02-01 08:00:00,70.0830202014086,70.32703727401424,69.78396266107673,70.08196653291402,19684.303768237834
2020-02-01 09:00:00,72.35504390342699,73.39420364112166,71.66701248021158,72.39977514813073,20365.036457932314
2020-02-01 10:00:00,74.43986757658315,75.06761690573715,73.80281380919173,74.48440472497876,28262.29897587642
2020-02-01 11:00:00,75.85497442191789,76.6453729123424,74.91583676152241,75.84969414843079,33493.38097694607
2020-02-01 12:00:00,74.73582683805941,75.3774977758227,73.12500172506968,74.77805505266626,25857.25211041198
2020-02-01 13:00:00,75.75323194543527,77.01660683743349,75.05055747153669,75.81245297525302,39278.07872851618
2020-02-01 14:00:00,76.62522039413513,78.0846780164805,75.25252584861934,76.60087908633686,25611.75590800744
2020-02-01 15:00:00,77.18406313125851,77.70885443930004,76.19166322013287,77.15765598511307,24116.801616253313
2020-02-01 16:00:00,78.69817133729833,79.02799911732117,78.3479112300518,78.7126598401819,23673.620467097822
2020-02-01 17:00:00,79.53759442941416,80.38646821250148,79.10486758056837,79.52591766710901,14978.203620562983
2020-02-01 18:00:00,80.4876679536224,81.19658312152386,79.99439536249474,80.48009792944865,29342.714955660667
2020-02-01 19:00:00,81.33807516404816,82.68294058710387,80.41428252534152,81.31358272476015,10576.186476660103
2020-02-01 20:00:00,81.79819511006838,82.05175043629738,81.29990244326521,81.77346886134902,18474.083607319066
2020-02-01 21:00:00,79.42654943225946,80.03047503107075,79.18729004341263,79.53016883541719,22178.51053583184
2020-02-01 22:00:00,79.64712185638152,80.16721644638945,79.34080115212392,79.65670053313869,17379.92881438763
2020-02-01 23:00:00,79.00401654638891,81.2082055100749,76.72066611814087,78.9835635871994,19234.738557574747
2020-02-02 00:00:00,77.41276910606997,78.18653630001444,76.9414378073262,77.42865965791593,38246.70416296801
2020-02-02 01:00:00,79.529978025836,81.03357988014784,78.6847617447144,79.52853845434174,30675.11951479948
2020-02-02 02:00:00,81.77676409513852,83.206772401651,80.49957864085668,81.74608070449496,17930.378849819655
2020-02-02 03:00:00,83.54094390516315,84.06911747475549,82.65785758177681,83.53756375674698,19132.2380400666
2020-02-02 04:00:00,83.96013666221822,84.51764285682428,83.01995435890323,83.89688179366715,15016.40899888617
2020-02-02 05:00:00,85.7722000502869,86.30730836524525,85.37300828459628,85.72389522458187,27214.307793469517
2020-02-02 06:00:00,85.75847922168522,86.52906365302456,84.77031028993055,85.76356346381418,20436.4891297867
2020-02-02 07:00:00,86.05286308337786,88.52234010276672,83.8001660612478,86.0613851472657,12210.604307718237
2020-02-02 08:00:00,84.49453907007012,85.61622705401321,83.25141664269562,84.6151293414835,22702.6077912499
2020-02-02 09:00:00,85.15513093223583,85.70602266083833,84.28162332225146,85.169034870732,25126.884941147153
2020-02-02 10:00:00,85.21563021759077,86.63229811730884,84.2849998297826,85.27332908940805,29405.655299445672
2020-02-02 11:00:00,83.5738203477742,84.31904541560537,83.02197219781561,83.56457687123985,21547.0363481548
2020-02-02 12:00:00,83.52639417643475,84.99852576094794,82.60436742074046,83.5200102947515,19696.547610376598
2020-02-02 13:00:00,83.46699711645287,84.24451211690783,82.68591683007664,83.43796672174562,39969.79824959549
2020-02-02 14:00:00,85.91713443719841,86.54713880014695,85.45356367496734,85.85717734499711,22070.029741090395
2020-02-02 15:00:00,87.09743252122567,88.73347873414649,86.08252361154221,87.09857653619109,27333.50585917453
2020-02-02 16:00:00,87.23740240827759,88.0515947288637,85.80839197823137,87.13804689651163,18734.8013306045
2020-02-02 17:00:00,87.51416581785591,88.31316615364153,87.03084402854223,87.50399560273573,27091.43473554226
2020-02-02 18:00:00,87.53145639771824,88.10351920078942,87.18596964052617,87.58883656250363,14232.897682293315
2020-02-02 19:00:00,87.30866387332459,88.398669361813,86.19811743396293,87.3332076432143,19175.32808799548
2020-02-02 20:00:00,85.86450895195911,86.78301589823063,85.19487880629687,85.88051479121368,15329.24511276283
2020-02-02 21:00:00,85.72521111507324,86.34758172235018,84.54565965555184,85.6998385144563,18370.621379983986
2020-02-02 22:00:00,84.68174715595283,86.8694335163916,82.42442606114412,84.72187354908614,32052.83814419876
2020-02-02 23:00:00,83.08025058253781,84.38363917347752,81.67012036299356,83.0926303824844,18330.144667807202
2020-02-03 00:00:00,83.780417190686,84.13539647986272,83.13193264750902,83.78716374487429,27322.801098106233
2020-02-03 01:00:00,84.30914912343373,85.32819562498847,83.783721509931,84.32804369895892,34723.76336040673
2020-02-03 02:00:00,82.04393689611898,83.08693713458563,80.57535457996485,82.0106645387847,21844.98830273674
2020-02-03 03:00:00,81.90095238969131,83.71079857203587,80.5844439088323,81.87469839206481,29677.07471228059
2020-02-03 04:00:00,83.23989699440344,83.87640336064851,81.93336612847257,83.19137283366747,25830.87568675823
2020-02-03 05:00:00,84.59982073571412,85.22267016253574,83.95763587518941,84.6138253891511,22809.469990639736
2020-02-03 06:00:00,86.06707948532078,87.05137007819278,85.5457090362445,86.01536156356008,27586.855183658452
2020-02-03 07:00:00,86.03285987034654,86.631026594338,85.6131792393023,86.09157419851351,38253.159111615125
2020-02-03 08:00:00,84.91762910152502,86.06163152516936,84.5107984470968,84.97661920355172,18193.493811125238
2020-02-03 09:00:00,83.51073867685207,84.7585649017644,82.9490621419207,83.5614521926339,16518.557584023598
2020-02-03 10:00:00,84.0394856794107,84.79281993957335,82.15625791723731,84.03909860823796,16230.145677802755
2020-02-03 11:00:00,84.61648240733649,85.26373217662137,84.32212628553955,84.56564246837733,29682.959054721818
2020-02-03 12:00:00,86.29514395895028,87.43544488153573,85.48758374565399,86.32113275218957,30909.235042985227
2020-02-03 13:00:00,87.8325303480017,89.23979856016716,86.26089593420875,87.85346993286181,18748.872945148432
2020-02-03 14:00:00,87.68516328362357,89.30959827258354,86.37896297032172,87.69463509150559,11605.053574137988
2020-02-03 15:00:00,86.04113654435496,86.39853046167899,85.46519276777664,86.01650020915736,17990.029702926662
2020-02-03 16:00:00,85.58822031225166,86.19486646920848,84.3189753491073,85.60866474448585,25961.14440754893
2020-02-03 17:00:00,85.90256121938836,86.8656519704359,85.4529099279132,85.92547827300231,21589.94677631765
2020-02-03 18:00:00,85.61819083983589,86.67231068484558,84.9206488357055,85.67582476424694,23251.02099992569
2020-02-03 19:00:00,84.89851768840082,85.83988732898665,83.7324789557239,84.92279376540873,18826.04711043254
2020-02-03 20:00:00,85.33515230693385,86.52905073486932,84.18852639734249,85.28494242802871,29858.556791185736
2020-02-03 21:00:00,84.63768402202597,85.02656254482358,83.5154835815432,84.63383631356686,24415.11143106214
2020-02-03 22:00:00,83.79269683445042,84.97149372273606,82.30068054749078,83.82370550774323,26263.59507862927
2020-02-03 23:00:00,84.3109263293528,84.74957452819154,83.60660288309965,84.25884829561794,23103.044974668774
2020-02-04 00:00:00,83.72544785782101,84.04320125606571,82.96092933197552,83.74995365966028,25778.870154131415
2020-02-04 01:00:00,84.15517730848296,85.20968404470094,82.76767366171984,84.09547139157712,25275.011691348638
2020-02-04 02:00:00,84.54041054657645,85.47006025368907,83.05897499051326,84.48112140082694,16673.528342375113
2020-02-04 03:00:00,83.00365116993974,84.86696706591457,81.4509659398375,83.00132665029128,24634.8880005399
2020-02-04 04:00:00,82.33538922016072,82.83362384285783,81.63685761249035,82.397127308253,27929.882488814597
2020-02-04 05:00:00,84.40362450566757,85.74601712064191,82.77248730410666,84.30711391107884,31149.15633370003
2020-02-04 06:00:00,82.81685919348958,84.28508301543893,81.91023362271089,82.800825804853,24955.066444807384
2020-02-04 07:00:00,80.09510341906142,80.89883043588085,79.32976400638837,80.10807640232244,16488.605480324393
2020-02-04 08:00:00,77.8517315430213,79.15267389429889,77.20823938040881,77.81453122028387,17267.90406707107
2020-02-04 09:00:00,77.89879904516357,78.59642144174383,76.94082417607953,77.87145437544494,19330.8119431944
2020-02-04 10:00:00,77.9817183939296,79.20000610893612,75.94389695107154,77.93063726341974,23314.696048955153
2020-02-04 11:00:00,77.78188450141279,78.64221711237741,75.6935551371353,77.80765236465584,21233.367661621825
2020-02-04 12:00:00,79.34405474613821,79.70235940972073,78.8586341479631,79.33142227174265,15723.007748932312
2020-02-04 13:00:00,76.03705721945613,78.74361149695632,74.29483291477968,76.0821690090963,15694.788439565798
2020-02-04 14:00:00,76.60445459283835,77.19659591611739,76.0811129720735,76.57894100164894,11736.318609792703
2020-02-04 15:00:00,78.50590165680364,79.41973068031211,77.85989609729756,78.50680234060262,8639.99707139902
2020-02-04 16:00:00,77.15664528207049,77.85075752286622,76.37369535069763,77.14580593932502,21172.648299437325
2020-02-04 17:00:00,76.7010551019062,77.31941651884398,75.73777541679576,76.70666810175291,44181.839497721296
2020-02-04 18:00:00,75.81370067552665,77.06846868979254,75.10315480010571,75.82321606531337,37761.06623956649
2020-02-04 19:00:00,74.75069482787934,75.35257660958702,73.48371935951295,74.78315936300447,16424.519296728544
2020-02-04 20:00:00,74.44961056577777,75.71786779186765,73.78730632527682,74.42019857900796,23039.628469341074
2020-02-04 21:00:00,76.18964519340498,77.18469701234459,74.96966046016895,76.13293742130223,14194.731405856646
2020-02-04 22:00:00,78.36767656770598,80.09578687012451,77.03457004280018,78.3894950434868,14859.0909297239
2020-02-04 23:00:00,78.0187303456502,78.58270631192372,76.89025215951831,77.99714305667325,15378.999988788131
2020-02-05 00:00:00,80.41196333349296,81.38145319628254,79.39324523864886,80.39459072068259,20585.668209485157
2020-02-05 01:00:00,80.46192068464303,81.12289988083323,78.89447250203096,80.46159490323485,20853.187994141765
2020-02-05 02:00:00,82.67417289036455,83.6229659023082,81.07000211024719,82.73732611488305,23761.23122200701
2020-02-05 03:00:00,82.5846093013733,84.1078583233908,81.411567180992,82.63839025630213,26875.353448384678
2020-02-05 04:00:00,82.79937910339699,83.70837393129979,82.51568460772575,82.83172414416667,19909.170286420012
2020-02-05 05:00:00,83.24345894622097,83.72331386460166,82.86781821590587,83.33258334091781,22266.989988632824
2020-02-05 06:00:00,87.69618993959037,88.83480444570449,86.5967640021458,87.63449390937829,15864.770656831235
2020-02-05 07:00:00,88.85784329154554,89.16929352591546,88.03750473884395,88.84150963655627,14715.415440557674
2020-02-05 08:00:00,87.88010647172948,89.25929630074998,86.57962098490518,87.88142298151314,14049.02526481506
2020-02-05 09:00:00,89.1594037642178,91.41970211267449,87.77332593908528,89.25715086869701,26762.965870681957
2020-02-05 10:00:00,88.69324034524949,89.7445251049327,87.98871433977274,88.77419668025098,19903.037665553693
2020-02-05 11:00:00,88.11606238151293,90.20001721608456,86.08542066944412,88.11616553858747,12564.917965581506
2020-02-05 12:00:00,89.4985756591292,91.07982839056854,87.48762455249218,89.41048442794205,21613.498179145245
2020-02-05 13:00:00,89.44741736136342,90.93574650381838,88.11862214369125,89.47867423956937,15143.907736597099
2020-02-05 14:00:00,89.9354419921912,90.82880926432227,88.9029521649318,89.89661573310487,36247.063340036555
2020-02-05 15:00:00,89.91937000796896,91.93058593258779,87.53013599302591,89.94095144754309,18515.314575785414
2020-02-05 16:00:00,90.44613523082982,91.06535960420884,89.34362181631094,90.44363721106636,27023.22054985196
2020-02-05 17:00:00,91.1311267175341,92.45044386370043,89.38899034720872,91.07581255826443,30536.834065295287
2020-02-05 18:00:00,88.34836825382601,88.93418339285539,87.93194290681421,88.36365302873239,16539.743560125055
2020-02-05 19:00:00,89.28968382472131,90.55379360155645,88.43664648317647,89.32050408385028,22534.75662650658
2020-02-05 20:00:00,88.03613188671414,88.3701731415189,87.17150105274811,87.97375539068649,26004.902850943537
2020-02-05 21:00:00,86.02346049888872,86.76318946954385,84.91324397502218,86.02150102281098,22803.375488437447
2020-02-05 22:00:00,86.01276001306981,87.06986819594076,85.42991149425858,85.965856822779,24546.63920176137
2020-02-05 23:00:00,86.07361465983026,87.66046720797056,83.57578248493813,86.10311569220278,14781.19704268835
2020-02-06 00:00:00,85.25099686433583,85.7416019334872,84.63709083128896,85.19107881763267,26009.336947789336
2020-02-06 01:00:00,86.34870980036501,87.1737553203883,85.33131885744349,86.33689773535546,19037.209576486333
2020-02-06 02:00:00,84.57256931635823,85.14434612406578,83.6780902374473,84.55418775906709,24461.001846936713
2020-02-06 03:00:00,84.04248731951628,84.83391107134547,83.20759302896884,84.03695645615981,29027.43376408915
2020-02-06 04:00:00,83.26812360152655,84.2054052587415,82.26091969202982,83.28917389836495,26920.47833218396
2020-02-06 05:00:00,83.25072778882817,83.96581629470386,82.3152101042425,83.25079783648633,24455.634485218357
2020-02-06 06:00:00,83.62152056345367,83.9823747052455,83.39620273080749,83.64002969377748,26705.86515136972
2020-02-06 07:00:00,82.38487654829295,82.60062759469507,81.5430395605404,82.3453694607714,27079.25772409593
2020-02-06 08:00:00,83.30427670082159,83.86158111774061,82.61581136136367,83.31273532482949,34497.783287370345
2020-02-06 09:00:00,83.35577561716778,83.8115718120346,83.12523034674729,83.41819358198025,21802.606157939706
2020-02-06 10:00:00,80.92346520764846,81.33704754122839,79.94962990196116,80.99147471012844,23136.971109425347
2020-02-06 11:00:00,78.48504273418723,79.0645370395147,78.0728273854258,78.55286206060562,29132.80222927226
2020-02-06 12:00:00,78.583326405495,79.23774113206287,77.76659306767098,78.55905280680713,19013.104236422285
2020-02-06 13:00:00,78.2624246566367,78.62081036685477,77.71023926312586,78.3075103745413,14756.216907121661
2020-02-06 14:00:00,78.2131390305221,78.7077366261157,77.75604571645066,78.20140546580666,25539.18076115273
2020-02-06 15:00:00,78.19361856690563,79.63707005961997,76.63830807662268,78.18827930364594,20706.292004058265
2020-02-06 16:00:00,78.48538675782417,79.53683799174554,77.46542039386992,78.4879261795344,15332.679988960403
2020-02-06 17:00:00,79.70727655408378,80.70047469481081,79.2666863972167,79.68980834076721,25595.263115962847
2020-02-06 18:00:00,78.3350712196505,79.35742916621993,76.78882674087528,78.32887135095493,33838.00657100296
2020-02-06 19:00:00,76.81319832489582,77.64469199667973,76.20841512222198,76.91741102308931,13508.538366770514
2020-02-06 20:00:00,75.61275769523469,76.80098449771945,74.4776275182931,75.62499477380861,29932.4213666459
2020-02-06 21:00:00,76.00675390530085,77.4101983545058,74.82570539125194,75.99060198376952,10289.505232147165
2020-02-06 22:00:00,77.57990019978322,79.05326276890673,75.90238784669697,77.5163258513598,19534.042875968364
2020-02-06 23:00:00,77.07749186388851,77.57057041874872,75.5813105981185,77.0125526608848,38259.79074433279
2020-02-07 00:00:00,74.0071248748204,74.59772492378751,73.55247043814872,74.05760070303702,19960.344025155217
2020-02-07 01:00:00,72.10372826809994,72.5090518101262,71.14422251654618,72.11633872217242,22628.863552622854
2020-02-07 02:00:00,71.1400869411591,71.6506791199214,70.73311512342146,71.19583736894803,27690.920543518092
2020-02-07 03:00:00,70.6461363044847,71.27659995364584,69.56046800796874,70.59249006844975,13161.589046206354
2020-02-07 04:00:00,70.19459872981234,71.04165921012688,69.31181624385668,70.1590682059172,22508.0531121623
2020-02-07 05:00:00,70.23317365546197,70.59161160041451,69.96404735812573,70.22086436323656,22454.89527161868
2020-02-07 06:00:00,69.90182783844314,70.87786986960104,69.68176796081396,69.89602315330899,38510.88824977361
2020-02-07 07:00:00,71.1291468643644,71.33585305448382,70.85714484889714,71.08007918039851,15203.451458568969
2020-02-07 08:00:00,70.38915071342949,70.70169571597305,69.82401392744204,70.34654444260566,19644.215651165774
2020-02-07 09:00:00,69.4568088301485,70.56730725928116,68.88794467743963,69.41661505868424,16672.12200947387
2020-02-07 10:00:00,69.97716405972207,70.71593374697824,69.0456582265485,69.96118912670178,16150.018253415126
2020-02-07 11:00:00,68.29624219135836,69.08039267837599,67.3276690845939,68.30816976434322,30891.020381719005
2020-02-07 12:00:00,68.77379248153707,69.4673066887954,67.8560693617808,68.74742355366446,22203.283239586443
2020-02-07 13:00:00,68.90543630538967,69.19073231979878,68.15706998294311,68.87733291040112,18644.935646131387
2020-02-07 14:00:00,68.72978327041223,69.30877875800633,67.3887291333329,68.73633513091141,18857.127340436953
2020-02-07 15:00:00,70.48416891551106,71.13060570972141,69.932624860691,70.49654983396643,18602.139443234682
2020-02-07 16:00:00,69.86775475815853,70.37409559431535,68.82009824219553,69.82818615318024,19107.93641379968
2020-02-07 17:00:00,72.21074931031349,73.07679800606552,71.0888944258486,72.15071572616391,15073.091250751477
2020-02-07 18:00:00,71.88769020287965,72.60962826206742,70.44025152851304,71.91463646545627,20381.463957224627
2020-02-07 19:00:00,70.49274613224969,71.45079988234625,69.30524502374145,70.50203042744285,19776.26959315303
2020-02-07 20:00:00,70.61135083658522,71.33303939246494,69.98630959846872,70.59896308093096,17547.398566520555
2020-02-07 21:00:00,69.448278117638,69.93036840201374,68.4989283923519,69.43138549634058,23075.20346518116
2020-02-07 22:00:00,68.6150270702341,68.8884547657897,67.64161197539028,68.63295284308441,23670.074360070783
2020-02-07 23:00:00,69.14734087238786,70.31210467756634,67.82593197066065,69.08228192079333,18638.895565615545
2020-02-08 00:00:00,69.72310284583754,70.75398101225211,68.62446375872953,69.70839105492102,21094.33404582756
2020-02-08 01:00:00,69.06588832776046,69.51364379055329,68.8903202677761,69.04754296839593,42090.91152377451
2020-02-08 02:00:00,70.21046249095271,71.23789038303457,69.86125093437258,70.14877071288046,41611.422071167966
2020-02-08 03:00:00,71.44268914579472,72.68372264009643,69.99834453126017,71.45873383337128,16054.95723656045
2020-02-08 04:00:00,73.11023429320429,73.94700709750023,72.55723252679942,73.11346707374756,16741.831221457793
2020-02-08 05:00:00,73.69950002645376,75.20884980706127,71.4501801343878,73.74571359752719,16029.387205633042
2020-02-08 06:00:00,75.3603666277332,75.73637900799697,75.15907239930316,75.36686138480917,30245.908012404987
2020-02-08 07:00:00,73.13272635747991,74.56360205111923,71.82221183151538,73.18721158434391,19544.34392250181
2020-02-08 08:00:00,72.86881831970015,73.22572932448647,72.41753832309729,72.84158105502495,23668.546010071626
2020-02-08 09:00:00,71.88845667576105,72.48305592017174,70.50188223661141,71.87336338624164,40098.3393606397
2020-02-08 10:00:00,72.01811125654359,72.57309118271093,71.57313815583721,72.02808964298595,21957.42349834979
2020-02-08 11:00:00,71.39867429802842,72.03752532420505,71.16315773446469,71.40225953785311,27224.555384696858
2020-02-08 12:00:00,71.26221572264201,71.96011699024415,70.99911260831196,71.23509415675042,25748.360258690547
2020-02-08 13:00:00,73.35655148573973,74.36630396440373,72.2669118052626,73.39823419933384,18463.199144754686
2020-02-08 14:00:00,73.22976314917237,74.81768998993148,71.535159320742,73.22228832994321,30265.03968339628
2020-02-08 15:00:00,73.74690200891773,75.00041236266725,72.2776884511275,73.72111768653531,17070.203842305582
2020-02-08 16:00:00,73.40651404784805,74.28262621826785,73.05035941743343,73.47198765735669,32924.22328608095
2020-02-08 17:00:00,73.60491572950595,74.4433141320677,72.86027536620222,73.57971695720954,18467.444616685287
2020-02-08 18:00:00,73.54515655506962,74.36984176069679,73.30459671693362,73.60676771850942,19084.078572867107
2020-02-08 19:00:00,74.14416940687005,75.36028970818393,73.059498755973,74.14852913587609,15890.133371387008
2020-02-08 20:00:00,75.49851999909295,76.62196625344683,74.20317653213894,75.5424627136442,16692.623208180834
2020-02-08 21:00:00,77.60463228930664,78.44161994770414,76.76748164265291,77.54913632126328,19379.492596704982
2020-02-08 22:00:00,77.90435840038089,78.71618686065646,77.16441327038274,77.94945687923824,10621.074138081096
2020-02-08 23:00:00,78.63308193282604,78.8376901747396,78.11520338579355,78.69801526748212,20537.346694332868
2020-02-09 00:00:00,77.31075004297097,77.47723311530834,77.13829216632512,77.305595609605,18913.05548210618
2020-02-09 01:00:00,77.20377518226427,79.12917178722697,76.3896349816958,77.21974820223812,27917.341380574733
2020-02-09 02:00:00,78.3341482756199,78.69499686755121,77.92474931302763,78.3931236274705,25006.578806879912
2020-02-09 03:00:00,79.51213323723466,80.21169049345181,79.14357010790356,79.49123438761437,17813.44468710446
2020-02-09 04:00:00,79.69890671465795,81.43345473985147,78.98215809090489,79.77834596525474,19195.569423078912
2020-02-09 05:00:00,80.8799591189511,81.69859413374186,79.40387722172305,80.92188640608745,20529.426778185978
2020-02-09 06:00:00,81.5485330180466,82.95149202197233,81.14733805627712,81.57199386866056,34399.14424119994
2020-02-09 07:00:00,83.18465416333504,83.64232364279214,82.04837958228569,83.15130124543708,17211.07921541192
2020-02-09 08:00:00,83.60799715222545,84.88886534236275,82.21593685024311,83.55387645028412,17748.775391845575
2020-02-09 09:00:00,83.15563608042582,84.43039484919106,81.5759514639915,83.10981006886446,15700.137582504572
2020-02-09 10:00:00,83.56693492028388,84.54452345761878,81.77209542152983,83.57333972156424,14120.573920784844
2020-02-09 11:00:00,79.72876761021945,80.35771286308706,79.23164403477405,79.8256483373972,24151.483531932096
2020-02-09 12:00:00,80.34605304878416,81.15902093451166,79.83965671476155,80.33035436793404,23408.886619651374
2020-02-09 13:00:00,75.92137721131301,76.88851280849013,75.10462217531783,75.86559423601594,32364.860341151067
2020-02-09 14:00:00,73.8998503396953,74.23202368569235,72.93091114943202,73.85428998241721,30104.28207715037
2020-02-09 15:00:00,74.41913128201955,76.10944790246349,72.74433812426959,74.40190913694055,45212.77751966131
2020-02-09 16:00:00,74.93940632091608,75.46642656629771,74.348433525567,74.98400316043633,21543.68837359872
2020-02-09 17:00:00,73.62454017838265,74.19204613187354,73.3518068212133,73.64388300214036,20370.460808024724
2020-02-09 18:00:00,72.9129153752199,73.07308883396581,72.41409204132182,72.84248345354847,14912.157464611631
2020-02-09 19:00:00,74.39937508232929,75.44096728626927,74.0167132339481,74.45211433697898,27145.686883146704
2020-02-09 20:00:00,73.86448511838266,74.51082429537762,72.34521061227969,73.9069018128555,22823.82607129658
2020-02-09 21:00:00,76.62112902205082,77.36495748104943,76.03788467193638,76.58503634964711,26779.17712371297
2020-02-09 22:00:00,76.58710262278555,77.56278904932714,75.86914874571757,76.60361680157033,15650.57183421867
2020-02-09 23:00:00,77.07292282792187,77.8697546828359,75.74013028860323,77.11849041345326,24476.806059978244
2020-02-10 00:00:00,79.18944068827564,79.9742491133966,78.83181692283172,79.12898728229119,23425.018231205788
2020-02-10 01:00:00,79.33235661814537,79.91883820563359,78.58466274148574,79.31407250450575,22964.63061572732
2020-02-10 02:00:00,78.07828964390245,79.09523321972637,76.7057020284146,78.09319768080469,17944.16421244655
2020-02-10 03:00:00,77.93496340941469,78.71221958349253,77.6220086556299,77.97963696228668,31470.233020715823
2020-02-10 04:00:00,78.03698716787558,78.93943855532586,76.99637479212107,77.95718214466407,40745.15735501177
2020-02-10 05:00:00,76.31943772431575,76.53176306632895,75.86598660881243,76.32037081025261,15786.284811092877
2020-02-10 06:00:00,76.08735947069552,76.74616215623159,75.31905022108613,76.03423708410249,27340.74047564987
2020-02-10 07:00:00,75.20478313228583,75.54034463731314,74.93568218392271,75.17119538139524,9289.545941815735
2020-02-10 08:00:00,76.27442686773706,77.42944269491288,75.21818304857739,76.29429777716612,26918.87479675341
2020-02-10 09:00:00,76.33714140509888,76.79427802069313,76.01122726625366,76.3567246568401,12568.558472769942
2020-02-10 10:00:00,76.09314664800975,77.81556043762683,75.08756700550404,76.03815908686035,18816.883336571977
2020-02-10 11:00:00,75.9873522130562,76.76721737156103,74.77095797836422,75.93182640694738,14855.012085691496
2020-02-10 12:00:00,76.14837023755463,77.18656250475394,75.1468847348139,76.21989941100604,20646.81917705614
2020-02-10 13:00:00,77.00606277729746,77.56002668470252,75.85130324527273,76.98490038798396,28328.909788685945
2020-02-10 14:00:00,75.79842577186353,76.40879026067638,75.023696830326,75.80301999599668,12617.071045948556
2020-02-10 15:00:00,74.55153956899483,75.49564689906511,73.4384815029629,74.59007739634434,19774.649995671905
2020-02-10 16:00:00,75.92972427627998,76.39835676980911,75.11502067276592,75.91978842221435,18882.47211373241
2020-02-10 17:00:00,75.39805382742203,76.08108883151914,74.95164948669182,75.44896666907195,35394.602125387384
2020-02-10 18:00:00,73.78702377278957,74.43709453050721,73.30571196672075,73.80423696355318,25072.534986008435
2020-02-10 19:00:00,74.31248967175885,75.98327151739672,72.64874313662412,74.34216980667273,15472.737232446634
2020-02-10 20:00:00,74.88837197726892,76.22586310999043,73.78881589114224,74.90709093210452,19122.32321511862
2020-02-10 21:00:00,73.14027233649432,73.94931724031117,71.93012422410442,73.1428864081656,35130.72109476643
2020-02-10 22:00:00,73.39044709480511,74.17646586484183,72.94302706196066,73.42773247338475,27290.92736624734
2020-02-10 23:00:00,74.36200556275456,74.77370584854049,72.84024478110648,74.30355916223223,16722.827166969837
2020-02-11 00:00:00,74.78178312747944,75.20551730346094,74.49392733648453,74.7633433755996,20330.52720160395
2020-02-11 01:00:00,75.59953803721817,76.46794474815967,74.36468473515858,75.531764780946,20526.40233965012
2020-02-11 02:00:00,73.89394636741346,74.38944265449608,72.6783405886379,73.89986131117024,18743.558427781863
2020-02-11 03:00:00,74.28601632863135,75.7630740742182,72.39847957305228,74.30640563340434,13186.335105749327
2020-02-11 04:00:00,74.03833405564494,74.7456919864663,72.76272356709428,73.9732961561367,17974.57404776482
2020-02-11 05:00:00,73.41179964495875,73.92448376951862,72.68637986309889,73.43302398232944,33414.98702878207
2020-02-11 06:00:00,74.46039565592065,76.03150689627647,73.29992647919339,74.46703409496081,19646.54262307515
2020-02-11 07:00:00,76.27045884690845,77.45096787584505,74.41042056126717,76.24300955610876,21354.63115078785
2020-02-11 08:00:00,78.4011165122985,79.61728288068637,77.32523472315384,78.44966610049094,22974.90228367725
2020-02-11 09:00:00,80.14134612343607,81.71503317869504,78.85872819605144,80.1128541997481,42849.2070418506
2020-02-11 10:00:00,80.01968089797899,81.1995078032259,79.5594920784797,79.99634808050067,22085.187886605898
2020-02-11 11:00:00,80.51496629751341,80.97021754433854,79.92230676178869,80.46389886550439,30582.511534313853
2020-02-11 12:00:00,81.49997295169928,82.0135515035915,80.85775017767027,81.46371978370514,18408.09786951121
2020-02-11 13:00:00,81.6946677824519,84.0702332697269,79.65852014514441,81.64160162504848,20377.369418966136
2020-02-11 14:00:00,81.82770705139991,82.7424401664512,80.16570482203944,81.83222508630834,22109.569811719128
2020-02-11 15:00:00,82.88759372326498,83.5986319923614,81.80329012469109,82.92336148460508,17461.61142373723
2020-02-11 16:00:00,82.95600987319504,85.06716649564632,81.23283515293198,82.86858412130418,20720.620976219892
2020-02-11 17:00:00,81.88206805661967,83.13355519100188,81.18680708628484,81.94462030288568,28750.63924951311
2020-02-11 18:00:00,81.37561239818349,83.4554164847657,79.86500948901839,81.43369551403939,17324.736793917666
2020-02-11 19:00:00,82.29642176596447,82.95016383164408,81.82958093583406,82.27317432706752,22027.05411390605
2020-02-11 20:00:00,82.36637021853649,83.49989734433737,81.75947807331843,82.2995024469124,27244.857467598995
2020-02-11 21:00:00,82.77205082457512,83.93783341473404,82.48949554804534,82.76420681186882,17199.922988112092
2020-02-11 22:00:00,83.70684746160494,84.21653147682994,83.26531654996536,83.66504406756872,30595.987068380924
2020-02-11 23:00:00,83.11228096791386,84.1077362690936,82.34727515446015,83.1953016729097,22513.37923000585
2020-02-12 00:00:00,84.19400160336859,84.52543279052387,83.27986227616526,84.21503620190587,20961.930349009435
2020-02-12 01:00:00,84.6626974766465,86.0820621816549,84.25798081755796,84.74209861157944,12058.868680090374
2020-02-12 02:00:00,83.16519897609342,85.79184908022636,81.84577915485335,83.13276011760163,19690.98641027656
2020-02-12 03:00:00,85.00005616450025,85.85123870457474,84.7353987619723,85.06586444965019,24624.021392476927
2020-02-12 04:00:00,84.36676527497993,84.87279793408474,83.4489155382354,84.42070245727754,37182.87205642568
2020-02-12 05:00:00,82.29226819814912,82.94327714399606,81.24906916193494,82.27112348259384,26117.65355886257
2020-02-12 06:00:00,80.9932545808616,82.1624497642872,80.01325393238822,80.95027709310159,30880.02672340274
2020-02-12 07:00:00,79.67441225886193,80.75110964248229,79.28937722949973,79.6807456075577,15325.42706939608
2020-02-12 08:00:00,79.79074229437852,80.17593765286468,78.59965428296168,79.7680015337874,21204.17237218143
2020-02-12 09:00:00,79.4677577154034,80.82458305161018,78.11257863092654,79.44639504982413,31768.290992641116
2020-02-12 10:00:00,79.03912724827141,80.34959016400168,77.8420452475262,79.0476417408747,16876.542768493764
2020-02-12 11:00:00,79.80095199879703,80.59602845531053,79.34966274272804,79.8446551897047,29424.024770540913
2020-02-12 12:00:00,80.31775411970784,80.5937935254077,79.43441859235564,80.29507512073242,27446.539114736384
2020-02-12 13:00:00,80.74248498103218,82.90060434498903,78.59056616154456,80.71774113140378,23918.72955811058
2020-02-12 14:00:00,81.29888590639226,82.40632666632388,80.41264807433755,81.26256055029747,19958.077197991668
2020-02-12 15:00:00,82.0901019355367,83.05009467863437,81.17786095127803,82.07729515153869,16384.83438937335
2020-02-12 16:00:00,79.37255702391158,79.75483856672827,78.88835018226628,79.41895754642239,37519.41413393261
2020-02-12 17:00:00,79.01325828436178,79.8645996052603,77.93808591140517,78.98599468220436,26623.744722225452
2020-02-12 18:00:00,76.34080559584197,77.55804321409735,75.43538551525495,76.34085831226699,24396.253085082244
2020-02-12 19:00:00,76.38662387006165,76.81982287255309,76.2138021084127,76.40506566312744,19460.558895320588
2020-02-12 20:00:00,76.40907903896336,77.01342180832636,75.37144121396418,76.42033712396693,22278.146266062206
2020-02-12 21:00:00,77.68343698294062,78.70422047606256,76.32807050708259,77.71025701430996,23142.24886010157
2020-02-12 22:00:00,79.23418867236657,80.10283892417777,78.58988829870626,79.19899090718687,24833.844649990428
2020-02-12 23:00:00,79.41763708386077,79.87746729972997,77.74904954715586,79.47398870101742,27454.959005009998
2020-02-13 00:00:00,78.83253455823679,79.42273133914046,78.41847826355831,78.87171352725849,17417.984480408453
2020-02-13 01:00:00,79.4852635233364,80.09970995360479,78.5792577992007,79.4983319713008,14186.142833763286
2020-02-13 02:00:00,78.92527242767036,80.73213291688192,77.09605858276,78.8616409077162,22590.488986625063
2020-02-13 03:00:00,78.92301019118052,80.52205421728425,78.1396221422259,78.88142861324472,13040.755863623906
2020-02-13 04:00:00,80.0721472516756,80.81080621591846,79.28024866506314,80.13789401486855,19988.286410859804
2020-02-13 05:00:00,79.51240250472708,79.93970808661297,78.42295044377799,79.45871435356823,18906.159566956827
2020-02-13 06:00:00,80.54959780050396,80.92635956988995,80.14596254359908,80.49528681680272,25527.82870009814
2020-02-13 07:00:00,81.33304110109769,82.23006491979123,80.59621045131001,81.38081197651715,39925.84392610924
2020-02-13 08:00:00,80.08705698434633,82.11616073744419,79.22902261494735,80.18815252453976,12291.003031132443
2020-02-13 09:00:00,81.44678618069945,82.31345321326016,80.382473737986,81.4497273964256,43575.725037702396
2020-02-13 10:00:00,82.41943298132679,82.65544810495128,82.01649043024028,82.37320413383077,20538.931306579958
2020-02-13 11:00:00,82.5937081760628,82.83046331284037,82.02444692682225,82.52804630529903,24448.95135584557
2020-02-13 12:00:00,81.52991709339261,82.1714153366331,80.3450941176199,81.56543179431056,14408.165201016072
2020-02-13 13:00:00,80.56165105157308,81.6433337647137,80.06282831348776,80.49114165243031,29704.7270205639
2020-02-13 14:00:00,79.74531369049033,81.01344873877147,78.92493549471145,79.83424634235121,22302.225728163783
2020-02-13 15:00:00,80.52650616628812,81.66365458315448,79.21202542273019,80.54132780885745,21624.014892177813
2020-02-13 16:00:00,79.34337480746846,80.22375624174113,77.81821545913813,79.35992971216052,12317.600648070898
2020-02-13 17:00:00,79.97647809391914,82.0476538527771,79.3113160369389,79.93042470001926,22519.548746522687
2020-02-13 18:00:00,78.45478814652819,79.30402750957809,76.6971090754155,78.40389216326078,28388.757898749755
2020-02-13 19:00:00,78.21094570794014,79.1126348891538,77.33070440685745,78.17364813579879,20519.201994160612
2020-02-13 20:00:00,78.27722674772156,79.33304715156076,77.81435441694067,78.33012112217146,31327.757470935117
2020-02-13 21:00:00,81.46255216001428,82.28272110939055,80.24503243085732,81.42743173385222,30941.962507242253
2020-02-13 22:00:00,79.72225956734025,80.8691436202422,78.7041133260484,79.7019737425329,18172.62073520102
2020-02-13 23:00:00,81.52528776909564,82.04108428792672,80.87048116157554,81.59346867432703,35544.267043909465
2020-02-14 00:00:00,81.72400604369697,82.76235417087035,80.95970096184166,81.80855575172353,22327.81499277525
2020-02-14 01:00:00,82.40522608037405,82.7162235861344,81.33180134378179,82.36248039409973,22357.644452632157
2020-02-14 02:00:00,82.53121343041805,83.25435186528651,81.30358539862864,82.53864600664284,22690.335565048634
2020-02-14 03:00:00,83.08801179235208,83.65929638757332,82.22330430520995,83.14143773581158,22489.29563162903
2020-02-14 04:00:00,82.95444816134207,83.5045244186563,81.13028124738993,82.96308345388918,10006.198130310273
2020-02-14 05:00:00,84.9234014310346,85.24305299491506,83.59476495631434,84.90794644072592,20834.136129773422
2020-02-14 06:00:00,84.31926203667518,85.8134382937967,81.45471884219758,84.3227551543093,14629.80343976664
2020-02-14 07:00:00,85.79659332418414,86.97488008545363,84.26826095498578,85.86322259044573,35878.75837585557
2020-02-14 08:00:00,85.09964965068689,85.82481677021354,84.51352636689327,85.01949510272264,35448.09870995101
2020-02-14 09:00:00,85.00469645554129,85.64979000860757,84.4441859028092,84.96203625379736,28440.842286378993
2020-02-14 10:00:00,83.54854295602631,85.20383843156323,82.4566176646016,83.56255545447813,20505.732676673975
2020-02-14 11:00:00,84.17405410706674,85.85847644686535,83.20354383774416,84.18647559659064,16278.418954424438
2020-02-14 12:00:00,86.16339414624879,87.0320379187209,84.21627700558558,86.1479096024573,18082.966550682337
2020-02-14 13:00:00,86.01789017652716,86.71738396801065,85.04087362781128,86.06650145727849,39450.12804124977
2020-02-14 14:00:00,85.83730949272095,87.28606946999649,83.90057333815783,85.82346288813294,17896.148195135516
2020-02-14 15:00:00,84.29698438281666,85.64686181529315,83.47514521929335,84.35311009269188,10865.21188036195
2020-02-14 16:00:00,84.06902683688325,84.54591797426897,83.3277521527227,84.07199181293383,30002.909898155747
2020-02-14 17:00:00,81.9637999970103,83.52035001784417,81.33514722013567,82.01171827532572,34549.589026378315
2020-02-14 18:00:00,80.81796541297854,81.51160441091847,79.50347754354225,80.86317132128578,36234.4175128011
2020-02-14 19:00:00,81.24143239996607,81.7097375602002,80.92465454780208,81.17463693214034,30076.64997274868
2020-02-14 20:00:00,82.90354143856597,84.0718795355371,81.98794946312628,82.90108649307362,31585.578005660347
2020-02-14 21:00:00,86.6836769912215,87.337450565296,86.07273678301975,86.67468854495934,22379.04305949562
2020-02-14 22:00:00,85.81473024275691,86.83914985907039,85.05089171990096,85.90112013429814,11814.836048299136
2020-02-14 23:00:00,87.86266704513564,88.41242941717852,86.30259963446227,87.88890195964784,22211.474694377637
2020-02-15 00:00:00,88.27135740833486,88.72812879387021,87.56701585688816,88.25100619156316,26541.685976252968
2020-02-15 01:00:00,88.07361965203461,88.34124871634808,87.82846038148979,88.06507133997944,21150.503345442485
2020-02-15 02:00:00,88.59575395182586,89.30676926323443,88.18246117401124,88.69127577828601,20863.34695975407
2020-02-15 03:00:00,88.81122076624823,89.08489414369221,87.44146060254587,88.80202363316306,16494.208335400177
2020-02-15 04:00:00,88.99712694811697,89.83462290516857,87.65367801152408,88.98081859691509,16309.097778643401
2020-02-15 05:00:00,88.49133829051564,89.69354205629988,87.50432759537387,88.43457381791848,38232.62755176765
2020-02-15 06:00:00,86.50394245466315,87.34468077918926,86.07696600298259,86.53229177984674,38650.07177112516
2020-02-15 07:00:00,84.38241290567483,85.07608653918484,83.82955440616509,84.47711465384117,22008.980654790725
2020-02-15 08:00:00,85.33140969755438,85.70569222957872,84.14252111008514,85.37395883011823,23967.573258614655
2020-02-15 09:00:00,84.97929513587576,86.5654608103422,84.01474722912657,85.02593462601342,16411.581980635387
2020-02-15 10:00:00,84.2855053960082,84.79911310404003,83.68655334821827,84.25446988802864,26709.44307233315
2020-02-15 11:00:00,84.17425375880313,85.41792687506745,83.62834634877377,84.28874892289758,37342.77574923384
2020-02-15 12:00:00,85.35474238912278,85.82571465218254,84.5277499228957,85.37388135473621,13922.071897402899
2020-02-15 13:00:00,85.70114117103414,86.41416459599192,85.06987235434596,85.6400885457315,25315.31911041359
2020-02-15 14:00:00,84.7832523343792,87.24291027767498,83.89566912775145,84.78294658745361,25892.449311091525
2020-02-15 15:00:00,86.4985451972327,87.20134595244188,85.64039632331705,86.45979751201608,25803.92663454937
2020-02-15 16:00:00,88.58840256102819,90.32241181207289,87.15823083678403,88.66118445347138,36056.603437690675
2020-02-15 17:00:00,89.3072101781145,90.38075810226402,88.81860909223313,89.37880212997207,40570.86445249071
2020-02-15 18:00:00,90.84988063991396,91.69088869530093,88.82846117586003,90.78464086972487,20536.414299234275
2020-02-15 19:00:00,92.60772608659092,94.10164406828542,91.39967428055975,92.60303966132615,26955.75512150835
2020-02-15 20:00:00,94.29647530686698,95.44300256664522,93.22616088435979,94.29160635411303,22590.16947659355
2020-02-15 21:00:00,95.18067365338143,96.6944850355398,93.79510565058378,95.23391669002076,18221.644270750927
2020-02-15 22:00:00,96.16663167547308,97.39619536235503,95.48376582150316,96.16178599994707,23890.692981175416
2020-02-15 23:00:00,96.92288022653663,98.13692969149027,94.76884160299534,96.97844584874528,26942.22017877891
2020-02-16 00:00:00,95.39950394890275,96.71513885097917,94.03705956543337,95.34292409933987,23507.589504362262
2020-02-16 01:00:00,96.55871563663167,97.56255919575916,95.0775007088128,96.42719710187117,16909.74965372577
2020-02-16 02:00:00,94.4387036208948,95.29696833486013,93.33154262373967,94.4158577660498,19166.740840391183
2020-02-16 03:00:00,93.2375532623926,93.86735139404101,92.42279474131828,93.26716308643459,19210.797580890805
2020-02-16 04:00:00,95.10699314397988,95.6254019029189,94.98565312998133,95.22763028336023,17107.407118402065
2020-02-16 05:00:00,96.44111241883459,97.30831851408448,95.15687404814176,96.52240668398882,24198.885914198698
2020-02-16 06:00:00,98.91386714697546,99.48992272643457,97.50597487236759,98.83702818566644,24970.081043115722
2020-02-16 07:00:00,98.39125552088841,99.00214382688637,97.08696812104192,98.441913328005,29550.480411018205
2020-02-16 08:00:00,96.68012328924836,97.39308999706104,94.8717722210191,96.69805279473208,17029.685320780503
2020-02-16 09:00:00,96.39045310563847,98.46366085458853,95.84061239704076,96.35887986720931,18522.7760954893
2020-02-16 10:00:00,96.61172232382313,97.03813991873385,95.88695284631734,96.54017206768086,35114.549371613626
2020-02-16 11:00:00,96.67706398102575,97.25988602049303,95.13777539187973,96.68671268267664,20965.87176742183
2020-02-16 12:00:00,98.43537468738388,99.28345887117658,97.55263716927422,98.45529548549696,22226.472419315145
2020-02-16 13:00:00,97.92694535719035,98.6019040314291,96.50227335869046,97.92343866849399,20899.256926843438
2020-02-16 14:00:00,98.46379393935737,99.86149247073259,97.47048818604912,98.49470343966607,30943.221686603636
2020-02-16 15:00:00,96.9717042408565,98.13405399277222,96.16750824855505,96.99953433861349,31305.29727479018
2020-02-16 16:00:00,97.73666251569452,98.75265555795355,96.03077921607849,97.71653876595856,30759.754122678318
2020-02-16 17:00:00,97.75704225887553,98.80602229793853,97.26606471746068,97.74798632250005,22202.72445230394
2020-02-16 18:00:00,96.72986540908711,97.71471291359582,94.9895341035035,96.62688022376652,16954.171805669725
2020-02-16 19:00:00,96.31607393969973,96.77341821249311,94.68999770843656,96.29494447848354,39244.39550477112
2020-02-16 20:00:00,96.09752383323755,96.8638539226676,95.2473991488884,96.0422445321265,28478.158188487832
2020-02-16 21:00:00,95.60935107544725,96.2778880944011,94.92241595064134,95.66059096199433,19206.466642026946
2020-02-16 22:00:00,98.41938434852122,98.89510138789079,97.73331496487911,98.39354830392934,33763.838911655315
2020-02-16 23:00:00,98.23240183447565,99.58941969876308,97.53757091592551,98.2679247727656,18756.906784730352
2020-02-17 00:00:00,97.93727242062313,98.32034924238805,97.02504853965654,97.91791144181572,33631.25160484518
2020-02-17 01:00:00,94.79481911473812,95.30972380941435,94.16394722256518,94.76219653690556,34320.062572742616
2020-02-17 02:00:00,93.46489100341279,94.68510637993872,91.94083195649709,93.46256056848631,16706.533818350807
2020-02-17 03:00:00,93.21360373545923,93.87404446891144,92.70531636914906,93.10154086843846,26226.548832390676
2020-02-17 04:00:00,92.19225482942602,92.65793966249024,91.74685110522617,92.12647745642252,27851.92076468098
2020-02-17 05:00:00,94.23423120135365,94.47001317818479,93.52724086219187,94.17879542766931,48265.52225875562
2020-02-17 06:00:00,93.99601769050304,94.48087022121864,93.44066320139859,93.9601114825832,17629.160643656385
2020-02-17 07:00:00,95.99686602395147,96.39956248145236,94.67015208106227,95.91230202628576,33852.32573594274
2020-02-17 08:00:00,95.96274897151207,98.19214871185574,94.89421114095423,96.03174630702485,22141.38598850467
2020-02-17 09:00:00,96.18013459274742,98.37390395648033,95.19901675101816,96.1142827032544,15177.824770424313
2020-02-17 10:00:00,95.95857501806391,97.09033318232244,95.26771586896588,96.0061577969805,21247.698211987656
2020-02-17 11:00:00,96.0109959981853,97.70368754823268,94.45177084676759,96.03809502515698,22042.758810639607
2020-02-17 12:00:00,98.72783147712353,100.0152472444586,97.53070715932124,98.70012672443802,16031.854721573176
2020-02-17 13:00:00,95.24428694658434,98.22261394821211,91.61168744821758,95.1855945492522,24188.971512687753
2020-02-17 14:00:00,92.20396119615373,92.80532196893725,91.48120652833275,92.25717405620185,29358.65810019086
2020-02-17 15:00:00,91.4728697713352,92.01400817554052,90.22850792868086,91.49631775583126,23658.085006018224
2020-02-17 16:00:00,91.54668889669625,92.36078579329536,90.6707509884443,91.54222474524586,18721.8538052347
2020-02-17 17:00:00,92.5591677807296,93.80359238482153,90.90480809307958,92.56779352565103,21066.90025539492
2020-02-17 18:00:00,93.32531914060645,93.96816925997805,91.84700724669624,93.28548474319717,21996.464017866652
2020-02-17 19:00:00,92.90732793286776,93.46148880880186,92.03893313100548,92.74799024236735,23510.360803925356
2020-02-17 20:00:00,94.29393940112547,95.58281611922128,92.02951098251127,94.2741738444394,30728.604076820167
2020-02-17 21:00:00,95.807070219289,96.61374126940623,94.22780331156662,95.84230167869873,23898.76172757869
2020-02-17 22:00:00,96.08441628648399,97.23269795442927,95.05364015064657,96.1467438136431,14460.716014724709
2020-02-17 23:00:00,97.62623073100002,98.62574897114396,96.29452439908759,97.6421099701993,18607.196219585483
2020-02-18 00:00:00,98.04290571342463,99.32645599763032,96.24914101906657,98.08901980827233,23151.30235735146
2020-02-18 01:00:00,97.27475208506878,97.86998283555873,96.64021348536818,97.25201700490886,30860.654842849573
2020-02-18 02:00:00,98.37572807016298,98.77729334208911,97.10860667065101,98.35349911538535,32511.65542413564
2020-02-18 03:00:00,98.52903948903034,99.77804085607796,97.57840724646967,98.55186253364148,37511.60393939689
2020-02-18 04:00:00,98.6786722228003,100.9289144952774,96.05404140707415,98.58083296347338,22906.690748086094
2020-02-18 05:00:00,100.8847438663897,101.34835377223887,99.87803016571262,100.92185522032695,27694.600701451775
2020-02-18 06:00:00,97.12142490605775,97.5943061156365,96.11293481011162,97.12722491015425,14237.883448426765
2020-02-18 07:00:00,95.03902880569447,96.19870068611756,94.0367153237759,95.00866580963371,25058.402313001545
2020-02-18 08:00:00,93.3160622400996,94.62250677914716,92.21442414589954,93.27445927117131,15953.29658913963
2020-02-18 09:00:00,92.82694063792623,94.57070265474113,92.28905079929623,92.76768173185691,21617.063124229404
2020-02-18 10:00:00,92.44146772802112,93.7845343642578,91.30476934901212,92.42166654867172,54663.50147758227
2020-02-18 11:00:00,90.32564571037183,91.36865489408328,88.40159801384232,90.2782084524383,24126.50411156601
2020-02-18 12:00:00,88.88305658712954,89.6390856127831,87.88006813826148,88.91262484381959,16998.08609827228
2020-02-18 13:00:00,87.77958136866819,88.37149115957676,87.31079464238012,87.73930543190284,24892.87014240628
2020-02-18 14:00:00,91.26760003816504,92.1521381004585,90.06085996143743,91.22633247703813,18861.48788326933
2020-02-18 15:00:00,93.9485537691628,94.83135483265039,92.64777327177914,93.87754072894907,16510.91185825798
2020-02-18 16:00:00,93.21838649572126,93.71647670244657,92.46923490818605,93.29621587797604,41396.09617250301
2020-02-18 17:00:00,92.74676041770901,93.86984462597593,92.52955586348345,92.78884865611747,30334.580394124638
2020-02-18 18:00:00,91.18701510438993,92.28617962316059,89.65634118857837,91.14950066022453,24432.292209452284
2020-02-18 19:00:00,88.35802700016058,88.95306108964016,87.98984251235115,88.47531715678845,19583.70286624051
2020-02-18 20:00:00,88.3584389358043,89.33933562680858,87.34709599882756,88.33670783299131,20065.619464415067
2020-02-18 21:00:00,87.02919405106982,88.42731514874664,85.84962323915357,86.98310151313089,34987.444937749235
2020-02-18 22:00:00,86.86560744851712,88.76628523153202,85.0215103623516,86.89064825796687,24148.396546813907
2020-02-18 23:00:00,84.73317804967952,85.29346967532655,84.30642705383619,84.75140765371354,8735.56984235628
2020-02-19 00:00:00,83.7183333830916,85.68148473162384,81.99830475663103,83.76332003828256,45537.04979030518
2020-02-19 01:00:00,83.96061920496238,85.44275703144068,82.46632600658359,83.98251962557164,23269.96395003567
2020-02-19 02:00:00,84.47050662700167,86.09800097609454,84.08630265086282,84.49131550735578,24416.409402039295
2020-02-19 03:00:00,85.0427998930774,86.62216051367115,84.38809226915424,85.07184517666819,30516.061911543657
2020-02-19 04:00:00,83.31297508700538,83.91758692001385,82.47196528030602,83.34371550709793,25326.861939057853
2020-02-19 05:00:00,84.48470807601079,85.29116692624413,83.7008525854887,84.4961575075054,27558.673298699883
2020-02-19 06:00:00,83.44895817876188,84.2779294059604,82.82626142433469,83.46077223116521,19397.179730956355
2020-02-19 07:00:00,84.39876322898306,85.7390485428124,82.99255951176035,84.31975006229302,15230.593325461952
2020-02-19 08:00:00,84.31200666530451,84.97879378022229,83.01828379390808,84.32862721129759,23958.293682574043
2020-02-19 09:00:00,82.55710261256182,83.33032222629481,81.74875129169311,82.54289903428794,33842.896217531634
2020-02-19 10:00:00,82.13159968813761,83.23833095288346,81.28655136655057,82.15529668376895,18136.091411069447
2020-02-19 11:00:00,82.62755597761732,83.19068299554968,82.32449942121512,82.65192158953451,17704.830688037327
2020-02-19 12:00:00,83.40528193966982,84.83472756325996,83.02782933067647,83.47641931450735,31770.891188017045
2020-02-19 13:00:00,83.24854601297736,83.82379325563578,83.00350557546658,83.31400442023534,19203.089152968027
2020-02-19 14:00:00,85.32001262049855,85.73872689681771,84.40605666174969,85.37153426799495,19473.931925070978
2020-02-19 15:00:00,86.76854643502394,87.12050157537846,85.60462178162201,86.76057761327918,19693.752217723995
2020-02-19 16:00:00,86.48069247971081,87.7792996676373,85.07288565790458,86.43418338417376,21601.233655088912
2020-02-19 17:00:00,87.40702287248635,88.20916279352983,87.15529183261576,87.48517620296187,13737.829326406702
2020-02-19 18:00:00,90.19030973026327,90.92639046948955,89.1626947635665,90.21507723328361,18735.92281533364
2020-02-19 19:00:00,93.00566779112391,94.67751488579047,92.25015832465981,93.06927555516506,23602.55872628518
2020-02-19 20:00:00,91.29952675247605,91.83861573545649,90.75171962919133,91.3115925336438,23552.126223133455
2020-02-19 21:00:00,90.06186148697402,90.879209432186,89.3723986554326,90.01344462809682,31175.815088064555
2020-02-19 22:00:00,92.14778694165157,94.21186855094322,90.18684709649457,92.1683811554131,38246.89527420486
2020-02-19 23:00:00,90.66757834695642,91.74570293726643,90.20748733429596,90.66973252253622,34673.987116998615
2020-02-20 00:00:00,88.88964829512658,89.93434043279426,87.84304452835619,88.82501795091046,28980.99980833702
2020-02-20 01:00:00,88.19173471178694,89.69817399569357,85.91154719930482,88.17154779489714,21065.24116101478
2020-02-20 02:00:00,88.7474744921142,90.25437449536703,87.66921879684476,88.7812154315137,18271.162550524878
2020-02-20 03:00:00,88.66939276242906,89.55154521993461,88.0666059973863,88.66234786125243,22144.922789271783
2020-02-20 04:00:00,87.74622609214056,88.5319700283645,86.08875053977955,87.78254827266126,26256.625362405342
2020-02-20 05:00:00,86.89738173502408,87.27257030082792,85.85334853258865,86.87911618220558,28186.018594937286
2020-02-20 06:00:00,85.95551399796561,87.1024363249661,84.90637742839155,85.93337153950102,26553.735672149032
2020-02-20 07:00:00,84.71649048637488,85.95508568360748,83.5304347073045,84.77444058577547,21240.1249602006
2020-02-20 08:00:00,87.90764878935154,89.6073795434875,85.92470666745332,87.89995097675065,27890.981503495703
2020-02-20 09:00:00,88.33166364843471,88.97968907258438,87.538455116005,88.33685667445488,32153.022944885233
2020-02-20 10:00:00,89.6279922711065,89.95219417418912,88.56501943354105,89.60358974608641,28682.662215684515
2020-02-20 11:00:00,88.97732320177022,90.06905097569383,88.041662985284,88.94035305165717,21815.938019207966
2020-02-20 12:00:00,88.7256412593518,90.70919757461294,88.1865572572879,88.7044653034302,17151.576837553846
2020-02-20 13:00:00,87.72386822949223,88.25188057177391,86.7569232958524,87.73716889271854,17029.965897916118
2020-02-20 14:00:00,84.21091299375526,84.89774267532266,83.5417770924516,84.17163303774562,17955.194027485468
2020-02-20 15:00:00,82.35116053224483,83.12545415421397,81.49217523327549,82.38712509833012,23792.425664161045
2020-02-20 16:00:00,80.04003526673691,80.62686331763662,79.58948085606745,80.09291749627037,25743.594711138296
2020-02-20 17:00:00,77.20240132181705,78.14143704729908,76.46302339021207,77.32594059599582,14409.461301200161
2020-02-20 18:00:00,75.90192866546612,77.20237236178963,74.48605046832985,75.90459067558172,18935.646208707243
2020-02-20 19:00:00,77.4943643973611,78.88891545499531,76.19449234546762,77.52621008829382,23694.201614926165
2020-02-20 20:00:00,77.50852613350892,78.52976427670129,76.51507308827306,77.49311451692685,16816.16704851835
2020-02-20 21:00:00,79.02784621097537,79.87408686461346,78.60337614100523,79.10581398475283,25088.66039428888
2020-02-20 22:00:00,79.61542988223371,79.84679942347101,78.84769927560349,79.6412009207356,20085.86298927659
2020-02-20 23:00:00,80.66974729057944,81.44451697546678,79.8211058346104,80.65078347240372,17729.300023328928
2020-02-21 00:00:00,79.49534700307215,80.36272326221302,78.6448395427691,79.53630168228182,22380.86495601693
2020-02-21 01:00:00,80.23360316505745,80.78615563293062,79.64932723805302,80.21718845219304,24777.32250931545
2020-02-21 02:00:00,81.14261208732322,81.46936768374083,80.89632160945196,81.1652175173686,17076.20624246127
2020-02-21 03:00:00,80.45209158120848,81.47628885641085,80.12156385302629,80.45341135142972,20480.249998885793
2020-02-21 04:00:00,81.21180031321089,82.78139906119836,80.26774859907748,81.18764057605541,25344.157604130345
2020-02-21 05:00:00,81.97618248169276,82.16321470597816,81.02074454526759,81.93714774646506,17524.811311131485
2020-02-21 06:00:00,81.25699296558054,81.664541993335,80.2327443595801,81.25323531174975,13395.48445091199
2020-02-21 07:00:00,79.81842985210878,80.58044268275819,78.74803831019521,79.85092959148034,13891.436446736254
2020-02-21 08:00:00,78.37907723542874,79.1061093531495,77.38363849874725,78.39703167903085,19430.217586352268
2020-02-21 09:00:00,78.55033614535829,80.27470668952796,77.51151783749908,78.52532758108782,14830.9948590794
2020-02-21 10:00:00,78.9119914120825,79.64026835339968,78.4253656887385,78.95230657508951,19844.525040017394
2020-02-21 11:00:00,77.9873494857978,78.79363139733663,77.08383742989338,77.99429357500492,36296.727161638475
2020-02-21 12:00:00,78.03318627630121,79.66286306133641,77.31464971734863,78.04824506463893,14565.638169257829
2020-02-21 13:00:00,78.77009430560895,80.20515667585016,77.13690993568459,78.77416542471784,20236.00139921548
2020-02-21 14:00:00,79.52637523843522,80.32727191874957,78.63056249643317,79.56652779164179,41759.88072212195
2020-02-21 15:00:00,81.4818038966427,81.90485516077071,80.78924307654904,81.55732370915506,24895.417388498958
2020-02-21 16:00:00,83.25846822284045,84.27215759501387,82.14822357741876,83.2367957494591,19725.806138625558
2020-02-21 17:00:00,81.99640590012505,82.91052978739735,80.8859877000458,81.95689729010054,21013.811891825153
2020-02-21 18:00:00,84.10649429635176,85.4420348371831,82.9920672243634,84.1819286685686,25054.50053666417
2020-02-21 19:00:00,83.51910799219708,84.71455473123301,82.52766189448836,83.5037046416088,36633.98275521054
2020-02-21 20:00:00,84.95829255347489,86.46570158214193,84.36236595484898,84.91230477457893,18783.68433995553
2020-02-21 21:00:00,85.05179575279739,85.75304540467928,83.43868740101776,85.02646164891554,17548.379968280035
2020-02-21 22:00:00,84.48180955205947,85.06623521483458,83.7334897606755,84.49941374497105,14564.719055109577
2020-02-21 23:00:00,82.11141173205365,82.38487827291189,81.7205846955689,82.15016592371538,22718.362785765697
2020-02-22 00:00:00,81.95417772625613,83.69609434417008,80.1913024153884,81.9508596146498,14447.74735578123
2020-02-22 01:00:00,79.99455095866425,81.01616305865463,79.60738814456903,79.98464145911886,19165.464464397282
2020-02-22 02:00:00,81.2384685525551,82.15562212174882,80.28672252120552,81.23457711122869,16770.80687189876
2020-02-22 03:00:00,83.2136143259658,83.60541371035718,82.27444245268636,83.22110982788422,30401.190659864285
2020-02-22 04:00:00,82.16112153476557,82.97480977624897,81.73955026137129,82.20562156372485,18910.660389150307
2020-02-22 05:00:00,82.63748738812123,84.23559021240226,81.44445623431284,82.620026129285,24811.910982362555
2020-02-22 06:00:00,81.72308111420651,82.68532195823029,81.15287341658842,81.70384580270297,13612.88976211313
2020-02-22 07:00:00,80.92935327654827,81.51741127405019,80.42186974624352,80.92122789005835,22912.825226638244
2020-02-22 08:00:00,81.94117765342743,83.08662060960422,81.65303785162148,81.93663043078924,15352.780984613077
2020-02-22 09:00:00,81.97803276104659,83.88099114046119,81.10802050795665,81.90925971983349,19385.98090418852
2020-02-22 10:00:00,84.18102222240229,85.068354090547,83.0662678912824,84.20731085160315,42760.102929339875
2020-02-22 11:00:00,83.64658709981333,84.59030666396026,82.67936663046189,83.59302758009143,29133.742373936766
2020-02-22 12:00:00,84.91102302197157,86.42599752144584,83.99234600152523,84.94219784781646,21194.05983955952
2020-02-22 13:00:00,85.14300511909285,86.1545392906437,84.52587691302121,85.09582158903918,57508.185486169634
2020-02-22 14:00:00,86.24564580327707,87.37180378701544,84.8558959309706,86.19249229175045,16738.17960464441
2020-02-22 15:00:00,85.59845958097858,86.9673336509305,84.81499169270438,85.61100378482037,31243.44629537719
2020-02-22 16:00:00,85.63861573059988,86.23175493974357,84.9981597969613,85.56755345813971,13907.696389144285
2020-02-22 17:00:00,85.45539419078335,86.94211063759802,84.1585856752837,85.43535806631829,20472.200521478608
2020-02-22 18:00:00,84.30384433962537,84.82541548554829,83.94593080256513,84.34083928660978,14700.886468759105
2020-02-22 19:00:00,85.23215129380986,85.65214058124236,83.98869754932345,85.24809936307778,23793.858366417422
2020-02-22 20:00:00,86.1978571760257,86.59974467183936,84.8308622681262,86.14906396984,22399.43638345393
2020-02-22 21:00:00,87.02199901598023,88.128602257362,85.91168961695634,86.98185407637939,20084.437898039938
2020-02-22 22:00:00,89.09009082767368,91.18687616562356,88.35278913021457,89.13724623156402,30565.19149261924
2020-02-22 23:00:00,91.21373565254798,92.6766885699663,90.80623081167005,91.22008718462754,18580.544322661313
2020-02-23 00:00:00,90.71700964614716,91.56199481869723,90.17920750345911,90.70777908726672,24295.721025614857
2020-02-23 01:00:00,91.24398982935318,92.50204528242904,90.03289519455099,91.26715364236354,28174.327841929033
2020-02-23 02:00:00,90.50645690138887,91.20350419355377,89.53246111242896,90.39988449006698,14115.568798584032
2020-02-23 03:00:00,90.4683841984044,90.99171264581874,89.34844369195739,90.45781584246939,17596.85897021675
2020-02-23 04:00:00,89.62912864353845,90.32462591758956,88.67129241684378,89.63189881555874,22385.266820038327
2020-02-23 05:00:00,92.02801533175708,92.86562683269929,91.19300149577441,91.97325211009752,26610.097442186823
2020-02-23 06:00:00,92.50990300947481,92.8286798579889,91.67978557752804,92.5267990291452,33737.704869910645
2020-02-23 07:00:00,92.28126026823296,93.25054282411641,90.94879291385375,92.23480032597888,20645.157358058004
2020-02-23 08:00:00,93.93225512021056,96.10286882040477,92.15513394366867,94.01064742132769,20031.44739095232
2020-02-23 09:00:00,90.8554726599095,92.43858400275046,90.21222069585237,90.87608581192727,16953.357756795926
2020-02-23 10:00:00,88.10902472055704,88.6148373706975,87.7034165842325,88.06283266420378,24318.56252553935
2020-02-23 11:00:00,89.2678549650641,91.07587730781296,86.86428518573292,89.19782585364563,20148.08907500924
2020-02-23 12:00:00,89.27263918540307,89.79590742249958,88.59899943177807,89.30716961110355,20288.110852217116
2020-02-23 13:00:00,89.64466934918491,91.60386089234184,88.61642237516001,89.68457098503364,21414.712145444486
2020-02-23 14:00:00,87.87949250823237,88.25627497892957,87.3353833134239,87.85456612826175,25990.55335876153
2020-02-23 15:00:00,87.81902344652654,89.5278396489186,86.72933470108751,87.84638908549975,18599.329934885507
2020-02-23 16:00:00,90.67489593762102,91.90274811533864,89.28131893425093,90.6870742104004,17471.95972328971
2020-02-23 17:00:00,91.9371952357859,92.3310577495383,91.5876505124801,91.89692577203364,25072.258023408
2020-02-23 18:00:00,92.14292766970148,92.78546195981902,91.70102082531555,92.16800207520353,8886.446496634484
2020-02-23 19:00:00,91.46790937021616,93.05826590703518,90.0421249300084,91.55788448217486,18377.76057004738
2020-02-23 20:00:00,90.95633123210432,91.401823693878,90.09649529773067,91.01554068379528,15593.464297732506
2020-02-23 21:00:00,88.03868753956071,88.70961671290937,87.4616618330701,88.03824930339191,31602.05619452389
2020-02-23 22:00:00,88.33792331629158,89.18770732450916,88.11089993310935,88.42030553835919,19297.294259123995
2020-02-23 23:00:00,89.61663646127435,91.49694151558737,88.87973906707454,89.62995369849604,18616.15750017454
2020-02-24 00:00:00,87.39625419873418,88.64512283178178,86.70967595463647,87.45712858074316,21707.503310159933
2020-02-24 01:00:00,86.64547803332563,87.36875521477398,86.24539657584266,86.57448959208486,18423.609967311644
2020-02-24 02:00:00,85.12592606890861,86.37455450488008,84.52516429692973,85.03387084103076,19520.208720411305
2020-02-24 03:00:00,83.72941790723387,84.69056769612207,82.50415948897765,83.7737424730025,22677.60433120482
2020-02-24 04:00:00,83.8779753058925,84.85823139237564,82.26496471513858,83.86720848901746,19406.976031128233
2020-02-24 05:00:00,81.14201965828839,82.64189945474341,78.64572272698558,81.18100292737773,19365.235719370707
2020-02-24 06:00:00,81.97983181222345,82.88778919405222,80.97344399395492,81.99251259392193,16267.958205275898
2020-02-24 07:00:00,83.06921537817031,83.93261476630656,82.06637477054095,82.99437647199028,15581.893995282804
2020-02-24 08:00:00,82.67008471926496,85.55940908029126,78.86447528678673,82.68937981255353,22430.817403633988
2020-02-24 09:00:00,79.5315244636526,79.93861732659646,78.15596555677428,79.54290058836423,24148.562969355437
2020-02-24 10:00:00,78.28889992454214,79.56258759474646,77.28078069420239,78.32581210968851,14350.68574084979
2020-02-24 11:00:00,79.92904740062119,80.53559507736074,79.15349404182332,79.88326672473465,27666.634199952776
2020-02-24 12:00:00,76.35984408228326,77.00976251560094,76.01159866867846,76.4846389700861,27700.736823483847
2020-02-24 13:00:00,76.07109304742373,76.47490992805022,75.34104150037658,76.08793881517784,29507.706381498796
2020-02-24 14:00:00,74.7056981497574,75.46234562720021,73.96251135831116,74.70741216543101,24099.990503238612
2020-02-24 15:00:00,75.65566550177185,76.99958058880145,75.32558258725994,75.68068089299487,26665.466829627894
2020-02-24 16:00:00,74.93307436405894,75.53054967618027,73.64101081722801,74.90073426775758,42425.62209383609
2020-02-24 17:00:00,75.44463094208902,75.87539088094965,74.44857587745473,75.39931492522263,20121.48683285996
2020-02-24 18:00:00,76.0407896331436,76.83074818747558,74.79795590806863,76.09451386328777,16095.460420158981
2020-02-24 19:00:00,78.43051105560997,79.93711432331406,77.66215008037851,78.34850028576436,13901.917163416043
2020-02-24 20:00:00,78.06421263490662,78.68427126834732,77.01301962956305,78.11980498580803,37298.26832942754
2020-02-24 21:00:00,78.6559027187809,79.57057086863358,77.67520972850944,78.60525614637528,37445.28866185158
2020-02-24 22:00:00,76.81491847859533,77.72868895615868,76.26308465392094,76.80916440843045,16690.918989448546
2020-02-24 23:00:00,78.26434598785832,78.91882877183097,77.06150737263171,78.28406187178399,17708.565998239934
2020-02-25 00:00:00,77.35732366184062,78.05747802940385,76.73723791824646,77.3731606684517,19986.307413404007
2020-02-25 01:00:00,76.71252334170227,77.44906598906863,75.60299209069503,76.71380878860961,31801.764722406075
2020-02-25 02:00:00,76.71585332525476,77.04009918495846,76.16913318887606,76.7078596812033,14970.087769999525
2020-02-25 03:00:00,74.82886420595369,76.53986364870144,73.30080010663505,74.86330710484899,12210.043656061103
2020-02-25 04:00:00,75.14522004435733,75.72952202001704,74.12456570920378,75.15401080741115,42203.32730342525
2020-02-25 05:00:00,76.29924582626232,77.06350965811228,75.9066485924339,76.32865803744231,24190.42048565101
2020-02-25 06:00:00,76.65592078552027,77.55288542838142,76.22613203914413,76.70251946552125,25243.500402743124
2020-02-25 07:00:00,74.79685582168642,75.6539027900095,74.32691891009861,74.82743449062346,20711.993310203805
2020-02-25 08:00:00,74.65910163494215,75.62798021919424,74.2256523229242,74.70205436870927,25329.76529633901
2020-02-25 09:00:00,75.58487281222062,75.86305077383514,74.83626186007042,75.60075482649462,13984.9668466619
2020-02-25 10:00:00,73.4334648464147,74.69690392493257,72.33704181456721,73.41758921393719,17115.22727121136
2020-02-25 11:00:00,72.20943666180256,73.143211691892,71.74781108694992,72.2050787114902,22732.419703421296
2020-02-25 12:00:00,73.30099277719718,73.96041723271766,72.47139169419805,73.22870342314462,11144.849390942125
2020-02-25 13:00:00,73.4796171728459,74.58208077732309,73.16721925859164,73.56091865000687,20115.475352672736
2020-02-25 14:00:00,74.07731100097838,75.35981337486012,73.12254352019741,74.05993132111638,19746.878138526252
2020-02-25 15:00:00,76.2818449008113,77.15578324407366,75.07054330058966,76.2816000277777,20114.433690885573
2020-02-25 16:00:00,76.89888202631187,77.50272682337685,75.73532109049941,76.867532742937,18670.041468317948
2020-02-25 17:00:00,77.7171018798392,78.60239991080091,76.50602396741263,77.68927105011139,16337.729777201586
2020-02-25 18:00:00,81.09308672549922,81.88042912230621,80.26972511887291,81.09977712258073,12751.324721549283
2020-02-25 19:00:00,80.8561982789622,81.34127875429421,80.56994094512726,80.84921891819926,23004.016593172557
2020-02-25 20:00:00,79.83173972594737,80.89624408840145,79.58773698790458,79.8614509494226,20129.92522377723
2020-02-25 21:00:00,80.44792176906695,80.92986421672552,79.40933469126642,80.42324470149293,14580.138954867334
2020-02-25 22:00:00,80.92717242470478,83.1299467553065,80.33469965952071,81.00326997675626,22443.583150993785
2020-02-25 23:00:00,80.38725883913368,81.03223802223125,79.45123285017628,80.35604748803665,20161.193896295026
2020-02-26 00:00:00,79.08077982986146,79.97228169012484,78.72832342589528,79.08169612749911,19181.332405384244
2020-02-26 01:00:00,82.01378423052863,82.48840430942012,80.7262140644884,82.03376199617303,11532.582094690863
2020-02-26 02:00:00,82.47001222845415,82.9745074931488,81.00459156485633,82.47960185130795,27033.449637930364
2020-02-26 03:00:00,81.54963211479829,82.89450722137029,80.20883355452924,81.55612382870886,15215.724641310226
2020-02-26 04:00:00,82.81732052959472,84.2872438301091,81.38937653126453,82.76363574165538,22448.544911837784
2020-02-26 05:00:00,82.77765578067955,83.55339627040638,82.27241921946047,82.64404128877331,17283.705654575457
2020-02-26 06:00:00,82.38824627476265,83.82721349919217,81.97097538549285,82.33802539731248,19601.905203124035
2020-02-26 07:00:00,83.06954221346766,83.81197113382773,81.84462777344471,83.09302952957805,31122.54476256015
2020-02-26 08:00:00,81.46742468865027,83.08769914175986,80.07774561160076,81.44177941244456,25835.000504292144
2020-02-26 09:00:00,81.94523708934832,82.48512403564486,81.3338071778955,81.91765831506899,30915.46997013055
2020-02-26 10:00:00,84.40704860809865,85.3245605179197,83.63985779557828,84.44611172096246,24321.491161003698
2020-02-26 11:00:00,85.03793294991316,85.47694853455808,84.68207370008983,85.09157464867138,24806.055489272207
2020-02-26 12:00:00,84.609319332401,84.87524154368134,84.1079076010184,84.61199649526885,12908.719599239348
2020-02-26 13:00:00,83.99577427560781,84.82850796866099,83.36883635362476,83.96186595687264,20025.114741645782
2020-02-26 14:00:00,83.37654712741657,84.34201249995517,82.84193440849428,83.44379482660734,20589.310667060923
2020-02-26 15:00:00,83.10343665584261,83.67689784776827,82.04119459381126,83.13340200195965,31796.116736448996
2020-02-26 16:00:00,82.68645296891714,84.07020560250886,81.22658339682451,82.66278447651695,18922.95854398873
2020-02-26 17:00:00,83.88893505649189,84.37423715028778,83.395086944464,83.88718501825886,23848.052879634386
2020-02-26 18:00:00,81.7085041657282,82.19725128085194,80.39843261078411,81.65068431058174,23569.934168969943
2020-02-26 19:00:00,82.73082867805292,83.61190870812088,81.81871572059279,82.78925170575533,31172.8420643739
2020-02-26 20:00:00,82.414958102229,82.93478783258097,81.81091934192901,82.3181451749954,21160.1880991842
2020-02-26 21:00:00,82.76716745448441,83.08991056749453,82.084687384504,82.83086407600602,28235.521293528105
2020-02-26 22:00:00,81.31333910484841,82.521517098702,80.51487108084949,81.39592193066956,13207.504367988722
2020-02-26 23:00:00,83.13722084051837,83.54328498102251,82.2193751478021,83.1396698350366,13572.407766180204
2020-02-27 00:00:00,84.76174293819116,85.2946513390171,84.41732238620716,84.8098495837229,11103.289520699343
2020-02-27 01:00:00,86.12306455340845,87.42160508923854,84.61003763981964,86.12473346402649,27883.642137191993
2020-02-27 02:00:00,84.11437185688658,84.4659231941385,82.74424976401494,84.11747271625103,26959.744320940168
2020-02-27 03:00:00,85.23794185840164,86.08119785783703,85.0465872531175,85.24628637067629,28826.439182639304
2020-02-27 04:00:00,85.77880475245144,86.65946181112444,85.44135854507381,85.81495048295857,17975.975470380163
2020-02-27 05:00:00,83.71362229071656,84.09837657438021,83.25271914644092,83.69551660061626,18600.350483814596
2020-02-27 06:00:00,83.67304640767358,84.62618703384489,82.42486125607074,83.68632479610172,21240.939505174847
2020-02-27 07:00:00,84.23756457587251,84.54738495203989,83.31940427465233,84.19110519325659,33965.81276700277
2020-02-27 08:00:00,84.94714727327327,86.28008893275427,84.31311947766939,84.95480901840615,36612.62620901987
2020-02-27 09:00:00,85.17444419065814,85.57488013523738,83.99379825076223,85.21554566891699,27949.16342343823
2020-02-27 10:00:00,85.55837981062533,86.75263366889897,85.06378657459221,85.6306396776979,24326.119228407864
2020-02-27 11:00:00,87.6574948328567,88.20593742401749,86.82502206123804,87.66503882285156,32879.83428981822
2020-02-27 12:00:00,89.34179501728393,90.70620889079318,88.50518553475167,89.39852752718923,20399.12451245241
2020-02-27 13:00:00,85.4174103784478,85.99738864375799,84.41010622242878,85.47510444368082,19588.883987858608
2020-02-27 14:00:00,85.0945066211494,86.07855412058078,83.47311074740954,85.07207067840761,21190.18461981318
2020-02-27 15:00:00,84.79947610722125,85.58814187568596,84.341144421915,84.87491590569591,16422.13976668313
2020-02-27 16:00:00,82.64582437009642,83.56183401090281,81.78901671885355,82.58750960299923,20899.848532723187
2020-02-27 17:00:00,82.73927262032012,84.45304002889254,81.13699586362283,82.7326657391985,15752.86585682668
2020-02-27 18:00:00,84.39696971752261,84.7376559542193,83.47426941070998,84.39881985068143,29956.52208672275
2020-02-27 19:00:00,82.94658811316462,83.25146226952178,81.7689824860601,82.98952548035939,25928.712316466925
2020-02-27 20:00:00,83.48501446019179,83.9143538877817,82.83841951918127,83.45311983376963,33822.06635729754
2020-02-27 21:00:00,82.28045017157734,82.91787053679464,81.22678988383329,82.28056968137298,13510.40163356684
2020-02-27 22:00:00,81.40877587990757,82.41708731601197,80.96669525858236,81.43671260746548,38968.506922041786
2020-02-27 23:00:00,83.38476958046815,84.2225407663588,82.61924962493258,83.37643924462817,13742.621980718743
2020-02-28 00:00:00,82.62004729686299,83.76850771724412,82.1987928045129,82.68962174325566,15375.14582949649
2020-02-28 01:00:00,83.24833121935627,83.66705373088112,83.07609821049178,83.31645604989774,18283.486162633235
2020-02-28 02:00:00,80.87378531411753,81.85440657700717,80.33890579383417,80.91910754327,32608.106679480392
2020-02-28 03:00:00,83.36481134467833,84.80685533643589,82.95291736251389,83.35024475302677,23568.63423440019
2020-02-28 04:00:00,84.16790037559798,84.69709465798316,83.04236721462404,84.16803749887396,20472.774818526093
2020-02-28 05:00:00,83.99340755351226,84.9883607543104,82.52728787351737,83.94937697561039,17364.996603897373
2020-02-28 06:00:00,84.6978895329849,85.0832326247158,84.01715990531869,84.73686806234585,14577.28034359155
2020-02-28 07:00:00,82.92265668458168,83.49935504847554,82.52378438574297,82.89883703675251,30939.476282459895
2020-02-28 08:00:00,84.47537086221483,86.02949900695153,82.8771236397163,84.4801807646399,27989.697592218192
2020-02-28 09:00:00,84.03352805575277,84.86286874836983,82.50520005157006,84.0731704554551,33048.62078115126
2020-02-28 10:00:00,83.84242602217857,85.03055004408714,83.24885112352314,83.826276568494,24811.07581986902
2020-02-28 11:00:00,83.19967853449695,84.1321827837645,81.94503245254198,83.20242470782969,9970.332998351181
2020-02-28 12:00:00,82.44161112600253,82.6773108598874,81.76835695875504,82.46755208595826,15163.175761335358
2020-02-28 13:00:00,83.39920346397678,83.8217976836242,83.16712558464172,83.39745215554643,25322.823729798092
2020-02-28 14:00:00,83.7516576585172,84.39665167605092,82.61592126691669,83.75708220210852,19714.01124100111
2020-02-28 15:00:00,84.63778259228609,86.19393809318026,82.63277020199611,84.64428700077619,18626.62727538334
2020-02-28 16:00:00,84.63819251517818,85.17735961272383,84.02534697726905,84.65565668720335,15820.027356149541
2020-02-28 17:00:00,85.31021476159583,86.44851563098686,84.50854279338976,85.3659138238537,29268.785043276137
2020-02-28 18:00:00,84.83098263551412,85.55150896131046,84.32437523429267,84.82781154220942,25256.978966446884
2020-02-28 19:00:00,87.8481548401947,88.31339658724883,87.1915914125075,87.88342748542192,25600.249253175836
2020-02-28 20:00:00,85.71957292826262,86.31004277181587,84.17677109103789,85.76332632708097,18213.517649336616
2020-02-28 21:00:00,87.49676660724265,88.25587255172114,86.24251441481157,87.50729810374835,23222.71858067968
2020-02-28 22:00:00,89.47009878144537,90.41158829877088,88.617621650271,89.43727411482602,14745.165158072768
2020-02-28 23:00:00,88.27729253467982,89.37905883521177,87.16949282473317,88.26910056599142,21185.06234088368
2020-02-29 00:00:00,91.42373064995076,91.9350636362272,90.2646189616535,91.44801660069436,10317.751386838308
2020-02-29 01:00:00,92.89179194112857,94.3411165672536,91.4811118382952,92.91833620367538,13760.606096935031
2020-02-29 02:00:00,94.40609883945937,95.41063736666631,93.93039880151925,94.37609605270742,19996.378211738724
2020-02-29 03:00:00,94.33033841578322,95.59800595910916,92.54648833759447,94.44351649286864,44915.375051660034
2020-02-29 04:00:00,94.18419411554923,94.64468856776513,92.810411632769,94.14665949048532,12833.023365424724
2020-02-29 05:00:00,93.77434067548684,95.49787848561759,92.84930060108572,93.86229038191024,15167.73604486615
2020-02-29 06:00:00,94.40026250638908,95.27866477922873,92.33294981476233,94.46711725881138,23506.504263526225
2020-02-29 07:00:00,96.5763676108067,97.06847574159286,95.62767146392393,96.60120696080605,37452.42994190006
2020-02-29 08:00:00,97.00901936932044,98.21058553927776,94.88008137029479,96.90387265252706,23403.75477857956
2020-02-29 09:00:00,95.62906215626961,96.83405007077536,95.12635169230289,95.54892434850426,27191.033730830142
2020-02-29 10:00:00,96.85818689249957,97.92721239488579,96.33228664778505,96.82398441277202,19904.853487052547
2020-02-29 11:00:00,98.2831471964797,99.107630622613,97.2513010348126,98.26562926589811,18898.040592486766
2020-02-29 12:00:00,99.21859817087315,101.04734834558,97.49127346581888,99.31107053053199,22576.28517117113
2020-02-29 13:00:00,100.51919941762272,102.23647871738761,99.73259784544835,100.51132143257449,18079.124024718465
2020-02-29 14:00:00,100.08319841348933,100.59257057388929,99.71252623199354,100.11068988605098,27372.134931781813
2020-02-29 15:00:00,98.64333497871267,101.25065859735227,97.62572891854121,98.68363092626669,13603.99026211388
2020-02-29 16:00:00,97.3776327056184,98.0866815207771,96.04277370569297,97.37009610974394,28767.343305938055
2020-02-29 17:00:00,94.89777423564347,95.56383237609553,93.4533037124607,94.9201331480555,22287.78174964517
2020-02-29 18:00:00,95.34241663353046,96.4469525360029,94.69885133821683,95.30099407808923,20652.336494455307
2020-02-29 19:00:00,95.10964824846731,96.93421154575049,94.51187545440933,95.20180143915805,13454.980742989957
2020-02-29 20:00:00,94.57375740721383,95.24622404949494,94.15887430537848,94.57021048421385,16416.847915358634
2020-02-29 21:00:00,90.25410470138723,91.78184318911934,89.83415364463143,90.29379321284421,31558.4115298699
2020-02-29 22:00:00,88.54344165081413,89.47772530673086,87.79741094171133,88.56158064906376,20690.300624788808
2020-02-29 23:00:00,90.1770388755485,91.56787411476074,89.46769157620574,90.16330581303939,23945.11318792662
2020-03-01 00:00:00,89.19898556164928,91.83141292371886,87.86552867956837,89.24884477964987,16918.11797201814
2020-03-01 01:00:00,89.788974756597,91.11850184958854,88.16540310973046,89.78160224429325,21835.30881923323
2020-03-01 02:00:00,87.85128883211569,88.5796075220076,86.8665236275568,87.86061691496784,14593.83393929859
2020-03-01 03:00:00,89.86887029928081,90.90741511192394,88.63538268913004,89.89856320430633,22696.46980747058
2020-03-01 04:00:00,89.69824828560593,90.85400899395809,89.02458683654403,89.71935801627845,24616.99332928417
2020-03-01 05:00:00,90.14773275533118,90.45517544341317,89.53462798764554,90.1546995449882,24250.303655305655
2020-03-01 06:00:00,93.5076726122964,95.00733711194657,92.098278066546,93.54358570260567,16796.47884481046
2020-03-01 07:00:00,95.83093416224166,97.3365217220057,94.63743698982331,95.83059422834857,19878.31473567411
2020-03-01 08:00:00,95.38179707843783,96.40413524302329,94.32656037129371,95.39506541694848,25878.253034214365
2020-03-01 09:00:00,94.50489590045989,95.69776400695382,92.85453891843673,94.5337893277493,20672.68869572528
2020-03-01 10:00:00,94.1508139562697,94.76278739963381,93.38914897961325,94.07603093268233,20207.48552517021
2020-03-01 11:00:00,94.88008712668811,95.78759986737116,93.90691926251496,94.86039221572919,38989.21243377803
2020-03-01 12:00:00,94.71104016432166,97.7643765458614,92.78628597181041,94.7291671698527,16559.30178551882
2020-03-01 13:00:00,94.17391035069583,95.66028253675235,93.64517410599414,94.16704272798493,30458.657169356156
2020-03-01 14:00:00,96.34499657965374,98.4111906366785,95.60094116416916,96.39448647954931,15577.701831655833
2020-03-01 15:00:00,96.22649897500864,97.01864484413562,95.96614240902086,96.24751806656583,26807.42889687648
2020-03-01 16:00:00,99.80827309201099,100.6687665994551,98.0433801509814,99.8242488375409,27240.109155631464
2020-03-01 17:00:00,99.93194609780555,100.34135180066599,98.97710570816879,99.99428222885993,18899.49447778517
2020-03-01 18:00:00,102.8936164313344,103.71869667838908,102.10175310920339,102.87369216078909,15286.98274313204
2020-03-01 19:00:00,103.45628715246109,104.29696080285052,102.58179282839156,103.48244817260786,12196.082088513376
2020-03-01 20:00:00,105.07372927862977,106.54046687909423,103.61102680811601,105.0924077025998,18314.821834551807
2020-03-01 21:00:00,103.8987536272073,105.0536646318114,102.76255141341993,103.92830667317234,25793.185145882373
2020-03-01 22:00:00,102.72002957661496,103.12819353581253,102.01201942574396,102.56827516764143,15941.98625612487
2020-03-01 23:00:00,103.30748365231312,103.92492394315057,102.76984887994267,103.34172154748434,22676.50338632264
2020-03-02 00:00:00,104.88320268925325,106.63260804957925,103.0231804212841,104.99179974749558,14144.357504716494
2020-03-02 01:00:00,105.0029831925245,106.22895668876514,101.8170198263869,105.08704925744485,20533.922268893442
2020-03-02 02:00:00,103.04673808997141,105.68660692444713,100.36363682558638,103.00763110774254,15613.431692909751
2020-03-02 03:00:00,100.91936572876908,101.36558165483832,100.39751464817573,100.85197378285726,21517.156000498602
2020-03-02 04:00:00,98.60386017285863,99.4149087691441,97.81775308901494,98.63748555316575,18952.216305700233
2020-03-02 05:00:00,96.01707340449634,96.74648336479332,94.67092105459345,95.95571214132495,15411.822044561137
2020-03-02 06:00:00,96.18318297440486,97.19564262487113,95.6638930758543,96.14753195030292,18075.956366435086
2020-03-02 07:00:00,97.88366211834605,98.54399557103143,96.40795252634818,97.89293650156152,16643.132391275623
2020-03-02 08:00:00,97.88621217830729,99.71676368365372,97.32780708370777,97.8989608885815,14851.00160239077
2020-03-02 09:00:00,94.50956039659556,95.16440023776329,93.05738006834129,94.50101418667933,30479.931047802653
2020-03-02 10:00:00,94.28459558295496,94.65732906191812,93.16522440151277,94.24324843943403,19770.526373373355
2020-03-02 11:00:00,94.04626019761254,95.89622117905326,91.9977139298627,94.02758187396526,11376.810150606363
2020-03-02 12:00:00,97.17674142537793,97.50820971593879,96.53443281126677,97.20963757023912,18270.001979546232
2020-03-02 13:00:00,95.02193916445027,95.38023599192638,93.46744323785242,95.03021663115906,28981.51564352037
2020-03-02 14:00:00,94.5666877166072,95.93614402813047,93.83887017952087,94.47309966669525,17528.657816229348
2020-03-02 15:00:00,97.08415749508954,98.66340720358066,96.20056334620534,97.07196458667212,34521.001724272886
2020-03-02 16:00:00,97.83148765615758,98.49956078087716,97.46981590300159,97.78898243170914,17034.59207483355
2020-03-02 17:00:00,98.71392170370251,99.40132239376543,96.36257825490115,98.68728181276094,25617.280358317068
2020-03-02 18:00:00,98.90601970714687,101.28453141759047,96.65481021357472,98.89250319136154,30061.229841991855
2020-03-02 19:00:00,99.44022616664198,101.43510164502982,98.8346711866018,99.434821938758,25211.567392527093
2020-03-02 20:00:00,100.73265072748536,102.79838117511989,100.17324697095899,100.68747273042739,14583.584234304713
2020-03-02 21:00:00,99.47489023745553,101.45886345891182,98.19572281525483,99.43915964747228,16601.68419824137
2020-03-02 22:00:00,100.86458499794969,102.5971090816429,99.91499682802213,100.85127800069294,31288.981854140904
2020-03-02 23:00:00,98.68668637872891,99.7149438219242,97.00264104831854,98.72093081987393,17302.67794647592
2020-03-03 00:00:00,99.27898098341255,100.1179038256651,98.64658621490317,99.25984572963333,29516.44823315521
2020-03-03 01:00:00,99.56347042019763,100.88058537328311,98.1529055540188,99.56680630331319,19359.036334003606
2020-03-03 02:00:00,98.61681777927724,99.60313345202853,97.8238979344102,98.6320197308422,22981.186818107682
2020-03-03 03:00:00,98.75578678053829,99.92632265075613,97.94297505162976,98.62369139300526,14532.863568724606
2020-03-03 04:00:00,97.61297452315212,98.76489639782017,97.16767473589375,97.68814805916112,18352.475106709986
2020-03-03 05:00:00,96.12548677362174,96.90375924080011,94.19097885111927,96.07944008421585,16939.578498438907
2020-03-03 06:00:00,95.5307161033755,97.16751987407308,93.69920466435156,95.57193967109562,23568.819154603436
2020-03-03 07:00:00,93.95646015827815,95.12447645872886,93.0131137770756,93.95029723066858,22650.999861099484
2020-03-03 08:00:00,94.57619056411039,95.720472758386,93.29327758193732,94.45488274763902,25305.953642600565
2020-03-03 09:00:00,92.7401653901603,94.74148145783663,90.61277648171126,92.78481200329158,19012.334829712105
2020-03-03 10:00:00,93.8226560383292,94.92742387008194,92.48230124307405,93.85662616090532,16662.75017473026
2020-03-03 11:00:00,92.15075511060756,92.57028403891228,90.43883804731907,92.15156206972566,23267.63750210402
2020-03-03 12:00:00,91.31960059333936,92.37844185968893,90.28047483060439,91.35830074414477,16173.40214629065
2020-03-03 13:00:00,90.5287350849749,92.23063582963951,88.24541679941888,90.48873651387306,30440.424517713287
2020-03-03 14:00:00,92.39750729412019,94.33186247026,91.52203985496736,92.42220848961202,21282.56100137342
2020-03-03 15:00:00,92.95994002478331,93.56188446181922,92.02094829245262,92.92955161347831,19973.455921351546
2020-03-03 16:00:00,92.58389482564016,93.82024133721742,91.71295115809713,92.64546649923082,25302.35331581086
2020-03-03 17:00:00,93.31707532613157,95.02824752579312,91.49417843182485,93.40145567235952,21527.59006264094
2020-03-03 18:00:00,90.36708423736768,91.35776939228967,88.81202363014978,90.37743177452403,13394.29949961016
2020-03-03 19:00:00,90.26985322791771,90.82110352356001,88.47162543811206,90.3407032785108,16019.644513108547
2020-03-03 20:00:00,93.32403367217113,95.09982333463981,92.02578777219773,93.25324192305794,30251.84977449114
2020-03-03 21:00:00,93.40180854119794,94.63784029917662,92.6465168070867,93.4733064364252,22587.801984535832
2020-03-03 22:00:00,93.55030137265665,94.87459010216207,91.76483143170886,93.59886452050365,13300.137590290624
2020-03-03 23:00:00,94.45561756963397,95.1707429183163,93.31060144413293,94.43608724783792,24480.535711206827
2020-03-04 00:00:00,95.77554007738811,96.16148268662867,94.6067984331689,95.80362797425275,18624.29805171626
2020-03-04 01:00:00,92.7916582417821,94.45537774137539,92.2699567390244,92.86215863404504,16943.67715898191
2020-03-04 02:00:00,90.55110218693777,91.46070514317215,89.6140906211281,90.4588357954455,15623.604870182542
2020-03-04 03:00:00,90.73820985849788,91.9480385417006,89.39164909136665,90.78367585775499,29731.98975882693
2020-03-04 04:00:00,89.78302482048393,90.2387836379218,88.25998785018804,89.79183599491566,12214.15114448663
2020-03-04 05:00:00,91.68187729942628,92.9593658106413,90.38220950134085,91.69146788404572,17132.63456274998
2020-03-04 06:00:00,91.29478896668846,91.98303780640141,90.03026800691232,91.26237671598267,22834.73292692466
2020-03-04 07:00:00,88.56852888596684,89.9727853004355,87.49691804140431,88.54805867955777,35366.09672812726
2020-03-04 08:00:00,86.78514182287384,87.718114242661,86.15293114657463,86.82103368324694,26007.947903982753
2020-03-04 09:00:00,83.15077112033363,83.75245670862724,81.85823083128794,83.16431971977606,17089.040239400343
2020-03-04 10:00:00,82.87145111862601,83.64436550495924,82.27953600300901,82.88085488126785,34849.917058610285
2020-03-04 11:00:00,82.68883187798983,83.47501317691554,81.95424844122876,82.65787817650921,14668.578677176072
2020-03-04 12:00:00,82.08160751196883,82.91076880886538,81.23827267646872,82.12958440863024,23851.46332085722
2020-03-04 13:00:00,83.64405954983452,84.1844300983989,81.41455119574238,83.55974314994917,25497.492519059866
2020-03-04 14:00:00,85.14280706217832,86.14570684079213,84.37689136970846,85.17513883739326,16910.082574221473
2020-03-04 15:00:00,84.96969562648525,85.4402748577954,84.13984755010911,84.97006734490107,27153.95306180587
2020-03-04 16:00:00,82.13575562730696,82.8598134268884,81.91299256478922,82.18342157788106,18879.51897427989
2020-03-04 17:00:00,82.95500862780932,84.02565191107261,82.55251092056017,83.00888799580834,27133.997156631976
2020-03-04 18:00:00,83.72430314498524,84.27142460896285,82.4526391620523,83.76092461101048,12684.313508796273
2020-03-04 19:00:00,84.15215275218233,85.19344324505977,83.83698634534863,84.19300838688457,24355.009275068158
2020-03-04 20:00:00,85.5100918820314,87.354544617476,83.30626964473376,85.52780712946337,19464.897578307875
2020-03-04 21:00:00,83.95495873745831,85.38949524197201,82.42050691347521,83.99607334663823,31098.383984073036
2020-03-04 22:00:00,86.74957406292947,87.17163667483801,86.2818912829203,86.7194151133518,21737.752643522403
2020-03-04 23:00:00,85.40882862262254,85.90657782780382,84.52961783599497,85.44227858667888,32040.91183721196
2020-03-05 00:00:00,86.44133757642385,87.60686057654384,85.20605559933487,86.479986152172,25649.61471196088
2020-03-05 01:00:00,84.21862518468647,84.71491575193487,83.17253201108694,84.23517608541898,21199.809235317807
2020-03-05 02:00:00,83.07397070419002,84.08996492446386,81.240716376064,83.03275163217724,27897.735311506985
2020-03-05 03:00:00,85.07182836520528,85.37620167610298,84.25533089417453,85.06268939259844,27951.259477034528
2020-03-05 04:00:00,84.73279292971674,85.21259182804941,84.25736961414705,84.73701662639252,25376.352142982272
2020-03-05 05:00:00,85.82721216647039,87.17368933515164,85.5354833384097,85.88875338088619,11073.493821570579
2020-03-05 06:00:00,86.18411587445888,86.85179214811086,85.33224264850094,86.23338568413085,16403.202231507603
2020-03-05 07:00:00,86.05941072507129,87.4840828072328,84.40601878513024,86.11445551302576,33363.96665571061
2020-03-05 08:00:00,88.06559573523252,88.36298459698816,87.0287648363033,88.00808899583387,15111.574364244398
2020-03-05 09:00:00,87.72788153885385,88.56422515695475,87.04572165182208,87.70461512159787,28702.466677902914
2020-03-05 10:00:00,85.26571566536629,86.60027544091818,84.73408955029151,85.30246484195109,27226.221047742652
2020-03-05 11:00:00,84.22940595356212,86.02369561152342,82.2831051397262,84.25318100669327,17716.90046484401
2020-03-05 12:00:00,84.975830269888,86.03598336219301,84.43870858563501,85.01090960417265,12105.685676794661
2020-03-05 13:00:00,85.52750911460586,86.49553228452905,84.14578218834303,85.56540865310063,18570.437630769564
2020-03-05 14:00:00,83.52159245578399,84.3568908065788,82.57782606620191,83.50237434127484,41085.252374615964
2020-03-05 15:00:00,82.5659017248633,82.98276204994362,82.15045254094991,82.57777377535938,17000.81923781937
2020-03-05 16:00:00,81.9322078555208,83.20503758053188,81.33390589214042,81.84703914660172,17356.507665252022
2020-03-05 17:00:00,81.45040650961512,81.6364824478612,80.94527907220693,81.39951716661501,16329.44627447991
2020-03-05 18:00:00,79.72857730870496,80.73186552260222,78.8020631379642,79.67640996248255,31711.52133745649
2020-03-05 19:00:00,78.93984300228165,79.37717454808173,77.89481700358802,78.91335348714159,20478.386390283915
2020-03-05 20:00:00,78.01782983955593,79.25053943560607,76.88634919435772,78.03432079630365,18255.61770900261
2020-03-05 21:00:00,79.03342901974248,79.91952074388965,78.39132639154249,79.00981334663899,33659.21699045622
2020-03-05 22:00:00,80.03090824679981,81.21881541744155,78.95824972614756,80.04486938053441,26208.7401172382
2020-03-05 23:00:00,79.94817955854678,80.44064167779143,79.61759596087764,79.88306383563176,16717.526305989748
2020-03-06 00:00:00,79.42909632352784,80.1905345609693,78.7430472819916,79.41304379535198,15259.000836036512
2020-03-06 01:00:00,79.62039066039613,80.15654982898606,78.38891146307942,79.60994741322027,31177.469747522722
2020-03-06 02:00:00,78.6191693959887,79.53234168447801,77.78963069943762,78.61417453975697,22137.68079839646
2020-03-06 03:00:00,77.29534126303805,78.35669888720699,76.12438537833181,77.2281424912256,13839.48190751912
2020-03-06 04:00:00,76.05924101017625,76.76070166687235,75.45150369042537,76.11380510691707,12901.06692032848
2020-03-06 05:00:00,75.4465023886045,77.19762577024319,73.91422003063016,75.37721987571399,15759.338441050031
2020-03-06 06:00:00,74.02196339922192,74.92813729221504,73.1239506518864,74.02885377571782,15186.38563508108
2020-03-06 07:00:00,74.18608708168786,74.44028034054674,73.29336434406397,74.23828212387527,11922.431547844597
2020-03-06 08:00:00,75.08858367500443,76.10938983473514,73.96398841396774,75.11683548233445,15837.691308273748
2020-03-06 09:00:00,73.22210322195897,73.8093436775309,71.63987472835309,73.28259093863532,16718.57793867316
2020-03-06 10:00:00,73.35556779078728,73.94599970030013,72.80347610169068,73.33160094297679,19171.7977979146
2020-03-06 11:00:00,73.06003547127902,74.3803081032064,72.14797583409192,73.09798403203152,36602.54357422887
2020-03-06 12:00:00,73.51843507796592,74.12139392059555,72.28512196522091,73.5122355093655,20331.91338187384
2020-03-06 13:00:00,73.55900407267822,74.72093561523843,72.8660498714188,73.51731177916226,20946.514698633626
2020-03-06 14:00:00,71.84892340725013,72.66905609911555,71.0987292984145,71.8730733682559,25662.257434384494
2020-03-06 15:00:00,70.46806914725619,71.10996476539592,70.03240512912816,70.47751678851928,20512.804475075263
2020-03-06 16:00:00,70.48345825678756,71.51944345879912,69.10830142353343,70.52942110302875,24835.91050813625
2020-03-06 17:00:00,71.68706594255241,72.94392662975774,71.23010574599832,71.7009887368998,23961.04014668966
2020-03-06 18:00:00,69.35188766306801,69.99655800730699,67.84073283546672,69.2627456911878,22851.60351747855
2020-03-06 19:00:00,69.68698501475839,70.20596386131682,69.21465371601853,69.65988964557661,50510.66723461696
2020-03-06 20:00:00,70.98722347815146,71.96346076434497,70.09024561228667,70.99662096075495,28950.35522482147
2020-03-06 21:00:00,70.82338759694024,73.06341458456426,69.34806019701513,70.84505513326407,15922.41915120308
2020-03-06 22:00:00,71.47956078078019,71.92600653451484,70.92844675993497,71.48108452145937,24613.90130112153
2020-03-06 23:00:00,70.71787755975252,71.55552930998573,69.47882546519502,70.71327940216436,17369.63694937576
2020-03-07 00:00:00,70.58493965753587,71.7397061523502,69.28150955828885,70.59973276220248,25181.760687936345
2020-03-07 01:00:00,68.85736442006989,69.98982432657805,66.56962124311484,68.8391200157733,14580.550686864479
2020-03-07 02:00:00,66.33039452786883,67.16138933146058,65.47016244132807,66.36203088375954,15798.43503315297
2020-03-07 03:00:00,67.34076294834311,68.02673806993583,66.40795906977539,67.37304769761288,24420.35460740543
2020-03-07 04:00:00,66.36638897428786,66.67788777254226,65.81740113384711,66.35410697980758,29711.835113324905
2020-03-07 05:00:00,65.85926350405528,66.58121723647268,64.99578922502587,65.8977689461839,25611.411801234754
2020-03-07 06:00:00,64.51562434107427,65.11642668047232,64.23719938983334,64.49211640830664,28459.440160784314
2020-03-07 07:00:00,63.09261533608274,63.46034096908932,61.59122007493761,63.09306583989183,24640.471860067086
2020-03-07 08:00:00,62.880218966089565,63.444034482626,61.75481362949491,62.93774120476628,23196.31780392437
2020-03-07 09:00:00,62.23912414956764,62.70019984452028,61.27267600810688,62.23571677128508,18937.360913487963
2020-03-07 10:00:00,62.57159569579022,63.459780131799256,62.11290786132973,62.62436131133064,28110.55879621757
2020-03-07 11:00:00,63.1113489105683,65.3195800708093,61.881468522082024,63.08947698729229,29955.36651155134
2020-03-07 12:00:00,63.41848293775298,64.07679009047705,63.19607263221787,63.426370461346025,21613.32480513655
2020-03-07 13:00:00,63.74146250742788,63.9620587989031,63.15280435723699,63.682521652079124,21267.219751839984
2020-03-07 14:00:00,65.33748952390513,65.74320227466508,64.93264148292793,65.30250981513777,35504.749083518094
2020-03-07 15:00:00,64.19721179077328,65.81308271349221,63.551985946837725,64.231276607655,21891.932436823925
2020-03-07 16:00:00,64.12838313735395,65.45021394107309,63.567793971938336,64.19324205896284,22532.31457359262
2020-03-07 17:00:00,65.34175888547638,66.43685951676567,63.716310573776994,65.3664380252288,25470.285376453463
2020-03-07 18:00:00,66.65870051449328,66.9402754722713,66.33369203451723,66.69942914031402,21389.557683700223
2020-03-07 19:00:00,65.29993177629052,66.94397095024036,63.641052731832254,65.24037585678856,17221.22481942116
2020-03-07 20:00:00,64.93761651780733,66.01083467972639,64.58678035114652,64.93795142422897,24671.14627213675
2020-03-07 21:00:00,66.39090241945755,66.73603757555549,65.3350173931857,66.35993161545046,21771.857991269655
2020-03-07 22:00:00,66.90175637073264,67.55338529390353,66.66607188890328,66.91129226407963,38279.69687625269
2020-03-07 23:00:00,67.12965035464998,67.6662419303199,65.9464857602408,67.13568140427594,27904.257788918563
2020-03-08 00:00:00,66.92308396199869,67.31313736149366,65.92776377633257,66.92417573029266,18423.002783155287
2020-03-08 01:00:00,66.57585076671893,67.510974362337,65.67917462714512,66.5390367365338,27411.50420504865
2020-03-08 02:00:00,66.87040117162394,67.79479308898782,66.0546233368625,66.8599835586035,24157.731443144592
2020-03-08 03:00:00,66.57772931456459,67.12848488227121,66.0237641717266,66.6129453753441,32624.79596253928
2020-03-08 04:00:00,66.64047522420073,67.53260131594143,66.23308362771958,66.58645649067013,18819.78024036734
2020-03-08 05:00:00,66.67735654064789,67.61335575609618,66.08084252591563,66.68712005181486,23309.186786049042
2020-03-08 06:00:00,65.98175340416915,66.16741879241698,65.6511995666075,65.99678483597113,21381.298247835814
2020-03-08 07:00:00,66.47615681720099,67.66437321015184,65.41308646143544,66.57033737849346,22416.30392582551
2020-03-08 08:00:00,69.73791191931986,71.20879370686555,68.71563331780106,69.71579808241937,16889.380241214763
2020-03-08 09:00:00,67.81377624503179,68.4547985498258,66.98166419069027,67.81035139373645,26180.588033229287
2020-03-08 10:00:00,68.17925606960128,69.5431832272091,67.42621277730528,68.17584981132288,24968.973741131354
2020-03-08 11:00:00,67.36933270836589,68.23632451698025,66.94001361846085,67.38290445652898,32388.771564888197
2020-03-08 12:00:00,67.99741880543213,68.4064549964764,67.44104685256305,68.0169810959113,21960.315101480417
2020-03-08 13:00:00,68.07286104201833,68.45592458664595,67.8414132276652,68.08544256548048,19466.45773940027
2020-03-08 14:00:00,68.94202132746165,69.75994582904099,68.31402199691807,68.92605940060396,27911.339345198092
2020-03-08 15:00:00,70.2555382157043,71.99226805157925,68.70797187010835,70.23309460619534,17356.78344325541
2020-03-08 16:00:00,70.45732982268359,70.81830274111176,69.43321086348595,70.46546969737847,30500.408639592864
2020-03-08 17:00:00,71.7866208649598,72.42816660077939,70.42621378653214,71.75257650987778,30480.81045640386
2020-03-08 18:00:00,69.16796843323942,70.21216130554511,68.71222028839726,69.1706997829223,32118.378054174165
2020-03-08 19:00:00,70.92658310247673,71.19197917321989,70.06775586706891,70.94446914025687,24661.21129653315
2020-03-08 20:00:00,71.39130907192366,71.86568898189842,70.92056795508,71.38422720068398,19035.312488816475
2020-03-08 21:00:00,72.57672425468436,74.0904359303814,71.79128407786646,72.62608771331728,22759.918739009605
2020-03-08 22:00:00,71.27189889340555,72.62774447213283,69.826531407796,71.26360672037812,24686.71857597435
2020-03-08 23:00:00,70.30225010867431,72.02381193855173,69.40880770572385,70.35650137739015,18619.366104296565
2020-03-09 00:00:00,70.50138309858173,71.30282345482762,70.22503482695808,70.53762981050653,32857.486144698385
2020-03-09 01:00:00,70.46674976939205,71.10753171667757,70.02465736341304,70.53794694306275,26213.38010104507
2020-03-09 02:00:00,70.86622790915676,72.01301658729574,70.03396738989058,70.87243339143873,16853.828377790138
2020-03-09 03:00:00,72.17100462367237,72.50661645546921,71.82454977178287,72.11296689273036,38749.07265222841
2020-03-09 04:00:00,70.1508935770215,70.65412570292115,69.29550107063196,70.15500033362012,22679.50160588459
2020-03-09 05:00:00,71.28157307204225,73.03036488394002,70.18575325783182,71.25864256178674,15863.387930229212
2020-03-09 06:00:00,71.37122821853195,72.33141561043614,70.63191803968725,71.2873830675855,17170.082575609937
2020-03-09 07:00:00,71.09271843190287,71.87512991237975,70.73693864740652,71.07835861866555,34418.00402087439
2020-03-09 08:00:00,69.44292290243449,69.72857343299577,68.7844373707578,69.46950235240028,38081.9415948437
2020-03-09 09:00:00,70.01917247002416,72.07434014960229,68.94756763467106,70.04115028343286,29817.343983066272
2020-03-09 10:00:00,67.44668621961748,68.27648811333933,66.49590034269139,67.44666402264303,32721.662344507866
2020-03-09 11:00:00,68.13593056889502,68.91247798032886,67.58976039226151,68.15749882691598,31728.945092204445
2020-03-09 12:00:00,66.57415659305495,67.63894336861671,66.28548424428121,66.59273886397592,26031.81820278907
2020-03-09 13:00:00,66.69985317472772,67.06256574522143,66.23398467878066,66.66701120802205,24311.688850855622
2020-03-09 14:00:00,66.59431924086721,68.00934286453325,65.42769147307123,66.56016867330052,25898.98242596368
2020-03-09 15:00:00,67.76012243457441,68.60226831929556,67.1908353860774,67.81596523622963,27468.75986335418
2020-03-09 16:00:00,67.61620932637048,69.19409285672081,66.05111264902719,67.64388140729042,17632.879613469056
2020-03-09 17:00:00,66.91117805738392,68.06901230282652,65.77054575485444,66.9267051997911,27435.35032799753
2020-03-09 18:00:00,66.43288187604439,67.8027098129936,64.86380605719769,66.41298823247845,34118.159363797895
2020-03-09 19:00:00,67.81496237691702,68.11692271013449,66.88299216714381,67.77622570237631,20704.125760632498
2020-03-09 20:00:00,68.46209628087702,68.93022369857378,67.3455749503794,68.3697298719825,20050.826712001606
2020-03-09 21:00:00,67.95848698792052,69.46218377766873,66.86875213458389,67.97431389932855,25411.672451219103
2020-03-09 22:00:00,67.72606731793017,69.1984415257261,67.09655550536252,67.74014808026554,18126.001527348166
2020-03-09 23:00:00,66.12622220592998,67.4157323835329,64.96506883894868,66.10676797519952,14838.113930493068
2020-03-10 00:00:00,66.50789590835136,66.79130980370581,65.52439134262806,66.53059004877797,31079.872806913332
2020-03-10 01:00:00,64.72513972065742,65.79531471058327,63.85824202701711,64.72970193029633,19239.38236307158
2020-03-10 02:00:00,65.50491159816424,66.25691077131539,64.67541865764278,65.51850793697648,22148.710866377936
2020-03-10 03:00:00,65.58318893997495,66.6355143389551,64.61068058473317,65.66926998958333,18342.2512243668
2020-03-10 04:00:00,68.20763259240013,68.54062367085733,67.52636387733408,68.2034301278991,32306.587780717393
2020-03-10 05:00:00,67.04412502534444,68.00300413284323,65.76545730341415,67.0502386982697,28451.405690355037
2020-03-10 06:00:00,67.00274742065982,67.29904771350861,66.64067231181636,66.96018648656347,20491.76009325693
2020-03-10 07:00:00,68.90261584933326,69.727068805899,68.5939814028711,68.90242669813186,15460.300984853953
2020-03-10 08:00:00,70.18251935967153,70.70557463959014,69.64176092557038,70.22657767029276,19849.241197183663
2020-03-10 09:00:00,69.4707839350776,69.67176470669085,68.96327436632333,69.47975025769581,26135.39513381528
2020-03-10 10:00:00,69.67135317275786,70.08249789413374,69.12787833644384,69.74427369982823,23308.903970783384
2020-03-10 11:00:00,69.72326027185441,70.61851039442335,68.88958358706941,69.76550041622222,22759.30640173842
2020-03-10 12:00:00,70.11736856184199,70.70224838680478,69.78700993022386,70.0950956360345,23470.735537758617
2020-03-10 13:00:00,69.33839451443322,70.59816667876696,68.78457551734844,69.34697066955064,27657.13081744214
2020-03-10 14:00:00,69.30033672660726,70.11432543584772,68.22877433457748,69.26838639801281,21751.592207510414
2020-03-10 15:00:00,67.4988489733165,68.33436150409396,67.27094903114866,67.5652958016868,25210.202057847597
2020-03-10 16:00:00,67.71949156044232,68.44346408343989,66.57765349620941,67.72770223710329,16381.767174132845
2020-03-10 17:00:00,68.2117938127369,68.71302785418658,67.87671914380101,68.22801544978019,47389.465355242246
2020-03-10 18:00:00,68.03514246946652,68.40110876134774,67.18939549748244,68.00264235481211,20228.387208188164
2020-03-10 19:00:00,66.33522439252565,68.06282710960559,64.65936028050002,66.3129179613992,23413.730490620146
2020-03-10 20:00:00,67.39336188869937,68.12975370584009,67.15382237136564,67.3717270704163,26106.50138326161
2020-03-10 21:00:00,67.83032766517526,69.1210576346777,67.36938620682355,67.7780907504528,19472.5847734355
2020-03-10 22:00:00,67.01349998065545,67.41968111963355,66.755572414612,67.0258356537021,22078.23229923834
2020-03-10 23:00:00,66.79306416857219,67.5268433234286,65.54385019391742,66.74850684243705,21997.906800830206
2020-03-11 00:00:00,65.17325490959003,65.58138615335984,64.46927075855088,65.20729984137834,16743.88795123734
2020-03-11 01:00:00,64.14556567225715,64.5002864916164,63.42610942084488,64.18025117499187,25123.949352268428
2020-03-11 02:00:00,63.680279879812375,64.58712906034714,63.21854551344519,63.656321340990566,13429.827546545697
2020-03-11 03:00:00,64.86865981360714,65.58186189479173,63.98318531800514,64.91750181841809,37265.100817209845
2020-03-11 04:00:00,64.302929398422,64.95397197342938,63.974131488945076,64.28451941684129,27942.141199192745
2020-03-11 05:00:00,64.9569496175584,65.30186464441633,63.96699393268313,64.9536592862253,26681.79315012464
2020-03-11 06:00:00,64.45742952369118,65.24005416445556,63.758093331188846,64.42290359119013,13082.19423969271
2020-03-11 07:00:00,64.69067845534828,66.03352635605003,64.10567324027058,64.69260124770898,17365.511108682666
2020-03-11 08:00:00,64.56812783733201,66.05370679800167,62.99589644870506,64.56631840027575,33416.4487820491
2020-03-11 09:00:00,65.49472823519568,67.08354055752673,64.79764560537139,65.47805539448707,76524.97362170448
2020-03-11 10:00:00,64.92508100671837,65.52925018359933,64.20415678222435,64.94659942416153,31520.951777957296
2020-03-11 11:00:00,63.352859554698526,64.26904552934982,62.275466353168426,63.37523755094711,30063.97899795952
2020-03-11 12:00:00,62.042495573630006,62.60147823982115,61.548625927611404,62.027781670773614,25783.55767770075
2020-03-11 13:00:00,61.526271742375584,62.17269913796813,60.862275729429705,61.52717274042137,17081.492412168165
2020-03-11 14:00:00,60.33287854286221,61.724661691249885,59.31799407596804,60.345168256298635,29689.603854978952
2020-03-11 15:00:00,60.750331492517105,61.25367397679126,60.40934610754475,60.75284617735454,15829.614480809005
2020-03-11 16:00:00,60.37339647567051,61.0921087169957,59.63525240852246,60.32530033506428,15318.621371778483
2020-03-11 17:00:00,62.62718267486312,63.46262372975624,61.98554897077731,62.641058245773394,15032.070068451381
2020-03-11 18:00:00,60.95228182490672,61.21510313261707,60.689398296555545,60.96667055703643,29516.856737126516
2020-03-11 19:00:00,61.12695814586587,61.40513354094228,60.76820690941619,61.17918817162246,21650.32583692453
2020-03-11 20:00:00,60.11714764960255,61.00508917647541,59.35069112980014,60.11842074548051,22703.11525533423
2020-03-11 21:00:00,59.68896489750876,60.25516234851279,59.01005629599598,59.66936698585918,21924.912336228976
2020-03-11 22:00:00,59.843735073894294,60.35866035306418,59.47259072587401,59.818724921363454,15713.649957338303
2020-03-11 23:00:00,57.6865766223369,58.45723072911023,56.930584374624466,57.68345543973618,18011.770290345736
2020-03-12 00:00:00,57.94247332359629,58.81762257400484,57.2899243721809,57.914794870938415,18285.654752600185
2020-03-12 01:00:00,59.71475952058182,60.22007112340334,59.26778369214572,59.69293487620235,14449.550211617183
2020-03-12 02:00:00,59.31734893960047,59.831009251595916,58.917867510859736,59.28435866930139,18934.42497311771
2020-03-12 03:00:00,59.572969658119675,60.43617484450297,58.44356072193699,59.54366516425066,15924.404139702
2020-03-12 04:00:00,60.57658363932865,61.387706133238225,60.01558700286342,60.52906898006397,26194.446160196665
2020-03-12 05:00:00,60.38433222267818,61.05233286056056,59.79247537069192,60.38945606169134,26857.25636730497
2020-03-12 06:00:00,59.81606835277014,60.62211703073039,59.37824626606713,59.85578440280694,14941.655511264467
2020-03-12 07:00:00,57.783497113394695,58.77469783138875,56.79616494105281,57.76432747996228,20151.025728624325
2020-03-12 08:00:00,58.389091699319415,59.148005320048306,57.52261843899105,58.366312693558434,38438.62007915528
2020-03-12 09:00:00,58.32402833280277,59.2233941230753,57.76263624784212,58.278280017222166,16412.05050200805
2020-03-12 10:00:00,57.408619319349405,57.579678335391066,56.577262368976676,57.371864311120746,25034.029175906104
2020-03-12 11:00:00,57.55798106156019,58.15608592406616,57.319420790516034,57.50204673751835,22734.902556674602
2020-03-12 12:00:00,57.009113295686106,57.7947725264485,56.58867096368693,56.99145010708938,30572.808058889765
2020-03-12 13:00:00,56.541028645481134,56.84193677705756,55.74050950542086,56.53456079232119,24068.03889553148
2020-03-12 14:00:00,57.05298633257075,57.98342819387316,56.18013844539111,57.0925224225253,19353.167044641024
2020-03-12 15:00:00,55.92561277181809,56.77852384771246,55.47071538793404,55.91699885503425,22472.086914173855
2020-03-12 16:00:00,56.84672557900964,57.51599919250065,56.18314942306744,56.86243392182048,22570.769951996106
2020-03-12 17:00:00,55.64554327532668,56.68835058220467,55.0686087118336,55.63965910280457,21428.807600417327
2020-03-12 18:00:00,55.078516926569115,55.664876906504766,54.21796167206952,55.077015714759604,14827.911019398836
2020-03-12 19:00:00,56.799339886793526,57.28017083240765,55.79146672501221,56.78594596774971,31981.937915321945
2020-03-12 20:00:00,57.81609427421508,58.31268855144768,56.813806259646825,57.818908051887796,30331.136658571795
2020-03-12 21:00:00,57.95073121941216,58.772937689051915,57.01563185577786,57.923651327656,16102.716958785153
2020-03-12 22:00:00,57.00985461356778,57.93496752721937,56.282946221458744,57.08758376353642,20126.292228654747
2020-03-12 23:00:00,56.634548707121716,57.728083309885356,55.79856435256503,56.629169117972246,20588.219024978447
2020-03-13 00:00:00,56.74412162584786,57.58805085907631,56.196770785397284,56.71002501312098,15569.114014702543
2020-03-13 01:00:00,56.81210068762103,57.13876601905493,56.30846978782725,56.75902961828149,12581.227734770446
2020-03-13 02:00:00,56.71407433133768,57.10383007283557,55.86869520482553,56.6933256700702,18012.517366193246
2020-03-13 03:00:00,56.72901615590101,57.09989493192366,56.21298582649373,56.68126550492713,19792.91447668839
2020-03-13 04:00:00,56.510413619035646,58.32670088719688,54.483269683951995,56.50564070069677,14294.498186183573
2020-03-13 05:00:00,55.25206342665264,55.612403378551036,54.96505999157121,55.251984345152486,23227.52621713039
2020-03-13 06:00:00,54.83383695871674,55.45555566125581,53.95419687676871,54.819325854387486,31221.333026471326
2020-03-13 07:00:00,55.629742129433865,56.37264697552642,55.31916022890068,55.62983097814253,28357.160262635218
2020-03-13 08:00:00,54.43742671033314,55.093515685305846,53.619766946283576,54.45872980731489,21205.04287960036
2020-03-13 09:00:00,54.29722436717817,55.004805034328186,53.12736931424574,54.311216029281184,12681.207993042368
2020-03-13 10:00:00,53.59937661835474,54.00348350609821,53.41079333281585,53.6291985528653,27301.876148437965
2020-03-13 11:00:00,53.752181080345814,54.354989836151034,53.09378589124625,53.737984120379096,23015.37271869958
2020-03-13 12:00:00,53.42496824426147,53.81337150949396,53.00962675019086,53.42466394238421,25016.861406461856
2020-03-13 13:00:00,54.68732326249812,54.91835294061568,54.32202131290826,54.697176579171796,39372.81332925614
2020-03-13 14:00:00,55.13470991553999,55.69438616192394,54.90312286309187,55.150336315427026,17198.13989202397
2020-03-13 15:00:00,54.05106239202934,54.7672566038782,53.11028783226656,54.037416421981256,9298.005744425718
2020-03-13 16:00:00,54.647885179149775,55.96760012289799,52.788693917233935,54.62656857612067,16058.018947045202
2020-03-13 17:00:00,53.948406193260276,54.29665381804939,53.56994670968099,53.978918154505216,25484.189531430042
2020-03-13 18:00:00,53.47078846765264,53.80337207422077,52.96971801446735,53.50523740463196,22205.111087412122
2020-03-13 19:00:00,53.810665345079215,54.38668333954634,53.24937787149728,53.78499618791702,15295.426805823685
2020-03-13 20:00:00,53.347934844788654,53.712158866329915,53.183460494559846,53.38464034146781,14387.064525984102
2020-03-13 21:00:00,54.17018968761419,55.11317957145334,53.15951323021993,54.155365012951464,19803.56587678803
2020-03-13 22:00:00,53.556683831483525,54.02660996345957,53.25615386639118,53.51342066042221,15156.300499429413
2020-03-13 23:00:00,53.051709625645046,53.74084295623903,52.67035765286402,53.00879278456374,25750.003074150423
2020-03-14 00:00:00,52.49734606356416,53.346426570351525,51.92602679641876,52.47798503018147,19468.86756127761
2020-03-14 01:00:00,52.045218921616495,52.476021509608756,51.51353557319729,52.026780383122926,18248.983059674145
2020-03-14 02:00:00,53.00930006216167,53.2033949166695,52.612708494386105,52.94968117140396,17544.873520406843
2020-03-14 03:00:00,53.428782530689666,54.19034918215216,52.847560373097785,53.49121736359791,23835.630452078523
2020-03-14 04:00:00,54.95348981364896,55.91079857126266,54.36152234302629,54.96625120935742,22309.832222769823
2020-03-14 05:00:00,57.00439643930494,57.615052963433655,56.358982461010264,56.98022281199767,23402.243690504238
2020-03-14 06:00:00,56.06861068806267,56.331408240292845,55.30865419246298,56.078067889924746,23249.49831984774
2020-03-14 07:00:00,56.190421192748744,56.39692447922543,55.8025217436708,56.15561093857464,21554.5312235034
2020-03-14 08:00:00,55.13894819430456,55.347471939036446,54.77849518742814,55.140033186400316,16156.226965594124
2020-03-14 09:00:00,54.48734933302547,55.55730024098416,53.4390080498318,54.483760382566224,17692.320634887026
2020-03-14 10:00:00,53.95310732870801,54.68044020281014,53.57356887196873,53.9605181223069,19566.95647678326
2020-03-14 11:00:00,53.070198476916175,53.793189818139815,52.62702634443748,53.08406698028382,40927.544353073936
2020-03-14 12:00:00,52.21189716511957,52.82988873043556,51.40699388275886,52.22618389789342,14696.27154020663
2020-03-14 13:00:00,52.12893153489213,52.66690702255459,51.04665216080684,52.12186468837624,19424.822723773414
2020-03-14 14:00:00,51.12678225142226,51.988880138518326,50.29318893244848,51.14659042995643,22685.474709804213
2020-03-14 15:00:00,51.86827809646228,52.08730844859776,51.592662583135976,51.843569324733295,20110.556878779076
2020-03-14 16:00:00,51.13028687697391,51.999953358138626,50.7403983128047,51.113592515108685,30399.78644187519
2020-03-14 17:00:00,53.46992718255063,54.40602529977877,52.705036284662874,53.440550472648574,20079.418633049154
2020-03-14 18:00:00,53.04652660487559,53.70566105784634,52.39733839747456,53.07648627391817,20529.898792314416
2020-03-14 19:00:00,53.106052228029085,53.45414635673083,52.77960422179197,53.151216851265026,28124.280419216593
2020-03-14 20:00:00,52.092032895549664,53.02404540326664,51.86070097779143,52.09214191803786,37919.22425978344
2020-03-14 21:00:00,53.60292827350222,54.417405798554505,53.12413057568264,53.52534861679654,33598.930402460355
2020-03-14 22:00:00,54.52675767354681,54.91120233750605,53.56336934890973,54.49225838559379,21141.724573091986
2020-03-14 23:00:00,54.74741674936178,55.03231320619815,54.19049261026902,54.76259820957255,21701.696940199403
2020-03-15 00:00:00,53.639318380404696,54.1590430250911,53.458248371159634,53.627935525717106,22337.357352456245
2020-03-15 01:00:00,53.84041286742141,54.30915493260265,53.55528632321496,53.82083320062917,23019.565852945972
2020-03-15 02:00:00,52.85689337643451,53.17335103605587,52.50517955349686,52.89308251249762,17082.256388900194
2020-03-15 03:00:00,54.17718569315603,54.32256670951673,53.98985223467684,54.14010984565753,29172.39427836222
2020-03-15 04:00:00,54.84483597613301,55.22323663704171,54.13714535823622,54.84942753488885,23434.925663361184
2020-03-15 05:00:00,54.94442662091138,55.28305229570198,54.774321557379395,54.94691793737496,21732.04423952953
2020-03-15 06:00:00,52.893633946868256,53.39342013356956,52.36875691893806,52.893004925813955,15042.824619716544
2020-03-15 07:00:00,52.124165792951516,52.58259060426619,50.91816571581504,52.09435375350042,22441.91876734169
2020-03-15 08:00:00,52.656144922350364,53.96038912631022,51.04737910235368,52.676034923219774,12481.917912893336
2020-03-15 09:00:00,53.66068967428324,53.99670113052733,53.05165361502425,53.70652738994112,18499.614939899784
2020-03-15 10:00:00,54.676642743669795,55.07531043218613,54.28803458135162,54.66781511354869,18602.86142748072
2020-03-15 11:00:00,53.27428542599704,53.703531762791094,53.1076378446488,53.32877832051727,24006.94777177177
2020-03-15 12:00:00,53.58919024498317,54.98450894417093,52.820806005182014,53.59725940873186,38713.93948147458
2020-03-15 13:00:00,54.50851218356934,55.30914026699056,53.81627086605307,54.47618399247419,26149.157204483257
2020-03-15 14:00:00,53.101735289219796,53.58692756757193,52.87750888820579,53.08636429425867,34013.76660483914
2020-03-15 15:00:00,53.12191089154465,53.455789680236975,52.33938081744791,53.09423934032892,26730.583864370048
2020-03-15 16:00:00,53.354802520171674,53.69485303771001,52.955496859840984,53.33825828949796,30869.256949832008
2020-03-15 17:00:00,53.164693887916236,53.49499292250776,52.64717542824401,53.10069866523058,38450.93169128235
2020-03-15 18:00:00,51.573085243659705,52.11857361710022,51.12425012306448,51.58825837260799,17684.590573463815
2020-03-15 19:00:00,51.34854988020424,51.57760644919018,50.6887176406968,51.33833017246105,17341.68933513282
2020-03-15 20:00:00,51.07712816260342,51.641811372292096,50.73092293258454,51.08831958192777,26920.497658071537
2020-03-15 21:00:00,51.007622073968115,51.43962458731109,50.35143604329389,50.983231663568084,22002.17219892962
2020-03-15 22:00:00,50.54504790879952,51.27800628201408,50.210179543878915,50.54660410924092,23531.757006474978
2020-03-15 23:00:00,50.252025246679445,51.004183563634214,49.919198359157214,50.2088746131637,20443.084384437625
2020-03-16 00:00:00,50.17785807945305,50.376660979450236,49.76785236334805,50.191179218827955,18418.71202806533
2020-03-16 01:00:00,50.59149286145946,51.163730703180185,50.019877133390494,50.555923570915084,35818.843928793984
2020-03-16 02:00:00,50.34277903038577,50.58088143991135,49.752176295046326,50.32785331074276,15836.00883059954
2020-03-16 03:00:00,50.01704714250985,50.892853014442906,49.7579202735958,50.01785895909748,27062.86245123706
2020-03-16 04:00:00,50.11791665794687,50.87254712723427,48.91289477981893,50.1043273037271,25777.788408713568
2020-03-16 05:00:00,48.63090511376348,48.725404765298606,48.44463072722851,48.62455318171053,13715.694097467396
2020-03-16 06:00:00,49.013314657260885,49.610640594789864,48.663888488087004,49.00459295015367,17167.37228298054
2020-03-16 07:00:00,49.012459241411285,49.226441614790126,48.35938785671327,49.017529395864564,18055.26898545654
2020-03-16 08:00:00,49.04435304393169,49.33259469257517,48.22749684976772,49.061563558509356,26091.770419563043
2020-03-16 09:00:00,49.814759703022006,50.686456354436764,49.07110216737395,49.82310684512731,19729.879039769137
2020-03-16 10:00:00,48.286682890126414,48.87587101225475,47.40293712150335,48.32735386160125,21468.092843290542
2020-03-16 11:00:00,46.88071863197947,47.569939788106716,46.5867889338363,46.86099136520908,14224.282137984466
2020-03-16 12:00:00,47.04726048365329,47.597799670258766,46.56465610336742,47.07633397949007,44257.20734449408
2020-03-16 13:00:00,47.078777684917206,47.643756732088356,46.392434907695076,47.08390152117475,22501.982279475662
2020-03-16 14:00:00,47.2384401658544,47.75270747143534,46.48184490793654,47.223138805381396,25583.432914292047
2020-03-16 15:00:00,46.9131777663839,47.1051486195822,46.55579962495888,46.89349664281624,18728.699396354543
2020-03-16 16:00:00,47.35757027869478,48.22511571356116,46.55806732136614,47.39962920057787,18109.859666193293
2020-03-16 17:00:00,48.11187265827792,48.37835501202902,47.82285345502434,48.11408225120091,39097.171237373776
2020-03-16 18:00:00,48.50658552016197,49.37943691552368,47.74543365962314,48.495437759933175,12394.19526127374
2020-03-16 19:00:00,48.311077866387386,48.64785833600778,47.58313825849383,48.309821421912616,23946.89909943982
2020-03-16 20:00:00,46.776761170754874,47.21486614845021,45.694713322194865,46.745346545914806,15314.399868991208
2020-03-16 21:00:00,47.30854207784969,48.17558094624784,46.09322896130322,47.32798931193751,19506.434289323726
2020-03-16 22:00:00,48.21113690042836,48.987577067004025,47.47328909619266,48.260580858000814,18188.988449223885
2020-03-16 23:00:00,48.78602190252155,49.45527064239412,48.56438896020051,48.76626361644704,16386.394977368913
2020-03-17 00:00:00,48.09556295913477,48.82300311234438,47.35502612280961,48.10848215813629,22261.912084390566
2020-03-17 01:00:00,48.59219544569981,48.99326289664121,48.18738290263438,48.63495872038567,10194.373768926189
2020-03-17 02:00:00,49.308092455451636,49.98022828441858,48.47024647188521,49.31200073701186,20037.352895365642
2020-03-17 03:00:00,50.582437432262736,50.75720897228544,50.03987098333802,50.551334258479855,21437.843077491594
2020-03-17 04:00:00,49.84074873441135,50.65398453936816,49.03812145945727,49.87224935919095,14650.313830284565
2020-03-17 05:00:00,49.76632409848437,49.99530737562669,49.27905007736862,49.70826494558905,34681.63643314655
2020-03-17 06:00:00,50.28935545193159,50.757942285883104,49.70627874749317,50.31043254465276,18428.66271053007
2020-03-17 07:00:00,50.371871173434585,50.95835068496871,49.746652962992314,50.36967981900304,20511.78190814302
2020-03-17 08:00:00,49.4744419892599,50.24002766312482,49.20548725426878,49.50461833178063,18441.046568202717
2020-03-17 09:00:00,49.84355399431236,50.460310703848585,49.442890351420644,49.84251701205598,21494.02275076031
2020-03-17 10:00:00,50.309170697092995,51.58939216057713,50.0240254534098,50.3125352930943,32612.24883928239
2020-03-17 11:00:00,50.358495564504054,50.63383450457867,49.63837772197597,50.39602785259813,46254.0700975149
2020-03-17 12:00:00,50.6558757460292,51.67971551666662,50.103021166112434,50.58440435900621,27548.180286977567
2020-03-17 13:00:00,50.37999631327804,50.745114673104865,49.820568591911524,50.39247694671335,30527.955912822767
2020-03-17 14:00:00,51.58073022949578,51.977843955936855,51.373627713441614,51.593485752948645,36861.696086284675
2020-03-17 15:00:00,50.90535217795533,51.23450349237039,50.58265234638118,50.88069956623218,23733.938880397087
2020-03-17 16:00:00,50.47174977598868,50.678558352905156,50.00005938589055,50.42600696130002,35280.132369497085
2020-03-17 17:00:00,50.47690657013617,51.026371759605844,50.048441893922735,50.448493048883414,27937.36557516434
2020-03-17 18:00:00,51.134895362840616,51.566942459852434,50.78486329570903,51.16562492866389,22998.77442894411
2020-03-17 19:00:00,49.99216403352062,50.80829008578369,49.375794577255924,49.98681771818767,24467.53242032672
2020-03-17 20:00:00,48.93318417630412,49.646170256892134,48.636953362171724,48.979258290681976,12753.677125282467
2020-03-17 21:00:00,47.46674065901338,47.82017601416163,47.14409794170852,47.44534980251236,24043.88011630876
2020-03-17 22:00:00,47.44391651807948,48.120407018694834,47.20021243045637,47.482738123161454,13861.572798985859
2020-03-17 23:00:00,46.64779745815211,47.97980158980186,45.71353307500067,46.66653877100668,13526.679243834442
2020-03-18 00:00:00,46.39735786455006,46.74807920003202,45.57056852176977,46.39743213533307,23338.592660667346
2020-03-18 01:00:00,46.90644749473744,47.470397728797884,46.48457447234035,46.89601297800416,15768.608224604257
2020-03-18 02:00:00,46.43120032998398,46.67065335876124,45.748891424584784,46.43725887431192,21979.50867888857
2020-03-18 03:00:00,46.65483427179273,46.900568532493175,46.34554484675682,46.61942486812481,22960.49376863795
2020-03-18 04:00:00,46.42961639003293,46.55195161030909,45.87698059682099,46.41283259120713,23269.87489962493
2020-03-18 05:00:00,46.934636400637785,47.487643672348376,46.508393624496435,46.91951131544096,16793.775283405444
2020-03-18 06:00:00,47.2557386840452,47.7251644680258,46.90241724636447,47.28480467480389,28842.483904242996
2020-03-18 07:00:00,46.82485720750972,47.137742975243235,46.33384327154847,46.78510465504269,21444.62754881604
2020-03-18 08:00:00,46.65499821615864,46.962979970472674,46.235157921176416,46.673739242728125,25142.6957032614
2020-03-18 09:00:00,47.50145312331966,47.952525318923946,46.857557466886675,47.460221049343566,15383.766604141927
2020-03-18 10:00:00,47.816483165692645,48.206594346608824,47.0642545221427,47.76818487202939,20879.0539687735
2020-03-18 11:00:00,46.753487777818336,46.9693991324344,46.50362221478512,46.74150660847066,30613.25441519302
2020-03-18 12:00:00,47.26387526752135,47.5665490983509,46.716548171093955,47.23949937647918,29467.79613341675
2020-03-18 13:00:00,46.38052031877924,47.20351786888838,45.66969919797357,46.45212440496125,17340.70999716175
2020-03-18 14:00:00,47.50535782237446,47.89850579023079,47.212281290634884,47.50999010378954,18701.004964720203
2020-03-18 15:00:00,48.322234490599556,48.672419977416986,47.70907519439164,48.29561960435628,16373.082935044162
2020-03-18 16:00:00,48.55227720888776,48.920007697881466,48.3790554489352,48.52984403932074,18089.304382909697
2020-03-18 17:00:00,48.63375825137251,48.950562474088784,48.05149944450661,48.663436215804786,14476.46835111568
2020-03-18 18:00:00,48.509611266869186,48.72979593512529,48.20096648486242,48.51673648427313,21132.07353934534
2020-03-18 19:00:00,48.98912811414578,49.53160506463977,48.44810147446164,49.051334170132385,26633.937287464687
2020-03-18 20:00:00,48.789126533812166,49.36632370856407,48.039736389310036,48.779053833820285,17404.501190536892
2020-03-18 21:00:00,48.92759647377455,49.44982439465217,48.15797824271035,48.97371326632855,21435.808890056844
2020-03-18 22:00:00,49.69246254068775,50.355250517336806,49.36389382754425,49.66439029428613,20616.571594324716
2020-03-18 23:00:00,49.26946741151087,49.50053234889474,48.67606082069647,49.24034851933877,30228.353468313504
2020-03-19 00:00:00,48.766561443711744,49.40918548686986,48.30904140864836,48.77813080697355,18334.18169885145
2020-03-19 01:00:00,47.89475533051524,48.1439372266586,47.34651320085897,47.88227539168671,18535.353134406523
2020-03-19 02:00:00,47.09400895600624,47.50864053331136,46.94051488614526,47.09912153560112,17089.058117487355
2020-03-19 03:00:00,45.78028750026879,46.568615225294394,45.55318806660135,45.77475085201339,15658.154960298352
2020-03-19 04:00:00,46.289974024245744,46.624481858539156,45.886778500515305,46.31654256920302,25816.14879616722
2020-03-19 05:00:00,47.682808773047505,47.896134666944604,47.36046265727539,47.66797229248907,21151.51389982831
2020-03-19 06:00:00,48.723352903918546,49.14312799835216,48.38868253851322,48.76336776339319,22391.64009071656
2020-03-19 07:00:00,47.49993679043806,48.49170279111516,47.34234264272406,47.543437375475165,32286.108743988134
2020-03-19 08:00:00,48.099462564489535,48.84440537196194,47.475468750353194,48.102395086519806,32847.27993110588
2020-03-19 09:00:00,49.20007903465498,49.72315805367541,47.941384899455144,49.20527617661185,13441.869547631308
2020-03-19 10:00:00,48.87254247420547,49.65941615837579,48.00672590122162,48.8658893410892,26751.62242612009
2020-03-19 11:00:00,48.94147768749133,49.575706486056305,47.70154327937399,48.957376778951456,23569.15342283342
2020-03-19 12:00:00,47.49117639676993,47.67381327306482,46.80740013163753,47.44644171691155,19178.069665028353
2020-03-19 13:00:00,47.66299680931061,48.30964132449803,47.166286363429265,47.65916965909214,24301.785551345223
2020-03-19 14:00:00,46.885797740138436,47.264614365581174,46.54853091891528,46.880338951782164,13122.518847956195
2020-03-19 15:00:00,47.04543142978987,47.52130264058815,46.342957066944024,47.04079241084812,34159.3870019231
2020-03-19 16:00:00,45.93386573703688,46.580808679227225,45.17897665329546,45.91084351800892,25706.09054829761
2020-03-19 17:00:00,46.331002133732376,46.637837806407234,45.6501549395829,46.317662243707076,16991.027278468257
2020-03-19 18:00:00,47.094288120796335,47.52325446794604,46.59601502714817,47.08388216144478,18478.754273005277
2020-03-19 19:00:00,46.53652816523223,46.7942602518323,46.31780076076652,46.51940939229199,13214.315881088323
2020-03-19 20:00:00,45.664668368334624,45.80353054097538,45.30972518087945,45.70636662110618,20046.559561115202
2020-03-19 21:00:00,44.153068418384194,44.488762375322736,43.627904162381746,44.19255109643422,19056.82162158725
2020-03-19 22:00:00,44.017858044439116,44.95387508916484,43.30623511863655,44.01953207962848,14801.249529582326
2020-03-19 23:00:00,43.62577644007021,43.92028501894158,43.191870931144166,43.6300887045882,27806.09916703492
2020-03-20 00:00:00,42.60124340786811,42.737189615402336,42.25310238770165,42.58889667709784,32306.99847870708
2020-03-20 01:00:00,42.905961483257684,43.91450894435533,41.620810365349485,42.90553206533845,21846.409301384127
2020-03-20 02:00:00,42.62658460429668,43.2401298402803,42.436761112200685,42.61418675380552,20096.60019365019
2020-03-20 03:00:00,41.88366093618078,42.69272991416797,41.15653355840472,41.90976223697619,25096.79381833389
2020-03-20 04:00:00,41.5564415029283,42.16352726581114,41.33110814890677,41.55666475718352,21897.074255737734
2020-03-20 05:00:00,42.2469193592953,42.74851206943813,41.83011029611741,42.27526612453793,15920.235231395607
2020-03-20 06:00:00,42.69849961989838,43.019346280243276,42.537580849860056,42.690242090461915,18109.584437248584
2020-03-20 07:00:00,42.57451723524607,43.23554262461655,42.18974916159278,42.6145383602407,20152.20917769988
2020-03-20 08:00:00,43.05129949133441,43.47511701316347,42.85662497233876,43.04380319566808,23729.065742501713
2020-03-20 09:00:00,42.24447935994517,43.65477791734354,40.7243641052354,42.275530724175624,22088.248750999857
2020-03-20 10:00:00,42.30051517856111,42.5796662219119,41.997694358118096,42.308628446012186,23461.37694976958
2020-03-20 11:00:00,42.4374546749138,42.58589301211467,41.89753629416442,42.4184739414342,13940.472862582174
2020-03-20 12:00:00,42.12204530099631,42.48722981987396,41.87876379751212,42.117256990289185,26891.494425378634
2020-03-20 13:00:00,42.383750009401496,42.57988713084481,42.30917070715743,42.41865335468637,22049.04931991747
2020-03-20 14:00:00,41.897832508119635,42.19845908644331,40.96682227552353,41.911923167698255,47373.23644445797
2020-03-20 15:00:00,42.22958816366902,43.22018596656519,41.04153477683806,42.26131327777587,19608.32870615199
2020-03-20 16:00:00,42.6057033414647,43.13228310348656,42.21091479460284,42.641837149438594,24271.00115358981
2020-03-20 17:00:00,40.74065798451342,41.18177374252322,40.310335805203025,40.73826128790677,51470.58449744946
2020-03-20 18:00:00,41.53208295696614,41.84163953267911,41.1814594536044,41.52045103699619,23347.086703109784
2020-03-20 19:00:00,39.594233800589926,40.18239128620587,39.133825860056966,39.58551299488987,21584.070358982954
2020-03-20 20:00:00,39.22582940205796,39.74183336555669,38.5786207125174,39.21401369397243,16381.753968768337
2020-03-20 21:00:00,39.86300699487883,40.32120739646077,39.3973675221006,39.86324439745875,34838.553445228856
2020-03-20 22:00:00,39.66995194084467,39.836989302669934,39.099541689402095,39.67537537062045,15557.055181708838
2020-03-20 23:00:00,38.75952792357087,39.340821080939286,38.38917802850527,38.78033491751747,25037.65761357066
2020-03-21 00:00:00,38.120084667558494,38.356520395832995,37.9731994945266,38.12847445081883,19109.357272199923
2020-03-21 01:00:00,38.735075538699355,38.920127101102274,38.507085102088375,38.76068372212454,20810.212301350708
2020-03-21 02:00:00,37.599686784829146,37.7765425142702,37.21401801799436,37.61558248162728,14368.884074073778
2020-03-21 03:00:00,38.302516950814315,39.036323509351845,37.64302991118757,38.30081396505374,32956.31470113754
2020-03-21 04:00:00,38.275778634607924,38.83754950669941,37.95093015361032,38.27803332728045,20265.208105638652
2020-03-21 05:00:00,37.633768152793145,38.4377846892864,36.946877634159364,37.57618775470862,15297.934562184328
2020-03-21 06:00:00,37.217796199049566,38.092890597624915,36.93486928175273,37.24285683543338,32074.197802355848
2020-03-21 07:00:00,36.65869528566434,37.061884037970295,36.48088345408745,36.66098840704142,18934.84124494693
2020-03-21 08:00:00,37.14821293843582,37.31032380898136,36.750507248316545,37.174676328642164,24352.314796875893
2020-03-21 09:00:00,37.60892334084426,38.11201564700627,37.32482271479145,37.616216859647054,28351.20789121428
2020-03-21 10:00:00,36.61508337858793,37.04695063454436,36.42796486166395,36.62143890446943,25392.52959138651
2020-03-21 11:00:00,36.414717548176625,37.14931285384946,35.906238339956836,36.39934101008289,11395.904721091765
2020-03-21 12:00:00,35.909602285250195,36.15257514024061,35.545164181649554,35.91767777418092,27135.741441329334
2020-03-21 13:00:00,36.663349751918496,36.94089874915423,35.93502103284589,36.66685729615511,21371.54987030078
2020-03-21 14:00:00,35.897542849757635,36.60081319547207,35.18702408999609,35.905268190682555,19956.124964425682
2020-03-21 15:00:00,36.80818764439644,37.077510285807605,36.350350955325666,36.83399080792746,21317.37006365127
2020-03-21 16:00:00,36.81272054266436,37.30312333035309,36.174246607964754,36.82472728866715,13588.649964060078
2020-03-21 17:00:00,36.159967642640396,36.5976175568687,35.79174522344971,36.166874371236496,23333.63764947139
2020-03-21 18:00:00,35.79425090142341,35.99336176066479,35.35687297808065,35.79292967909678,14627.850921222811
2020-03-21 19:00:00,35.36343302438344,35.572134295866846,34.89372602766126,35.353552638212996,20216.372747358007
2020-03-21 20:00:00,34.65635261737251,35.31445858248792,34.52841468054944,34.66041822394274,23083.637898688947
2020-03-21 21:00:00,34.717311558915945,35.24487142598604,34.20341188574758,34.7216895518911,30400.402468324075
2020-03-21 22:00:00,34.0366790623415,34.517228919644566,33.80221797101492,34.06598966397683,17224.982019869287
2020-03-21 23:00:00,32.93396921764588,33.24352844114251,32.483014201353555,32.92508381553648,34046.28534682555
2020-03-22 00:00:00,32.72634002013119,33.0645638588195,32.50586835502737,32.737731079075196,29262.320453323828
2020-03-22 01:00:00,31.84187544262562,32.14045416747172,31.33060487255464,31.82998498189938,19364.118627969558
2020-03-22 02:00:00,31.48446249829086,31.943796725231707,31.17685514852301,31.46375242798806,15793.839218240988
2020-03-22 03:00:00,31.022042414822074,31.089302197821056,30.858652278254073,31.02495744267507,14283.426317751158
2020-03-22 04:00:00,30.59487853390518,31.064566167058594,30.12960112151782,30.61054058965305,23897.428917518293
2020-03-22 05:00:00,31.598861400665765,32.169438790074956,31.275335322019878,31.599125231448816,17655.71410225884
2020-03-22 06:00:00,31.641355698646702,31.926066828710503,31.195611160360663,31.635839958345468,31565.089985087012
2020-03-22 07:00:00,31.76197847474835,32.374389177549986,31.329883394524376,31.766990035116095,17964.320064634903
2020-03-22 08:00:00,30.890318458991764,31.184315766670828,30.470617352943663,30.899032579585537,16811.167992344494
2020-03-22 09:00:00,30.5994020490827,30.728045444275843,30.103727694965645,30.590782603408968,23625.641498602417
2020-03-22 10:00:00,30.710696522492704,30.937082867304426,30.34051750599928,30.70305793519509,17929.199914067754
2020-03-22 11:00:00,30.21465587427499,30.402511575895883,29.991119221932518,30.21988829139857,22083.03615616831
2020-03-22 12:00:00,30.638161754361196,30.907425952288477,30.433432324076527,30.66352150107253,29607.90895410593
2020-03-22 13:00:00,30.103276300041106,30.56729655002339,29.503330574596237,30.0964086278631,22814.89290981523
2020-03-22 14:00:00,29.95766107843862,30.36879644129004,29.547774603206914,29.969159153830272,22840.47220911081
2020-03-22 15:00:00,29.7051182058922,29.863229371362785,29.378473789209938,29.701935033544366,23424.646415549858
2020-03-22 16:00:00,29.78927402561588,29.96652709932242,29.020343587481616,29.787022763665423,13254.20716516736
2020-03-22 17:00:00,29.46826577438984,29.682345175102686,28.95427460580141,29.49612408824195,24774.032946097446
2020-03-22 18:00:00,29.379761464297438,29.571688384831287,28.96277642002202,29.378570432309314,23109.047188549765
2020-03-22 19:00:00,29.285041684290405,29.584566769286976,29.06994605288457,29.277509568822847,28792.47070514231
2020-03-22 20:00:00,28.957969543991638,29.366484280643565,28.569917283211257,28.94874716190443,26416.477451886058
2020-03-22 21:00:00,29.18041999144308,29.560557951148322,28.798487701508027,29.178707700970406,20731.621254879377
2020-03-22 22:00:00,29.26748738775662,29.57836487645385,29.010966182858283,29.29644965345266,30022.964989630076
2020-03-22 23:00:00,29.28226235092735,29.468302186868932,29.11216916011897,29.26357637132951,20175.22792992437
2020-03-23 00:00:00,29.079772854299627,29.21695824431993,28.792757481062296,29.073797859323758,23721.738220494306
2020-03-23 01:00:00,29.431122928868945,29.654917463846797,29.130612554513295,29.448841108735795,20063.452810487706
2020-03-23 02:00:00,29.336115745992515,29.504345260464834,29.02773583403287,29.34767525293193,25299.181982286864
2020-03-23 03:00:00,29.217613515342528,29.726295299861388,29.028346282576575,29.214235996033363,19673.996441681375
2020-03-23 04:00:00,29.280374794932342,29.609432695965637,29.096718023753354,29.27042600846651,36107.84676752099
2020-03-23 05:00:00,30.06390221535095,30.42073527857991,29.584682412481335,30.07123903919869,40344.43803377259
2020-03-23 06:00:00,29.463319124650752,29.641431002014023,29.318522236071473,29.451162783073606,28629.17197979901
2020-03-23 07:00:00,29.791810226362763,30.003080061409396,29.231004528318216,29.818539070231434,34975.00683028681
2020-03-23 08:00:00,28.935439532492147,29.494996760379927,28.636357497196688,28.950529402617995,13880.436139791169
2020-03-23 09:00:00,29.02769353069338,29.176187523614832,28.748513556231355,29.057686351650194,14379.89999812436
2020-03-23 10:00:00,29.782240987850564,29.939074746028716,29.535210564213187,29.79561035483425,20000.885569095386
2020-03-23 11:00:00,30.056635650766275,30.274428022316485,29.645763476258036,30.03398886408289,22300.609514816428
2020-03-23 12:00:00,30.154012066370036,30.639592062205992,29.521806360323996,30.123018459021324,20754.90274401971
2020-03-23 13:00:00,29.869965244368938,30.179957062159673,29.56706362665691,29.866462050710503,13458.409416915258
2020-03-23 14:00:00,29.879680865067513,30.233786868388997,29.787398192097644,29.88922194120241,31116.002382565577
2020-03-23 15:00:00,29.77563138941247,29.9548577415174,29.636354549163627,29.77893148912382,42035.066685960934
2020-03-23 16:00:00,29.42758906130321,29.528499476523695,29.0047906728154,29.420626083333943,32347.63865985111
2020-03-23 17:00:00,29.271721266696783,29.688597060903405,28.8532938328798,29.294614727634503,30505.338517388154
2020-03-23 18:00:00,29.385884439717678,29.530146502767742,29.252732905327072,29.39429854556562,23572.495856045593
2020-03-23 19:00:00,29.070043243900916,29.186682305849352,28.628947941838153,29.049201994520796,17104.567101364544
2020-03-23 20:00:00,28.67549982057442,29.185723481276096,28.493719939754637,28.690500793361267,22510.978798624034
2020-03-23 21:00:00,28.07957656491237,28.19456305113482,27.830742796075292,28.090096655821306,41426.514888485835
2020-03-23 22:00:00,28.271375803735623,28.427131026781126,28.101645666322334,28.271189303562693,19819.142969302415
2020-03-23 23:00:00,28.526847260038416,28.844706265428343,28.195308803213422,28.522809253708658,19216.27443205556
2020-03-24 00:00:00,28.625921902228306,28.918828817345933,28.179388272451938,28.634870357146113,30705.31659989467
2020-03-24 01:00:00,29.082497241203882,29.25163950057867,28.934853045906152,29.08137812603809,31322.933728917065
2020-03-24 02:00:00,29.13844885735375,29.4356654709835,28.765192420503492,29.129594341352803,17079.419134876352
2020-03-24 03:00:00,29.346735098152045,29.661142879831523,29.194613870676612,29.317982193330952,20364.625204894477
2020-03-24 04:00:00,29.46478252491085,29.651664707977144,29.12207940489881,29.466642523910576,18947.520378869252
2020-03-24 05:00:00,29.431614226646744,29.579037346495927,29.305991008297227,29.432221962522522,22491.81656288385
2020-03-24 06:00:00,29.217465190490163,29.50012361732298,29.014029104243722,29.1951680765053,30672.016440197098
2020-03-24 07:00:00,30.23109534017897,30.500110333021162,29.862092177201625,30.239398562812053,17305.70930481801
