timestamp,equity
1970-01-01 00:00:00.000018582,1.0
1970-01-01 00:00:00.000018583,1.0
1970-01-01 00:00:00.000018584,1.0
1970-01-01 00:00:00.000018585,1.0
1970-01-01 00:00:00.000018586,1.0
1970-01-01 00:00:00.000018587,1.0
1970-01-01 00:00:00.000018588,1.0
1970-01-01 00:00:00.000018589,1.0
1970-01-01 00:00:00.000018590,1.0
1970-01-01 00:00:00.000018591,1.0
1970-01-01 00:00:00.000018592,1.0
1970-01-01 00:00:00.000018593,1.0
1970-01-01 00:00:00.000018594,1.0
1970-01-01 00:00:00.000018595,1.0
1970-01-01 00:00:00.000018596,1.0
1970-01-01 00:00:00.000018597,1.0
1970-01-01 00:00:00.000018598,1.0
1970-01-01 00:00:00.000018599,1.0
1970-01-01 00:00:00.000018600,1.0
1970-01-01 00:00:00.000018601,1.0
1970-01-01 00:00:00.000018602,1.0
1970-01-01 00:00:00.000018603,1.0
1970-01-01 00:00:00.000018604,1.0
1970-01-01 00:00:00.000018605,1.0
1970-01-01 00:00:00.000018606,1.0
1970-01-01 00:00:00.000018607,1.0
1970-01-01 00:00:00.000018608,1.0
1970-01-01 00:00:00.000018609,1.0
1970-01-01 00:00:00.000018610,1.0
1970-01-01 00:00:00.000018611,1.0
1970-01-01 00:00:00.000018612,1.0
1970-01-01 00:00:00.000018613,1.0
1970-01-01 00:00:00.000018614,1.0
1970-01-01 00:00:00.000018615,1.0
1970-01-01 00:00:00.000018616,1.0
1970-01-01 00:00:00.000018617,1.0
1970-01-01 00:00:00.000018618,1.0
1970-01-01 00:00:00.000018619,1.0
1970-01-01 00:00:00.000018620,1.0
1970-01-01 00:00:00.000018621,1.0
1970-01-01 00:00:00.000018622,1.0
1970-01-01 00:00:00.000018623,1.0
1970-01-01 00:00:00.000018624,1.0
1970-01-01 00:00:00.000018625,1.0
1970-01-01 00:00:00.000018626,1.0
1970-01-01 00:00:00.000018627,1.0
1970-01-01 00:00:00.000018628,1.0
1970-01-01 00:00:00.000018629,1.0
1970-01-01 00:00:00.000018630,1.0
1970-01-01 00:00:00.000018631,1.0
1970-01-01 00:00:00.000018632,1.0
1970-01-01 00:00:00.000018633,1.0
1970-01-01 00:00:00.000018634,0.9990795976353973
1970-01-01 00:00:00.000018635,1.0009521222448574
1970-01-01 00:00:00.000018636,1.0008520270326329
1970-01-01 00:00:00.000018637,1.0008520270326329
1970-01-01 00:00:00.000018638,1.0008520270326329
1970-01-01 00:00:00.000018639,1.0013776492365625
1970-01-01 00:00:00.000018640,1.002469399129023
1970-01-01 00:00:00.000018641,1.00236915218911
1970-01-01 00:00:00.000018642,1.00236915218911
1970-01-01 00:00:00.000018643,1.00236915218911
1970-01-01 00:00:00.000018644,1.00236915218911
1970-01-01 00:00:00.000018645,1.00236915218911
1970-01-01 00:00:00.000018646,1.00236915218911
1970-01-01 00:00:00.000018647,1.00236915218911
1970-01-01 00:00:00.000018648,1.00236915218911
1970-01-01 00:00:00.000018649,1.00236915218911
1970-01-01 00:00:00.000018650,1.00236915218911
1970-01-01 00:00:00.000018651,1.00236915218911
1970-01-01 00:00:00.000018652,1.00236915218911
1970-01-01 00:00:00.000018653,1.00236915218911
1970-01-01 00:00:00.000018654,1.00236915218911
1970-01-01 00:00:00.000018655,1.00236915218911
1970-01-01 00:00:00.000018656,1.00236915218911
1970-01-01 00:00:00.000018657,1.00236915218911
1970-01-01 00:00:00.000018658,1.00236915218911
1970-01-01 00:00:00.000018659,1.00236915218911
1970-01-01 00:00:00.000018660,1.00236915218911
1970-01-01 00:00:00.000018661,1.00236915218911
1970-01-01 00:00:00.000018662,1.00236915218911
1970-01-01 00:00:00.000018663,1.00236915218911
1970-01-01 00:00:00.000018664,1.00236915218911
1970-01-01 00:00:00.000018665,1.00236915218911
1970-01-01 00:00:00.000018666,1.00236915218911
1970-01-01 00:00:00.000018667,1.00236915218911
1970-01-01 00:00:00.000018668,1.00236915218911
1970-01-01 00:00:00.000018669,1.00236915218911
1970-01-01 00:00:00.000018670,1.00236915218911
1970-01-01 00:00:00.000018671,1.00236915218911
1970-01-01 00:00:00.000018672,1.00236915218911
1970-01-01 00:00:00.000018673,1.00236915218911
1970-01-01 00:00:00.000018674,1.00236915218911
1970-01-01 00:00:00.000018675,1.00236915218911
1970-01-01 00:00:00.000018676,1.00236915218911
1970-01-01 00:00:00.000018677,1.00236915218911
1970-01-01 00:00:00.000018678,1.00236915218911
1970-01-01 00:00:00.000018679,1.00236915218911
1970-01-01 00:00:00.000018680,1.00236915218911
1970-01-01 00:00:00.000018681,1.00236915218911
1970-01-01 00:00:00.000018682,1.00439989111816
1970-01-01 00:00:00.000018683,1.0007616852860084
1970-01-01 00:00:00.000018684,0.9980864388483534
1970-01-01 00:00:00.000018685,0.9958406941860847
1970-01-01 00:00:00.000018686,0.9937832969535934
1970-01-01 00:00:00.000018687,0.9897381379820147
1970-01-01 00:00:00.000018688,0.9950670770141284
1970-01-01 00:00:00.000018689,0.994967570306427
1970-01-01 00:00:00.000018690,0.998762150717089
1970-01-01 00:00:00.000018691,1.0006844558210448
1970-01-01 00:00:00.000018692,1.0005843873754627
1970-01-01 00:00:00.000018693,0.9985097008159635
1970-01-01 00:00:00.000018694,0.9982589213622364
1970-01-01 00:00:00.000018695,0.9981590954701002
1970-01-01 00:00:00.000018696,0.9981590954701002
1970-01-01 00:00:00.000018697,0.9981590954701002
1970-01-01 00:00:00.000018698,0.9981590954701002
1970-01-01 00:00:00.000018699,0.9981590954701002
1970-01-01 00:00:00.000018700,0.9981590954701002
1970-01-01 00:00:00.000018701,0.9981590954701002
1970-01-01 00:00:00.000018702,0.9981590954701002
1970-01-01 00:00:00.000018703,0.9981590954701002
1970-01-01 00:00:00.000018704,0.9981590954701002
1970-01-01 00:00:00.000018705,0.9981590954701002
1970-01-01 00:00:00.000018706,0.9981590954701002
1970-01-01 00:00:00.000018707,0.9981590954701002
1970-01-01 00:00:00.000018708,0.9981590954701002
1970-01-01 00:00:00.000018709,0.9981590954701002
1970-01-01 00:00:00.000018710,0.9981590954701002
1970-01-01 00:00:00.000018711,0.9981590954701002
1970-01-01 00:00:00.000018712,0.9981590954701002
1970-01-01 00:00:00.000018713,0.9981590954701002
1970-01-01 00:00:00.000018714,0.9981590954701002
1970-01-01 00:00:00.000018715,0.9981590954701002
1970-01-01 00:00:00.000018716,0.9981590954701002
1970-01-01 00:00:00.000018717,0.9981590954701002
1970-01-01 00:00:00.000018718,0.9981590954701002
1970-01-01 00:00:00.000018719,0.9981590954701002
1970-01-01 00:00:00.000018720,0.9981590954701002
1970-01-01 00:00:00.000018721,0.9981590954701002
1970-01-01 00:00:00.000018722,0.9988621412870934
1970-01-01 00:00:00.000018723,0.9963717967040776
1970-01-01 00:00:00.000018724,0.9962721595244072
1970-01-01 00:00:00.000018725,0.9962721595244072
1970-01-01 00:00:00.000018726,0.9962721595244072
1970-01-01 00:00:00.000018727,0.9946638869541901
1970-01-01 00:00:00.000018728,0.9916832355306195
1970-01-01 00:00:00.000018729,0.9915840672070665
1970-01-01 00:00:00.000018730,0.9915840672070665
1970-01-01 00:00:00.000018731,0.9915840672070665
1970-01-01 00:00:00.000018732,0.9915840672070665
1970-01-01 00:00:00.000018733,0.9898809160985655
1970-01-01 00:00:00.000018734,0.9888761575299663
1970-01-01 00:00:00.000018735,0.9874890960497325
1970-01-01 00:00:00.000018736,0.9898918052740128
1970-01-01 00:00:00.000018737,0.9916359304142629
1970-01-01 00:00:00.000018738,0.9916787274061372
1970-01-01 00:00:00.000018739,0.9931772974194399
1970-01-01 00:00:00.000018740,0.9919662354028312
1970-01-01 00:00:00.000018741,0.9887963035766859
1970-01-01 00:00:00.000018742,0.990451711481315
1970-01-01 00:00:00.000018743,0.9886901130130215
1970-01-01 00:00:00.000018744,0.9879403637391999
1970-01-01 00:00:00.000018745,0.9877548256955319
1970-01-01 00:00:00.000018746,0.9882183331558508
1970-01-01 00:00:00.000018747,0.9876228894069725
1970-01-01 00:00:00.000018748,0.9872763772735523
1970-01-01 00:00:00.000018749,0.9852705742737158
1970-01-01 00:00:00.000018750,0.9857583924513126
1970-01-01 00:00:00.000018751,0.9858361360992736
1970-01-01 00:00:00.000018752,0.9861878817898855
1970-01-01 00:00:00.000018753,0.9861394291797555
1970-01-01 00:00:00.000018754,0.9857444644362056
1970-01-01 00:00:00.000018755,0.9887541818825138
1970-01-01 00:00:00.000018756,0.9873271934256399
1970-01-01 00:00:00.000018757,0.9864009382149167
1970-01-01 00:00:00.000018758,0.9863022981210953
1970-01-01 00:00:00.000018759,0.9863022981210953
1970-01-01 00:00:00.000018760,0.9863022981210953
1970-01-01 00:00:00.000018761,0.9863022981210953
1970-01-01 00:00:00.000018762,0.9863022981210953
1970-01-01 00:00:00.000018763,0.9863022981210953
1970-01-01 00:00:00.000018764,0.9863022981210953
1970-01-01 00:00:00.000018765,0.9863022981210953
1970-01-01 00:00:00.000018766,0.9863022981210953
1970-01-01 00:00:00.000018767,0.9863022981210953
1970-01-01 00:00:00.000018768,0.9863022981210953
1970-01-01 00:00:00.000018769,0.9863022981210953
1970-01-01 00:00:00.000018770,0.9863022981210953
1970-01-01 00:00:00.000018771,0.9863022981210953
1970-01-01 00:00:00.000018772,0.9863022981210953
1970-01-01 00:00:00.000018773,0.9863022981210953
1970-01-01 00:00:00.000018774,0.9863022981210953
1970-01-01 00:00:00.000018775,0.9863022981210953
1970-01-01 00:00:00.000018776,0.9863022981210953
1970-01-01 00:00:00.000018777,0.9863022981210953
1970-01-01 00:00:00.000018778,0.9863022981210953
1970-01-01 00:00:00.000018779,0.9863022981210953
1970-01-01 00:00:00.000018780,0.9863022981210953
1970-01-01 00:00:00.000018781,0.9863022981210953
1970-01-01 00:00:00.000018782,0.9863022981210953
1970-01-01 00:00:00.000018783,0.9863022981210953
1970-01-01 00:00:00.000018784,0.9863022981210953
1970-01-01 00:00:00.000018785,0.9863022981210953
1970-01-01 00:00:00.000018786,0.9863022981210953
1970-01-01 00:00:00.000018787,0.9863022981210953
1970-01-01 00:00:00.000018788,0.9863022981210953
1970-01-01 00:00:00.000018789,0.9863022981210953
1970-01-01 00:00:00.000018790,0.9863022981210953
1970-01-01 00:00:00.000018791,0.9863022981210953
1970-01-01 00:00:00.000018792,0.9863022981210953
1970-01-01 00:00:00.000018793,0.9863022981210953
1970-01-01 00:00:00.000018794,0.9863022981210953
1970-01-01 00:00:00.000018795,0.9863022981210953
1970-01-01 00:00:00.000018796,0.9863022981210953
1970-01-01 00:00:00.000018797,0.9863022981210953
1970-01-01 00:00:00.000018798,0.9863022981210953
1970-01-01 00:00:00.000018799,0.9863022981210953
1970-01-01 00:00:00.000018800,0.9863022981210953
1970-01-01 00:00:00.000018801,0.9863022981210953
1970-01-01 00:00:00.000018802,0.9863022981210953
1970-01-01 00:00:00.000018803,0.9863022981210953
1970-01-01 00:00:00.000018804,0.9863022981210953
1970-01-01 00:00:00.000018805,0.9863022981210953
1970-01-01 00:00:00.000018806,0.9863022981210953
1970-01-01 00:00:00.000018807,0.9863022981210953
1970-01-01 00:00:00.000018808,0.9863022981210953
1970-01-01 00:00:00.000018809,0.9863022981210953
1970-01-01 00:00:00.000018810,0.9863022981210953
1970-01-01 00:00:00.000018811,0.9863022981210953
1970-01-01 00:00:00.000018812,0.9863022981210953
1970-01-01 00:00:00.000018813,0.9863022981210953
1970-01-01 00:00:00.000018814,0.9863022981210953
1970-01-01 00:00:00.000018815,0.9863022981210953
1970-01-01 00:00:00.000018816,0.9863022981210953
1970-01-01 00:00:00.000018817,0.9863022981210953
1970-01-01 00:00:00.000018818,0.9863022981210953
1970-01-01 00:00:00.000018819,0.9863022981210953
1970-01-01 00:00:00.000018820,0.9863022981210953
1970-01-01 00:00:00.000018821,0.9863022981210953
1970-01-01 00:00:00.000018822,0.9863022981210953
1970-01-01 00:00:00.000018823,0.9863022981210953
1970-01-01 00:00:00.000018824,0.9863022981210953
1970-01-01 00:00:00.000018825,0.9863022981210953
1970-01-01 00:00:00.000018826,0.9863022981210953
1970-01-01 00:00:00.000018827,0.9863022981210953
1970-01-01 00:00:00.000018828,0.9863022981210953
1970-01-01 00:00:00.000018829,0.9863022981210953
1970-01-01 00:00:00.000018830,0.9863022981210953
1970-01-01 00:00:00.000018831,0.9863022981210953
1970-01-01 00:00:00.000018832,0.9863022981210953
1970-01-01 00:00:00.000018833,0.9863022981210953
1970-01-01 00:00:00.000018834,0.9863022981210953
1970-01-01 00:00:00.000018835,0.9863022981210953
1970-01-01 00:00:00.000018836,0.9863022981210953
1970-01-01 00:00:00.000018837,0.9863022981210953
1970-01-01 00:00:00.000018838,0.9863022981210953
1970-01-01 00:00:00.000018839,0.9863022981210953
1970-01-01 00:00:00.000018840,0.9863022981210953
1970-01-01 00:00:00.000018841,0.9863022981210953
1970-01-01 00:00:00.000018842,0.9863022981210953
1970-01-01 00:00:00.000018843,0.9863022981210953
1970-01-01 00:00:00.000018844,0.9863022981210953
1970-01-01 00:00:00.000018845,0.9863022981210953
1970-01-01 00:00:00.000018846,0.9863022981210953
1970-01-01 00:00:00.000018847,0.9863022981210953
1970-01-01 00:00:00.000018848,0.9863022981210953
1970-01-01 00:00:00.000018849,0.9863022981210953
1970-01-01 00:00:00.000018850,0.9863022981210953
1970-01-01 00:00:00.000018851,0.9863022981210953
1970-01-01 00:00:00.000018852,0.9863022981210953
1970-01-01 00:00:00.000018853,0.9863022981210953
1970-01-01 00:00:00.000018854,0.9863022981210953
1970-01-01 00:00:00.000018855,0.9863022981210953
1970-01-01 00:00:00.000018856,0.9863022981210953
1970-01-01 00:00:00.000018857,0.9863022981210953
1970-01-01 00:00:00.000018858,0.9863022981210953
1970-01-01 00:00:00.000018859,0.9863022981210953
1970-01-01 00:00:00.000018860,0.9863022981210953
1970-01-01 00:00:00.000018861,0.9863022981210953
1970-01-01 00:00:00.000018862,0.9863022981210953
1970-01-01 00:00:00.000018863,0.9863022981210953
1970-01-01 00:00:00.000018864,0.9863022981210953
1970-01-01 00:00:00.000018865,0.9863022981210953
1970-01-01 00:00:00.000018866,0.9863022981210953
1970-01-01 00:00:00.000018867,0.9863022981210953
1970-01-01 00:00:00.000018868,0.9863022981210953
1970-01-01 00:00:00.000018869,0.9863022981210953
1970-01-01 00:00:00.000018870,0.9863022981210953
1970-01-01 00:00:00.000018871,0.9863022981210953
1970-01-01 00:00:00.000018872,0.9863022981210953
1970-01-01 00:00:00.000018873,0.9863022981210953
1970-01-01 00:00:00.000018874,0.9863022981210953
1970-01-01 00:00:00.000018875,0.9863022981210953
1970-01-01 00:00:00.000018876,0.9863022981210953
1970-01-01 00:00:00.000018877,0.9863022981210953
1970-01-01 00:00:00.000018878,0.9863022981210953
1970-01-01 00:00:00.000018879,0.9863022981210953
1970-01-01 00:00:00.000018880,0.9863022981210953
1970-01-01 00:00:00.000018881,0.9863022981210953
1970-01-01 00:00:00.000018882,0.9863022981210953
1970-01-01 00:00:00.000018883,0.9863022981210953
1970-01-01 00:00:00.000018884,0.9863022981210953
1970-01-01 00:00:00.000018885,0.9863022981210953
1970-01-01 00:00:00.000018886,0.984287446933146
1970-01-01 00:00:00.000018887,0.9864391460533662
1970-01-01 00:00:00.000018888,0.9863405021387609
1970-01-01 00:00:00.000018889,0.9906689108933902
1970-01-01 00:00:00.000018890,0.9890315067294514
1970-01-01 00:00:00.000018891,0.9865618285497069
1970-01-01 00:00:00.000018892,0.9864631723668519
1970-01-01 00:00:00.000018893,0.9864631723668519
1970-01-01 00:00:00.000018894,0.9864631723668519
1970-01-01 00:00:00.000018895,0.9864631723668519
1970-01-01 00:00:00.000018896,0.9864631723668519
1970-01-01 00:00:00.000018897,0.9864631723668519
1970-01-01 00:00:00.000018898,0.9864631723668519
1970-01-01 00:00:00.000018899,0.9864631723668519
1970-01-01 00:00:00.000018900,0.9864631723668519
1970-01-01 00:00:00.000018901,0.9864631723668519
1970-01-01 00:00:00.000018902,0.9864631723668519
1970-01-01 00:00:00.000018903,0.9864631723668519
1970-01-01 00:00:00.000018904,0.9864631723668519
1970-01-01 00:00:00.000018905,0.9864631723668519
1970-01-01 00:00:00.000018906,0.9864631723668519
1970-01-01 00:00:00.000018907,0.9864631723668519
1970-01-01 00:00:00.000018908,0.9864631723668519
1970-01-01 00:00:00.000018909,0.9864631723668519
1970-01-01 00:00:00.000018910,0.9864631723668519
1970-01-01 00:00:00.000018911,0.9864631723668519
1970-01-01 00:00:00.000018912,0.9864631723668519
1970-01-01 00:00:00.000018913,0.9864631723668519
1970-01-01 00:00:00.000018914,0.9864631723668519
1970-01-01 00:00:00.000018915,0.9864631723668519
1970-01-01 00:00:00.000018916,0.9864631723668519
1970-01-01 00:00:00.000018917,0.9864631723668519
1970-01-01 00:00:00.000018918,0.9864631723668519
1970-01-01 00:00:00.000018919,0.9864631723668519
1970-01-01 00:00:00.000018920,0.9864631723668519
1970-01-01 00:00:00.000018921,0.9864631723668519
1970-01-01 00:00:00.000018922,0.9864631723668519
1970-01-01 00:00:00.000018923,0.9864631723668519
1970-01-01 00:00:00.000018924,0.9864631723668519
1970-01-01 00:00:00.000018925,0.9864631723668519
1970-01-01 00:00:00.000018926,0.9864631723668519
1970-01-01 00:00:00.000018927,0.9864631723668519
1970-01-01 00:00:00.000018928,0.9864631723668519
1970-01-01 00:00:00.000018929,0.9864631723668519
1970-01-01 00:00:00.000018930,0.9864631723668519
1970-01-01 00:00:00.000018931,0.9864631723668519
1970-01-01 00:00:00.000018932,0.9864631723668519
1970-01-01 00:00:00.000018933,0.9864631723668519
1970-01-01 00:00:00.000018934,0.9864631723668519
1970-01-01 00:00:00.000018935,0.9864631723668519
1970-01-01 00:00:00.000018936,0.9864631723668519
1970-01-01 00:00:00.000018937,0.9864631723668519
1970-01-01 00:00:00.000018938,0.9864631723668519
1970-01-01 00:00:00.000018939,0.9864631723668519
1970-01-01 00:00:00.000018940,0.9864631723668519
1970-01-01 00:00:00.000018941,0.9864631723668519
1970-01-01 00:00:00.000018942,0.9843948193361668
1970-01-01 00:00:00.000018943,0.9829098869992947
1970-01-01 00:00:00.000018944,0.9839891192143208
1970-01-01 00:00:00.000018945,0.9838907203023993
1970-01-01 00:00:00.000018946,0.9838907203023993
1970-01-01 00:00:00.000018947,0.9838907203023993
1970-01-01 00:00:00.000018948,0.9838907203023993
1970-01-01 00:00:00.000018949,0.9838907203023993
1970-01-01 00:00:00.000018950,0.9838907203023993
1970-01-01 00:00:00.000018951,0.9826623873050325
1970-01-01 00:00:00.000018952,0.9820855440720154
1970-01-01 00:00:00.000018953,0.9819873355176082
1970-01-01 00:00:00.000018954,0.9819873355176082
1970-01-01 00:00:00.000018955,0.9819873355176082
1970-01-01 00:00:00.000018956,0.9819873355176082
1970-01-01 00:00:00.000018957,0.9819873355176082
1970-01-01 00:00:00.000018958,0.9819873355176082
1970-01-01 00:00:00.000018959,0.9819873355176082
1970-01-01 00:00:00.000018960,0.9819873355176082
1970-01-01 00:00:00.000018961,0.9819873355176082
1970-01-01 00:00:00.000018962,0.9809659797156722
1970-01-01 00:00:00.000018963,0.9808070171774251
1970-01-01 00:00:00.000018964,0.9807089364757074
1970-01-01 00:00:00.000018965,0.9807089364757074
1970-01-01 00:00:00.000018966,0.9807089364757074
1970-01-01 00:00:00.000018967,0.9821528775824139
1970-01-01 00:00:00.000018968,0.984019223868261
1970-01-01 00:00:00.000018969,0.9828780433145703
1970-01-01 00:00:00.000018970,0.9846646354636467
1970-01-01 00:00:00.000018971,0.9819272944159342
1970-01-01 00:00:00.000018972,0.9825330776564587
1970-01-01 00:00:00.000018973,0.9824348243486931
1970-01-01 00:00:00.000018974,0.9807569090630999
1970-01-01 00:00:00.000018975,0.9789160406801906
1970-01-01 00:00:00.000018976,0.9781004619030353
1970-01-01 00:00:00.000018977,0.9780026518568451
1970-01-01 00:00:00.000018978,0.9780026518568451
1970-01-01 00:00:00.000018979,0.9780026518568451
1970-01-01 00:00:00.000018980,0.9780026518568451
1970-01-01 00:00:00.000018981,0.9780026518568451
1970-01-01 00:00:00.000018982,0.9780026518568451
1970-01-01 00:00:00.000018983,0.9774985173480056
1970-01-01 00:00:00.000018984,0.981381470549343
1970-01-01 00:00:00.000018985,0.981283332402288
1970-01-01 00:00:00.000018986,0.981283332402288
1970-01-01 00:00:00.000018987,0.981283332402288
1970-01-01 00:00:00.000018988,0.981283332402288
1970-01-01 00:00:00.000018989,0.981283332402288
1970-01-01 00:00:00.000018990,0.981283332402288
1970-01-01 00:00:00.000018991,0.981283332402288
1970-01-01 00:00:00.000018992,0.981283332402288
1970-01-01 00:00:00.000018993,0.981283332402288
1970-01-01 00:00:00.000018994,0.981283332402288
1970-01-01 00:00:00.000018995,0.981283332402288
1970-01-01 00:00:00.000018996,0.981283332402288
1970-01-01 00:00:00.000018997,0.981283332402288
1970-01-01 00:00:00.000018998,0.981283332402288
1970-01-01 00:00:00.000018999,0.981283332402288
1970-01-01 00:00:00.000019000,0.981283332402288
1970-01-01 00:00:00.000019001,0.981283332402288
1970-01-01 00:00:00.000019002,0.981283332402288
1970-01-01 00:00:00.000019003,0.981283332402288
1970-01-01 00:00:00.000019004,0.981283332402288
1970-01-01 00:00:00.000019005,0.981283332402288
1970-01-01 00:00:00.000019006,0.981283332402288
1970-01-01 00:00:00.000019007,0.981283332402288
1970-01-01 00:00:00.000019008,0.981283332402288
1970-01-01 00:00:00.000019009,0.981283332402288
1970-01-01 00:00:00.000019010,0.981283332402288
1970-01-01 00:00:00.000019011,0.981283332402288
1970-01-01 00:00:00.000019012,0.981283332402288
1970-01-01 00:00:00.000019013,0.981283332402288
1970-01-01 00:00:00.000019014,0.981283332402288
1970-01-01 00:00:00.000019015,0.981283332402288
1970-01-01 00:00:00.000019016,0.981283332402288
1970-01-01 00:00:00.000019017,0.981283332402288
1970-01-01 00:00:00.000019018,0.981283332402288
1970-01-01 00:00:00.000019019,0.981283332402288
1970-01-01 00:00:00.000019020,0.981283332402288
1970-01-01 00:00:00.000019021,0.981283332402288
1970-01-01 00:00:00.000019022,0.981283332402288
1970-01-01 00:00:00.000019023,0.981283332402288
1970-01-01 00:00:00.000019024,0.981283332402288
1970-01-01 00:00:00.000019025,0.981283332402288
1970-01-01 00:00:00.000019026,0.981283332402288
1970-01-01 00:00:00.000019027,0.981283332402288
1970-01-01 00:00:00.000019028,0.981283332402288
1970-01-01 00:00:00.000019029,0.981283332402288
1970-01-01 00:00:00.000019030,0.981283332402288
1970-01-01 00:00:00.000019031,0.981283332402288
1970-01-01 00:00:00.000019032,0.981283332402288
1970-01-01 00:00:00.000019033,0.981283332402288
1970-01-01 00:00:00.000019034,0.981283332402288
1970-01-01 00:00:00.000019035,0.981283332402288
1970-01-01 00:00:00.000019036,0.981283332402288
1970-01-01 00:00:00.000019037,0.9827473580585839
1970-01-01 00:00:00.000019038,0.9786228402858982
1970-01-01 00:00:00.000019039,0.9776561038995891
1970-01-01 00:00:00.000019040,0.9767808831471014
1970-01-01 00:00:00.000019041,0.9766832050587867
1970-01-01 00:00:00.000019042,0.9781481144313704
1970-01-01 00:00:00.000019043,0.9797802024306621
1970-01-01 00:00:00.000019044,0.9781923051349277
1970-01-01 00:00:00.000019045,0.9780944859044143
1970-01-01 00:00:00.000019046,0.9785192641033796
1970-01-01 00:00:00.000019047,0.9768479409936399
1970-01-01 00:00:00.000019048,0.9767502561995406
1970-01-01 00:00:00.000019049,0.9767502561995406
1970-01-01 00:00:00.000019050,0.9767502561995406
1970-01-01 00:00:00.000019051,0.9767502561995406
1970-01-01 00:00:00.000019052,0.9767502561995406
1970-01-01 00:00:00.000019053,0.9767502561995406
1970-01-01 00:00:00.000019054,0.9767502561995406
1970-01-01 00:00:00.000019055,0.9767502561995406
1970-01-01 00:00:00.000019056,0.9767502561995406
1970-01-01 00:00:00.000019057,0.9767502561995406
1970-01-01 00:00:00.000019058,0.9767502561995406
1970-01-01 00:00:00.000019059,0.9767502561995406
1970-01-01 00:00:00.000019060,0.9761174706946427
1970-01-01 00:00:00.000019061,0.9749670818430597
1970-01-01 00:00:00.000019062,0.9748695851348754
1970-01-01 00:00:00.000019063,0.9748695851348754
1970-01-01 00:00:00.000019064,0.9748695851348754
1970-01-01 00:00:00.000019065,0.9732125580989217
1970-01-01 00:00:00.000019066,0.9763400033226549
1970-01-01 00:00:00.000019067,0.9762423693223227
1970-01-01 00:00:00.000019068,0.9762423693223227
1970-01-01 00:00:00.000019069,0.9762423693223227
1970-01-01 00:00:00.000019070,0.9762423693223227
1970-01-01 00:00:00.000019071,0.9762423693223227
1970-01-01 00:00:00.000019072,0.9762423693223227
1970-01-01 00:00:00.000019073,0.9762423693223227
1970-01-01 00:00:00.000019074,0.9762423693223227
1970-01-01 00:00:00.000019075,0.9762423693223227
1970-01-01 00:00:00.000019076,0.9762423693223227
1970-01-01 00:00:00.000019077,0.9762423693223227
1970-01-01 00:00:00.000019078,0.9762423693223227
1970-01-01 00:00:00.000019079,0.9762423693223227
1970-01-01 00:00:00.000019080,0.9762423693223227
1970-01-01 00:00:00.000019081,0.9762423693223227
1970-01-01 00:00:00.000019082,0.9762423693223227
1970-01-01 00:00:00.000019083,0.9762423693223227
1970-01-01 00:00:00.000019084,0.9762423693223227
1970-01-01 00:00:00.000019085,0.9762423693223227
1970-01-01 00:00:00.000019086,0.9762423693223227
1970-01-01 00:00:00.000019087,0.9762423693223227
1970-01-01 00:00:00.000019088,0.9762423693223227
1970-01-01 00:00:00.000019089,0.9762423693223227
1970-01-01 00:00:00.000019090,0.9762423693223227
1970-01-01 00:00:00.000019091,0.9762423693223227
1970-01-01 00:00:00.000019092,0.9762423693223227
1970-01-01 00:00:00.000019093,0.9762423693223227
1970-01-01 00:00:00.000019094,0.9762423693223227
1970-01-01 00:00:00.000019095,0.9762423693223227
1970-01-01 00:00:00.000019096,0.9762423693223227
1970-01-01 00:00:00.000019097,0.9762423693223227
1970-01-01 00:00:00.000019098,0.9762423693223227
1970-01-01 00:00:00.000019099,0.9762423693223227
1970-01-01 00:00:00.000019100,0.9762423693223227
1970-01-01 00:00:00.000019101,0.9762423693223227
1970-01-01 00:00:00.000019102,0.9762423693223227
1970-01-01 00:00:00.000019103,0.9762423693223227
1970-01-01 00:00:00.000019104,0.9762423693223227
1970-01-01 00:00:00.000019105,0.9762423693223227
1970-01-01 00:00:00.000019106,0.9762423693223227
1970-01-01 00:00:00.000019107,0.9762423693223227
1970-01-01 00:00:00.000019108,0.9762423693223227
1970-01-01 00:00:00.000019109,0.9762423693223227
1970-01-01 00:00:00.000019110,0.9762423693223227
1970-01-01 00:00:00.000019111,0.9762423693223227
1970-01-01 00:00:00.000019112,0.9762423693223227
1970-01-01 00:00:00.000019113,0.9762423693223227
1970-01-01 00:00:00.000019114,0.9762423693223227
1970-01-01 00:00:00.000019115,0.9762423693223227
1970-01-01 00:00:00.000019116,0.9762423693223227
1970-01-01 00:00:00.000019117,0.9762423693223227
1970-01-01 00:00:00.000019118,0.9762423693223227
1970-01-01 00:00:00.000019119,0.9762423693223227
1970-01-01 00:00:00.000019120,0.9762423693223227
1970-01-01 00:00:00.000019121,0.9762423693223227
1970-01-01 00:00:00.000019122,0.9762423693223227
1970-01-01 00:00:00.000019123,0.9762423693223227
1970-01-01 00:00:00.000019124,0.9762423693223227
1970-01-01 00:00:00.000019125,0.9762423693223227
1970-01-01 00:00:00.000019126,0.9762423693223227
1970-01-01 00:00:00.000019127,0.9762423693223227
1970-01-01 00:00:00.000019128,0.9762423693223227
1970-01-01 00:00:00.000019129,0.9762423693223227
1970-01-01 00:00:00.000019130,0.9762423693223227
1970-01-01 00:00:00.000019131,0.9762423693223227
1970-01-01 00:00:00.000019132,0.9762423693223227
1970-01-01 00:00:00.000019133,0.9762423693223227
1970-01-01 00:00:00.000019134,0.9762423693223227
1970-01-01 00:00:00.000019135,0.9762423693223227
1970-01-01 00:00:00.000019136,0.9762423693223227
1970-01-01 00:00:00.000019137,0.9762423693223227
1970-01-01 00:00:00.000019138,0.9762423693223227
1970-01-01 00:00:00.000019139,0.9762423693223227
1970-01-01 00:00:00.000019140,0.9762423693223227
1970-01-01 00:00:00.000019141,0.9762423693223227
1970-01-01 00:00:00.000019142,0.9762423693223227
1970-01-01 00:00:00.000019143,0.9762423693223227
1970-01-01 00:00:00.000019144,0.9762423693223227
1970-01-01 00:00:00.000019145,0.9762423693223227
1970-01-01 00:00:00.000019146,0.9762423693223227
1970-01-01 00:00:00.000019147,0.9762423693223227
1970-01-01 00:00:00.000019148,0.9762423693223227
1970-01-01 00:00:00.000019149,0.9762423693223227
1970-01-01 00:00:00.000019150,0.9762423693223227
1970-01-01 00:00:00.000019151,0.9762423693223227
1970-01-01 00:00:00.000019152,0.9762423693223227
1970-01-01 00:00:00.000019153,0.9762423693223227
1970-01-01 00:00:00.000019154,0.9762423693223227
1970-01-01 00:00:00.000019155,0.9762423693223227
1970-01-01 00:00:00.000019156,0.9762423693223227
1970-01-01 00:00:00.000019157,0.9762423693223227
1970-01-01 00:00:00.000019158,0.9762423693223227
1970-01-01 00:00:00.000019159,0.9762423693223227
1970-01-01 00:00:00.000019160,0.9762423693223227
1970-01-01 00:00:00.000019161,0.9762423693223227
1970-01-01 00:00:00.000019162,0.9762423693223227
1970-01-01 00:00:00.000019163,0.9762423693223227
1970-01-01 00:00:00.000019164,0.9762423693223227
1970-01-01 00:00:00.000019165,0.9762423693223227
1970-01-01 00:00:00.000019166,0.9762423693223227
1970-01-01 00:00:00.000019167,0.9762423693223227
1970-01-01 00:00:00.000019168,0.9779891131846761
1970-01-01 00:00:00.000019169,0.9776586472011553
1970-01-01 00:00:00.000019170,0.9768576956956189
1970-01-01 00:00:00.000019171,0.9761212475729846
1970-01-01 00:00:00.000019172,0.9756758513000309
1970-01-01 00:00:00.000019173,0.975500971781816
1970-01-01 00:00:00.000019174,0.9754846596297856
1970-01-01 00:00:00.000019175,0.9766423256071355
1970-01-01 00:00:00.000019176,0.9764216561393123
1970-01-01 00:00:00.000019177,0.976614338259997
1970-01-01 00:00:00.000019178,0.9759063743013144
1970-01-01 00:00:00.000019179,0.9749700402142054
1970-01-01 00:00:00.000019180,0.974872543210184
1970-01-01 00:00:00.000019181,0.974872543210184
1970-01-01 00:00:00.000019182,0.974872543210184
1970-01-01 00:00:00.000019183,0.974872543210184
1970-01-01 00:00:00.000019184,0.974872543210184
1970-01-01 00:00:00.000019185,0.974872543210184
1970-01-01 00:00:00.000019186,0.974872543210184
1970-01-01 00:00:00.000019187,0.974872543210184
1970-01-01 00:00:00.000019188,0.974872543210184
1970-01-01 00:00:00.000019189,0.974872543210184
1970-01-01 00:00:00.000019190,0.974872543210184
1970-01-01 00:00:00.000019191,0.974872543210184
1970-01-01 00:00:00.000019192,0.974872543210184
1970-01-01 00:00:00.000019193,0.974872543210184
1970-01-01 00:00:00.000019194,0.974872543210184
1970-01-01 00:00:00.000019195,0.974872543210184
1970-01-01 00:00:00.000019196,0.974872543210184
1970-01-01 00:00:00.000019197,0.974872543210184
1970-01-01 00:00:00.000019198,0.974872543210184
1970-01-01 00:00:00.000019199,0.974872543210184
1970-01-01 00:00:00.000019200,0.974872543210184
1970-01-01 00:00:00.000019201,0.974872543210184
1970-01-01 00:00:00.000019202,0.974872543210184
1970-01-01 00:00:00.000019203,0.974872543210184
1970-01-01 00:00:00.000019204,0.974872543210184
1970-01-01 00:00:00.000019205,0.974872543210184
1970-01-01 00:00:00.000019206,0.974872543210184
1970-01-01 00:00:00.000019207,0.974872543210184
1970-01-01 00:00:00.000019208,0.974872543210184
1970-01-01 00:00:00.000019209,0.974872543210184
1970-01-01 00:00:00.000019210,0.974872543210184
1970-01-01 00:00:00.000019211,0.974872543210184
1970-01-01 00:00:00.000019212,0.974872543210184
1970-01-01 00:00:00.000019213,0.974872543210184
1970-01-01 00:00:00.000019214,0.974872543210184
1970-01-01 00:00:00.000019215,0.974872543210184
1970-01-01 00:00:00.000019216,0.974872543210184
1970-01-01 00:00:00.000019217,0.974872543210184
1970-01-01 00:00:00.000019218,0.974872543210184
1970-01-01 00:00:00.000019219,0.974872543210184
1970-01-01 00:00:00.000019220,0.974872543210184
1970-01-01 00:00:00.000019221,0.974872543210184
1970-01-01 00:00:00.000019222,0.974872543210184
1970-01-01 00:00:00.000019223,0.974872543210184
1970-01-01 00:00:00.000019224,0.974872543210184
1970-01-01 00:00:00.000019225,0.974872543210184
1970-01-01 00:00:00.000019226,0.974872543210184
1970-01-01 00:00:00.000019227,0.974872543210184
1970-01-01 00:00:00.000019228,0.974872543210184
1970-01-01 00:00:00.000019229,0.974872543210184
1970-01-01 00:00:00.000019230,0.974872543210184
1970-01-01 00:00:00.000019231,0.9766388273690527
1970-01-01 00:00:00.000019232,0.9759331177669274
1970-01-01 00:00:00.000019233,0.9758878598544681
1970-01-01 00:00:00.000019234,0.975779918081504
1970-01-01 00:00:00.000019235,0.9745819048002364
1970-01-01 00:00:00.000019236,0.974539454860448
1970-01-01 00:00:00.000019237,0.9752250957167202
1970-01-01 00:00:00.000019238,0.9738140894496269
1970-01-01 00:00:00.000019239,0.9740460775446965
1970-01-01 00:00:00.000019240,0.9741775567356366
1970-01-01 00:00:00.000019241,0.9742736885058968
1970-01-01 00:00:00.000019242,0.9736084467452041
1970-01-01 00:00:00.000019243,0.9737061476766626
1970-01-01 00:00:00.000019244,0.9733918199123924
1970-01-01 00:00:00.000019245,0.9737883221710004
1970-01-01 00:00:00.000019246,0.9735279239994964
1970-01-01 00:00:00.000019247,0.9736167054883537
1970-01-01 00:00:00.000019248,0.9732780970192239
1970-01-01 00:00:00.000019249,0.9732068240658436
1970-01-01 00:00:00.000019250,0.9752372360691499
1970-01-01 00:00:00.000019251,0.975139712345543
1970-01-01 00:00:00.000019252,0.975139712345543
1970-01-01 00:00:00.000019253,0.975139712345543
1970-01-01 00:00:00.000019254,0.975139712345543
1970-01-01 00:00:00.000019255,0.975139712345543
1970-01-01 00:00:00.000019256,0.975139712345543
1970-01-01 00:00:00.000019257,0.975139712345543
1970-01-01 00:00:00.000019258,0.975139712345543
1970-01-01 00:00:00.000019259,0.975139712345543
1970-01-01 00:00:00.000019260,0.975139712345543
1970-01-01 00:00:00.000019261,0.975139712345543
1970-01-01 00:00:00.000019262,0.975139712345543
1970-01-01 00:00:00.000019263,0.975139712345543
1970-01-01 00:00:00.000019264,0.975139712345543
1970-01-01 00:00:00.000019265,0.975139712345543
1970-01-01 00:00:00.000019266,0.975139712345543
1970-01-01 00:00:00.000019267,0.9732963563440135
1970-01-01 00:00:00.000019268,0.973206383676367
1970-01-01 00:00:00.000019269,0.9731090630379994
1970-01-01 00:00:00.000019270,0.9731090630379994
1970-01-01 00:00:00.000019271,0.9731090630379994
1970-01-01 00:00:00.000019272,0.9731090630379994
1970-01-01 00:00:00.000019273,0.9731090630379994
1970-01-01 00:00:00.000019274,0.9731090630379994
1970-01-01 00:00:00.000019275,0.9731090630379994
1970-01-01 00:00:00.000019276,0.9731090630379994
1970-01-01 00:00:00.000019277,0.9731090630379994
1970-01-01 00:00:00.000019278,0.9731090630379994
1970-01-01 00:00:00.000019279,0.9731090630379994
1970-01-01 00:00:00.000019280,0.9731090630379994
1970-01-01 00:00:00.000019281,0.9731090630379994
1970-01-01 00:00:00.000019282,0.9731090630379994
1970-01-01 00:00:00.000019283,0.9731090630379994
1970-01-01 00:00:00.000019284,0.9731090630379994
1970-01-01 00:00:00.000019285,0.9731090630379994
1970-01-01 00:00:00.000019286,0.9731090630379994
1970-01-01 00:00:00.000019287,0.9731090630379994
1970-01-01 00:00:00.000019288,0.9759056534390042
1970-01-01 00:00:00.000019289,0.9787033950058105
1970-01-01 00:00:00.000019290,0.9786055246663099
1970-01-01 00:00:00.000019291,0.9786055246663099
1970-01-01 00:00:00.000019292,0.9786055246663099
1970-01-01 00:00:00.000019293,0.9786055246663099
1970-01-01 00:00:00.000019294,0.9786055246663099
1970-01-01 00:00:00.000019295,0.9786055246663099
1970-01-01 00:00:00.000019296,0.9786055246663099
1970-01-01 00:00:00.000019297,0.9786055246663099
1970-01-01 00:00:00.000019298,0.9786055246663099
1970-01-01 00:00:00.000019299,0.9786055246663099
1970-01-01 00:00:00.000019300,0.9786055246663099
1970-01-01 00:00:00.000019301,0.9786055246663099
1970-01-01 00:00:00.000019302,0.9786055246663099
1970-01-01 00:00:00.000019303,0.9786055246663099
1970-01-01 00:00:00.000019304,0.9786055246663099
1970-01-01 00:00:00.000019305,0.9786055246663099
1970-01-01 00:00:00.000019306,0.9786055246663099
1970-01-01 00:00:00.000019307,0.9786055246663099
1970-01-01 00:00:00.000019308,0.9786055246663099
1970-01-01 00:00:00.000019309,0.9786055246663099
1970-01-01 00:00:00.000019310,0.9786055246663099
1970-01-01 00:00:00.000019311,0.9786055246663099
1970-01-01 00:00:00.000019312,0.9786055246663099
1970-01-01 00:00:00.000019313,0.9786055246663099
1970-01-01 00:00:00.000019314,0.9786055246663099
1970-01-01 00:00:00.000019315,0.9786055246663099
1970-01-01 00:00:00.000019316,0.9786055246663099
1970-01-01 00:00:00.000019317,0.9786055246663099
1970-01-01 00:00:00.000019318,0.9786055246663099
1970-01-01 00:00:00.000019319,0.9786055246663099
1970-01-01 00:00:00.000019320,0.9786055246663099
1970-01-01 00:00:00.000019321,0.9786055246663099
1970-01-01 00:00:00.000019322,0.9786055246663099
1970-01-01 00:00:00.000019323,0.9786055246663099
1970-01-01 00:00:00.000019324,0.9786055246663099
1970-01-01 00:00:00.000019325,0.9786055246663099
1970-01-01 00:00:00.000019326,0.9786055246663099
1970-01-01 00:00:00.000019327,0.9786055246663099
1970-01-01 00:00:00.000019328,0.9786055246663099
1970-01-01 00:00:00.000019329,0.9786055246663099
1970-01-01 00:00:00.000019330,0.9786055246663099
1970-01-01 00:00:00.000019331,0.9786055246663099
1970-01-01 00:00:00.000019332,0.9786055246663099
1970-01-01 00:00:00.000019333,0.9786055246663099
1970-01-01 00:00:00.000019334,0.9786055246663099
1970-01-01 00:00:00.000019335,0.9786055246663099
1970-01-01 00:00:00.000019336,0.9786055246663099
1970-01-01 00:00:00.000019337,0.9786055246663099
1970-01-01 00:00:00.000019338,0.9786055246663099
1970-01-01 00:00:00.000019339,0.9786055246663099
1970-01-01 00:00:00.000019340,0.9786055246663099
1970-01-01 00:00:00.000019341,0.9786055246663099
1970-01-01 00:00:00.000019342,0.9786055246663099
1970-01-01 00:00:00.000019343,0.9786055246663099
1970-01-01 00:00:00.000019344,0.9786055246663099
1970-01-01 00:00:00.000019345,0.9786055246663099
1970-01-01 00:00:00.000019346,0.9786055246663099
1970-01-01 00:00:00.000019347,0.9786055246663099
1970-01-01 00:00:00.000019348,0.9786055246663099
1970-01-01 00:00:00.000019349,0.9786055246663099
1970-01-01 00:00:00.000019350,0.9786055246663099
1970-01-01 00:00:00.000019351,0.9786055246663099
1970-01-01 00:00:00.000019352,0.9786055246663099
1970-01-01 00:00:00.000019353,0.9786055246663099
1970-01-01 00:00:00.000019354,0.9786055246663099
1970-01-01 00:00:00.000019355,0.9786055246663099
1970-01-01 00:00:00.000019356,0.9786055246663099
1970-01-01 00:00:00.000019357,0.9786055246663099
1970-01-01 00:00:00.000019358,0.9786055246663099
1970-01-01 00:00:00.000019359,0.9786055246663099
1970-01-01 00:00:00.000019360,0.9786055246663099
1970-01-01 00:00:00.000019361,0.9786055246663099
1970-01-01 00:00:00.000019362,0.9786055246663099
1970-01-01 00:00:00.000019363,0.9786055246663099
1970-01-01 00:00:00.000019364,0.9786055246663099
1970-01-01 00:00:00.000019365,0.9786055246663099
1970-01-01 00:00:00.000019366,0.9786055246663099
1970-01-01 00:00:00.000019367,0.9791899188208593
1970-01-01 00:00:00.000019368,0.9795470371584398
1970-01-01 00:00:00.000019369,0.979449082454724
1970-01-01 00:00:00.000019370,0.976811356201169
1970-01-01 00:00:00.000019371,0.9790779213046892
1970-01-01 00:00:00.000019372,0.9760599197530698
1970-01-01 00:00:00.000019373,0.9741636953465937
1970-01-01 00:00:00.000019374,0.973521393516331
1970-01-01 00:00:00.000019375,0.9748731954212996
1970-01-01 00:00:00.000019376,0.9747757081017575
1970-01-01 00:00:00.000019377,0.9747757081017575
1970-01-01 00:00:00.000019378,0.9747757081017575
1970-01-01 00:00:00.000019379,0.9747757081017575
1970-01-01 00:00:00.000019380,0.9747757081017575
1970-01-01 00:00:00.000019381,0.9747757081017575
1970-01-01 00:00:00.000019382,0.9747757081017575
1970-01-01 00:00:00.000019383,0.9747757081017575
1970-01-01 00:00:00.000019384,0.9747757081017575
1970-01-01 00:00:00.000019385,0.9747757081017575
1970-01-01 00:00:00.000019386,0.9747757081017575
1970-01-01 00:00:00.000019387,0.9747757081017575
1970-01-01 00:00:00.000019388,0.9747757081017575
1970-01-01 00:00:00.000019389,0.9747757081017575
1970-01-01 00:00:00.000019390,0.9747757081017575
1970-01-01 00:00:00.000019391,0.9747757081017575
1970-01-01 00:00:00.000019392,0.9747757081017575
1970-01-01 00:00:00.000019393,0.9747757081017575
1970-01-01 00:00:00.000019394,0.9747757081017575
1970-01-01 00:00:00.000019395,0.9747757081017575
1970-01-01 00:00:00.000019396,0.9747757081017575
1970-01-01 00:00:00.000019397,0.9747757081017575
1970-01-01 00:00:00.000019398,0.9747757081017575
1970-01-01 00:00:00.000019399,0.9747757081017575
1970-01-01 00:00:00.000019400,0.9747757081017575
1970-01-01 00:00:00.000019401,0.9747757081017575
1970-01-01 00:00:00.000019402,0.9747757081017575
1970-01-01 00:00:00.000019403,0.9747757081017575
1970-01-01 00:00:00.000019404,0.9747757081017575
1970-01-01 00:00:00.000019405,0.9747757081017575
1970-01-01 00:00:00.000019406,0.9747757081017575
1970-01-01 00:00:00.000019407,0.9747757081017575
1970-01-01 00:00:00.000019408,0.9747757081017575
1970-01-01 00:00:00.000019409,0.9747757081017575
1970-01-01 00:00:00.000019410,0.9747757081017575
1970-01-01 00:00:00.000019411,0.9747757081017575
1970-01-01 00:00:00.000019412,0.9743413059791469
1970-01-01 00:00:00.000019413,0.9737708119739157
1970-01-01 00:00:00.000019414,0.9757382678304409
1970-01-01 00:00:00.000019415,0.9756406940036579
1970-01-01 00:00:00.000019416,0.9756406940036579
1970-01-01 00:00:00.000019417,0.9756406940036579
1970-01-01 00:00:00.000019418,0.9756406940036579
1970-01-01 00:00:00.000019419,0.9756406940036579
1970-01-01 00:00:00.000019420,0.9756406940036579
1970-01-01 00:00:00.000019421,0.9756406940036579
1970-01-01 00:00:00.000019422,0.9756406940036579
1970-01-01 00:00:00.000019423,0.9756406940036579
1970-01-01 00:00:00.000019424,0.9756406940036579
1970-01-01 00:00:00.000019425,0.9756406940036579
1970-01-01 00:00:00.000019426,0.9756406940036579
1970-01-01 00:00:00.000019427,0.9756406940036579
1970-01-01 00:00:00.000019428,0.9756406940036579
1970-01-01 00:00:00.000019429,0.9756406940036579
1970-01-01 00:00:00.000019430,0.9756406940036579
1970-01-01 00:00:00.000019431,0.9756406940036579
1970-01-01 00:00:00.000019432,0.9756406940036579
1970-01-01 00:00:00.000019433,0.9756406940036579
1970-01-01 00:00:00.000019434,0.9756406940036579
1970-01-01 00:00:00.000019435,0.9756406940036579
1970-01-01 00:00:00.000019436,0.9756406940036579
1970-01-01 00:00:00.000019437,0.9756406940036579
1970-01-01 00:00:00.000019438,0.9756406940036579
1970-01-01 00:00:00.000019439,0.9756406940036579
1970-01-01 00:00:00.000019440,0.9756406940036579
1970-01-01 00:00:00.000019441,0.9756406940036579
1970-01-01 00:00:00.000019442,0.9756406940036579
1970-01-01 00:00:00.000019443,0.9756406940036579
1970-01-01 00:00:00.000019444,0.9756406940036579
1970-01-01 00:00:00.000019445,0.9756406940036579
1970-01-01 00:00:00.000019446,0.9756406940036579
1970-01-01 00:00:00.000019447,0.9756406940036579
1970-01-01 00:00:00.000019448,0.9756406940036579
1970-01-01 00:00:00.000019449,0.9756406940036579
1970-01-01 00:00:00.000019450,0.9756406940036579
1970-01-01 00:00:00.000019451,0.9756406940036579
1970-01-01 00:00:00.000019452,0.9756406940036579
1970-01-01 00:00:00.000019453,0.9756406940036579
1970-01-01 00:00:00.000019454,0.9756406940036579
1970-01-01 00:00:00.000019455,0.9756406940036579
1970-01-01 00:00:00.000019456,0.9756406940036579
1970-01-01 00:00:00.000019457,0.9756406940036579
1970-01-01 00:00:00.000019458,0.9756406940036579
1970-01-01 00:00:00.000019459,0.9756406940036579
1970-01-01 00:00:00.000019460,0.9756406940036579
1970-01-01 00:00:00.000019461,0.9756406940036579
1970-01-01 00:00:00.000019462,0.9756406940036579
1970-01-01 00:00:00.000019463,0.9756406940036579
1970-01-01 00:00:00.000019464,0.9756406940036579
1970-01-01 00:00:00.000019465,0.9756406940036579
1970-01-01 00:00:00.000019466,0.9756406940036579
1970-01-01 00:00:00.000019467,0.9756406940036579
1970-01-01 00:00:00.000019468,0.9756406940036579
1970-01-01 00:00:00.000019469,0.9756406940036579
1970-01-01 00:00:00.000019470,0.9756406940036579
1970-01-01 00:00:00.000019471,0.9756406940036579
1970-01-01 00:00:00.000019472,0.9756406940036579
1970-01-01 00:00:00.000019473,0.9756406940036579
1970-01-01 00:00:00.000019474,0.9756406940036579
1970-01-01 00:00:00.000019475,0.9756406940036579
1970-01-01 00:00:00.000019476,0.9756406940036579
1970-01-01 00:00:00.000019477,0.9756406940036579
1970-01-01 00:00:00.000019478,0.9756406940036579
1970-01-01 00:00:00.000019479,0.9756406940036579
1970-01-01 00:00:00.000019480,0.9756406940036579
1970-01-01 00:00:00.000019481,0.9756406940036579
1970-01-01 00:00:00.000019482,0.9756406940036579
1970-01-01 00:00:00.000019483,0.9756406940036579
1970-01-01 00:00:00.000019484,0.9756406940036579
1970-01-01 00:00:00.000019485,0.9756406940036579
1970-01-01 00:00:00.000019486,0.9756406940036579
1970-01-01 00:00:00.000019487,0.9756406940036579
1970-01-01 00:00:00.000019488,0.9756406940036579
1970-01-01 00:00:00.000019489,0.9756406940036579
1970-01-01 00:00:00.000019490,0.9756406940036579
1970-01-01 00:00:00.000019491,0.9756406940036579
1970-01-01 00:00:00.000019492,0.9756406940036579
1970-01-01 00:00:00.000019493,0.9756406940036579
1970-01-01 00:00:00.000019494,0.9756406940036579
1970-01-01 00:00:00.000019495,0.9756406940036579
1970-01-01 00:00:00.000019496,0.9756406940036579
1970-01-01 00:00:00.000019497,0.9756406940036579
1970-01-01 00:00:00.000019498,0.9756406940036579
1970-01-01 00:00:00.000019499,0.9756406940036579
1970-01-01 00:00:00.000019500,0.9756406940036579
1970-01-01 00:00:00.000019501,0.9741086404144377
1970-01-01 00:00:00.000019502,0.9727486771559772
1970-01-01 00:00:00.000019503,0.9726514022882616
1970-01-01 00:00:00.000019504,0.9726514022882616
1970-01-01 00:00:00.000019505,0.9726514022882616
1970-01-01 00:00:00.000019506,0.974070943475071
1970-01-01 00:00:00.000019507,0.9732313315833079
1970-01-01 00:00:00.000019508,0.9731340084501495
1970-01-01 00:00:00.000019509,0.9731340084501495
1970-01-01 00:00:00.000019510,0.9731340084501495
1970-01-01 00:00:00.000019511,0.9731340084501495
1970-01-01 00:00:00.000019512,0.9731340084501495
1970-01-01 00:00:00.000019513,0.9731340084501495
1970-01-01 00:00:00.000019514,0.9731340084501495
1970-01-01 00:00:00.000019515,0.9731340084501495
1970-01-01 00:00:00.000019516,0.9731340084501495
1970-01-01 00:00:00.000019517,0.9731340084501495
1970-01-01 00:00:00.000019518,0.9731340084501495
1970-01-01 00:00:00.000019519,0.9731340084501495
1970-01-01 00:00:00.000019520,0.9731340084501495
1970-01-01 00:00:00.000019521,0.9731340084501495
1970-01-01 00:00:00.000019522,0.9739857463664909
1970-01-01 00:00:00.000019523,0.9725759644767357
1970-01-01 00:00:00.000019524,0.9705050054904434
1970-01-01 00:00:00.000019525,0.9704079549898944
1970-01-01 00:00:00.000019526,0.9704079549898944
1970-01-01 00:00:00.000019527,0.9704079549898944
1970-01-01 00:00:00.000019528,0.9704079549898944
1970-01-01 00:00:00.000019529,0.9704079549898944
1970-01-01 00:00:00.000019530,0.9704079549898944
1970-01-01 00:00:00.000019531,0.9704079549898944
1970-01-01 00:00:00.000019532,0.9704079549898944
1970-01-01 00:00:00.000019533,0.9704079549898944
1970-01-01 00:00:00.000019534,0.9704079549898944
1970-01-01 00:00:00.000019535,0.9704079549898944
1970-01-01 00:00:00.000019536,0.9704079549898944
1970-01-01 00:00:00.000019537,0.9704079549898944
1970-01-01 00:00:00.000019538,0.9704079549898944
1970-01-01 00:00:00.000019539,0.9704079549898944
1970-01-01 00:00:00.000019540,0.9704079549898944
1970-01-01 00:00:00.000019541,0.9704079549898944
1970-01-01 00:00:00.000019542,0.9704079549898944
1970-01-01 00:00:00.000019543,0.9704079549898944
1970-01-01 00:00:00.000019544,0.9704079549898944
1970-01-01 00:00:00.000019545,0.9704079549898944
1970-01-01 00:00:00.000019546,0.9704079549898944
1970-01-01 00:00:00.000019547,0.9704079549898944
1970-01-01 00:00:00.000019548,0.9704079549898944
1970-01-01 00:00:00.000019549,0.9704079549898944
1970-01-01 00:00:00.000019550,0.9704079549898944
1970-01-01 00:00:00.000019551,0.9704079549898944
1970-01-01 00:00:00.000019552,0.9704079549898944
1970-01-01 00:00:00.000019553,0.9704079549898944
1970-01-01 00:00:00.000019554,0.9704079549898944
1970-01-01 00:00:00.000019555,0.9704079549898944
1970-01-01 00:00:00.000019556,0.9704079549898944
1970-01-01 00:00:00.000019557,0.9704079549898944
1970-01-01 00:00:00.000019558,0.9704079549898944
1970-01-01 00:00:00.000019559,0.9704079549898944
1970-01-01 00:00:00.000019560,0.9704079549898944
1970-01-01 00:00:00.000019561,0.9704079549898944
1970-01-01 00:00:00.000019562,0.9704079549898944
1970-01-01 00:00:00.000019563,0.9704079549898944
1970-01-01 00:00:00.000019564,0.9704079549898944
1970-01-01 00:00:00.000019565,0.9704079549898944
1970-01-01 00:00:00.000019566,0.9704079549898944
1970-01-01 00:00:00.000019567,0.9704079549898944
1970-01-01 00:00:00.000019568,0.9704079549898944
1970-01-01 00:00:00.000019569,0.9704079549898944
1970-01-01 00:00:00.000019570,0.9704079549898944
1970-01-01 00:00:00.000019571,0.9704079549898944
1970-01-01 00:00:00.000019572,0.9704079549898944
1970-01-01 00:00:00.000019573,0.9704079549898944
1970-01-01 00:00:00.000019574,0.9704079549898944
1970-01-01 00:00:00.000019575,0.9704079549898944
1970-01-01 00:00:00.000019576,0.9704079549898944
1970-01-01 00:00:00.000019577,0.9704079549898944
1970-01-01 00:00:00.000019578,0.9704079549898944
1970-01-01 00:00:00.000019579,0.9704079549898944
1970-01-01 00:00:00.000019580,0.9704079549898944
1970-01-01 00:00:00.000019581,0.9704079549898944
1970-01-01 00:00:00.000019582,0.9704079549898944
1970-01-01 00:00:00.000019583,0.9704079549898944
1970-01-01 00:00:00.000019584,0.9704079549898944
1970-01-01 00:00:00.000019585,0.9704079549898944
1970-01-01 00:00:00.000019586,0.9704079549898944
1970-01-01 00:00:00.000019587,0.9704079549898944
1970-01-01 00:00:00.000019588,0.9704079549898944
1970-01-01 00:00:00.000019589,0.9704079549898944
1970-01-01 00:00:00.000019590,0.9704079549898944
1970-01-01 00:00:00.000019591,0.9704079549898944
1970-01-01 00:00:00.000019592,0.9704079549898944
1970-01-01 00:00:00.000019593,0.9704079549898944
1970-01-01 00:00:00.000019594,0.9704079549898944
1970-01-01 00:00:00.000019595,0.9704079549898944
1970-01-01 00:00:00.000019596,0.9704079549898944
1970-01-01 00:00:00.000019597,0.9677321921596452
1970-01-01 00:00:00.000019598,0.9641179982547232
1970-01-01 00:00:00.000019599,0.9640215864548978
1970-01-01 00:00:00.000019600,0.9640215864548978
1970-01-01 00:00:00.000019601,0.9606148440810179
1970-01-01 00:00:00.000019602,0.9611692557586806
1970-01-01 00:00:00.000019603,0.9610731388331047
1970-01-01 00:00:00.000019604,0.9607136841868003
1970-01-01 00:00:00.000019605,0.9632077579925953
1970-01-01 00:00:00.000019606,0.963111437216796
1970-01-01 00:00:00.000019607,0.963111437216796
1970-01-01 00:00:00.000019608,0.963111437216796
1970-01-01 00:00:00.000019609,0.963111437216796
1970-01-01 00:00:00.000019610,0.963111437216796
1970-01-01 00:00:00.000019611,0.963111437216796
1970-01-01 00:00:00.000019612,0.963111437216796
1970-01-01 00:00:00.000019613,0.963111437216796
1970-01-01 00:00:00.000019614,0.963111437216796
1970-01-01 00:00:00.000019615,0.963111437216796
1970-01-01 00:00:00.000019616,0.963111437216796
1970-01-01 00:00:00.000019617,0.963111437216796
1970-01-01 00:00:00.000019618,0.963111437216796
1970-01-01 00:00:00.000019619,0.963111437216796
1970-01-01 00:00:00.000019620,0.963111437216796
1970-01-01 00:00:00.000019621,0.963111437216796
1970-01-01 00:00:00.000019622,0.963111437216796
1970-01-01 00:00:00.000019623,0.963111437216796
1970-01-01 00:00:00.000019624,0.963111437216796
1970-01-01 00:00:00.000019625,0.963111437216796
1970-01-01 00:00:00.000019626,0.963111437216796
1970-01-01 00:00:00.000019627,0.963111437216796
1970-01-01 00:00:00.000019628,0.963111437216796
1970-01-01 00:00:00.000019629,0.963111437216796
1970-01-01 00:00:00.000019630,0.963111437216796
1970-01-01 00:00:00.000019631,0.963111437216796
1970-01-01 00:00:00.000019632,0.963111437216796
1970-01-01 00:00:00.000019633,0.963111437216796
1970-01-01 00:00:00.000019634,0.963111437216796
1970-01-01 00:00:00.000019635,0.963111437216796
1970-01-01 00:00:00.000019636,0.963111437216796
1970-01-01 00:00:00.000019637,0.963111437216796
1970-01-01 00:00:00.000019638,0.963111437216796
1970-01-01 00:00:00.000019639,0.963111437216796
1970-01-01 00:00:00.000019640,0.963111437216796
1970-01-01 00:00:00.000019641,0.963111437216796
1970-01-01 00:00:00.000019642,0.963111437216796
1970-01-01 00:00:00.000019643,0.963111437216796
1970-01-01 00:00:00.000019644,0.963111437216796
1970-01-01 00:00:00.000019645,0.963111437216796
1970-01-01 00:00:00.000019646,0.963111437216796
1970-01-01 00:00:00.000019647,0.963111437216796
1970-01-01 00:00:00.000019648,0.963111437216796
1970-01-01 00:00:00.000019649,0.963111437216796
1970-01-01 00:00:00.000019650,0.963111437216796
1970-01-01 00:00:00.000019651,0.963111437216796
1970-01-01 00:00:00.000019652,0.963111437216796
1970-01-01 00:00:00.000019653,0.963111437216796
1970-01-01 00:00:00.000019654,0.963111437216796
1970-01-01 00:00:00.000019655,0.963111437216796
1970-01-01 00:00:00.000019656,0.963111437216796
1970-01-01 00:00:00.000019657,0.963111437216796
1970-01-01 00:00:00.000019658,0.963111437216796
1970-01-01 00:00:00.000019659,0.963111437216796
1970-01-01 00:00:00.000019660,0.963111437216796
1970-01-01 00:00:00.000019661,0.963111437216796
1970-01-01 00:00:00.000019662,0.963111437216796
1970-01-01 00:00:00.000019663,0.963111437216796
1970-01-01 00:00:00.000019664,0.963111437216796
1970-01-01 00:00:00.000019665,0.963111437216796
1970-01-01 00:00:00.000019666,0.963111437216796
1970-01-01 00:00:00.000019667,0.963111437216796
1970-01-01 00:00:00.000019668,0.963111437216796
1970-01-01 00:00:00.000019669,0.963111437216796
1970-01-01 00:00:00.000019670,0.963111437216796
1970-01-01 00:00:00.000019671,0.963111437216796
1970-01-01 00:00:00.000019672,0.963111437216796
1970-01-01 00:00:00.000019673,0.963111437216796
1970-01-01 00:00:00.000019674,0.963111437216796
1970-01-01 00:00:00.000019675,0.963111437216796
1970-01-01 00:00:00.000019676,0.963111437216796
1970-01-01 00:00:00.000019677,0.963111437216796
1970-01-01 00:00:00.000019678,0.963111437216796
1970-01-01 00:00:00.000019679,0.963111437216796
1970-01-01 00:00:00.000019680,0.963111437216796
1970-01-01 00:00:00.000019681,0.963111437216796
1970-01-01 00:00:00.000019682,0.961954997410144
1970-01-01 00:00:00.000019683,0.961082845598896
1970-01-01 00:00:00.000019684,0.9600240493758481
1970-01-01 00:00:00.000019685,0.960028627600579
1970-01-01 00:00:00.000019686,0.9594590473916397
1970-01-01 00:00:00.000019687,0.9581570329797596
1970-01-01 00:00:00.000019688,0.9573394928492308
1970-01-01 00:00:00.000019689,0.9535667904088796
1970-01-01 00:00:00.000019690,0.9534714337298387
1970-01-01 00:00:00.000019691,0.9534714337298387
1970-01-01 00:00:00.000019692,0.9534714337298387
1970-01-01 00:00:00.000019693,0.9482477201122812
1970-01-01 00:00:00.000019694,0.948409267340855
1970-01-01 00:00:00.000019695,0.9468837717668614
1970-01-01 00:00:00.000019696,0.9477152551879895
1970-01-01 00:00:00.000019697,0.9507988680296406
1970-01-01 00:00:00.000019698,0.9540218420613532
1970-01-01 00:00:00.000019699,0.9478369497177542
1970-01-01 00:00:00.000019700,0.9499845582457312
1970-01-01 00:00:00.000019701,0.9501321364870936
1970-01-01 00:00:00.000019702,0.9490694252423612
1970-01-01 00:00:00.000019703,0.948193816255748
1970-01-01 00:00:00.000019704,0.9473263421499225
1970-01-01 00:00:00.000019705,0.9480809961413881
1970-01-01 00:00:00.000019706,0.9472965964242137
1970-01-01 00:00:00.000019707,0.9491474872297189
1970-01-01 00:00:00.000019708,0.9495959738897166
1970-01-01 00:00:00.000019709,0.9464486789004843
1970-01-01 00:00:00.000019710,0.9475904381787305
1970-01-01 00:00:00.000019711,0.9504252387069935
1970-01-01 00:00:00.000019712,0.9508952540413992
1970-01-01 00:00:00.000019713,0.945836837260627
1970-01-01 00:00:00.000019714,0.9466252633329387
1970-01-01 00:00:00.000019715,0.9476889606238272
1970-01-01 00:00:00.000019716,0.9475941917277648
1970-01-01 00:00:00.000019717,0.9475941917277648
1970-01-01 00:00:00.000019718,0.9475941917277648
1970-01-01 00:00:00.000019719,0.9475941917277648
1970-01-01 00:00:00.000019720,0.9475941917277648
1970-01-01 00:00:00.000019721,0.9475941917277648
1970-01-01 00:00:00.000019722,0.9475941917277648
1970-01-01 00:00:00.000019723,0.9475941917277648
1970-01-01 00:00:00.000019724,0.9475941917277648
1970-01-01 00:00:00.000019725,0.9475941917277648
1970-01-01 00:00:00.000019726,0.9475941917277648
1970-01-01 00:00:00.000019727,0.9475941917277648
1970-01-01 00:00:00.000019728,0.9475941917277648
1970-01-01 00:00:00.000019729,0.9475941917277648
1970-01-01 00:00:00.000019730,0.9475941917277648
1970-01-01 00:00:00.000019731,0.9475941917277648
1970-01-01 00:00:00.000019732,0.9475941917277648
1970-01-01 00:00:00.000019733,0.9475941917277648
1970-01-01 00:00:00.000019734,0.9475941917277648
1970-01-01 00:00:00.000019735,0.9475941917277648
1970-01-01 00:00:00.000019736,0.9475941917277648
1970-01-01 00:00:00.000019737,0.9475941917277648
1970-01-01 00:00:00.000019738,0.9475941917277648
1970-01-01 00:00:00.000019739,0.9475941917277648
1970-01-01 00:00:00.000019740,0.9475941917277648
1970-01-01 00:00:00.000019741,0.9475941917277648
1970-01-01 00:00:00.000019742,0.9475941917277648
1970-01-01 00:00:00.000019743,0.9475941917277648
1970-01-01 00:00:00.000019744,0.9475941917277648
1970-01-01 00:00:00.000019745,0.9475941917277648
1970-01-01 00:00:00.000019746,0.9475941917277648
1970-01-01 00:00:00.000019747,0.9475941917277648
1970-01-01 00:00:00.000019748,0.9475941917277648
1970-01-01 00:00:00.000019749,0.9475941917277648
1970-01-01 00:00:00.000019750,0.9475941917277648
1970-01-01 00:00:00.000019751,0.9475941917277648
1970-01-01 00:00:00.000019752,0.9475941917277648
1970-01-01 00:00:00.000019753,0.9475941917277648
1970-01-01 00:00:00.000019754,0.9475941917277648
1970-01-01 00:00:00.000019755,0.9475941917277648
1970-01-01 00:00:00.000019756,0.9475941917277648
1970-01-01 00:00:00.000019757,0.9475941917277648
1970-01-01 00:00:00.000019758,0.9475941917277648
1970-01-01 00:00:00.000019759,0.9475941917277648
1970-01-01 00:00:00.000019760,0.9475941917277648
1970-01-01 00:00:00.000019761,0.9475941917277648
1970-01-01 00:00:00.000019762,0.9475941917277648
1970-01-01 00:00:00.000019763,0.9475941917277648
1970-01-01 00:00:00.000019764,0.9475941917277648
1970-01-01 00:00:00.000019765,0.9475941917277648
1970-01-01 00:00:00.000019766,0.9475941917277648
1970-01-01 00:00:00.000019767,0.9475941917277648
1970-01-01 00:00:00.000019768,0.9475941917277648
1970-01-01 00:00:00.000019769,0.9475941917277648
1970-01-01 00:00:00.000019770,0.9475941917277648
1970-01-01 00:00:00.000019771,0.9475941917277648
1970-01-01 00:00:00.000019772,0.9475941917277648
1970-01-01 00:00:00.000019773,0.9475941917277648
1970-01-01 00:00:00.000019774,0.9475941917277648
1970-01-01 00:00:00.000019775,0.9475941917277648
1970-01-01 00:00:00.000019776,0.9475941917277648
1970-01-01 00:00:00.000019777,0.9475941917277648
1970-01-01 00:00:00.000019778,0.9475941917277648
1970-01-01 00:00:00.000019779,0.9475941917277648
1970-01-01 00:00:00.000019780,0.9475941917277648
1970-01-01 00:00:00.000019781,0.9475941917277648
1970-01-01 00:00:00.000019782,0.9475941917277648
1970-01-01 00:00:00.000019783,0.9475941917277648
1970-01-01 00:00:00.000019784,0.9475941917277648
1970-01-01 00:00:00.000019785,0.9475941917277648
1970-01-01 00:00:00.000019786,0.9475941917277648
1970-01-01 00:00:00.000019787,0.9475941917277648
1970-01-01 00:00:00.000019788,0.9475941917277648
1970-01-01 00:00:00.000019789,0.9475941917277648
1970-01-01 00:00:00.000019790,0.9475941917277648
1970-01-01 00:00:00.000019791,0.9475941917277648
1970-01-01 00:00:00.000019792,0.9475941917277648
1970-01-01 00:00:00.000019793,0.9475941917277648
1970-01-01 00:00:00.000019794,0.9475941917277648
1970-01-01 00:00:00.000019795,0.9475941917277648
1970-01-01 00:00:00.000019796,0.9475941917277648
1970-01-01 00:00:00.000019797,0.9475941917277648
1970-01-01 00:00:00.000019798,0.9475941917277648
1970-01-01 00:00:00.000019799,0.9475941917277648
1970-01-01 00:00:00.000019800,0.9475941917277648
1970-01-01 00:00:00.000019801,0.9475941917277648
1970-01-01 00:00:00.000019802,0.9475941917277648
1970-01-01 00:00:00.000019803,0.9475941917277648
1970-01-01 00:00:00.000019804,0.9475941917277648
1970-01-01 00:00:00.000019805,0.9475941917277648
1970-01-01 00:00:00.000019806,0.9475941917277648
1970-01-01 00:00:00.000019807,0.9475941917277648
1970-01-01 00:00:00.000019808,0.9475941917277648
1970-01-01 00:00:00.000019809,0.9475941917277648
1970-01-01 00:00:00.000019810,0.9475941917277648
1970-01-01 00:00:00.000019811,0.9475941917277648
1970-01-01 00:00:00.000019812,0.9475941917277648
1970-01-01 00:00:00.000019813,0.9475941917277648
1970-01-01 00:00:00.000019814,0.9475941917277648
1970-01-01 00:00:00.000019815,0.9475941917277648
1970-01-01 00:00:00.000019816,0.9475941917277648
1970-01-01 00:00:00.000019817,0.9475941917277648
1970-01-01 00:00:00.000019818,0.9475941917277648
1970-01-01 00:00:00.000019819,0.9475941917277648
1970-01-01 00:00:00.000019820,0.9475941917277648
1970-01-01 00:00:00.000019821,0.9475941917277648
1970-01-01 00:00:00.000019822,0.9475941917277648
1970-01-01 00:00:00.000019823,0.9475941917277648
1970-01-01 00:00:00.000019824,0.9475941917277648
1970-01-01 00:00:00.000019825,0.9475941917277648
1970-01-01 00:00:00.000019826,0.9475941917277648
1970-01-01 00:00:00.000019827,0.9475941917277648
1970-01-01 00:00:00.000019828,0.9475941917277648
1970-01-01 00:00:00.000019829,0.9475941917277648
1970-01-01 00:00:00.000019830,0.9475941917277648
1970-01-01 00:00:00.000019831,0.9475941917277648
1970-01-01 00:00:00.000019832,0.9475941917277648
1970-01-01 00:00:00.000019833,0.9475941917277648
1970-01-01 00:00:00.000019834,0.9475941917277648
1970-01-01 00:00:00.000019835,0.9475941917277648
1970-01-01 00:00:00.000019836,0.9475941917277648
1970-01-01 00:00:00.000019837,0.9475941917277648
1970-01-01 00:00:00.000019838,0.9475941917277648
1970-01-01 00:00:00.000019839,0.9475941917277648
1970-01-01 00:00:00.000019840,0.9475941917277648
1970-01-01 00:00:00.000019841,0.9475941917277648
1970-01-01 00:00:00.000019842,0.9475941917277648
1970-01-01 00:00:00.000019843,0.9475941917277648
1970-01-01 00:00:00.000019844,0.9475941917277648
1970-01-01 00:00:00.000019845,0.9475941917277648
1970-01-01 00:00:00.000019846,0.9475941917277648
1970-01-01 00:00:00.000019847,0.9475941917277648
1970-01-01 00:00:00.000019848,0.9475941917277648
1970-01-01 00:00:00.000019849,0.9475941917277648
1970-01-01 00:00:00.000019850,0.9475941917277648
1970-01-01 00:00:00.000019851,0.9475941917277648
1970-01-01 00:00:00.000019852,0.9475941917277648
1970-01-01 00:00:00.000019853,0.9475941917277648
1970-01-01 00:00:00.000019854,0.9475941917277648
1970-01-01 00:00:00.000019855,0.9475941917277648
1970-01-01 00:00:00.000019856,0.9475941917277648
1970-01-01 00:00:00.000019857,0.9475941917277648
1970-01-01 00:00:00.000019858,0.9475941917277648
1970-01-01 00:00:00.000019859,0.9475941917277648
1970-01-01 00:00:00.000019860,0.9475941917277648
1970-01-01 00:00:00.000019861,0.9475941917277648
1970-01-01 00:00:00.000019862,0.9475941917277648
1970-01-01 00:00:00.000019863,0.9475941917277648
1970-01-01 00:00:00.000019864,0.9475941917277648
1970-01-01 00:00:00.000019865,0.9475941917277648
1970-01-01 00:00:00.000019866,0.9475941917277648
1970-01-01 00:00:00.000019867,0.9475941917277648
1970-01-01 00:00:00.000019868,0.9475941917277648
1970-01-01 00:00:00.000019869,0.9475941917277648
1970-01-01 00:00:00.000019870,0.9475941917277648
1970-01-01 00:00:00.000019871,0.9475941917277648
1970-01-01 00:00:00.000019872,0.9475941917277648
1970-01-01 00:00:00.000019873,0.9475941917277648
1970-01-01 00:00:00.000019874,0.9475941917277648
1970-01-01 00:00:00.000019875,0.9475941917277648
1970-01-01 00:00:00.000019876,0.9475941917277648
1970-01-01 00:00:00.000019877,0.9475941917277648
1970-01-01 00:00:00.000019878,0.9475941917277648
1970-01-01 00:00:00.000019879,0.9475941917277648
1970-01-01 00:00:00.000019880,0.9475941917277648
1970-01-01 00:00:00.000019881,0.9475941917277648
1970-01-01 00:00:00.000019882,0.9475941917277648
1970-01-01 00:00:00.000019883,0.9475941917277648
1970-01-01 00:00:00.000019884,0.9475941917277648
1970-01-01 00:00:00.000019885,0.9475941917277648
1970-01-01 00:00:00.000019886,0.9475941917277648
1970-01-01 00:00:00.000019887,0.9475941917277648
1970-01-01 00:00:00.000019888,0.9475941917277648
1970-01-01 00:00:00.000019889,0.9475941917277648
1970-01-01 00:00:00.000019890,0.9475941917277648
1970-01-01 00:00:00.000019891,0.9475941917277648
1970-01-01 00:00:00.000019892,0.9475941917277648
1970-01-01 00:00:00.000019893,0.9475941917277648
1970-01-01 00:00:00.000019894,0.9475941917277648
1970-01-01 00:00:00.000019895,0.9475444586583247
1970-01-01 00:00:00.000019896,0.947541815026721
1970-01-01 00:00:00.000019897,0.9474470608452183
1970-01-01 00:00:00.000019898,0.9474470608452183
1970-01-01 00:00:00.000019899,0.9474470608452183
1970-01-01 00:00:00.000019900,0.9474470608452183
1970-01-01 00:00:00.000019901,0.9474470608452183
1970-01-01 00:00:00.000019902,0.9474470608452183
1970-01-01 00:00:00.000019903,0.9474470608452183
1970-01-01 00:00:00.000019904,0.9474470608452183
1970-01-01 00:00:00.000019905,0.9474470608452183
1970-01-01 00:00:00.000019906,0.9474470608452183
1970-01-01 00:00:00.000019907,0.9474470608452183
1970-01-01 00:00:00.000019908,0.9474470608452183
1970-01-01 00:00:00.000019909,0.9474470608452183
1970-01-01 00:00:00.000019910,0.9474470608452183
1970-01-01 00:00:00.000019911,0.9474470608452183
1970-01-01 00:00:00.000019912,0.9474470608452183
1970-01-01 00:00:00.000019913,0.9474470608452183
1970-01-01 00:00:00.000019914,0.9474470608452183
1970-01-01 00:00:00.000019915,0.9474470608452183
1970-01-01 00:00:00.000019916,0.9474470608452183
1970-01-01 00:00:00.000019917,0.9474470608452183
1970-01-01 00:00:00.000019918,0.9474470608452183
1970-01-01 00:00:00.000019919,0.9474470608452183
1970-01-01 00:00:00.000019920,0.9474470608452183
1970-01-01 00:00:00.000019921,0.9474470608452183
1970-01-01 00:00:00.000019922,0.9474470608452183
1970-01-01 00:00:00.000019923,0.9474470608452183
1970-01-01 00:00:00.000019924,0.9474470608452183
1970-01-01 00:00:00.000019925,0.9474470608452183
1970-01-01 00:00:00.000019926,0.9474470608452183
1970-01-01 00:00:00.000019927,0.9474470608452183
1970-01-01 00:00:00.000019928,0.9474470608452183
1970-01-01 00:00:00.000019929,0.9474470608452183
1970-01-01 00:00:00.000019930,0.9474470608452183
1970-01-01 00:00:00.000019931,0.9474470608452183
1970-01-01 00:00:00.000019932,0.9474470608452183
1970-01-01 00:00:00.000019933,0.9474470608452183
1970-01-01 00:00:00.000019934,0.9474470608452183
1970-01-01 00:00:00.000019935,0.9474470608452183
1970-01-01 00:00:00.000019936,0.9474470608452183
1970-01-01 00:00:00.000019937,0.9474470608452183
1970-01-01 00:00:00.000019938,0.9474470608452183
1970-01-01 00:00:00.000019939,0.9474470608452183
1970-01-01 00:00:00.000019940,0.9474470608452183
1970-01-01 00:00:00.000019941,0.9474470608452183
1970-01-01 00:00:00.000019942,0.9474470608452183
1970-01-01 00:00:00.000019943,0.9474470608452183
1970-01-01 00:00:00.000019944,0.9474470608452183
1970-01-01 00:00:00.000019945,0.9474470608452183
1970-01-01 00:00:00.000019946,0.9474470608452183
1970-01-01 00:00:00.000019947,0.9474470608452183
1970-01-01 00:00:00.000019948,0.9474470608452183
1970-01-01 00:00:00.000019949,0.9474470608452183
1970-01-01 00:00:00.000019950,0.9474470608452183
1970-01-01 00:00:00.000019951,0.9474470608452183
1970-01-01 00:00:00.000019952,0.9474470608452183
1970-01-01 00:00:00.000019953,0.9474470608452183
1970-01-01 00:00:00.000019954,0.9474470608452183
1970-01-01 00:00:00.000019955,0.9474470608452183
1970-01-01 00:00:00.000019956,0.9474470608452183
1970-01-01 00:00:00.000019957,0.9474470608452183
1970-01-01 00:00:00.000019958,0.9474470608452183
1970-01-01 00:00:00.000019959,0.9474470608452183
1970-01-01 00:00:00.000019960,0.9474470608452183
1970-01-01 00:00:00.000019961,0.9474470608452183
1970-01-01 00:00:00.000019962,0.9474470608452183
1970-01-01 00:00:00.000019963,0.9474470608452183
1970-01-01 00:00:00.000019964,0.9474470608452183
1970-01-01 00:00:00.000019965,0.9474470608452183
1970-01-01 00:00:00.000019966,0.9474470608452183
1970-01-01 00:00:00.000019967,0.9474470608452183
1970-01-01 00:00:00.000019968,0.9474470608452183
1970-01-01 00:00:00.000019969,0.9474470608452183
1970-01-01 00:00:00.000019970,0.9474470608452183
1970-01-01 00:00:00.000019971,0.9474470608452183
1970-01-01 00:00:00.000019972,0.9474470608452183
1970-01-01 00:00:00.000019973,0.9474470608452183
1970-01-01 00:00:00.000019974,0.9474470608452183
1970-01-01 00:00:00.000019975,0.9474470608452183
1970-01-01 00:00:00.000019976,0.9474470608452183
1970-01-01 00:00:00.000019977,0.9474470608452183
1970-01-01 00:00:00.000019978,0.9474470608452183
1970-01-01 00:00:00.000019979,0.9474470608452183
1970-01-01 00:00:00.000019980,0.9474470608452183
1970-01-01 00:00:00.000019981,0.9474470608452183
1970-01-01 00:00:00.000019982,0.9474470608452183
1970-01-01 00:00:00.000019983,0.9474470608452183
1970-01-01 00:00:00.000019984,0.9474470608452183
1970-01-01 00:00:00.000019985,0.9474470608452183
1970-01-01 00:00:00.000019986,0.9474470608452183
1970-01-01 00:00:00.000019987,0.9474470608452183
1970-01-01 00:00:00.000019988,0.9474470608452183
1970-01-01 00:00:00.000019989,0.9474470608452183
1970-01-01 00:00:00.000019990,0.9474470608452183
1970-01-01 00:00:00.000019991,0.9474470608452183
1970-01-01 00:00:00.000019992,0.9474470608452183
1970-01-01 00:00:00.000019993,0.9474470608452183
1970-01-01 00:00:00.000019994,0.9474470608452183
1970-01-01 00:00:00.000019995,0.9474470608452183
1970-01-01 00:00:00.000019996,0.9474470608452183
1970-01-01 00:00:00.000019997,0.9474470608452183
1970-01-01 00:00:00.000019998,0.9472951062221476
1970-01-01 00:00:00.000019999,0.9474126218051314
1970-01-01 00:00:00.000020000,0.947317880542951
1970-01-01 00:00:00.000020001,0.947317880542951
1970-01-01 00:00:00.000020002,0.947317880542951
1970-01-01 00:00:00.000020003,0.947317880542951
1970-01-01 00:00:00.000020004,0.947317880542951
1970-01-01 00:00:00.000020005,0.947317880542951
1970-01-01 00:00:00.000020006,0.947317880542951
1970-01-01 00:00:00.000020007,0.947317880542951
1970-01-01 00:00:00.000020008,0.947317880542951
1970-01-01 00:00:00.000020009,0.947317880542951
1970-01-01 00:00:00.000020010,0.947317880542951
1970-01-01 00:00:00.000020011,0.947317880542951
1970-01-01 00:00:00.000020012,0.947317880542951
1970-01-01 00:00:00.000020013,0.947317880542951
1970-01-01 00:00:00.000020014,0.947317880542951
1970-01-01 00:00:00.000020015,0.947317880542951
1970-01-01 00:00:00.000020016,0.947317880542951
1970-01-01 00:00:00.000020017,0.947317880542951
1970-01-01 00:00:00.000020018,0.947317880542951
1970-01-01 00:00:00.000020019,0.947317880542951
1970-01-01 00:00:00.000020020,0.947317880542951
1970-01-01 00:00:00.000020021,0.947317880542951
1970-01-01 00:00:00.000020022,0.947317880542951
1970-01-01 00:00:00.000020023,0.947317880542951
1970-01-01 00:00:00.000020024,0.947317880542951
1970-01-01 00:00:00.000020025,0.9485355799142556
1970-01-01 00:00:00.000020026,0.9463538138265621
1970-01-01 00:00:00.000020027,0.9462591784451795
1970-01-01 00:00:00.000020028,0.9462591784451795
1970-01-01 00:00:00.000020029,0.9462591784451795
1970-01-01 00:00:00.000020030,0.9462591784451795
1970-01-01 00:00:00.000020031,0.9462591784451795
1970-01-01 00:00:00.000020032,0.9479250943597523
1970-01-01 00:00:00.000020033,0.9481360049382679
1970-01-01 00:00:00.000020034,0.9480411913377741
1970-01-01 00:00:00.000020035,0.9466127071954992
1970-01-01 00:00:00.000020036,0.94787212312859
1970-01-01 00:00:00.000020037,0.9477773359162772
1970-01-01 00:00:00.000020038,0.9477773359162772
1970-01-01 00:00:00.000020039,0.9477773359162772
1970-01-01 00:00:00.000020040,0.9477773359162772
1970-01-01 00:00:00.000020041,0.9477773359162772
1970-01-01 00:00:00.000020042,0.9477773359162772
1970-01-01 00:00:00.000020043,0.9477773359162772
1970-01-01 00:00:00.000020044,0.9477773359162772
1970-01-01 00:00:00.000020045,0.9477773359162772
1970-01-01 00:00:00.000020046,0.9477773359162772
1970-01-01 00:00:00.000020047,0.9477773359162772
1970-01-01 00:00:00.000020048,0.9477773359162772
1970-01-01 00:00:00.000020049,0.9477773359162772
1970-01-01 00:00:00.000020050,0.9477773359162772
1970-01-01 00:00:00.000020051,0.9477773359162772
1970-01-01 00:00:00.000020052,0.9477773359162772
1970-01-01 00:00:00.000020053,0.9477773359162772
1970-01-01 00:00:00.000020054,0.9477773359162772
1970-01-01 00:00:00.000020055,0.9477773359162772
1970-01-01 00:00:00.000020056,0.9477773359162772
1970-01-01 00:00:00.000020057,0.9477773359162772
1970-01-01 00:00:00.000020058,0.9477773359162772
1970-01-01 00:00:00.000020059,0.9477773359162772
1970-01-01 00:00:00.000020060,0.9477773359162772
1970-01-01 00:00:00.000020061,0.9477773359162772
1970-01-01 00:00:00.000020062,0.9477773359162772
1970-01-01 00:00:00.000020063,0.9477773359162772
1970-01-01 00:00:00.000020064,0.9477773359162772
1970-01-01 00:00:00.000020065,0.9477773359162772
1970-01-01 00:00:00.000020066,0.9477773359162772
1970-01-01 00:00:00.000020067,0.9477773359162772
1970-01-01 00:00:00.000020068,0.9477773359162772
1970-01-01 00:00:00.000020069,0.9477773359162772
1970-01-01 00:00:00.000020070,0.9477773359162772
1970-01-01 00:00:00.000020071,0.9477773359162772
1970-01-01 00:00:00.000020072,0.9477773359162772
1970-01-01 00:00:00.000020073,0.9477773359162772
1970-01-01 00:00:00.000020074,0.9477773359162772
1970-01-01 00:00:00.000020075,0.9477773359162772
1970-01-01 00:00:00.000020076,0.9477773359162772
1970-01-01 00:00:00.000020077,0.9477773359162772
1970-01-01 00:00:00.000020078,0.9477773359162772
1970-01-01 00:00:00.000020079,0.9477773359162772
1970-01-01 00:00:00.000020080,0.9477773359162772
1970-01-01 00:00:00.000020081,0.9477773359162772
1970-01-01 00:00:00.000020082,0.9477773359162772
1970-01-01 00:00:00.000020083,0.9477773359162772
1970-01-01 00:00:00.000020084,0.9477773359162772
1970-01-01 00:00:00.000020085,0.9477773359162772
1970-01-01 00:00:00.000020086,0.9477773359162772
1970-01-01 00:00:00.000020087,0.9477773359162772
1970-01-01 00:00:00.000020088,0.9477773359162772
1970-01-01 00:00:00.000020089,0.9477773359162772
1970-01-01 00:00:00.000020090,0.9477773359162772
1970-01-01 00:00:00.000020091,0.9477773359162772
1970-01-01 00:00:00.000020092,0.9477773359162772
1970-01-01 00:00:00.000020093,0.9477773359162772
1970-01-01 00:00:00.000020094,0.9477773359162772
1970-01-01 00:00:00.000020095,0.9477773359162772
1970-01-01 00:00:00.000020096,0.9477773359162772
1970-01-01 00:00:00.000020097,0.9477773359162772
1970-01-01 00:00:00.000020098,0.9477773359162772
1970-01-01 00:00:00.000020099,0.9477773359162772
1970-01-01 00:00:00.000020100,0.9477773359162772
1970-01-01 00:00:00.000020101,0.9477773359162772
1970-01-01 00:00:00.000020102,0.9477773359162772
1970-01-01 00:00:00.000020103,0.9461028068126823
1970-01-01 00:00:00.000020104,0.9466813819622778
1970-01-01 00:00:00.000020105,0.9465867138240815
1970-01-01 00:00:00.000020106,0.9450441248472244
1970-01-01 00:00:00.000020107,0.9457744073647232
1970-01-01 00:00:00.000020108,0.9465173897531923
1970-01-01 00:00:00.000020109,0.9460316795936267
1970-01-01 00:00:00.000020110,0.9472376880954
1970-01-01 00:00:00.000020111,0.9463926274987537
1970-01-01 00:00:00.000020112,0.9499566585840987
1970-01-01 00:00:00.000020113,0.9498616629182404
1970-01-01 00:00:00.000020114,0.9498616629182404
1970-01-01 00:00:00.000020115,0.9495191198371549
1970-01-01 00:00:00.000020116,0.9501113119571085
1970-01-01 00:00:00.000020117,0.9492327685085825
1970-01-01 00:00:00.000020118,0.9474855860926304
1970-01-01 00:00:00.000020119,0.9473908375340212
1970-01-01 00:00:00.000020120,0.9473908375340212
1970-01-01 00:00:00.000020121,0.9473908375340212
1970-01-01 00:00:00.000020122,0.9473908375340212
1970-01-01 00:00:00.000020123,0.9469450392448744
1970-01-01 00:00:00.000020124,0.9449574035450463
1970-01-01 00:00:00.000020125,0.9448629078046918
1970-01-01 00:00:00.000020126,0.9448629078046918
1970-01-01 00:00:00.000020127,0.9448629078046918
1970-01-01 00:00:00.000020128,0.9448629078046918
1970-01-01 00:00:00.000020129,0.9448629078046918
1970-01-01 00:00:00.000020130,0.9448629078046918
1970-01-01 00:00:00.000020131,0.9448629078046918
1970-01-01 00:00:00.000020132,0.9448629078046918
1970-01-01 00:00:00.000020133,0.9448629078046918
1970-01-01 00:00:00.000020134,0.9448629078046918
1970-01-01 00:00:00.000020135,0.9448629078046918
1970-01-01 00:00:00.000020136,0.9458379656608528
1970-01-01 00:00:00.000020137,0.9455671315249002
1970-01-01 00:00:00.000020138,0.9454725748117477
1970-01-01 00:00:00.000020139,0.9454725748117477
1970-01-01 00:00:00.000020140,0.9454725748117477
1970-01-01 00:00:00.000020141,0.9454725748117477
1970-01-01 00:00:00.000020142,0.9454725748117477
1970-01-01 00:00:00.000020143,0.9454725748117477
1970-01-01 00:00:00.000020144,0.9454725748117477
1970-01-01 00:00:00.000020145,0.9454725748117477
1970-01-01 00:00:00.000020146,0.9454725748117477
1970-01-01 00:00:00.000020147,0.9454725748117477
1970-01-01 00:00:00.000020148,0.9454725748117477
1970-01-01 00:00:00.000020149,0.9454725748117477
1970-01-01 00:00:00.000020150,0.9454725748117477
1970-01-01 00:00:00.000020151,0.9454725748117477
1970-01-01 00:00:00.000020152,0.9454725748117477
1970-01-01 00:00:00.000020153,0.9454725748117477
1970-01-01 00:00:00.000020154,0.9454725748117477
1970-01-01 00:00:00.000020155,0.9454725748117477
1970-01-01 00:00:00.000020156,0.9454725748117477
1970-01-01 00:00:00.000020157,0.9454725748117477
1970-01-01 00:00:00.000020158,0.9454725748117477
1970-01-01 00:00:00.000020159,0.9454725748117477
1970-01-01 00:00:00.000020160,0.9454725748117477
1970-01-01 00:00:00.000020161,0.9454725748117477
1970-01-01 00:00:00.000020162,0.9454725748117477
1970-01-01 00:00:00.000020163,0.9454725748117477
1970-01-01 00:00:00.000020164,0.9454725748117477
1970-01-01 00:00:00.000020165,0.9454725748117477
1970-01-01 00:00:00.000020166,0.9454725748117477
1970-01-01 00:00:00.000020167,0.9454725748117477
1970-01-01 00:00:00.000020168,0.9454725748117477
1970-01-01 00:00:00.000020169,0.9454725748117477
1970-01-01 00:00:00.000020170,0.9454725748117477
1970-01-01 00:00:00.000020171,0.9454725748117477
1970-01-01 00:00:00.000020172,0.9454725748117477
1970-01-01 00:00:00.000020173,0.9454725748117477
1970-01-01 00:00:00.000020174,0.9454725748117477
1970-01-01 00:00:00.000020175,0.9454725748117477
1970-01-01 00:00:00.000020176,0.9454725748117477
1970-01-01 00:00:00.000020177,0.9454725748117477
1970-01-01 00:00:00.000020178,0.9454725748117477
1970-01-01 00:00:00.000020179,0.9454725748117477
1970-01-01 00:00:00.000020180,0.9454725748117477
1970-01-01 00:00:00.000020181,0.9454725748117477
1970-01-01 00:00:00.000020182,0.9454725748117477
1970-01-01 00:00:00.000020183,0.9454725748117477
1970-01-01 00:00:00.000020184,0.9454725748117477
1970-01-01 00:00:00.000020185,0.9454725748117477
1970-01-01 00:00:00.000020186,0.9454725748117477
1970-01-01 00:00:00.000020187,0.9454725748117477
1970-01-01 00:00:00.000020188,0.9454725748117477
1970-01-01 00:00:00.000020189,0.9454725748117477
1970-01-01 00:00:00.000020190,0.9454725748117477
1970-01-01 00:00:00.000020191,0.9454725748117477
1970-01-01 00:00:00.000020192,0.9454725748117477
1970-01-01 00:00:00.000020193,0.9454725748117477
1970-01-01 00:00:00.000020194,0.9454725748117477
1970-01-01 00:00:00.000020195,0.9454725748117477
1970-01-01 00:00:00.000020196,0.9454725748117477
1970-01-01 00:00:00.000020197,0.9454725748117477
1970-01-01 00:00:00.000020198,0.9454725748117477
1970-01-01 00:00:00.000020199,0.9454725748117477
1970-01-01 00:00:00.000020200,0.9454725748117477
1970-01-01 00:00:00.000020201,0.9454725748117477
1970-01-01 00:00:00.000020202,0.9454725748117477
1970-01-01 00:00:00.000020203,0.9454725748117477
1970-01-01 00:00:00.000020204,0.9454725748117477
1970-01-01 00:00:00.000020205,0.9454725748117477
1970-01-01 00:00:00.000020206,0.9454725748117477
1970-01-01 00:00:00.000020207,0.9454725748117477
1970-01-01 00:00:00.000020208,0.9454725748117477
1970-01-01 00:00:00.000020209,0.9454725748117477
1970-01-01 00:00:00.000020210,0.9454725748117477
1970-01-01 00:00:00.000020211,0.9454725748117477
1970-01-01 00:00:00.000020212,0.9454725748117477
1970-01-01 00:00:00.000020213,0.9454725748117477
1970-01-01 00:00:00.000020214,0.9454725748117477
1970-01-01 00:00:00.000020215,0.9454725748117477
1970-01-01 00:00:00.000020216,0.9454725748117477
1970-01-01 00:00:00.000020217,0.9454725748117477
1970-01-01 00:00:00.000020218,0.9454725748117477
1970-01-01 00:00:00.000020219,0.9454725748117477
1970-01-01 00:00:00.000020220,0.9436683923888057
1970-01-01 00:00:00.000020221,0.9433257009820498
1970-01-01 00:00:00.000020222,0.9432313684119517
1970-01-01 00:00:00.000020223,0.9432313684119517
1970-01-01 00:00:00.000020224,0.9432313684119517
1970-01-01 00:00:00.000020225,0.9432313684119517
1970-01-01 00:00:00.000020226,0.9432313684119517
1970-01-01 00:00:00.000020227,0.9432313684119517
1970-01-01 00:00:00.000020228,0.9432313684119517
1970-01-01 00:00:00.000020229,0.9432313684119517
1970-01-01 00:00:00.000020230,0.9432313684119517
1970-01-01 00:00:00.000020231,0.9432313684119517
1970-01-01 00:00:00.000020232,0.9432313684119517
1970-01-01 00:00:00.000020233,0.9432313684119517
1970-01-01 00:00:00.000020234,0.9432313684119517
1970-01-01 00:00:00.000020235,0.9432313684119517
1970-01-01 00:00:00.000020236,0.9432313684119517
1970-01-01 00:00:00.000020237,0.9432313684119517
1970-01-01 00:00:00.000020238,0.9432313684119517
1970-01-01 00:00:00.000020239,0.9432313684119517
1970-01-01 00:00:00.000020240,0.9432313684119517
1970-01-01 00:00:00.000020241,0.9432313684119517
1970-01-01 00:00:00.000020242,0.9432313684119517
1970-01-01 00:00:00.000020243,0.9432313684119517
1970-01-01 00:00:00.000020244,0.9432313684119517
1970-01-01 00:00:00.000020245,0.9432313684119517
1970-01-01 00:00:00.000020246,0.9432313684119517
1970-01-01 00:00:00.000020247,0.9432313684119517
1970-01-01 00:00:00.000020248,0.9432313684119517
1970-01-01 00:00:00.000020249,0.9432313684119517
1970-01-01 00:00:00.000020250,0.9432313684119517
1970-01-01 00:00:00.000020251,0.9432313684119517
1970-01-01 00:00:00.000020252,0.9432313684119517
1970-01-01 00:00:00.000020253,0.9432313684119517
1970-01-01 00:00:00.000020254,0.9432313684119517
1970-01-01 00:00:00.000020255,0.9432313684119517
1970-01-01 00:00:00.000020256,0.9432313684119517
1970-01-01 00:00:00.000020257,0.9432313684119517
1970-01-01 00:00:00.000020258,0.9432313684119517
1970-01-01 00:00:00.000020259,0.9432313684119517
1970-01-01 00:00:00.000020260,0.9432313684119517
1970-01-01 00:00:00.000020261,0.9432313684119517
1970-01-01 00:00:00.000020262,0.9432313684119517
1970-01-01 00:00:00.000020263,0.9446318458204497
1970-01-01 00:00:00.000020264,0.9441989250120442
1970-01-01 00:00:00.000020265,0.944104505119543
1970-01-01 00:00:00.000020266,0.944104505119543
1970-01-01 00:00:00.000020267,0.944104505119543
1970-01-01 00:00:00.000020268,0.9441960072970405
1970-01-01 00:00:00.000020269,0.9444169756846938
1970-01-01 00:00:00.000020270,0.9443460298459451
1970-01-01 00:00:00.000020271,0.9442251827767955
1970-01-01 00:00:00.000020272,0.9436153674212583
1970-01-01 00:00:00.000020273,0.9443280143857684
1970-01-01 00:00:00.000020274,0.9447078536235638
1970-01-01 00:00:00.000020275,0.9446133828382014
1970-01-01 00:00:00.000020276,0.9446133828382014
1970-01-01 00:00:00.000020277,0.9446133828382014
1970-01-01 00:00:00.000020278,0.9445869220861427
1970-01-01 00:00:00.000020279,0.9440602096543007
1970-01-01 00:00:00.000020280,0.9439658036333353
1970-01-01 00:00:00.000020281,0.9439658036333353
1970-01-01 00:00:00.000020282,0.9439658036333353
1970-01-01 00:00:00.000020283,0.9439658036333353
1970-01-01 00:00:00.000020284,0.9439658036333353
1970-01-01 00:00:00.000020285,0.9439658036333353
1970-01-01 00:00:00.000020286,0.9440152520191968
1970-01-01 00:00:00.000020287,0.9437768337337943
1970-01-01 00:00:00.000020288,0.9437932215105018
1970-01-01 00:00:00.000020289,0.9448433120568188
1970-01-01 00:00:00.000020290,0.9434422367006269
1970-01-01 00:00:00.000020291,0.9428944394656316
1970-01-01 00:00:00.000020292,0.9429611043048599
1970-01-01 00:00:00.000020293,0.9429750259598301
1970-01-01 00:00:00.000020294,0.9435348355942568
1970-01-01 00:00:00.000020295,0.943143279104183
1970-01-01 00:00:00.000020296,0.9424486282973314
1970-01-01 00:00:00.000020297,0.9430483731934439
1970-01-01 00:00:00.000020298,0.942734857523517
1970-01-01 00:00:00.000020299,0.9429744690936311
1970-01-01 00:00:00.000020300,0.942058503748912
1970-01-01 00:00:00.000020301,0.9416230343814469
1970-01-01 00:00:00.000020302,0.9416706862176016
1970-01-01 00:00:00.000020303,0.9415765191489799
1970-01-01 00:00:00.000020304,0.9415765191489799
1970-01-01 00:00:00.000020305,0.9415765191489799
1970-01-01 00:00:00.000020306,0.9415765191489799
1970-01-01 00:00:00.000020307,0.9415765191489799
1970-01-01 00:00:00.000020308,0.9415765191489799
1970-01-01 00:00:00.000020309,0.9415765191489799
1970-01-01 00:00:00.000020310,0.9415765191489799
1970-01-01 00:00:00.000020311,0.9415765191489799
1970-01-01 00:00:00.000020312,0.9415765191489799
1970-01-01 00:00:00.000020313,0.9415765191489799
1970-01-01 00:00:00.000020314,0.9415765191489799
1970-01-01 00:00:00.000020315,0.9415765191489799
1970-01-01 00:00:00.000020316,0.9415765191489799
1970-01-01 00:00:00.000020317,0.9415765191489799
1970-01-01 00:00:00.000020318,0.9415765191489799
1970-01-01 00:00:00.000020319,0.9415765191489799
1970-01-01 00:00:00.000020320,0.9415765191489799
1970-01-01 00:00:00.000020321,0.9415765191489799
1970-01-01 00:00:00.000020322,0.9415765191489799
1970-01-01 00:00:00.000020323,0.9415765191489799
1970-01-01 00:00:00.000020324,0.9415765191489799
1970-01-01 00:00:00.000020325,0.9415765191489799
1970-01-01 00:00:00.000020326,0.9415765191489799
1970-01-01 00:00:00.000020327,0.9415765191489799
1970-01-01 00:00:00.000020328,0.9415765191489799
1970-01-01 00:00:00.000020329,0.9415765191489799
1970-01-01 00:00:00.000020330,0.9415765191489799
1970-01-01 00:00:00.000020331,0.9415765191489799
1970-01-01 00:00:00.000020332,0.9415765191489799
1970-01-01 00:00:00.000020333,0.9415765191489799
1970-01-01 00:00:00.000020334,0.9415765191489799
1970-01-01 00:00:00.000020335,0.9415765191489799
1970-01-01 00:00:00.000020336,0.9415765191489799
1970-01-01 00:00:00.000020337,0.9415765191489799
1970-01-01 00:00:00.000020338,0.9415765191489799
1970-01-01 00:00:00.000020339,0.9415765191489799
1970-01-01 00:00:00.000020340,0.9415765191489799
1970-01-01 00:00:00.000020341,0.9415765191489799
1970-01-01 00:00:00.000020342,0.9415765191489799
1970-01-01 00:00:00.000020343,0.9415765191489799
1970-01-01 00:00:00.000020344,0.9415765191489799
1970-01-01 00:00:00.000020345,0.9415765191489799
1970-01-01 00:00:00.000020346,0.9415765191489799
1970-01-01 00:00:00.000020347,0.9415765191489799
1970-01-01 00:00:00.000020348,0.9415765191489799
1970-01-01 00:00:00.000020349,0.9390754385616863
1970-01-01 00:00:00.000020350,0.9392417635232134
1970-01-01 00:00:00.000020351,0.9355820464307231
1970-01-01 00:00:00.000020352,0.9395332784435876
1970-01-01 00:00:00.000020353,0.9372450526436119
1970-01-01 00:00:00.000020354,0.9365090849723863
1970-01-01 00:00:00.000020355,0.936415434063889
1970-01-01 00:00:00.000020356,0.9407362212622684
1970-01-01 00:00:00.000020357,0.9416024732096036
1970-01-01 00:00:00.000020358,0.9415083129622827
1970-01-01 00:00:00.000020359,0.9415083129622827
1970-01-01 00:00:00.000020360,0.9415083129622827
1970-01-01 00:00:00.000020361,0.9415083129622827
1970-01-01 00:00:00.000020362,0.9415083129622827
1970-01-01 00:00:00.000020363,0.9415083129622827
1970-01-01 00:00:00.000020364,0.9415083129622827
1970-01-01 00:00:00.000020365,0.9415083129622827
1970-01-01 00:00:00.000020366,0.9415083129622827
1970-01-01 00:00:00.000020367,0.9415083129622827
1970-01-01 00:00:00.000020368,0.9415083129622827
1970-01-01 00:00:00.000020369,0.9415083129622827
1970-01-01 00:00:00.000020370,0.9415083129622827
1970-01-01 00:00:00.000020371,0.9415083129622827
1970-01-01 00:00:00.000020372,0.9415083129622827
1970-01-01 00:00:00.000020373,0.9415083129622827
1970-01-01 00:00:00.000020374,0.9415083129622827
1970-01-01 00:00:00.000020375,0.9415083129622827
1970-01-01 00:00:00.000020376,0.9415083129622827
1970-01-01 00:00:00.000020377,0.9415083129622827
1970-01-01 00:00:00.000020378,0.9415083129622827
1970-01-01 00:00:00.000020379,0.9415083129622827
1970-01-01 00:00:00.000020380,0.9415083129622827
1970-01-01 00:00:00.000020381,0.9415083129622827
1970-01-01 00:00:00.000020382,0.9415083129622827
1970-01-01 00:00:00.000020383,0.9415083129622827
1970-01-01 00:00:00.000020384,0.9394423148353445
1970-01-01 00:00:00.000020385,0.9407606339074456
1970-01-01 00:00:00.000020386,0.9406665578440548
1970-01-01 00:00:00.000020387,0.943763171107303
1970-01-01 00:00:00.000020388,0.9462420471216209
1970-01-01 00:00:00.000020389,0.9461474229169087
1970-01-01 00:00:00.000020390,0.9461474229169087
1970-01-01 00:00:00.000020391,0.9461474229169087
1970-01-01 00:00:00.000020392,0.9461474229169087
1970-01-01 00:00:00.000020393,0.9461474229169087
1970-01-01 00:00:00.000020394,0.9461474229169087
1970-01-01 00:00:00.000020395,0.9461474229169087
1970-01-01 00:00:00.000020396,0.9461474229169087
1970-01-01 00:00:00.000020397,0.9461474229169087
1970-01-01 00:00:00.000020398,0.9461474229169087
1970-01-01 00:00:00.000020399,0.9461474229169087
1970-01-01 00:00:00.000020400,0.9461474229169087
1970-01-01 00:00:00.000020401,0.9461474229169087
1970-01-01 00:00:00.000020402,0.9461474229169087
1970-01-01 00:00:00.000020403,0.9461474229169087
1970-01-01 00:00:00.000020404,0.9461474229169087
1970-01-01 00:00:00.000020405,0.9461474229169087
1970-01-01 00:00:00.000020406,0.9461474229169087
1970-01-01 00:00:00.000020407,0.9461474229169087
1970-01-01 00:00:00.000020408,0.9461474229169087
1970-01-01 00:00:00.000020409,0.9461474229169087
1970-01-01 00:00:00.000020410,0.9461474229169087
1970-01-01 00:00:00.000020411,0.9461474229169087
1970-01-01 00:00:00.000020412,0.9461474229169087
1970-01-01 00:00:00.000020413,0.9461474229169087
1970-01-01 00:00:00.000020414,0.9461474229169087
1970-01-01 00:00:00.000020415,0.9461474229169087
1970-01-01 00:00:00.000020416,0.9461474229169087
1970-01-01 00:00:00.000020417,0.9461474229169087
1970-01-01 00:00:00.000020418,0.9461474229169087
1970-01-01 00:00:00.000020419,0.9461474229169087
1970-01-01 00:00:00.000020420,0.9461474229169087
1970-01-01 00:00:00.000020421,0.9461474229169087
1970-01-01 00:00:00.000020422,0.9461474229169087
1970-01-01 00:00:00.000020423,0.9461474229169087
1970-01-01 00:00:00.000020424,0.9461474229169087
1970-01-01 00:00:00.000020425,0.9461474229169087
1970-01-01 00:00:00.000020426,0.9461474229169087
1970-01-01 00:00:00.000020427,0.9461474229169087
1970-01-01 00:00:00.000020428,0.9461474229169087
1970-01-01 00:00:00.000020429,0.9461474229169087
1970-01-01 00:00:00.000020430,0.9461474229169087
1970-01-01 00:00:00.000020431,0.9461474229169087
1970-01-01 00:00:00.000020432,0.9461474229169087
1970-01-01 00:00:00.000020433,0.9461474229169087
1970-01-01 00:00:00.000020434,0.9461474229169087
1970-01-01 00:00:00.000020435,0.9461474229169087
1970-01-01 00:00:00.000020436,0.9461474229169087
1970-01-01 00:00:00.000020437,0.9461474229169087
1970-01-01 00:00:00.000020438,0.9461474229169087
1970-01-01 00:00:00.000020439,0.9461474229169087
1970-01-01 00:00:00.000020440,0.9461474229169087
1970-01-01 00:00:00.000020441,0.9461474229169087
1970-01-01 00:00:00.000020442,0.9461474229169087
1970-01-01 00:00:00.000020443,0.9461474229169087
1970-01-01 00:00:00.000020444,0.9461474229169087
1970-01-01 00:00:00.000020445,0.9461474229169087
1970-01-01 00:00:00.000020446,0.9461474229169087
1970-01-01 00:00:00.000020447,0.9461474229169087
1970-01-01 00:00:00.000020448,0.9461474229169087
1970-01-01 00:00:00.000020449,0.9461474229169087
1970-01-01 00:00:00.000020450,0.9461474229169087
1970-01-01 00:00:00.000020451,0.9461474229169087
1970-01-01 00:00:00.000020452,0.9461474229169087
1970-01-01 00:00:00.000020453,0.9461474229169087
1970-01-01 00:00:00.000020454,0.9461474229169087
1970-01-01 00:00:00.000020455,0.9461474229169087
1970-01-01 00:00:00.000020456,0.9461474229169087
1970-01-01 00:00:00.000020457,0.9461474229169087
1970-01-01 00:00:00.000020458,0.9461474229169087
1970-01-01 00:00:00.000020459,0.9461474229169087
1970-01-01 00:00:00.000020460,0.9461474229169087
1970-01-01 00:00:00.000020461,0.9461474229169087
1970-01-01 00:00:00.000020462,0.9461474229169087
1970-01-01 00:00:00.000020463,0.9461474229169087
1970-01-01 00:00:00.000020464,0.9461474229169087
1970-01-01 00:00:00.000020465,0.9461474229169087
1970-01-01 00:00:00.000020466,0.9461474229169087
1970-01-01 00:00:00.000020467,0.9461474229169087
1970-01-01 00:00:00.000020468,0.9461474229169087
1970-01-01 00:00:00.000020469,0.9461474229169087
1970-01-01 00:00:00.000020470,0.9461474229169087
1970-01-01 00:00:00.000020471,0.9461474229169087
1970-01-01 00:00:00.000020472,0.9461474229169087
1970-01-01 00:00:00.000020473,0.9461474229169087
1970-01-01 00:00:00.000020474,0.9461474229169087
1970-01-01 00:00:00.000020475,0.9461474229169087
1970-01-01 00:00:00.000020476,0.9461474229169087
1970-01-01 00:00:00.000020477,0.9461474229169087
1970-01-01 00:00:00.000020478,0.9461474229169087
1970-01-01 00:00:00.000020479,0.9461474229169087
1970-01-01 00:00:00.000020480,0.9461474229169087
1970-01-01 00:00:00.000020481,0.9461474229169087
1970-01-01 00:00:00.000020482,0.9461474229169087
1970-01-01 00:00:00.000020483,0.9461474229169087
1970-01-01 00:00:00.000020484,0.9461474229169087
1970-01-01 00:00:00.000020485,0.9461474229169087
1970-01-01 00:00:00.000020486,0.9461474229169087
1970-01-01 00:00:00.000020487,0.9461474229169087
1970-01-01 00:00:00.000020488,0.9461474229169087
1970-01-01 00:00:00.000020489,0.9461474229169087
1970-01-01 00:00:00.000020490,0.9461474229169087
1970-01-01 00:00:00.000020491,0.9461474229169087
1970-01-01 00:00:00.000020492,0.9461474229169087
1970-01-01 00:00:00.000020493,0.9461474229169087
1970-01-01 00:00:00.000020494,0.9461474229169087
1970-01-01 00:00:00.000020495,0.9461474229169087
1970-01-01 00:00:00.000020496,0.9461474229169087
1970-01-01 00:00:00.000020497,0.9461474229169087
1970-01-01 00:00:00.000020498,0.9461474229169087
1970-01-01 00:00:00.000020499,0.9461474229169087
1970-01-01 00:00:00.000020500,0.9461474229169087
1970-01-01 00:00:00.000020501,0.9461474229169087
1970-01-01 00:00:00.000020502,0.9461474229169087
1970-01-01 00:00:00.000020503,0.9461474229169087
1970-01-01 00:00:00.000020504,0.9461474229169087
1970-01-01 00:00:00.000020505,0.9461474229169087
1970-01-01 00:00:00.000020506,0.9461474229169087
1970-01-01 00:00:00.000020507,0.9461474229169087
1970-01-01 00:00:00.000020508,0.9461474229169087
1970-01-01 00:00:00.000020509,0.9461474229169087
1970-01-01 00:00:00.000020510,0.9461474229169087
1970-01-01 00:00:00.000020511,0.9461474229169087
1970-01-01 00:00:00.000020512,0.9461474229169087
1970-01-01 00:00:00.000020513,0.9461474229169087
1970-01-01 00:00:00.000020514,0.9461474229169087
1970-01-01 00:00:00.000020515,0.9461474229169087
1970-01-01 00:00:00.000020516,0.9461474229169087
1970-01-01 00:00:00.000020517,0.9461474229169087
1970-01-01 00:00:00.000020518,0.9461474229169087
1970-01-01 00:00:00.000020519,0.9461474229169087
1970-01-01 00:00:00.000020520,0.9450955593736934
1970-01-01 00:00:00.000020521,0.9460694469726151
1970-01-01 00:00:00.000020522,0.9459748400279179
1970-01-01 00:00:00.000020523,0.9459748400279179
1970-01-01 00:00:00.000020524,0.9459748400279179
1970-01-01 00:00:00.000020525,0.9463334724953072
1970-01-01 00:00:00.000020526,0.9418638969221393
1970-01-01 00:00:00.000020527,0.9429008505400382
1970-01-01 00:00:00.000020528,0.9435300218959292
1970-01-01 00:00:00.000020529,0.9435080340480909
1970-01-01 00:00:00.000020530,0.9434136832446861
1970-01-01 00:00:00.000020531,0.9434136832446861
1970-01-01 00:00:00.000020532,0.9434136832446861
1970-01-01 00:00:00.000020533,0.9434136832446861
1970-01-01 00:00:00.000020534,0.9434136832446861
1970-01-01 00:00:00.000020535,0.9434136832446861
1970-01-01 00:00:00.000020536,0.9434136832446861
1970-01-01 00:00:00.000020537,0.9434136832446861
1970-01-01 00:00:00.000020538,0.9434136832446861
1970-01-01 00:00:00.000020539,0.9434136832446861
1970-01-01 00:00:00.000020540,0.9434136832446861
1970-01-01 00:00:00.000020541,0.9434136832446861
1970-01-01 00:00:00.000020542,0.9434136832446861
1970-01-01 00:00:00.000020543,0.9434136832446861
1970-01-01 00:00:00.000020544,0.9434136832446861
1970-01-01 00:00:00.000020545,0.9434136832446861
1970-01-01 00:00:00.000020546,0.9434136832446861
1970-01-01 00:00:00.000020547,0.9434136832446861
1970-01-01 00:00:00.000020548,0.9434136832446861
1970-01-01 00:00:00.000020549,0.9434136832446861
1970-01-01 00:00:00.000020550,0.9434136832446861
1970-01-01 00:00:00.000020551,0.9434136832446861
1970-01-01 00:00:00.000020552,0.9434136832446861
1970-01-01 00:00:00.000020553,0.9434136832446861
1970-01-01 00:00:00.000020554,0.9434136832446861
1970-01-01 00:00:00.000020555,0.9434136832446861
1970-01-01 00:00:00.000020556,0.9434136832446861
1970-01-01 00:00:00.000020557,0.9434136832446861
1970-01-01 00:00:00.000020558,0.9434136832446861
1970-01-01 00:00:00.000020559,0.9434136832446861
1970-01-01 00:00:00.000020560,0.9434136832446861
1970-01-01 00:00:00.000020561,0.9434136832446861
1970-01-01 00:00:00.000020562,0.9434136832446861
1970-01-01 00:00:00.000020563,0.9434136832446861
1970-01-01 00:00:00.000020564,0.9434136832446861
1970-01-01 00:00:00.000020565,0.9434136832446861
1970-01-01 00:00:00.000020566,0.9434136832446861
1970-01-01 00:00:00.000020567,0.9434136832446861
1970-01-01 00:00:00.000020568,0.9434136832446861
1970-01-01 00:00:00.000020569,0.9434136832446861
1970-01-01 00:00:00.000020570,0.9434136832446861
1970-01-01 00:00:00.000020571,0.9434136832446861
1970-01-01 00:00:00.000020572,0.9434136832446861
1970-01-01 00:00:00.000020573,0.9434136832446861
1970-01-01 00:00:00.000020574,0.9434136832446861
1970-01-01 00:00:00.000020575,0.9434136832446861
1970-01-01 00:00:00.000020576,0.9434136832446861
1970-01-01 00:00:00.000020577,0.9434136832446861
1970-01-01 00:00:00.000020578,0.9434136832446861
1970-01-01 00:00:00.000020579,0.9434136832446861
1970-01-01 00:00:00.000020580,0.9434136832446861
1970-01-01 00:00:00.000020581,0.9434136832446861
1970-01-01 00:00:00.000020582,0.9434136832446861
1970-01-01 00:00:00.000020583,0.9434136832446861
1970-01-01 00:00:00.000020584,0.9434136832446861
1970-01-01 00:00:00.000020585,0.9434136832446861
1970-01-01 00:00:00.000020586,0.9434136832446861
1970-01-01 00:00:00.000020587,0.9434136832446861
1970-01-01 00:00:00.000020588,0.9434136832446861
1970-01-01 00:00:00.000020589,0.9434136832446861
1970-01-01 00:00:00.000020590,0.9434136832446861
1970-01-01 00:00:00.000020591,0.9434136832446861
1970-01-01 00:00:00.000020592,0.9434136832446861
1970-01-01 00:00:00.000020593,0.9434136832446861
1970-01-01 00:00:00.000020594,0.9434136832446861
1970-01-01 00:00:00.000020595,0.9434136832446861
1970-01-01 00:00:00.000020596,0.9434136832446861
1970-01-01 00:00:00.000020597,0.9434136832446861
1970-01-01 00:00:00.000020598,0.9434136832446861
1970-01-01 00:00:00.000020599,0.9434136832446861
1970-01-01 00:00:00.000020600,0.9434136832446861
1970-01-01 00:00:00.000020601,0.9434136832446861
1970-01-01 00:00:00.000020602,0.9434136832446861
1970-01-01 00:00:00.000020603,0.9434136832446861
1970-01-01 00:00:00.000020604,0.9434136832446861
1970-01-01 00:00:00.000020605,0.9434136832446861
1970-01-01 00:00:00.000020606,0.9434136832446861
1970-01-01 00:00:00.000020607,0.9434136832446861
1970-01-01 00:00:00.000020608,0.9434136832446861
1970-01-01 00:00:00.000020609,0.9434136832446861
1970-01-01 00:00:00.000020610,0.9434136832446861
1970-01-01 00:00:00.000020611,0.9434136832446861
1970-01-01 00:00:00.000020612,0.9434136832446861
1970-01-01 00:00:00.000020613,0.9434136832446861
1970-01-01 00:00:00.000020614,0.9434136832446861
1970-01-01 00:00:00.000020615,0.9434136832446861
1970-01-01 00:00:00.000020616,0.9434136832446861
1970-01-01 00:00:00.000020617,0.9434136832446861
1970-01-01 00:00:00.000020618,0.9434136832446861
1970-01-01 00:00:00.000020619,0.9434136832446861
1970-01-01 00:00:00.000020620,0.9434136832446861
1970-01-01 00:00:00.000020621,0.9434136832446861
1970-01-01 00:00:00.000020622,0.9434136832446861
1970-01-01 00:00:00.000020623,0.9434136832446861
1970-01-01 00:00:00.000020624,0.9434136832446861
1970-01-01 00:00:00.000020625,0.9434136832446861
1970-01-01 00:00:00.000020626,0.9434136832446861
1970-01-01 00:00:00.000020627,0.9434136832446861
1970-01-01 00:00:00.000020628,0.9434136832446861
1970-01-01 00:00:00.000020629,0.9434136832446861
1970-01-01 00:00:00.000020630,0.9434136832446861
1970-01-01 00:00:00.000020631,0.9434136832446861
1970-01-01 00:00:00.000020632,0.9434136832446861
1970-01-01 00:00:00.000020633,0.9434136832446861
1970-01-01 00:00:00.000020634,0.9434136832446861
1970-01-01 00:00:00.000020635,0.9434136832446861
1970-01-01 00:00:00.000020636,0.9434136832446861
1970-01-01 00:00:00.000020637,0.9434136832446861
1970-01-01 00:00:00.000020638,0.9434136832446861
1970-01-01 00:00:00.000020639,0.9434136832446861
1970-01-01 00:00:00.000020640,0.9434136832446861
1970-01-01 00:00:00.000020641,0.9434136832446861
1970-01-01 00:00:00.000020642,0.9434136832446861
1970-01-01 00:00:00.000020643,0.9434136832446861
1970-01-01 00:00:00.000020644,0.9434136832446861
1970-01-01 00:00:00.000020645,0.9434136832446861
1970-01-01 00:00:00.000020646,0.9434136832446861
1970-01-01 00:00:00.000020647,0.9434136832446861
1970-01-01 00:00:00.000020648,0.9434136832446861
1970-01-01 00:00:00.000020649,0.9434136832446861
1970-01-01 00:00:00.000020650,0.9434136832446861
1970-01-01 00:00:00.000020651,0.9434136832446861
1970-01-01 00:00:00.000020652,0.9434136832446861
1970-01-01 00:00:00.000020653,0.9434136832446861
1970-01-01 00:00:00.000020654,0.9434136832446861
1970-01-01 00:00:00.000020655,0.9434136832446861
1970-01-01 00:00:00.000020656,0.9434136832446861
1970-01-01 00:00:00.000020657,0.9434136832446861
1970-01-01 00:00:00.000020658,0.9434136832446861
1970-01-01 00:00:00.000020659,0.9434136832446861
1970-01-01 00:00:00.000020660,0.9434136832446861
1970-01-01 00:00:00.000020661,0.9434136832446861
1970-01-01 00:00:00.000020662,0.9434136832446861
1970-01-01 00:00:00.000020663,0.9434136832446861
1970-01-01 00:00:00.000020664,0.9434136832446861
1970-01-01 00:00:00.000020665,0.9434136832446861
1970-01-01 00:00:00.000020666,0.9434136832446861
1970-01-01 00:00:00.000020667,0.9434136832446861
1970-01-01 00:00:00.000020668,0.9434136832446861
1970-01-01 00:00:00.000020669,0.9434136832446861
1970-01-01 00:00:00.000020670,0.9434136832446861
1970-01-01 00:00:00.000020671,0.9434136832446861
1970-01-01 00:00:00.000020672,0.9434136832446861
1970-01-01 00:00:00.000020673,0.9434136832446861
1970-01-01 00:00:00.000020674,0.9434136832446861
1970-01-01 00:00:00.000020675,0.9434136832446861
1970-01-01 00:00:00.000020676,0.9434136832446861
1970-01-01 00:00:00.000020677,0.9434136832446861
1970-01-01 00:00:00.000020678,0.9434136832446861
1970-01-01 00:00:00.000020679,0.9434136832446861
1970-01-01 00:00:00.000020680,0.9434136832446861
1970-01-01 00:00:00.000020681,0.9434136832446861
1970-01-01 00:00:00.000020682,0.9434136832446861
1970-01-01 00:00:00.000020683,0.9434136832446861
1970-01-01 00:00:00.000020684,0.9434136832446861
1970-01-01 00:00:00.000020685,0.9434136832446861
1970-01-01 00:00:00.000020686,0.9434136832446861
1970-01-01 00:00:00.000020687,0.9434136832446861
1970-01-01 00:00:00.000020688,0.9434136832446861
1970-01-01 00:00:00.000020689,0.9434136832446861
1970-01-01 00:00:00.000020690,0.9438273279021507
1970-01-01 00:00:00.000020691,0.9435223523263704
1970-01-01 00:00:00.000020692,0.9434280000911378
1970-01-01 00:00:00.000020693,0.9434280000911378
1970-01-01 00:00:00.000020694,0.9434280000911378
1970-01-01 00:00:00.000020695,0.9434280000911378
1970-01-01 00:00:00.000020696,0.9434280000911378
1970-01-01 00:00:00.000020697,0.9434280000911378
1970-01-01 00:00:00.000020698,0.9411388341794737
1970-01-01 00:00:00.000020699,0.9432129412409638
1970-01-01 00:00:00.000020700,0.9431186199468397
1970-01-01 00:00:00.000020701,0.9431186199468397
1970-01-01 00:00:00.000020702,0.9431186199468397
1970-01-01 00:00:00.000020703,0.9431186199468397
1970-01-01 00:00:00.000020704,0.9431186199468397
1970-01-01 00:00:00.000020705,0.9431186199468397
1970-01-01 00:00:00.000020706,0.9431186199468397
1970-01-01 00:00:00.000020707,0.9431186199468397
1970-01-01 00:00:00.000020708,0.9431186199468397
1970-01-01 00:00:00.000020709,0.9431186199468397
1970-01-01 00:00:00.000020710,0.9431186199468397
1970-01-01 00:00:00.000020711,0.9431186199468397
1970-01-01 00:00:00.000020712,0.9431186199468397
1970-01-01 00:00:00.000020713,0.9431186199468397
1970-01-01 00:00:00.000020714,0.9431186199468397
1970-01-01 00:00:00.000020715,0.9431186199468397
1970-01-01 00:00:00.000020716,0.9431186199468397
1970-01-01 00:00:00.000020717,0.9431186199468397
1970-01-01 00:00:00.000020718,0.9431186199468397
1970-01-01 00:00:00.000020719,0.9431186199468397
1970-01-01 00:00:00.000020720,0.9431186199468397
1970-01-01 00:00:00.000020721,0.9431186199468397
1970-01-01 00:00:00.000020722,0.9431186199468397
1970-01-01 00:00:00.000020723,0.9431186199468397
1970-01-01 00:00:00.000020724,0.9431186199468397
1970-01-01 00:00:00.000020725,0.9431186199468397
1970-01-01 00:00:00.000020726,0.9431186199468397
1970-01-01 00:00:00.000020727,0.9431186199468397
1970-01-01 00:00:00.000020728,0.9431186199468397
1970-01-01 00:00:00.000020729,0.9431186199468397
1970-01-01 00:00:00.000020730,0.9431186199468397
1970-01-01 00:00:00.000020731,0.9431186199468397
1970-01-01 00:00:00.000020732,0.9431186199468397
1970-01-01 00:00:00.000020733,0.9431186199468397
1970-01-01 00:00:00.000020734,0.9431186199468397
1970-01-01 00:00:00.000020735,0.9431186199468397
1970-01-01 00:00:00.000020736,0.9431186199468397
1970-01-01 00:00:00.000020737,0.9431186199468397
1970-01-01 00:00:00.000020738,0.9431186199468397
1970-01-01 00:00:00.000020739,0.9431186199468397
1970-01-01 00:00:00.000020740,0.9431186199468397
1970-01-01 00:00:00.000020741,0.9431186199468397
1970-01-01 00:00:00.000020742,0.9431186199468397
1970-01-01 00:00:00.000020743,0.9431186199468397
1970-01-01 00:00:00.000020744,0.9431186199468397
1970-01-01 00:00:00.000020745,0.9431186199468397
1970-01-01 00:00:00.000020746,0.9431186199468397
1970-01-01 00:00:00.000020747,0.9431186199468397
1970-01-01 00:00:00.000020748,0.9431186199468397
1970-01-01 00:00:00.000020749,0.9431186199468397
1970-01-01 00:00:00.000020750,0.9425634441432043
1970-01-01 00:00:00.000020751,0.9437535189829368
1970-01-01 00:00:00.000020752,0.9425090798482241
1970-01-01 00:00:00.000020753,0.9425894301112147
1970-01-01 00:00:00.000020754,0.9432333871470494
1970-01-01 00:00:00.000020755,0.9440749200348986
1970-01-01 00:00:00.000020756,0.9436948649408566
1970-01-01 00:00:00.000020757,0.942464944950175
1970-01-01 00:00:00.000020758,0.9437937766095685
1970-01-01 00:00:00.000020759,0.9436993972319075
1970-01-01 00:00:00.000020760,0.9436993972319075
1970-01-01 00:00:00.000020761,0.9436993972319075
1970-01-01 00:00:00.000020762,0.9436993972319075
1970-01-01 00:00:00.000020763,0.9436993972319075
1970-01-01 00:00:00.000020764,0.9436993972319075
1970-01-01 00:00:00.000020765,0.9436993972319075
1970-01-01 00:00:00.000020766,0.9436993972319075
1970-01-01 00:00:00.000020767,0.9436993972319075
1970-01-01 00:00:00.000020768,0.9436993972319075
1970-01-01 00:00:00.000020769,0.9436993972319075
1970-01-01 00:00:00.000020770,0.9436993972319075
1970-01-01 00:00:00.000020771,0.9436993972319075
1970-01-01 00:00:00.000020772,0.9436993972319075
1970-01-01 00:00:00.000020773,0.9436993972319075
1970-01-01 00:00:00.000020774,0.9436993972319075
1970-01-01 00:00:00.000020775,0.9436993972319075
1970-01-01 00:00:00.000020776,0.9436993972319075
1970-01-01 00:00:00.000020777,0.9436993972319075
1970-01-01 00:00:00.000020778,0.9436993972319075
1970-01-01 00:00:00.000020779,0.9436993972319075
1970-01-01 00:00:00.000020780,0.9436993972319075
1970-01-01 00:00:00.000020781,0.9436993972319075
1970-01-01 00:00:00.000020782,0.9436993972319075
1970-01-01 00:00:00.000020783,0.9436993972319075
1970-01-01 00:00:00.000020784,0.9436993972319075
1970-01-01 00:00:00.000020785,0.9436993972319075
1970-01-01 00:00:00.000020786,0.9436993972319075
1970-01-01 00:00:00.000020787,0.9436993972319075
1970-01-01 00:00:00.000020788,0.9447546005145804
1970-01-01 00:00:00.000020789,0.9456633437442287
1970-01-01 00:00:00.000020790,0.9455687774098542
1970-01-01 00:00:00.000020791,0.9455687774098542
1970-01-01 00:00:00.000020792,0.9455687774098542
1970-01-01 00:00:00.000020793,0.9415278331519643
1970-01-01 00:00:00.000020794,0.9437077500732519
1970-01-01 00:00:00.000020795,0.9436133792982446
1970-01-01 00:00:00.000020796,0.9436133792982446
1970-01-01 00:00:00.000020797,0.9436133792982446
1970-01-01 00:00:00.000020798,0.9436133792982446
1970-01-01 00:00:00.000020799,0.9436133792982446
1970-01-01 00:00:00.000020800,0.9436133792982446
1970-01-01 00:00:00.000020801,0.9436133792982446
1970-01-01 00:00:00.000020802,0.9436133792982446
1970-01-01 00:00:00.000020803,0.9436133792982446
1970-01-01 00:00:00.000020804,0.9436133792982446
1970-01-01 00:00:00.000020805,0.9436133792982446
1970-01-01 00:00:00.000020806,0.9436133792982446
1970-01-01 00:00:00.000020807,0.9436133792982446
1970-01-01 00:00:00.000020808,0.9436133792982446
1970-01-01 00:00:00.000020809,0.9436133792982446
1970-01-01 00:00:00.000020810,0.9436133792982446
1970-01-01 00:00:00.000020811,0.9436133792982446
1970-01-01 00:00:00.000020812,0.9436133792982446
1970-01-01 00:00:00.000020813,0.9436133792982446
1970-01-01 00:00:00.000020814,0.9436133792982446
1970-01-01 00:00:00.000020815,0.9436133792982446
1970-01-01 00:00:00.000020816,0.9436133792982446
1970-01-01 00:00:00.000020817,0.9436133792982446
1970-01-01 00:00:00.000020818,0.9436133792982446
1970-01-01 00:00:00.000020819,0.9436133792982446
1970-01-01 00:00:00.000020820,0.9436133792982446
1970-01-01 00:00:00.000020821,0.9436133792982446
1970-01-01 00:00:00.000020822,0.9436133792982446
1970-01-01 00:00:00.000020823,0.9436133792982446
1970-01-01 00:00:00.000020824,0.9436133792982446
1970-01-01 00:00:00.000020825,0.9436133792982446
1970-01-01 00:00:00.000020826,0.9436133792982446
1970-01-01 00:00:00.000020827,0.9436133792982446
1970-01-01 00:00:00.000020828,0.9436133792982446
1970-01-01 00:00:00.000020829,0.9436133792982446
1970-01-01 00:00:00.000020830,0.9436133792982446
1970-01-01 00:00:00.000020831,0.9436133792982446
1970-01-01 00:00:00.000020832,0.9436133792982446
1970-01-01 00:00:00.000020833,0.9436133792982446
1970-01-01 00:00:00.000020834,0.9436133792982446
1970-01-01 00:00:00.000020835,0.9436133792982446
1970-01-01 00:00:00.000020836,0.9436133792982446
1970-01-01 00:00:00.000020837,0.9436133792982446
1970-01-01 00:00:00.000020838,0.9436133792982446
1970-01-01 00:00:00.000020839,0.9436133792982446
1970-01-01 00:00:00.000020840,0.9436133792982446
1970-01-01 00:00:00.000020841,0.9436133792982446
1970-01-01 00:00:00.000020842,0.9436133792982446
1970-01-01 00:00:00.000020843,0.9436133792982446
1970-01-01 00:00:00.000020844,0.9436133792982446
1970-01-01 00:00:00.000020845,0.9436133792982446
1970-01-01 00:00:00.000020846,0.9436133792982446
1970-01-01 00:00:00.000020847,0.9436133792982446
1970-01-01 00:00:00.000020848,0.9436133792982446
1970-01-01 00:00:00.000020849,0.9436133792982446
1970-01-01 00:00:00.000020850,0.9436133792982446
1970-01-01 00:00:00.000020851,0.9436133792982446
1970-01-01 00:00:00.000020852,0.9436133792982446
1970-01-01 00:00:00.000020853,0.9436133792982446
1970-01-01 00:00:00.000020854,0.9436133792982446
1970-01-01 00:00:00.000020855,0.9436133792982446
1970-01-01 00:00:00.000020856,0.9436133792982446
1970-01-01 00:00:00.000020857,0.9436133792982446
1970-01-01 00:00:00.000020858,0.9436133792982446
1970-01-01 00:00:00.000020859,0.9436133792982446
1970-01-01 00:00:00.000020860,0.9436133792982446
1970-01-01 00:00:00.000020861,0.9436133792982446
1970-01-01 00:00:00.000020862,0.9436133792982446
1970-01-01 00:00:00.000020863,0.9436133792982446
1970-01-01 00:00:00.000020864,0.9435798231218748
1970-01-01 00:00:00.000020865,0.9410870607830188
1970-01-01 00:00:00.000020866,0.9409929520769406
1970-01-01 00:00:00.000020867,0.9409929520769406
1970-01-01 00:00:00.000020868,0.9409929520769406
1970-01-01 00:00:00.000020869,0.9409929520769406
1970-01-01 00:00:00.000020870,0.9409929520769406
1970-01-01 00:00:00.000020871,0.9409929520769406
1970-01-01 00:00:00.000020872,0.9409929520769406
1970-01-01 00:00:00.000020873,0.9409929520769406
1970-01-01 00:00:00.000020874,0.9409929520769406
1970-01-01 00:00:00.000020875,0.9409929520769406
1970-01-01 00:00:00.000020876,0.9409929520769406
1970-01-01 00:00:00.000020877,0.9409929520769406
1970-01-01 00:00:00.000020878,0.9409929520769406
1970-01-01 00:00:00.000020879,0.9409929520769406
1970-01-01 00:00:00.000020880,0.9409929520769406
1970-01-01 00:00:00.000020881,0.9409929520769406
1970-01-01 00:00:00.000020882,0.9409929520769406
1970-01-01 00:00:00.000020883,0.9409929520769406
1970-01-01 00:00:00.000020884,0.9409929520769406
1970-01-01 00:00:00.000020885,0.9409929520769406
1970-01-01 00:00:00.000020886,0.9409929520769406
1970-01-01 00:00:00.000020887,0.9409929520769406
1970-01-01 00:00:00.000020888,0.9409929520769406
1970-01-01 00:00:00.000020889,0.9409929520769406
1970-01-01 00:00:00.000020890,0.9409929520769406
1970-01-01 00:00:00.000020891,0.9396084466775699
1970-01-01 00:00:00.000020892,0.938937741213285
1970-01-01 00:00:00.000020893,0.9388438474391637
1970-01-01 00:00:00.000020894,0.9388438474391637
1970-01-01 00:00:00.000020895,0.9388438474391637
1970-01-01 00:00:00.000020896,0.9388438474391637
1970-01-01 00:00:00.000020897,0.9388438474391637
1970-01-01 00:00:00.000020898,0.9388438474391637
1970-01-01 00:00:00.000020899,0.9388438474391637
1970-01-01 00:00:00.000020900,0.9388438474391637
1970-01-01 00:00:00.000020901,0.9388438474391637
1970-01-01 00:00:00.000020902,0.9388438474391637
1970-01-01 00:00:00.000020903,0.9388438474391637
1970-01-01 00:00:00.000020904,0.9388438474391637
1970-01-01 00:00:00.000020905,0.9388438474391637
1970-01-01 00:00:00.000020906,0.9388438474391637
1970-01-01 00:00:00.000020907,0.9388438474391637
1970-01-01 00:00:00.000020908,0.9388438474391637
1970-01-01 00:00:00.000020909,0.9388438474391637
1970-01-01 00:00:00.000020910,0.9388438474391637
1970-01-01 00:00:00.000020911,0.9388438474391637
1970-01-01 00:00:00.000020912,0.9388438474391637
1970-01-01 00:00:00.000020913,0.9376656204654744
1970-01-01 00:00:00.000020914,0.937585672060277
1970-01-01 00:00:00.000020915,0.9390040431551343
1970-01-01 00:00:00.000020916,0.9389101427508189
1970-01-01 00:00:00.000020917,0.9389101427508189
1970-01-01 00:00:00.000020918,0.9389101427508189
1970-01-01 00:00:00.000020919,0.9389101427508189
1970-01-01 00:00:00.000020920,0.9389101427508189
1970-01-01 00:00:00.000020921,0.9389101427508189
1970-01-01 00:00:00.000020922,0.9389101427508189
1970-01-01 00:00:00.000020923,0.9389101427508189
1970-01-01 00:00:00.000020924,0.9389101427508189
1970-01-01 00:00:00.000020925,0.9389101427508189
1970-01-01 00:00:00.000020926,0.9389101427508189
1970-01-01 00:00:00.000020927,0.9389101427508189
1970-01-01 00:00:00.000020928,0.9389101427508189
1970-01-01 00:00:00.000020929,0.9389101427508189
1970-01-01 00:00:00.000020930,0.9389101427508189
1970-01-01 00:00:00.000020931,0.9389101427508189
1970-01-01 00:00:00.000020932,0.9389101427508189
1970-01-01 00:00:00.000020933,0.9389101427508189
1970-01-01 00:00:00.000020934,0.9389101427508189
1970-01-01 00:00:00.000020935,0.9389101427508189
1970-01-01 00:00:00.000020936,0.9389101427508189
1970-01-01 00:00:00.000020937,0.9389101427508189
1970-01-01 00:00:00.000020938,0.9389101427508189
1970-01-01 00:00:00.000020939,0.9389101427508189
1970-01-01 00:00:00.000020940,0.9389101427508189
1970-01-01 00:00:00.000020941,0.9389101427508189
1970-01-01 00:00:00.000020942,0.9389101427508189
1970-01-01 00:00:00.000020943,0.9389101427508189
1970-01-01 00:00:00.000020944,0.9389101427508189
1970-01-01 00:00:00.000020945,0.9389101427508189
1970-01-01 00:00:00.000020946,0.9389101427508189
1970-01-01 00:00:00.000020947,0.9389101427508189
1970-01-01 00:00:00.000020948,0.9389101427508189
1970-01-01 00:00:00.000020949,0.9389101427508189
1970-01-01 00:00:00.000020950,0.9389101427508189
1970-01-01 00:00:00.000020951,0.9389101427508189
1970-01-01 00:00:00.000020952,0.9389101427508189
1970-01-01 00:00:00.000020953,0.9389101427508189
1970-01-01 00:00:00.000020954,0.9389101427508189
1970-01-01 00:00:00.000020955,0.9389101427508189
1970-01-01 00:00:00.000020956,0.9389101427508189
1970-01-01 00:00:00.000020957,0.9389101427508189
1970-01-01 00:00:00.000020958,0.9389101427508189
1970-01-01 00:00:00.000020959,0.9389101427508189
1970-01-01 00:00:00.000020960,0.9389101427508189
1970-01-01 00:00:00.000020961,0.9389101427508189
1970-01-01 00:00:00.000020962,0.9389101427508189
1970-01-01 00:00:00.000020963,0.9389101427508189
1970-01-01 00:00:00.000020964,0.9389101427508189
1970-01-01 00:00:00.000020965,0.9389101427508189
1970-01-01 00:00:00.000020966,0.9389101427508189
1970-01-01 00:00:00.000020967,0.9389101427508189
1970-01-01 00:00:00.000020968,0.9389101427508189
1970-01-01 00:00:00.000020969,0.9389101427508189
1970-01-01 00:00:00.000020970,0.9389101427508189
1970-01-01 00:00:00.000020971,0.9389101427508189
1970-01-01 00:00:00.000020972,0.9389101427508189
1970-01-01 00:00:00.000020973,0.9389101427508189
1970-01-01 00:00:00.000020974,0.9377600751673253
1970-01-01 00:00:00.000020975,0.9358572644147262
1970-01-01 00:00:00.000020976,0.9357636786882847
1970-01-01 00:00:00.000020977,0.9357636786882847
1970-01-01 00:00:00.000020978,0.9357636786882847
1970-01-01 00:00:00.000020979,0.9357636786882847
1970-01-01 00:00:00.000020980,0.9357636786882847
1970-01-01 00:00:00.000020981,0.9357636786882847
1970-01-01 00:00:00.000020982,0.9357636786882847
1970-01-01 00:00:00.000020983,0.9357636786882847
1970-01-01 00:00:00.000020984,0.9357636786882847
1970-01-01 00:00:00.000020985,0.9357636786882847
1970-01-01 00:00:00.000020986,0.9357636786882847
1970-01-01 00:00:00.000020987,0.9357636786882847
1970-01-01 00:00:00.000020988,0.9357636786882847
1970-01-01 00:00:00.000020989,0.9357636786882847
1970-01-01 00:00:00.000020990,0.9357636786882847
1970-01-01 00:00:00.000020991,0.9357636786882847
1970-01-01 00:00:00.000020992,0.9357636786882847
1970-01-01 00:00:00.000020993,0.9357636786882847
1970-01-01 00:00:00.000020994,0.9357636786882847
1970-01-01 00:00:00.000020995,0.9357636786882847
1970-01-01 00:00:00.000020996,0.9357636786882847
1970-01-01 00:00:00.000020997,0.9357636786882847
1970-01-01 00:00:00.000020998,0.9357636786882847
1970-01-01 00:00:00.000020999,0.9357636786882847
1970-01-01 00:00:00.000021000,0.9357636786882847
1970-01-01 00:00:00.000021001,0.9357636786882847
1970-01-01 00:00:00.000021002,0.9357636786882847
1970-01-01 00:00:00.000021003,0.9357636786882847
1970-01-01 00:00:00.000021004,0.9357636786882847
1970-01-01 00:00:00.000021005,0.9357636786882847
1970-01-01 00:00:00.000021006,0.9357636786882847
1970-01-01 00:00:00.000021007,0.9357636786882847
1970-01-01 00:00:00.000021008,0.9357636786882847
1970-01-01 00:00:00.000021009,0.9357636786882847
1970-01-01 00:00:00.000021010,0.9357636786882847
1970-01-01 00:00:00.000021011,0.9357636786882847
1970-01-01 00:00:00.000021012,0.9357636786882847
1970-01-01 00:00:00.000021013,0.9357636786882847
1970-01-01 00:00:00.000021014,0.9357636786882847
1970-01-01 00:00:00.000021015,0.9357636786882847
1970-01-01 00:00:00.000021016,0.9357636786882847
1970-01-01 00:00:00.000021017,0.9357636786882847
1970-01-01 00:00:00.000021018,0.9357636786882847
1970-01-01 00:00:00.000021019,0.9357636786882847
1970-01-01 00:00:00.000021020,0.9357636786882847
1970-01-01 00:00:00.000021021,0.9357636786882847
1970-01-01 00:00:00.000021022,0.9357636786882847
1970-01-01 00:00:00.000021023,0.9357636786882847
1970-01-01 00:00:00.000021024,0.9357636786882847
1970-01-01 00:00:00.000021025,0.9357636786882847
1970-01-01 00:00:00.000021026,0.9357636786882847
1970-01-01 00:00:00.000021027,0.9349551771755916
1970-01-01 00:00:00.000021028,0.9328592893031273
1970-01-01 00:00:00.000021029,0.932766003374197
1970-01-01 00:00:00.000021030,0.932766003374197
1970-01-01 00:00:00.000021031,0.932766003374197
1970-01-01 00:00:00.000021032,0.932766003374197
1970-01-01 00:00:00.000021033,0.932766003374197
1970-01-01 00:00:00.000021034,0.932766003374197
1970-01-01 00:00:00.000021035,0.932766003374197
1970-01-01 00:00:00.000021036,0.932766003374197
1970-01-01 00:00:00.000021037,0.932766003374197
1970-01-01 00:00:00.000021038,0.932766003374197
1970-01-01 00:00:00.000021039,0.932766003374197
1970-01-01 00:00:00.000021040,0.932766003374197
1970-01-01 00:00:00.000021041,0.932766003374197
1970-01-01 00:00:00.000021042,0.932766003374197
1970-01-01 00:00:00.000021043,0.932766003374197
1970-01-01 00:00:00.000021044,0.932766003374197
1970-01-01 00:00:00.000021045,0.932766003374197
1970-01-01 00:00:00.000021046,0.932766003374197
1970-01-01 00:00:00.000021047,0.932766003374197
1970-01-01 00:00:00.000021048,0.932766003374197
1970-01-01 00:00:00.000021049,0.932766003374197
1970-01-01 00:00:00.000021050,0.932766003374197
1970-01-01 00:00:00.000021051,0.932766003374197
1970-01-01 00:00:00.000021052,0.932766003374197
1970-01-01 00:00:00.000021053,0.932766003374197
1970-01-01 00:00:00.000021054,0.932766003374197
1970-01-01 00:00:00.000021055,0.932766003374197
1970-01-01 00:00:00.000021056,0.932766003374197
1970-01-01 00:00:00.000021057,0.932766003374197
1970-01-01 00:00:00.000021058,0.932766003374197
1970-01-01 00:00:00.000021059,0.932766003374197
1970-01-01 00:00:00.000021060,0.932766003374197
1970-01-01 00:00:00.000021061,0.932766003374197
1970-01-01 00:00:00.000021062,0.932766003374197
1970-01-01 00:00:00.000021063,0.932766003374197
1970-01-01 00:00:00.000021064,0.932766003374197
1970-01-01 00:00:00.000021065,0.932766003374197
1970-01-01 00:00:00.000021066,0.932766003374197
1970-01-01 00:00:00.000021067,0.932766003374197
1970-01-01 00:00:00.000021068,0.932766003374197
1970-01-01 00:00:00.000021069,0.932766003374197
1970-01-01 00:00:00.000021070,0.932766003374197
1970-01-01 00:00:00.000021071,0.932766003374197
1970-01-01 00:00:00.000021072,0.932766003374197
1970-01-01 00:00:00.000021073,0.932766003374197
1970-01-01 00:00:00.000021074,0.932766003374197
1970-01-01 00:00:00.000021075,0.932766003374197
1970-01-01 00:00:00.000021076,0.932766003374197
1970-01-01 00:00:00.000021077,0.932766003374197
1970-01-01 00:00:00.000021078,0.932766003374197
1970-01-01 00:00:00.000021079,0.932766003374197
1970-01-01 00:00:00.000021080,0.932766003374197
1970-01-01 00:00:00.000021081,0.932766003374197
1970-01-01 00:00:00.000021082,0.932766003374197
1970-01-01 00:00:00.000021083,0.932766003374197
1970-01-01 00:00:00.000021084,0.932766003374197
1970-01-01 00:00:00.000021085,0.932766003374197
1970-01-01 00:00:00.000021086,0.932766003374197
1970-01-01 00:00:00.000021087,0.932766003374197
1970-01-01 00:00:00.000021088,0.932766003374197
1970-01-01 00:00:00.000021089,0.932766003374197
1970-01-01 00:00:00.000021090,0.932766003374197
1970-01-01 00:00:00.000021091,0.932766003374197
1970-01-01 00:00:00.000021092,0.932766003374197
1970-01-01 00:00:00.000021093,0.932766003374197
1970-01-01 00:00:00.000021094,0.932766003374197
1970-01-01 00:00:00.000021095,0.932766003374197
1970-01-01 00:00:00.000021096,0.932766003374197
1970-01-01 00:00:00.000021097,0.932766003374197
1970-01-01 00:00:00.000021098,0.932766003374197
1970-01-01 00:00:00.000021099,0.932766003374197
1970-01-01 00:00:00.000021100,0.932766003374197
1970-01-01 00:00:00.000021101,0.932766003374197
1970-01-01 00:00:00.000021102,0.932766003374197
1970-01-01 00:00:00.000021103,0.932766003374197
1970-01-01 00:00:00.000021104,0.932766003374197
1970-01-01 00:00:00.000021105,0.932766003374197
1970-01-01 00:00:00.000021106,0.932766003374197
1970-01-01 00:00:00.000021107,0.932766003374197
1970-01-01 00:00:00.000021108,0.932766003374197
1970-01-01 00:00:00.000021109,0.932766003374197
1970-01-01 00:00:00.000021110,0.932766003374197
1970-01-01 00:00:00.000021111,0.932766003374197
1970-01-01 00:00:00.000021112,0.932766003374197
1970-01-01 00:00:00.000021113,0.932766003374197
1970-01-01 00:00:00.000021114,0.932766003374197
1970-01-01 00:00:00.000021115,0.932766003374197
1970-01-01 00:00:00.000021116,0.932766003374197
1970-01-01 00:00:00.000021117,0.932766003374197
1970-01-01 00:00:00.000021118,0.932766003374197
1970-01-01 00:00:00.000021119,0.932766003374197
1970-01-01 00:00:00.000021120,0.932766003374197
1970-01-01 00:00:00.000021121,0.932766003374197
1970-01-01 00:00:00.000021122,0.932766003374197
1970-01-01 00:00:00.000021123,0.932766003374197
1970-01-01 00:00:00.000021124,0.932766003374197
1970-01-01 00:00:00.000021125,0.932766003374197
1970-01-01 00:00:00.000021126,0.932766003374197
1970-01-01 00:00:00.000021127,0.932766003374197
1970-01-01 00:00:00.000021128,0.932766003374197
1970-01-01 00:00:00.000021129,0.932766003374197
1970-01-01 00:00:00.000021130,0.932766003374197
1970-01-01 00:00:00.000021131,0.932766003374197
1970-01-01 00:00:00.000021132,0.932766003374197
1970-01-01 00:00:00.000021133,0.932766003374197
1970-01-01 00:00:00.000021134,0.932766003374197
1970-01-01 00:00:00.000021135,0.932766003374197
1970-01-01 00:00:00.000021136,0.932766003374197
1970-01-01 00:00:00.000021137,0.932766003374197
1970-01-01 00:00:00.000021138,0.932766003374197
1970-01-01 00:00:00.000021139,0.932766003374197
1970-01-01 00:00:00.000021140,0.932766003374197
1970-01-01 00:00:00.000021141,0.932766003374197
1970-01-01 00:00:00.000021142,0.932766003374197
1970-01-01 00:00:00.000021143,0.932766003374197
1970-01-01 00:00:00.000021144,0.932766003374197
1970-01-01 00:00:00.000021145,0.932766003374197
1970-01-01 00:00:00.000021146,0.932766003374197
1970-01-01 00:00:00.000021147,0.932766003374197
1970-01-01 00:00:00.000021148,0.932766003374197
1970-01-01 00:00:00.000021149,0.932766003374197
1970-01-01 00:00:00.000021150,0.932766003374197
1970-01-01 00:00:00.000021151,0.932766003374197
1970-01-01 00:00:00.000021152,0.932766003374197
1970-01-01 00:00:00.000021153,0.932766003374197
1970-01-01 00:00:00.000021154,0.932766003374197
1970-01-01 00:00:00.000021155,0.932766003374197
1970-01-01 00:00:00.000021156,0.932766003374197
1970-01-01 00:00:00.000021157,0.932766003374197
1970-01-01 00:00:00.000021158,0.932766003374197
1970-01-01 00:00:00.000021159,0.932766003374197
1970-01-01 00:00:00.000021160,0.932766003374197
1970-01-01 00:00:00.000021161,0.932766003374197
1970-01-01 00:00:00.000021162,0.932766003374197
1970-01-01 00:00:00.000021163,0.932766003374197
1970-01-01 00:00:00.000021164,0.932766003374197
1970-01-01 00:00:00.000021165,0.932766003374197
1970-01-01 00:00:00.000021166,0.932766003374197
1970-01-01 00:00:00.000021167,0.932766003374197
1970-01-01 00:00:00.000021168,0.932766003374197
1970-01-01 00:00:00.000021169,0.932766003374197
1970-01-01 00:00:00.000021170,0.932766003374197
1970-01-01 00:00:00.000021171,0.932766003374197
1970-01-01 00:00:00.000021172,0.932766003374197
1970-01-01 00:00:00.000021173,0.932766003374197
1970-01-01 00:00:00.000021174,0.932766003374197
1970-01-01 00:00:00.000021175,0.932766003374197
1970-01-01 00:00:00.000021176,0.932766003374197
1970-01-01 00:00:00.000021177,0.932766003374197
1970-01-01 00:00:00.000021178,0.932766003374197
1970-01-01 00:00:00.000021179,0.932766003374197
1970-01-01 00:00:00.000021180,0.932766003374197
1970-01-01 00:00:00.000021181,0.932766003374197
1970-01-01 00:00:00.000021182,0.932766003374197
1970-01-01 00:00:00.000021183,0.932766003374197
1970-01-01 00:00:00.000021184,0.932766003374197
1970-01-01 00:00:00.000021185,0.932766003374197
1970-01-01 00:00:00.000021186,0.932766003374197
1970-01-01 00:00:00.000021187,0.932766003374197
1970-01-01 00:00:00.000021188,0.932766003374197
1970-01-01 00:00:00.000021189,0.932766003374197
1970-01-01 00:00:00.000021190,0.932766003374197
1970-01-01 00:00:00.000021191,0.932766003374197
1970-01-01 00:00:00.000021192,0.932766003374197
1970-01-01 00:00:00.000021193,0.932766003374197
1970-01-01 00:00:00.000021194,0.932766003374197
1970-01-01 00:00:00.000021195,0.932766003374197
1970-01-01 00:00:00.000021196,0.932766003374197
1970-01-01 00:00:00.000021197,0.932766003374197
1970-01-01 00:00:00.000021198,0.932766003374197
1970-01-01 00:00:00.000021199,0.932766003374197
1970-01-01 00:00:00.000021200,0.932766003374197
1970-01-01 00:00:00.000021201,0.932766003374197
1970-01-01 00:00:00.000021202,0.932766003374197
1970-01-01 00:00:00.000021203,0.932766003374197
1970-01-01 00:00:00.000021204,0.932766003374197
1970-01-01 00:00:00.000021205,0.932766003374197
1970-01-01 00:00:00.000021206,0.932766003374197
1970-01-01 00:00:00.000021207,0.932766003374197
1970-01-01 00:00:00.000021208,0.932766003374197
1970-01-01 00:00:00.000021209,0.932766003374197
1970-01-01 00:00:00.000021210,0.932766003374197
1970-01-01 00:00:00.000021211,0.932766003374197
1970-01-01 00:00:00.000021212,0.932766003374197
1970-01-01 00:00:00.000021213,0.932766003374197
1970-01-01 00:00:00.000021214,0.932766003374197
1970-01-01 00:00:00.000021215,0.932766003374197
1970-01-01 00:00:00.000021216,0.932766003374197
1970-01-01 00:00:00.000021217,0.932766003374197
1970-01-01 00:00:00.000021218,0.932766003374197
1970-01-01 00:00:00.000021219,0.932766003374197
1970-01-01 00:00:00.000021220,0.932766003374197
1970-01-01 00:00:00.000021221,0.932766003374197
1970-01-01 00:00:00.000021222,0.932766003374197
1970-01-01 00:00:00.000021223,0.932766003374197
1970-01-01 00:00:00.000021224,0.932766003374197
1970-01-01 00:00:00.000021225,0.932766003374197
1970-01-01 00:00:00.000021226,0.932766003374197
1970-01-01 00:00:00.000021227,0.932766003374197
1970-01-01 00:00:00.000021228,0.932766003374197
1970-01-01 00:00:00.000021229,0.932766003374197
1970-01-01 00:00:00.000021230,0.932766003374197
1970-01-01 00:00:00.000021231,0.932766003374197
1970-01-01 00:00:00.000021232,0.932766003374197
1970-01-01 00:00:00.000021233,0.932766003374197
1970-01-01 00:00:00.000021234,0.932766003374197
1970-01-01 00:00:00.000021235,0.932766003374197
1970-01-01 00:00:00.000021236,0.932766003374197
1970-01-01 00:00:00.000021237,0.932766003374197
1970-01-01 00:00:00.000021238,0.932766003374197
1970-01-01 00:00:00.000021239,0.932766003374197
1970-01-01 00:00:00.000021240,0.932766003374197
1970-01-01 00:00:00.000021241,0.932766003374197
1970-01-01 00:00:00.000021242,0.932766003374197
1970-01-01 00:00:00.000021243,0.932766003374197
1970-01-01 00:00:00.000021244,0.932766003374197
1970-01-01 00:00:00.000021245,0.932766003374197
1970-01-01 00:00:00.000021246,0.932766003374197
1970-01-01 00:00:00.000021247,0.932766003374197
1970-01-01 00:00:00.000021248,0.932766003374197
1970-01-01 00:00:00.000021249,0.932766003374197
1970-01-01 00:00:00.000021250,0.932766003374197
1970-01-01 00:00:00.000021251,0.932766003374197
1970-01-01 00:00:00.000021252,0.932766003374197
1970-01-01 00:00:00.000021253,0.932766003374197
1970-01-01 00:00:00.000021254,0.932766003374197
1970-01-01 00:00:00.000021255,0.932766003374197
1970-01-01 00:00:00.000021256,0.932766003374197
1970-01-01 00:00:00.000021257,0.932766003374197
1970-01-01 00:00:00.000021258,0.932766003374197
1970-01-01 00:00:00.000021259,0.932766003374197
1970-01-01 00:00:00.000021260,0.932766003374197
1970-01-01 00:00:00.000021261,0.932766003374197
1970-01-01 00:00:00.000021262,0.932766003374197
1970-01-01 00:00:00.000021263,0.932766003374197
1970-01-01 00:00:00.000021264,0.932766003374197
1970-01-01 00:00:00.000021265,0.932766003374197
1970-01-01 00:00:00.000021266,0.932766003374197
1970-01-01 00:00:00.000021267,0.932766003374197
1970-01-01 00:00:00.000021268,0.932766003374197
1970-01-01 00:00:00.000021269,0.932766003374197
1970-01-01 00:00:00.000021270,0.9319330982388001
1970-01-01 00:00:00.000021271,0.9330616269560136
1970-01-01 00:00:00.000021272,0.932968320793318
1970-01-01 00:00:00.000021273,0.932968320793318
1970-01-01 00:00:00.000021274,0.9328671693702234
1970-01-01 00:00:00.000021275,0.9336866354412636
1970-01-01 00:00:00.000021276,0.932119958310239
1970-01-01 00:00:00.000021277,0.9324664682110853
1970-01-01 00:00:00.000021278,0.9331499063700073
1970-01-01 00:00:00.000021279,0.9333082390898864
1970-01-01 00:00:00.000021280,0.9324037163047445
1970-01-01 00:00:00.000021281,0.9328208319174813
1970-01-01 00:00:00.000021282,0.9320247701869787
1970-01-01 00:00:00.000021283,0.9313160427741871
1970-01-01 00:00:00.000021284,0.930310677125789
1970-01-01 00:00:00.000021285,0.9308355469506656
1970-01-01 00:00:00.000021286,0.9308355469506656
1970-01-01 00:00:00.000021287,0.9311010841162959
1970-01-01 00:00:00.000021288,0.930160433825626
1970-01-01 00:00:00.000021289,0.9311671346209676
1970-01-01 00:00:00.000021290,0.9310740179075054
1970-01-01 00:00:00.000021291,0.9310740179075054
1970-01-01 00:00:00.000021292,0.9310740179075054
1970-01-01 00:00:00.000021293,0.9310740179075054
1970-01-01 00:00:00.000021294,0.9310740179075054
1970-01-01 00:00:00.000021295,0.9310740179075054
1970-01-01 00:00:00.000021296,0.9310740179075054
1970-01-01 00:00:00.000021297,0.9341609979057215
1970-01-01 00:00:00.000021298,0.9312883428871525
1970-01-01 00:00:00.000021299,0.9311952140528638
1970-01-01 00:00:00.000021300,0.9311952140528638
1970-01-01 00:00:00.000021301,0.9311952140528638
1970-01-01 00:00:00.000021302,0.9311952140528638
1970-01-01 00:00:00.000021303,0.9311952140528638
1970-01-01 00:00:00.000021304,0.9311952140528638
1970-01-01 00:00:00.000021305,0.9311952140528638
1970-01-01 00:00:00.000021306,0.9311952140528638
1970-01-01 00:00:00.000021307,0.9311952140528638
1970-01-01 00:00:00.000021308,0.9311952140528638
1970-01-01 00:00:00.000021309,0.9311952140528638
1970-01-01 00:00:00.000021310,0.9311952140528638
1970-01-01 00:00:00.000021311,0.9311952140528638
1970-01-01 00:00:00.000021312,0.9311952140528638
1970-01-01 00:00:00.000021313,0.9311952140528638
1970-01-01 00:00:00.000021314,0.9311952140528638
1970-01-01 00:00:00.000021315,0.9311952140528638
1970-01-01 00:00:00.000021316,0.9311952140528638
1970-01-01 00:00:00.000021317,0.9311952140528638
1970-01-01 00:00:00.000021318,0.9311952140528638
1970-01-01 00:00:00.000021319,0.9311952140528638
1970-01-01 00:00:00.000021320,0.9311952140528638
1970-01-01 00:00:00.000021321,0.9311952140528638
1970-01-01 00:00:00.000021322,0.9311952140528638
1970-01-01 00:00:00.000021323,0.9311952140528638
1970-01-01 00:00:00.000021324,0.9311952140528638
1970-01-01 00:00:00.000021325,0.9311952140528638
1970-01-01 00:00:00.000021326,0.9311952140528638
1970-01-01 00:00:00.000021327,0.9311952140528638
1970-01-01 00:00:00.000021328,0.9311952140528638
1970-01-01 00:00:00.000021329,0.9311952140528638
1970-01-01 00:00:00.000021330,0.9311952140528638
1970-01-01 00:00:00.000021331,0.9311952140528638
1970-01-01 00:00:00.000021332,0.9311952140528638
1970-01-01 00:00:00.000021333,0.9311952140528638
1970-01-01 00:00:00.000021334,0.9311952140528638
1970-01-01 00:00:00.000021335,0.9311952140528638
1970-01-01 00:00:00.000021336,0.9311952140528638
1970-01-01 00:00:00.000021337,0.9311952140528638
1970-01-01 00:00:00.000021338,0.9311952140528638
1970-01-01 00:00:00.000021339,0.9311952140528638
1970-01-01 00:00:00.000021340,0.9311952140528638
1970-01-01 00:00:00.000021341,0.9311952140528638
1970-01-01 00:00:00.000021342,0.9311952140528638
1970-01-01 00:00:00.000021343,0.9311952140528638
1970-01-01 00:00:00.000021344,0.9311952140528638
1970-01-01 00:00:00.000021345,0.9311952140528638
1970-01-01 00:00:00.000021346,0.9311952140528638
1970-01-01 00:00:00.000021347,0.9311952140528638
1970-01-01 00:00:00.000021348,0.9311952140528638
1970-01-01 00:00:00.000021349,0.9311952140528638
1970-01-01 00:00:00.000021350,0.9311952140528638
1970-01-01 00:00:00.000021351,0.9311952140528638
1970-01-01 00:00:00.000021352,0.9311952140528638
1970-01-01 00:00:00.000021353,0.9311952140528638
1970-01-01 00:00:00.000021354,0.9311952140528638
1970-01-01 00:00:00.000021355,0.9311952140528638
1970-01-01 00:00:00.000021356,0.9311952140528638
1970-01-01 00:00:00.000021357,0.9324529820211735
1970-01-01 00:00:00.000021358,0.9315227846460941
1970-01-01 00:00:00.000021359,0.9286806565420219
1970-01-01 00:00:00.000021360,0.9285285210962596
1970-01-01 00:00:00.000021361,0.9240934135684801
1970-01-01 00:00:00.000021362,0.9244310630849762
1970-01-01 00:00:00.000021363,0.9235021792206016
1970-01-01 00:00:00.000021364,0.923592656928569
1970-01-01 00:00:00.000021365,0.9286682168229932
1970-01-01 00:00:00.000021366,0.9285753500013109
1970-01-01 00:00:00.000021367,0.9285753500013109
1970-01-01 00:00:00.000021368,0.9285753500013109
1970-01-01 00:00:00.000021369,0.9285753500013109
1970-01-01 00:00:00.000021370,0.9285753500013109
1970-01-01 00:00:00.000021371,0.9285753500013109
1970-01-01 00:00:00.000021372,0.9285753500013109
1970-01-01 00:00:00.000021373,0.9285753500013109
1970-01-01 00:00:00.000021374,0.9285753500013109
1970-01-01 00:00:00.000021375,0.9285753500013109
1970-01-01 00:00:00.000021376,0.9285753500013109
1970-01-01 00:00:00.000021377,0.9285753500013109
1970-01-01 00:00:00.000021378,0.9285753500013109
1970-01-01 00:00:00.000021379,0.9285753500013109
1970-01-01 00:00:00.000021380,0.9285753500013109
1970-01-01 00:00:00.000021381,0.9285753500013109
1970-01-01 00:00:00.000021382,0.9285753500013109
1970-01-01 00:00:00.000021383,0.9285753500013109
1970-01-01 00:00:00.000021384,0.9285753500013109
1970-01-01 00:00:00.000021385,0.9285753500013109
1970-01-01 00:00:00.000021386,0.9285753500013109
1970-01-01 00:00:00.000021387,0.9285753500013109
1970-01-01 00:00:00.000021388,0.9285753500013109
1970-01-01 00:00:00.000021389,0.9285753500013109
1970-01-01 00:00:00.000021390,0.9285753500013109
1970-01-01 00:00:00.000021391,0.9285753500013109
1970-01-01 00:00:00.000021392,0.9285753500013109
1970-01-01 00:00:00.000021393,0.9285753500013109
1970-01-01 00:00:00.000021394,0.9285753500013109
1970-01-01 00:00:00.000021395,0.9285753500013109
1970-01-01 00:00:00.000021396,0.9285753500013109
1970-01-01 00:00:00.000021397,0.9285753500013109
1970-01-01 00:00:00.000021398,0.9285753500013109
1970-01-01 00:00:00.000021399,0.9285753500013109
1970-01-01 00:00:00.000021400,0.9285753500013109
1970-01-01 00:00:00.000021401,0.9285753500013109
1970-01-01 00:00:00.000021402,0.9285753500013109
1970-01-01 00:00:00.000021403,0.9285753500013109
1970-01-01 00:00:00.000021404,0.9285753500013109
1970-01-01 00:00:00.000021405,0.9285753500013109
1970-01-01 00:00:00.000021406,0.9285753500013109
1970-01-01 00:00:00.000021407,0.9288190722782267
1970-01-01 00:00:00.000021408,0.9300536224985201
1970-01-01 00:00:00.000021409,0.9299606171362702
1970-01-01 00:00:00.000021410,0.9299606171362702
1970-01-01 00:00:00.000021411,0.9299606171362702
1970-01-01 00:00:00.000021412,0.9299606171362702
1970-01-01 00:00:00.000021413,0.9299606171362702
1970-01-01 00:00:00.000021414,0.9299606171362702
1970-01-01 00:00:00.000021415,0.9299606171362702
1970-01-01 00:00:00.000021416,0.9299606171362702
1970-01-01 00:00:00.000021417,0.9299606171362702
1970-01-01 00:00:00.000021418,0.9299606171362702
1970-01-01 00:00:00.000021419,0.9299606171362702
1970-01-01 00:00:00.000021420,0.9299606171362702
1970-01-01 00:00:00.000021421,0.9299606171362702
1970-01-01 00:00:00.000021422,0.9299606171362702
1970-01-01 00:00:00.000021423,0.9299606171362702
1970-01-01 00:00:00.000021424,0.9299606171362702
1970-01-01 00:00:00.000021425,0.9299606171362702
1970-01-01 00:00:00.000021426,0.9299606171362702
1970-01-01 00:00:00.000021427,0.9299606171362702
1970-01-01 00:00:00.000021428,0.9299606171362702
1970-01-01 00:00:00.000021429,0.9299606171362702
1970-01-01 00:00:00.000021430,0.9323789073411936
1970-01-01 00:00:00.000021431,0.9315103243590405
1970-01-01 00:00:00.000021432,0.9314171733266046
1970-01-01 00:00:00.000021433,0.9314171733266046
1970-01-01 00:00:00.000021434,0.9303423921218775
1970-01-01 00:00:00.000021435,0.9323777319029947
1970-01-01 00:00:00.000021436,0.9322844941298044
1970-01-01 00:00:00.000021437,0.9322844941298044
1970-01-01 00:00:00.000021438,0.9322844941298044
1970-01-01 00:00:00.000021439,0.9322844941298044
1970-01-01 00:00:00.000021440,0.9322844941298044
1970-01-01 00:00:00.000021441,0.9322844941298044
1970-01-01 00:00:00.000021442,0.9322844941298044
1970-01-01 00:00:00.000021443,0.9322844941298044
1970-01-01 00:00:00.000021444,0.9322844941298044
1970-01-01 00:00:00.000021445,0.9322844941298044
1970-01-01 00:00:00.000021446,0.931054857852234
1970-01-01 00:00:00.000021447,0.9297433743259735
1970-01-01 00:00:00.000021448,0.9296503999885409
1970-01-01 00:00:00.000021449,0.9296503999885409
1970-01-01 00:00:00.000021450,0.9299501023839879
1970-01-01 00:00:00.000021451,0.9284655580217656
1970-01-01 00:00:00.000021452,0.9283727114659633
1970-01-01 00:00:00.000021453,0.9283727114659633
1970-01-01 00:00:00.000021454,0.9283727114659633
1970-01-01 00:00:00.000021455,0.9283727114659633
1970-01-01 00:00:00.000021456,0.9283727114659633
1970-01-01 00:00:00.000021457,0.9283727114659633
1970-01-01 00:00:00.000021458,0.9283727114659633
1970-01-01 00:00:00.000021459,0.9283727114659633
1970-01-01 00:00:00.000021460,0.9283727114659633
1970-01-01 00:00:00.000021461,0.9283727114659633
1970-01-01 00:00:00.000021462,0.9283727114659633
1970-01-01 00:00:00.000021463,0.9283727114659633
1970-01-01 00:00:00.000021464,0.9283727114659633
1970-01-01 00:00:00.000021465,0.9283727114659633
1970-01-01 00:00:00.000021466,0.9283727114659633
1970-01-01 00:00:00.000021467,0.9283727114659633
1970-01-01 00:00:00.000021468,0.9283727114659633
1970-01-01 00:00:00.000021469,0.9283727114659633
1970-01-01 00:00:00.000021470,0.9283727114659633
1970-01-01 00:00:00.000021471,0.9283727114659633
1970-01-01 00:00:00.000021472,0.9283727114659633
1970-01-01 00:00:00.000021473,0.9283727114659633
1970-01-01 00:00:00.000021474,0.9283727114659633
1970-01-01 00:00:00.000021475,0.9283727114659633
1970-01-01 00:00:00.000021476,0.9283727114659633
1970-01-01 00:00:00.000021477,0.9283727114659633
1970-01-01 00:00:00.000021478,0.9283727114659633
1970-01-01 00:00:00.000021479,0.9283727114659633
1970-01-01 00:00:00.000021480,0.9283727114659633
1970-01-01 00:00:00.000021481,0.9283727114659633
1970-01-01 00:00:00.000021482,0.9265980156592218
1970-01-01 00:00:00.000021483,0.9280816451633928
1970-01-01 00:00:00.000021484,0.9279888369988765
1970-01-01 00:00:00.000021485,0.9279888369988765
1970-01-01 00:00:00.000021486,0.9279888369988765
1970-01-01 00:00:00.000021487,0.9285797076198693
1970-01-01 00:00:00.000021488,0.9290827158897227
1970-01-01 00:00:00.000021489,0.9289898076181338
1970-01-01 00:00:00.000021490,0.9289898076181338
1970-01-01 00:00:00.000021491,0.9289898076181338
1970-01-01 00:00:00.000021492,0.9289898076181338
1970-01-01 00:00:00.000021493,0.9289898076181338
1970-01-01 00:00:00.000021494,0.9289898076181338
1970-01-01 00:00:00.000021495,0.9289898076181338
1970-01-01 00:00:00.000021496,0.9289898076181338
1970-01-01 00:00:00.000021497,0.9289898076181338
1970-01-01 00:00:00.000021498,0.9289898076181338
1970-01-01 00:00:00.000021499,0.9289898076181338
1970-01-01 00:00:00.000021500,0.9289898076181338
1970-01-01 00:00:00.000021501,0.9289898076181338
1970-01-01 00:00:00.000021502,0.9289898076181338
1970-01-01 00:00:00.000021503,0.9289898076181338
1970-01-01 00:00:00.000021504,0.9289898076181338
1970-01-01 00:00:00.000021505,0.9289898076181338
1970-01-01 00:00:00.000021506,0.9289898076181338
1970-01-01 00:00:00.000021507,0.9261250681293784
1970-01-01 00:00:00.000021508,0.9272841599444289
1970-01-01 00:00:00.000021509,0.9271914315284345
1970-01-01 00:00:00.000021510,0.9271914315284345
1970-01-01 00:00:00.000021511,0.9271914315284345
1970-01-01 00:00:00.000021512,0.9271914315284345
1970-01-01 00:00:00.000021513,0.9271914315284345
1970-01-01 00:00:00.000021514,0.9271914315284345
1970-01-01 00:00:00.000021515,0.9271914315284345
1970-01-01 00:00:00.000021516,0.9271914315284345
1970-01-01 00:00:00.000021517,0.9271914315284345
1970-01-01 00:00:00.000021518,0.9271914315284345
1970-01-01 00:00:00.000021519,0.9271914315284345
1970-01-01 00:00:00.000021520,0.9271914315284345
1970-01-01 00:00:00.000021521,0.9271914315284345
1970-01-01 00:00:00.000021522,0.9271914315284345
1970-01-01 00:00:00.000021523,0.9271914315284345
1970-01-01 00:00:00.000021524,0.9271914315284345
1970-01-01 00:00:00.000021525,0.9271914315284345
1970-01-01 00:00:00.000021526,0.9271914315284345
1970-01-01 00:00:00.000021527,0.9271914315284345
1970-01-01 00:00:00.000021528,0.9271914315284345
1970-01-01 00:00:00.000021529,0.9271914315284345
1970-01-01 00:00:00.000021530,0.9271914315284345
1970-01-01 00:00:00.000021531,0.9271914315284345
1970-01-01 00:00:00.000021532,0.9271914315284345
1970-01-01 00:00:00.000021533,0.9271914315284345
1970-01-01 00:00:00.000021534,0.9271914315284345
1970-01-01 00:00:00.000021535,0.9271914315284345
1970-01-01 00:00:00.000021536,0.9271914315284345
1970-01-01 00:00:00.000021537,0.9271914315284345
1970-01-01 00:00:00.000021538,0.9271914315284345
1970-01-01 00:00:00.000021539,0.9271914315284345
1970-01-01 00:00:00.000021540,0.9271914315284345
1970-01-01 00:00:00.000021541,0.9271914315284345
1970-01-01 00:00:00.000021542,0.9271914315284345
1970-01-01 00:00:00.000021543,0.9271914315284345
1970-01-01 00:00:00.000021544,0.9271914315284345
1970-01-01 00:00:00.000021545,0.9271914315284345
1970-01-01 00:00:00.000021546,0.9271914315284345
1970-01-01 00:00:00.000021547,0.9271914315284345
1970-01-01 00:00:00.000021548,0.9271914315284345
1970-01-01 00:00:00.000021549,0.9271914315284345
1970-01-01 00:00:00.000021550,0.9271914315284345
1970-01-01 00:00:00.000021551,0.9271914315284345
1970-01-01 00:00:00.000021552,0.9271914315284345
1970-01-01 00:00:00.000021553,0.9271914315284345
1970-01-01 00:00:00.000021554,0.9271914315284345
1970-01-01 00:00:00.000021555,0.9271914315284345
1970-01-01 00:00:00.000021556,0.9271914315284345
1970-01-01 00:00:00.000021557,0.9271914315284345
1970-01-01 00:00:00.000021558,0.9271914315284345
1970-01-01 00:00:00.000021559,0.9271914315284345
1970-01-01 00:00:00.000021560,0.9271914315284345
1970-01-01 00:00:00.000021561,0.9271914315284345
1970-01-01 00:00:00.000021562,0.9271914315284345
1970-01-01 00:00:00.000021563,0.9271914315284345
1970-01-01 00:00:00.000021564,0.9271914315284345
1970-01-01 00:00:00.000021565,0.9271914315284345
1970-01-01 00:00:00.000021566,0.9271914315284345
1970-01-01 00:00:00.000021567,0.9271914315284345
1970-01-01 00:00:00.000021568,0.9271914315284345
1970-01-01 00:00:00.000021569,0.9271914315284345
1970-01-01 00:00:00.000021570,0.9271914315284345
1970-01-01 00:00:00.000021571,0.9271914315284345
1970-01-01 00:00:00.000021572,0.9271914315284345
1970-01-01 00:00:00.000021573,0.9271914315284345
1970-01-01 00:00:00.000021574,0.9271914315284345
1970-01-01 00:00:00.000021575,0.9271914315284345
1970-01-01 00:00:00.000021576,0.9271914315284345
1970-01-01 00:00:00.000021577,0.9271914315284345
1970-01-01 00:00:00.000021578,0.9271914315284345
1970-01-01 00:00:00.000021579,0.9271914315284345
1970-01-01 00:00:00.000021580,0.9271914315284345
1970-01-01 00:00:00.000021581,0.9271914315284345
1970-01-01 00:00:00.000021582,0.9271914315284345
1970-01-01 00:00:00.000021583,0.9271914315284345
1970-01-01 00:00:00.000021584,0.9271914315284345
1970-01-01 00:00:00.000021585,0.9271914315284345
1970-01-01 00:00:00.000021586,0.9271914315284345
1970-01-01 00:00:00.000021587,0.9271914315284345
1970-01-01 00:00:00.000021588,0.9271914315284345
1970-01-01 00:00:00.000021589,0.9271914315284345
1970-01-01 00:00:00.000021590,0.9271914315284345
1970-01-01 00:00:00.000021591,0.9271914315284345
1970-01-01 00:00:00.000021592,0.9271914315284345
1970-01-01 00:00:00.000021593,0.9271914315284345
1970-01-01 00:00:00.000021594,0.9271914315284345
1970-01-01 00:00:00.000021595,0.9271914315284345
1970-01-01 00:00:00.000021596,0.9271914315284345
1970-01-01 00:00:00.000021597,0.9271914315284345
1970-01-01 00:00:00.000021598,0.9271914315284345
1970-01-01 00:00:00.000021599,0.9271914315284345
1970-01-01 00:00:00.000021600,0.9271914315284345
1970-01-01 00:00:00.000021601,0.9271914315284345
1970-01-01 00:00:00.000021602,0.9271914315284345
1970-01-01 00:00:00.000021603,0.9271914315284345
1970-01-01 00:00:00.000021604,0.9271914315284345
1970-01-01 00:00:00.000021605,0.9271914315284345
1970-01-01 00:00:00.000021606,0.9271914315284345
1970-01-01 00:00:00.000021607,0.9271914315284345
1970-01-01 00:00:00.000021608,0.9271914315284345
1970-01-01 00:00:00.000021609,0.9271914315284345
1970-01-01 00:00:00.000021610,0.9271914315284345
1970-01-01 00:00:00.000021611,0.9271914315284345
1970-01-01 00:00:00.000021612,0.9271914315284345
1970-01-01 00:00:00.000021613,0.9271914315284345
1970-01-01 00:00:00.000021614,0.9271914315284345
1970-01-01 00:00:00.000021615,0.9271914315284345
1970-01-01 00:00:00.000021616,0.9271914315284345
1970-01-01 00:00:00.000021617,0.9271914315284345
1970-01-01 00:00:00.000021618,0.9271914315284345
1970-01-01 00:00:00.000021619,0.9271914315284345
1970-01-01 00:00:00.000021620,0.9271914315284345
1970-01-01 00:00:00.000021621,0.9271914315284345
1970-01-01 00:00:00.000021622,0.9271914315284345
1970-01-01 00:00:00.000021623,0.9271914315284345
1970-01-01 00:00:00.000021624,0.9271914315284345
1970-01-01 00:00:00.000021625,0.9271914315284345
1970-01-01 00:00:00.000021626,0.9271914315284345
1970-01-01 00:00:00.000021627,0.9271914315284345
1970-01-01 00:00:00.000021628,0.9271914315284345
1970-01-01 00:00:00.000021629,0.9271914315284345
1970-01-01 00:00:00.000021630,0.9271914315284345
1970-01-01 00:00:00.000021631,0.9271914315284345
1970-01-01 00:00:00.000021632,0.9271914315284345
1970-01-01 00:00:00.000021633,0.9271914315284345
1970-01-01 00:00:00.000021634,0.9271914315284345
1970-01-01 00:00:00.000021635,0.9271914315284345
1970-01-01 00:00:00.000021636,0.9271914315284345
1970-01-01 00:00:00.000021637,0.9271914315284345
1970-01-01 00:00:00.000021638,0.9271914315284345
1970-01-01 00:00:00.000021639,0.9271914315284345
1970-01-01 00:00:00.000021640,0.9271914315284345
1970-01-01 00:00:00.000021641,0.9271914315284345
1970-01-01 00:00:00.000021642,0.9271914315284345
1970-01-01 00:00:00.000021643,0.9271914315284345
1970-01-01 00:00:00.000021644,0.9271914315284345
1970-01-01 00:00:00.000021645,0.9271914315284345
1970-01-01 00:00:00.000021646,0.9271914315284345
1970-01-01 00:00:00.000021647,0.9271914315284345
1970-01-01 00:00:00.000021648,0.9271914315284345
1970-01-01 00:00:00.000021649,0.9271914315284345
1970-01-01 00:00:00.000021650,0.9271914315284345
1970-01-01 00:00:00.000021651,0.9300848170658379
1970-01-01 00:00:00.000021652,0.9221750256753962
1970-01-01 00:00:00.000021653,0.9224477744131678
1970-01-01 00:00:00.000021654,0.9236865700099728
1970-01-01 00:00:00.000021655,0.9206536539627928
1970-01-01 00:00:00.000021656,0.9271227985315644
1970-01-01 00:00:00.000021657,0.9270300862517112
1970-01-01 00:00:00.000021658,0.9270300862517112
1970-01-01 00:00:00.000021659,0.9248849464989928
1970-01-01 00:00:00.000021660,0.9218780714407736
1970-01-01 00:00:00.000021661,0.9213964970354143
1970-01-01 00:00:00.000021662,0.9227100591083603
1970-01-01 00:00:00.000021663,0.9179439393778089
1970-01-01 00:00:00.000021664,0.9178874487962341
1970-01-01 00:00:00.000021665,0.918420988294589
1970-01-01 00:00:00.000021666,0.9196605820369644
1970-01-01 00:00:00.000021667,0.9185185203760372
1970-01-01 00:00:00.000021668,0.9215619894712157
1970-01-01 00:00:00.000021669,0.9183279817017197
1970-01-01 00:00:00.000021670,0.9200796578845316
1970-01-01 00:00:00.000021671,0.9180498982310944
1970-01-01 00:00:00.000021672,0.9195714767273534
1970-01-01 00:00:00.000021673,0.9210148735071235
1970-01-01 00:00:00.000021674,0.921403129216953
1970-01-01 00:00:00.000021675,0.921591561198311
1970-01-01 00:00:00.000021676,0.9229903272976102
1970-01-01 00:00:00.000021677,0.9221662982478697
1970-01-01 00:00:00.000021678,0.9202808860749758
1970-01-01 00:00:00.000021679,0.919298308873633
1970-01-01 00:00:00.000021680,0.9217952081843751
1970-01-01 00:00:00.000021681,0.9201989591265592
1970-01-01 00:00:00.000021682,0.9201069392306466
1970-01-01 00:00:00.000021683,0.9201069392306466
1970-01-01 00:00:00.000021684,0.9201069392306466
1970-01-01 00:00:00.000021685,0.9194195838972088
1970-01-01 00:00:00.000021686,0.9220127338604552
1970-01-01 00:00:00.000021687,0.9219205325870692
1970-01-01 00:00:00.000021688,0.9219205325870692
1970-01-01 00:00:00.000021689,0.9219205325870692
1970-01-01 00:00:00.000021690,0.9219205325870692
1970-01-01 00:00:00.000021691,0.9219205325870692
1970-01-01 00:00:00.000021692,0.9219205325870692
1970-01-01 00:00:00.000021693,0.9219205325870692
1970-01-01 00:00:00.000021694,0.9219205325870692
1970-01-01 00:00:00.000021695,0.9219205325870692
1970-01-01 00:00:00.000021696,0.9219205325870692
1970-01-01 00:00:00.000021697,0.9219205325870692
1970-01-01 00:00:00.000021698,0.9219205325870692
1970-01-01 00:00:00.000021699,0.9219205325870692
1970-01-01 00:00:00.000021700,0.9219205325870692
1970-01-01 00:00:00.000021701,0.9219205325870692
1970-01-01 00:00:00.000021702,0.9219205325870692
1970-01-01 00:00:00.000021703,0.9219205325870692
1970-01-01 00:00:00.000021704,0.9219205325870692
1970-01-01 00:00:00.000021705,0.9219205325870692
1970-01-01 00:00:00.000021706,0.9219205325870692
1970-01-01 00:00:00.000021707,0.9219205325870692
1970-01-01 00:00:00.000021708,0.9219205325870692
1970-01-01 00:00:00.000021709,0.9219205325870692
1970-01-01 00:00:00.000021710,0.9219205325870692
1970-01-01 00:00:00.000021711,0.9219205325870692
1970-01-01 00:00:00.000021712,0.9219205325870692
1970-01-01 00:00:00.000021713,0.9219205325870692
1970-01-01 00:00:00.000021714,0.9219205325870692
1970-01-01 00:00:00.000021715,0.9219205325870692
1970-01-01 00:00:00.000021716,0.9219205325870692
1970-01-01 00:00:00.000021717,0.9219205325870692
1970-01-01 00:00:00.000021718,0.9219205325870692
1970-01-01 00:00:00.000021719,0.9219205325870692
1970-01-01 00:00:00.000021720,0.9219205325870692
1970-01-01 00:00:00.000021721,0.922748851463881
1970-01-01 00:00:00.000021722,0.9217566783608901
1970-01-01 00:00:00.000021723,0.9201466611552255
1970-01-01 00:00:00.000021724,0.92005464648911
1970-01-01 00:00:00.000021725,0.92005464648911
1970-01-01 00:00:00.000021726,0.92005464648911
1970-01-01 00:00:00.000021727,0.92005464648911
1970-01-01 00:00:00.000021728,0.92005464648911
1970-01-01 00:00:00.000021729,0.92005464648911
1970-01-01 00:00:00.000021730,0.92005464648911
1970-01-01 00:00:00.000021731,0.92005464648911
1970-01-01 00:00:00.000021732,0.92005464648911
1970-01-01 00:00:00.000021733,0.92005464648911
1970-01-01 00:00:00.000021734,0.92005464648911
1970-01-01 00:00:00.000021735,0.92005464648911
1970-01-01 00:00:00.000021736,0.92005464648911
1970-01-01 00:00:00.000021737,0.92005464648911
1970-01-01 00:00:00.000021738,0.92005464648911
1970-01-01 00:00:00.000021739,0.92005464648911
1970-01-01 00:00:00.000021740,0.92005464648911
1970-01-01 00:00:00.000021741,0.92005464648911
1970-01-01 00:00:00.000021742,0.92005464648911
1970-01-01 00:00:00.000021743,0.92005464648911
1970-01-01 00:00:00.000021744,0.92005464648911
1970-01-01 00:00:00.000021745,0.92005464648911
1970-01-01 00:00:00.000021746,0.92005464648911
1970-01-01 00:00:00.000021747,0.92005464648911
1970-01-01 00:00:00.000021748,0.92005464648911
1970-01-01 00:00:00.000021749,0.92005464648911
1970-01-01 00:00:00.000021750,0.9179706939628145
1970-01-01 00:00:00.000021751,0.9199564395757557
1970-01-01 00:00:00.000021752,0.9198644439317981
1970-01-01 00:00:00.000021753,0.9198644439317981
1970-01-01 00:00:00.000021754,0.9198644439317981
1970-01-01 00:00:00.000021755,0.9198644439317981
1970-01-01 00:00:00.000021756,0.9198644439317981
1970-01-01 00:00:00.000021757,0.9198644439317981
1970-01-01 00:00:00.000021758,0.9198644439317981
1970-01-01 00:00:00.000021759,0.9198644439317981
1970-01-01 00:00:00.000021760,0.9197240459104646
1970-01-01 00:00:00.000021761,0.9208990879824575
1970-01-01 00:00:00.000021762,0.9208069980736592
1970-01-01 00:00:00.000021763,0.9208069980736592
1970-01-01 00:00:00.000021764,0.9208069980736592
1970-01-01 00:00:00.000021765,0.9208069980736592
1970-01-01 00:00:00.000021766,0.9208069980736592
1970-01-01 00:00:00.000021767,0.9208069980736592
1970-01-01 00:00:00.000021768,0.9208069980736592
1970-01-01 00:00:00.000021769,0.9202387520734666
1970-01-01 00:00:00.000021770,0.9194294226817532
1970-01-01 00:00:00.000021771,0.919337479739485
1970-01-01 00:00:00.000021772,0.919337479739485
1970-01-01 00:00:00.000021773,0.919337479739485
1970-01-01 00:00:00.000021774,0.919337479739485
1970-01-01 00:00:00.000021775,0.919337479739485
1970-01-01 00:00:00.000021776,0.919337479739485
1970-01-01 00:00:00.000021777,0.919337479739485
1970-01-01 00:00:00.000021778,0.919337479739485
1970-01-01 00:00:00.000021779,0.919337479739485
1970-01-01 00:00:00.000021780,0.919337479739485
1970-01-01 00:00:00.000021781,0.919337479739485
1970-01-01 00:00:00.000021782,0.919337479739485
1970-01-01 00:00:00.000021783,0.919337479739485
1970-01-01 00:00:00.000021784,0.919337479739485
1970-01-01 00:00:00.000021785,0.919337479739485
1970-01-01 00:00:00.000021786,0.919337479739485
1970-01-01 00:00:00.000021787,0.919337479739485
1970-01-01 00:00:00.000021788,0.919337479739485
1970-01-01 00:00:00.000021789,0.919337479739485
1970-01-01 00:00:00.000021790,0.919337479739485
1970-01-01 00:00:00.000021791,0.919337479739485
1970-01-01 00:00:00.000021792,0.919337479739485
1970-01-01 00:00:00.000021793,0.919337479739485
1970-01-01 00:00:00.000021794,0.919337479739485
1970-01-01 00:00:00.000021795,0.919337479739485
1970-01-01 00:00:00.000021796,0.919337479739485
1970-01-01 00:00:00.000021797,0.919337479739485
1970-01-01 00:00:00.000021798,0.919337479739485
1970-01-01 00:00:00.000021799,0.919337479739485
1970-01-01 00:00:00.000021800,0.919337479739485
1970-01-01 00:00:00.000021801,0.919337479739485
1970-01-01 00:00:00.000021802,0.919337479739485
1970-01-01 00:00:00.000021803,0.919337479739485
1970-01-01 00:00:00.000021804,0.919337479739485
1970-01-01 00:00:00.000021805,0.919337479739485
1970-01-01 00:00:00.000021806,0.919337479739485
1970-01-01 00:00:00.000021807,0.919337479739485
1970-01-01 00:00:00.000021808,0.919337479739485
1970-01-01 00:00:00.000021809,0.919337479739485
1970-01-01 00:00:00.000021810,0.919337479739485
1970-01-01 00:00:00.000021811,0.919337479739485
1970-01-01 00:00:00.000021812,0.919337479739485
1970-01-01 00:00:00.000021813,0.919337479739485
1970-01-01 00:00:00.000021814,0.919337479739485
1970-01-01 00:00:00.000021815,0.919337479739485
1970-01-01 00:00:00.000021816,0.919337479739485
1970-01-01 00:00:00.000021817,0.919337479739485
1970-01-01 00:00:00.000021818,0.919337479739485
1970-01-01 00:00:00.000021819,0.919337479739485
1970-01-01 00:00:00.000021820,0.919337479739485
1970-01-01 00:00:00.000021821,0.919337479739485
1970-01-01 00:00:00.000021822,0.919337479739485
1970-01-01 00:00:00.000021823,0.9188072043659024
1970-01-01 00:00:00.000021824,0.9186902624246286
1970-01-01 00:00:00.000021825,0.919539185875319
1970-01-01 00:00:00.000021826,0.9194472319567315
1970-01-01 00:00:00.000021827,0.9194472319567315
1970-01-01 00:00:00.000021828,0.9194472319567315
1970-01-01 00:00:00.000021829,0.9194472319567315
1970-01-01 00:00:00.000021830,0.9194472319567315
1970-01-01 00:00:00.000021831,0.9194472319567315
1970-01-01 00:00:00.000021832,0.9194472319567315
1970-01-01 00:00:00.000021833,0.9194472319567315
1970-01-01 00:00:00.000021834,0.9194472319567315
1970-01-01 00:00:00.000021835,0.9194472319567315
1970-01-01 00:00:00.000021836,0.9194472319567315
1970-01-01 00:00:00.000021837,0.9194472319567315
1970-01-01 00:00:00.000021838,0.9194472319567315
1970-01-01 00:00:00.000021839,0.9198040501921998
1970-01-01 00:00:00.000021840,0.9204009572741636
1970-01-01 00:00:00.000021841,0.9203089171784362
1970-01-01 00:00:00.000021842,0.9203089171784362
1970-01-01 00:00:00.000021843,0.9203089171784362
1970-01-01 00:00:00.000021844,0.9203089171784362
1970-01-01 00:00:00.000021845,0.9203089171784362
1970-01-01 00:00:00.000021846,0.9203089171784362
1970-01-01 00:00:00.000021847,0.9203089171784362
1970-01-01 00:00:00.000021848,0.9203089171784362
1970-01-01 00:00:00.000021849,0.9203089171784362
1970-01-01 00:00:00.000021850,0.9203089171784362
1970-01-01 00:00:00.000021851,0.9203089171784362
1970-01-01 00:00:00.000021852,0.9203089171784362
1970-01-01 00:00:00.000021853,0.9203089171784362
1970-01-01 00:00:00.000021854,0.9203089171784362
1970-01-01 00:00:00.000021855,0.9203089171784362
1970-01-01 00:00:00.000021856,0.9203089171784362
