timestamp,equity
1970-01-01 00:00:00.000018582,1.0
1970-01-01 00:00:00.000018583,1.0
1970-01-01 00:00:00.000018584,1.0
1970-01-01 00:00:00.000018585,1.0
1970-01-01 00:00:00.000018586,1.0
1970-01-01 00:00:00.000018587,1.0
1970-01-01 00:00:00.000018588,1.0
1970-01-01 00:00:00.000018589,1.0
1970-01-01 00:00:00.000018590,1.0
1970-01-01 00:00:00.000018591,1.0
1970-01-01 00:00:00.000018592,1.0
1970-01-01 00:00:00.000018593,1.0
1970-01-01 00:00:00.000018594,1.0
1970-01-01 00:00:00.000018595,1.0
1970-01-01 00:00:00.000018596,1.0
1970-01-01 00:00:00.000018597,1.0
1970-01-01 00:00:00.000018598,1.0
1970-01-01 00:00:00.000018599,1.0
1970-01-01 00:00:00.000018600,1.0
1970-01-01 00:00:00.000018601,1.0
1970-01-01 00:00:00.000018602,1.0
1970-01-01 00:00:00.000018603,1.0
1970-01-01 00:00:00.000018604,1.0
1970-01-01 00:00:00.000018605,1.0
1970-01-01 00:00:00.000018606,1.0
1970-01-01 00:00:00.000018607,1.0
1970-01-01 00:00:00.000018608,1.0
1970-01-01 00:00:00.000018609,1.0
1970-01-01 00:00:00.000018610,1.0
1970-01-01 00:00:00.000018611,1.0
1970-01-01 00:00:00.000018612,1.0
1970-01-01 00:00:00.000018613,1.0
1970-01-01 00:00:00.000018614,1.0
1970-01-01 00:00:00.000018615,1.0
1970-01-01 00:00:00.000018616,1.0
1970-01-01 00:00:00.000018617,1.0
1970-01-01 00:00:00.000018618,1.0
1970-01-01 00:00:00.000018619,1.0
1970-01-01 00:00:00.000018620,1.0
1970-01-01 00:00:00.000018621,1.0
1970-01-01 00:00:00.000018622,1.0
1970-01-01 00:00:00.000018623,1.0
1970-01-01 00:00:00.000018624,1.0
1970-01-01 00:00:00.000018625,1.0
1970-01-01 00:00:00.000018626,1.0
1970-01-01 00:00:00.000018627,1.0
1970-01-01 00:00:00.000018628,1.0
1970-01-01 00:00:00.000018629,1.0
1970-01-01 00:00:00.000018630,1.0
1970-01-01 00:00:00.000018631,1.0
1970-01-01 00:00:00.000018632,1.0
1970-01-01 00:00:00.000018633,1.0
1970-01-01 00:00:00.000018634,1.0
1970-01-01 00:00:00.000018635,1.0
1970-01-01 00:00:00.000018636,1.0
1970-01-01 00:00:00.000018637,1.0
1970-01-01 00:00:00.000018638,1.0
1970-01-01 00:00:00.000018639,1.0
1970-01-01 00:00:00.000018640,1.0
1970-01-01 00:00:00.000018641,1.0
1970-01-01 00:00:00.000018642,1.0
1970-01-01 00:00:00.000018643,1.0
1970-01-01 00:00:00.000018644,1.0
1970-01-01 00:00:00.000018645,1.0
1970-01-01 00:00:00.000018646,1.0
1970-01-01 00:00:00.000018647,1.0
1970-01-01 00:00:00.000018648,1.0
1970-01-01 00:00:00.000018649,1.0
1970-01-01 00:00:00.000018650,1.0
1970-01-01 00:00:00.000018651,1.0
1970-01-01 00:00:00.000018652,1.0
1970-01-01 00:00:00.000018653,1.0
1970-01-01 00:00:00.000018654,1.0
1970-01-01 00:00:00.000018655,1.0
1970-01-01 00:00:00.000018656,1.0
1970-01-01 00:00:00.000018657,1.0
1970-01-01 00:00:00.000018658,1.0
1970-01-01 00:00:00.000018659,1.0
1970-01-01 00:00:00.000018660,1.0
1970-01-01 00:00:00.000018661,1.0
1970-01-01 00:00:00.000018662,1.0
1970-01-01 00:00:00.000018663,1.0
1970-01-01 00:00:00.000018664,1.0
1970-01-01 00:00:00.000018665,1.0
1970-01-01 00:00:00.000018666,1.0
1970-01-01 00:00:00.000018667,1.0
1970-01-01 00:00:00.000018668,1.0
1970-01-01 00:00:00.000018669,1.0
1970-01-01 00:00:00.000018670,1.0
1970-01-01 00:00:00.000018671,1.0
1970-01-01 00:00:00.000018672,1.0
1970-01-01 00:00:00.000018673,1.0
1970-01-01 00:00:00.000018674,1.0
1970-01-01 00:00:00.000018675,1.0
1970-01-01 00:00:00.000018676,1.0
1970-01-01 00:00:00.000018677,1.0
1970-01-01 00:00:00.000018678,1.0
1970-01-01 00:00:00.000018679,1.0
1970-01-01 00:00:00.000018680,0.9973403825409999
1970-01-01 00:00:00.000018681,0.9972406485027457
1970-01-01 00:00:00.000018682,0.9992609973952897
1970-01-01 00:00:00.000018683,0.9991610712955502
1970-01-01 00:00:00.000018684,0.9991610712955502
1970-01-01 00:00:00.000018685,0.9991610712955502
1970-01-01 00:00:00.000018686,0.996996898088969
1970-01-01 00:00:00.000018687,0.9929386582701838
1970-01-01 00:00:00.000018688,0.9982848295143667
1970-01-01 00:00:00.000018689,0.9963462789787477
1970-01-01 00:00:00.000018690,1.0002457520991548
1970-01-01 00:00:00.000018691,1.000145727523945
1970-01-01 00:00:00.000018692,1.000145727523945
1970-01-01 00:00:00.000018693,0.9980719505146142
1970-01-01 00:00:00.000018694,0.997821281003516
1970-01-01 00:00:00.000018695,0.9977214988754156
1970-01-01 00:00:00.000018696,1.0004004059830005
1970-01-01 00:00:00.000018697,1.0003003659424021
1970-01-01 00:00:00.000018698,1.0003003659424021
1970-01-01 00:00:00.000018699,1.0003003659424021
1970-01-01 00:00:00.000018700,1.0000517075794633
1970-01-01 00:00:00.000018701,1.0003191283191006
1970-01-01 00:00:00.000018702,1.0002190964062687
1970-01-01 00:00:00.000018703,1.0002190964062687
1970-01-01 00:00:00.000018704,1.0002190964062687
1970-01-01 00:00:00.000018705,1.0002190964062687
1970-01-01 00:00:00.000018706,1.0002190964062687
1970-01-01 00:00:00.000018707,1.0002190964062687
1970-01-01 00:00:00.000018708,1.0002190964062687
1970-01-01 00:00:00.000018709,1.0002190964062687
1970-01-01 00:00:00.000018710,1.0002190964062687
1970-01-01 00:00:00.000018711,1.0002190964062687
1970-01-01 00:00:00.000018712,1.0002190964062687
1970-01-01 00:00:00.000018713,1.0002190964062687
1970-01-01 00:00:00.000018714,0.9993862994091718
1970-01-01 00:00:00.000018715,0.9992863607792308
1970-01-01 00:00:00.000018716,0.9992863607792308
1970-01-01 00:00:00.000018717,0.9992863607792308
1970-01-01 00:00:00.000018718,0.9992863607792308
1970-01-01 00:00:00.000018719,0.9992863607792308
1970-01-01 00:00:00.000018720,1.0013021606581685
1970-01-01 00:00:00.000018721,1.0012020304421028
1970-01-01 00:00:00.000018722,1.0019072195273515
1970-01-01 00:00:00.000018723,1.0018070288053988
1970-01-01 00:00:00.000018724,1.0018070288053988
1970-01-01 00:00:00.000018725,1.0037129868754235
1970-01-01 00:00:00.000018726,0.9965883623240354
1970-01-01 00:00:00.000018727,0.9964887034878029
1970-01-01 00:00:00.000018728,0.9964887034878029
1970-01-01 00:00:00.000018729,0.9964887034878029
1970-01-01 00:00:00.000018730,0.9964887034878029
1970-01-01 00:00:00.000018731,0.9964887034878029
1970-01-01 00:00:00.000018732,0.9964887034878029
1970-01-01 00:00:00.000018733,0.9964887034878029
1970-01-01 00:00:00.000018734,0.9964887034878029
1970-01-01 00:00:00.000018735,0.9964887034878029
1970-01-01 00:00:00.000018736,0.9988136612377593
1970-01-01 00:00:00.000018737,0.9987137798716356
1970-01-01 00:00:00.000018738,0.9987137798716356
1970-01-01 00:00:00.000018739,1.000123109488917
1970-01-01 00:00:00.000018740,0.9989035778776107
1970-01-01 00:00:00.000018741,0.9957114770482123
1970-01-01 00:00:00.000018742,0.9973784620924253
1970-01-01 00:00:00.000018743,0.9956045438379925
1970-01-01 00:00:00.000018744,0.994849551172514
1970-01-01 00:00:00.000018745,0.9946627155635608
1970-01-01 00:00:00.000018746,0.9951294645757361
1970-01-01 00:00:00.000018747,0.9945298565750285
1970-01-01 00:00:00.000018748,0.9941809210997088
1970-01-01 00:00:00.000018749,0.9921610904627912
1970-01-01 00:00:00.000018750,0.9926523202098978
1970-01-01 00:00:00.000018751,0.9927306075601462
1970-01-01 00:00:00.000018752,0.9930848131936804
1970-01-01 00:00:00.000018753,0.9930360217289218
1970-01-01 00:00:00.000018754,0.9926382947888437
1970-01-01 00:00:00.000018755,0.9956690607748423
1970-01-01 00:00:00.000018756,0.9942320926359192
1970-01-01 00:00:00.000018757,0.9932993596345349
1970-01-01 00:00:00.000018758,0.9926597154319087
1970-01-01 00:00:00.000018759,0.9923579563728624
1970-01-01 00:00:00.000018760,0.9945298565750288
1970-01-01 00:00:00.000018761,0.9944304035893713
1970-01-01 00:00:00.000018762,0.9944304035893713
1970-01-01 00:00:00.000018763,0.9944304035893713
1970-01-01 00:00:00.000018764,0.9917335880391405
1970-01-01 00:00:00.000018765,0.9916344146803365
1970-01-01 00:00:00.000018766,0.9952870950073671
1970-01-01 00:00:00.000018767,0.9951875662978664
1970-01-01 00:00:00.000018768,0.9951875662978664
1970-01-01 00:00:00.000018769,0.9951875662978664
1970-01-01 00:00:00.000018770,0.9951875662978664
1970-01-01 00:00:00.000018771,0.9951875662978664
1970-01-01 00:00:00.000018772,0.9951875662978664
1970-01-01 00:00:00.000018773,0.9951875662978664
1970-01-01 00:00:00.000018774,0.9951875662978664
1970-01-01 00:00:00.000018775,0.9951875662978664
1970-01-01 00:00:00.000018776,0.9951875662978664
1970-01-01 00:00:00.000018777,0.9951875662978664
1970-01-01 00:00:00.000018778,0.9951875662978664
1970-01-01 00:00:00.000018779,0.9951875662978664
1970-01-01 00:00:00.000018780,0.9951875662978664
1970-01-01 00:00:00.000018781,0.9951875662978664
1970-01-01 00:00:00.000018782,0.9951875662978664
1970-01-01 00:00:00.000018783,0.9951875662978664
1970-01-01 00:00:00.000018784,0.9951875662978664
1970-01-01 00:00:00.000018785,0.9951875662978664
1970-01-01 00:00:00.000018786,0.9951875662978664
1970-01-01 00:00:00.000018787,0.9951875662978664
1970-01-01 00:00:00.000018788,0.9951875662978664
1970-01-01 00:00:00.000018789,0.9951875662978664
1970-01-01 00:00:00.000018790,0.9951875662978664
1970-01-01 00:00:00.000018791,0.9951875662978664
1970-01-01 00:00:00.000018792,0.9951875662978664
1970-01-01 00:00:00.000018793,0.9951875662978664
1970-01-01 00:00:00.000018794,0.9951875662978664
1970-01-01 00:00:00.000018795,0.9951875662978664
1970-01-01 00:00:00.000018796,0.9951875662978664
1970-01-01 00:00:00.000018797,0.9951875662978664
1970-01-01 00:00:00.000018798,0.9951875662978664
1970-01-01 00:00:00.000018799,0.9951875662978664
1970-01-01 00:00:00.000018800,0.9951875662978664
1970-01-01 00:00:00.000018801,0.9951875662978664
1970-01-01 00:00:00.000018802,0.9951875662978664
1970-01-01 00:00:00.000018803,0.9951875662978664
1970-01-01 00:00:00.000018804,0.9951875662978664
1970-01-01 00:00:00.000018805,0.9951875662978664
1970-01-01 00:00:00.000018806,0.9951875662978664
1970-01-01 00:00:00.000018807,0.9951875662978664
1970-01-01 00:00:00.000018808,0.9951875662978664
1970-01-01 00:00:00.000018809,0.9951875662978664
1970-01-01 00:00:00.000018810,0.9951875662978664
1970-01-01 00:00:00.000018811,0.9951875662978664
1970-01-01 00:00:00.000018812,0.9951875662978664
1970-01-01 00:00:00.000018813,0.9951875662978664
1970-01-01 00:00:00.000018814,0.9951875662978664
1970-01-01 00:00:00.000018815,0.9951875662978664
1970-01-01 00:00:00.000018816,0.9951875662978664
1970-01-01 00:00:00.000018817,0.9951875662978664
1970-01-01 00:00:00.000018818,0.9951875662978664
1970-01-01 00:00:00.000018819,0.9951875662978664
1970-01-01 00:00:00.000018820,0.9951875662978664
1970-01-01 00:00:00.000018821,0.9951875662978664
1970-01-01 00:00:00.000018822,0.9951875662978664
1970-01-01 00:00:00.000018823,0.9951875662978664
1970-01-01 00:00:00.000018824,0.9951875662978664
1970-01-01 00:00:00.000018825,0.9951875662978664
1970-01-01 00:00:00.000018826,0.9951875662978664
1970-01-01 00:00:00.000018827,0.9951875662978664
1970-01-01 00:00:00.000018828,0.9951875662978664
1970-01-01 00:00:00.000018829,0.9951875662978664
1970-01-01 00:00:00.000018830,0.9951875662978664
1970-01-01 00:00:00.000018831,0.9951875662978664
1970-01-01 00:00:00.000018832,0.9951875662978664
1970-01-01 00:00:00.000018833,0.9951875662978664
1970-01-01 00:00:00.000018834,0.9951875662978664
1970-01-01 00:00:00.000018835,0.9983152734020831
1970-01-01 00:00:00.000018836,0.998215441874743
1970-01-01 00:00:00.000018837,0.998215441874743
1970-01-01 00:00:00.000018838,0.998215441874743
1970-01-01 00:00:00.000018839,0.998215441874743
1970-01-01 00:00:00.000018840,0.998215441874743
1970-01-01 00:00:00.000018841,0.998215441874743
1970-01-01 00:00:00.000018842,0.998215441874743
1970-01-01 00:00:00.000018843,0.998215441874743
1970-01-01 00:00:00.000018844,0.998215441874743
1970-01-01 00:00:00.000018845,0.998215441874743
1970-01-01 00:00:00.000018846,0.998215441874743
1970-01-01 00:00:00.000018847,0.998215441874743
1970-01-01 00:00:00.000018848,0.998215441874743
1970-01-01 00:00:00.000018849,0.998215441874743
1970-01-01 00:00:00.000018850,0.998215441874743
1970-01-01 00:00:00.000018851,0.998215441874743
1970-01-01 00:00:00.000018852,0.998215441874743
1970-01-01 00:00:00.000018853,0.998215441874743
1970-01-01 00:00:00.000018854,0.998215441874743
1970-01-01 00:00:00.000018855,0.998215441874743
1970-01-01 00:00:00.000018856,0.998215441874743
1970-01-01 00:00:00.000018857,0.998215441874743
1970-01-01 00:00:00.000018858,0.998215441874743
1970-01-01 00:00:00.000018859,0.998215441874743
1970-01-01 00:00:00.000018860,0.998215441874743
1970-01-01 00:00:00.000018861,0.998215441874743
1970-01-01 00:00:00.000018862,0.998215441874743
1970-01-01 00:00:00.000018863,0.998215441874743
1970-01-01 00:00:00.000018864,0.998215441874743
1970-01-01 00:00:00.000018865,0.998215441874743
1970-01-01 00:00:00.000018866,0.998215441874743
1970-01-01 00:00:00.000018867,0.998215441874743
1970-01-01 00:00:00.000018868,0.998215441874743
1970-01-01 00:00:00.000018869,0.998215441874743
1970-01-01 00:00:00.000018870,0.998215441874743
1970-01-01 00:00:00.000018871,0.998215441874743
1970-01-01 00:00:00.000018872,0.998215441874743
1970-01-01 00:00:00.000018873,0.998215441874743
1970-01-01 00:00:00.000018874,0.998215441874743
1970-01-01 00:00:00.000018875,0.998215441874743
1970-01-01 00:00:00.000018876,0.998215441874743
1970-01-01 00:00:00.000018877,0.998215441874743
1970-01-01 00:00:00.000018878,0.998215441874743
1970-01-01 00:00:00.000018879,0.998215441874743
1970-01-01 00:00:00.000018880,0.998215441874743
1970-01-01 00:00:00.000018881,0.998215441874743
1970-01-01 00:00:00.000018882,0.998215441874743
1970-01-01 00:00:00.000018883,0.998215441874743
1970-01-01 00:00:00.000018884,0.998215441874743
1970-01-01 00:00:00.000018885,0.998215441874743
1970-01-01 00:00:00.000018886,0.998215441874743
1970-01-01 00:00:00.000018887,0.998215441874743
1970-01-01 00:00:00.000018888,0.998215441874743
1970-01-01 00:00:00.000018889,1.002595962038163
1970-01-01 00:00:00.000018890,1.0024957024419592
1970-01-01 00:00:00.000018891,1.0024957024419592
1970-01-01 00:00:00.000018892,1.0024957024419592
1970-01-01 00:00:00.000018893,1.0024957024419592
1970-01-01 00:00:00.000018894,1.0024957024419592
1970-01-01 00:00:00.000018895,1.0024957024419592
1970-01-01 00:00:00.000018896,1.0024957024419592
1970-01-01 00:00:00.000018897,1.0024957024419592
1970-01-01 00:00:00.000018898,1.0024957024419592
1970-01-01 00:00:00.000018899,1.0024957024419592
1970-01-01 00:00:00.000018900,1.0024957024419592
1970-01-01 00:00:00.000018901,1.0024957024419592
1970-01-01 00:00:00.000018902,1.0024957024419592
1970-01-01 00:00:00.000018903,1.0024957024419592
1970-01-01 00:00:00.000018904,1.0024957024419592
1970-01-01 00:00:00.000018905,1.0024957024419592
1970-01-01 00:00:00.000018906,1.0024957024419592
1970-01-01 00:00:00.000018907,1.0024957024419592
1970-01-01 00:00:00.000018908,1.0024957024419592
1970-01-01 00:00:00.000018909,1.0024957024419592
1970-01-01 00:00:00.000018910,1.0024957024419592
1970-01-01 00:00:00.000018911,1.0024957024419592
1970-01-01 00:00:00.000018912,1.0024957024419592
1970-01-01 00:00:00.000018913,1.0024957024419592
1970-01-01 00:00:00.000018914,1.0024957024419592
1970-01-01 00:00:00.000018915,1.0024957024419592
1970-01-01 00:00:00.000018916,1.0024957024419592
1970-01-01 00:00:00.000018917,1.0024957024419592
1970-01-01 00:00:00.000018918,1.001316310424307
1970-01-01 00:00:00.000018919,1.0032991166776186
1970-01-01 00:00:00.000018920,1.0031987867659509
1970-01-01 00:00:00.000018921,1.0024546063953406
1970-01-01 00:00:00.000018922,1.0025102681948403
1970-01-01 00:00:00.000018923,1.0024100171680208
1970-01-01 00:00:00.000018924,1.001242889188446
1970-01-01 00:00:00.000018925,1.0013751430886955
1970-01-01 00:00:00.000018926,1.0012750055743866
1970-01-01 00:00:00.000018927,1.0023424649113986
1970-01-01 00:00:00.000018928,1.0022422306649075
1970-01-01 00:00:00.000018929,1.0028808829277773
1970-01-01 00:00:00.000018930,1.0027805948394846
1970-01-01 00:00:00.000018931,1.0027805948394846
1970-01-01 00:00:00.000018932,1.0027805948394846
1970-01-01 00:00:00.000018933,1.0027805948394846
1970-01-01 00:00:00.000018934,1.0027805948394846
1970-01-01 00:00:00.000018935,1.0027805948394846
1970-01-01 00:00:00.000018936,1.0027805948394846
1970-01-01 00:00:00.000018937,1.0027805948394846
1970-01-01 00:00:00.000018938,1.0027805948394846
1970-01-01 00:00:00.000018939,1.0027805948394846
1970-01-01 00:00:00.000018940,1.0027805948394846
1970-01-01 00:00:00.000018941,1.0027805948394846
1970-01-01 00:00:00.000018942,1.0027805948394846
1970-01-01 00:00:00.000018943,1.0027805948394846
1970-01-01 00:00:00.000018944,1.0027805948394846
1970-01-01 00:00:00.000018945,1.0027805948394846
1970-01-01 00:00:00.000018946,1.0027805948394846
1970-01-01 00:00:00.000018947,1.0027805948394846
1970-01-01 00:00:00.000018948,1.0027805948394846
1970-01-01 00:00:00.000018949,1.0027805948394846
1970-01-01 00:00:00.000018950,1.0027805948394846
1970-01-01 00:00:00.000018951,1.0027805948394846
1970-01-01 00:00:00.000018952,1.0027805948394846
1970-01-01 00:00:00.000018953,1.0027805948394846
1970-01-01 00:00:00.000018954,1.0027805948394846
1970-01-01 00:00:00.000018955,1.0027805948394846
1970-01-01 00:00:00.000018956,1.0027805948394846
1970-01-01 00:00:00.000018957,1.0027805948394846
1970-01-01 00:00:00.000018958,1.0027805948394846
1970-01-01 00:00:00.000018959,1.0027805948394846
1970-01-01 00:00:00.000018960,1.0027805948394846
1970-01-01 00:00:00.000018961,1.0027805948394846
1970-01-01 00:00:00.000018962,1.0027805948394846
1970-01-01 00:00:00.000018963,1.0027805948394846
1970-01-01 00:00:00.000018964,1.0027805948394846
1970-01-01 00:00:00.000018965,1.0027805948394846
1970-01-01 00:00:00.000018966,1.0081507623456392
1970-01-01 00:00:00.000018967,1.0097359223415188
1970-01-01 00:00:00.000018968,1.0116546835968818
1970-01-01 00:00:00.000018969,1.0115535181285222
1970-01-01 00:00:00.000018970,1.0132910787660956
1970-01-01 00:00:00.000018971,1.0104741569804552
1970-01-01 00:00:00.000018972,1.0110975517193153
1970-01-01 00:00:00.000018973,1.0109964419641433
1970-01-01 00:00:00.000018974,1.0109964419641433
1970-01-01 00:00:00.000018975,1.0109964419641433
1970-01-01 00:00:00.000018976,1.0109964419641433
1970-01-01 00:00:00.000018977,1.0109964419641433
1970-01-01 00:00:00.000018978,1.0109964419641433
1970-01-01 00:00:00.000018979,1.0109964419641433
1970-01-01 00:00:00.000018980,1.0109964419641433
1970-01-01 00:00:00.000018981,1.0109964419641433
1970-01-01 00:00:00.000018982,1.0109964419641433
1970-01-01 00:00:00.000018983,1.0109964419641433
1970-01-01 00:00:00.000018984,1.0109964419641433
1970-01-01 00:00:00.000018985,1.0109964419641433
1970-01-01 00:00:00.000018986,1.0109964419641433
1970-01-01 00:00:00.000018987,1.0109964419641433
1970-01-01 00:00:00.000018988,1.0109964419641433
1970-01-01 00:00:00.000018989,1.0109964419641433
1970-01-01 00:00:00.000018990,1.0109964419641433
1970-01-01 00:00:00.000018991,1.0109964419641433
1970-01-01 00:00:00.000018992,1.0109964419641433
1970-01-01 00:00:00.000018993,1.0109964419641433
1970-01-01 00:00:00.000018994,1.0109964419641433
1970-01-01 00:00:00.000018995,1.0109964419641433
1970-01-01 00:00:00.000018996,1.0109964419641433
1970-01-01 00:00:00.000018997,1.0109964419641433
1970-01-01 00:00:00.000018998,1.0109964419641433
1970-01-01 00:00:00.000018999,1.0109964419641433
1970-01-01 00:00:00.000019000,1.0109964419641433
1970-01-01 00:00:00.000019001,1.0109964419641433
1970-01-01 00:00:00.000019002,1.0109964419641433
1970-01-01 00:00:00.000019003,1.0109964419641433
1970-01-01 00:00:00.000019004,1.0109964419641433
1970-01-01 00:00:00.000019005,1.0109964419641433
1970-01-01 00:00:00.000019006,1.0109964419641433
1970-01-01 00:00:00.000019007,1.0109964419641433
1970-01-01 00:00:00.000019008,1.0109964419641433
1970-01-01 00:00:00.000019009,1.0109964419641433
1970-01-01 00:00:00.000019010,1.0109964419641433
1970-01-01 00:00:00.000019011,1.0109964419641433
1970-01-01 00:00:00.000019012,1.0109964419641433
1970-01-01 00:00:00.000019013,1.0109964419641433
1970-01-01 00:00:00.000019014,1.0109964419641433
1970-01-01 00:00:00.000019015,1.0109964419641433
1970-01-01 00:00:00.000019016,1.0109964419641433
1970-01-01 00:00:00.000019017,1.0109964419641433
1970-01-01 00:00:00.000019018,1.0109964419641433
1970-01-01 00:00:00.000019019,1.0109964419641433
1970-01-01 00:00:00.000019020,1.0109964419641433
1970-01-01 00:00:00.000019021,1.0109964419641433
1970-01-01 00:00:00.000019022,1.0109964419641433
1970-01-01 00:00:00.000019023,1.0109964419641433
1970-01-01 00:00:00.000019024,1.0109964419641433
1970-01-01 00:00:00.000019025,1.0109964419641433
1970-01-01 00:00:00.000019026,1.0109964419641433
1970-01-01 00:00:00.000019027,1.0109964419641433
1970-01-01 00:00:00.000019028,1.0109964419641433
1970-01-01 00:00:00.000019029,1.0109964419641433
1970-01-01 00:00:00.000019030,1.0109964419641433
1970-01-01 00:00:00.000019031,1.0109964419641433
1970-01-01 00:00:00.000019032,1.0109964419641433
1970-01-01 00:00:00.000019033,1.0109964419641433
1970-01-01 00:00:00.000019034,1.0109964419641433
1970-01-01 00:00:00.000019035,1.0109964419641433
1970-01-01 00:00:00.000019036,1.0109964419641433
1970-01-01 00:00:00.000019037,1.0125047980939024
1970-01-01 00:00:00.000019038,1.012403547614093
1970-01-01 00:00:00.000019039,1.012403547614093
1970-01-01 00:00:00.000019040,1.012403547614093
1970-01-01 00:00:00.000019041,1.012403547614093
1970-01-01 00:00:00.000019042,1.0139220332786925
1970-01-01 00:00:00.000019043,1.015613811812349
1970-01-01 00:00:00.000019044,1.0139678401737238
1970-01-01 00:00:00.000019045,1.0138664433897064
1970-01-01 00:00:00.000019046,1.0138664433897064
1970-01-01 00:00:00.000019047,1.0138664433897064
1970-01-01 00:00:00.000019048,1.0138664433897064
1970-01-01 00:00:00.000019049,1.0138664433897064
1970-01-01 00:00:00.000019050,1.0138664433897064
1970-01-01 00:00:00.000019051,1.0138664433897064
1970-01-01 00:00:00.000019052,1.0138664433897064
1970-01-01 00:00:00.000019053,1.0138664433897064
1970-01-01 00:00:00.000019054,1.0138664433897064
1970-01-01 00:00:00.000019055,1.0138664433897064
1970-01-01 00:00:00.000019056,1.0138664433897064
1970-01-01 00:00:00.000019057,1.0138664433897064
1970-01-01 00:00:00.000019058,1.0138664433897064
1970-01-01 00:00:00.000019059,1.0138664433897064
1970-01-01 00:00:00.000019060,1.0132096122445828
1970-01-01 00:00:00.000019061,1.0131082912833584
1970-01-01 00:00:00.000019062,1.0139750085855777
1970-01-01 00:00:00.000019063,1.0158541853749377
1970-01-01 00:00:00.000019064,1.0157525999564
1970-01-01 00:00:00.000019065,1.0140260823322655
1970-01-01 00:00:00.000019066,1.0139246797240322
1970-01-01 00:00:00.000019067,1.0139246797240322
1970-01-01 00:00:00.000019068,1.0139246797240322
1970-01-01 00:00:00.000019069,1.0139246797240322
1970-01-01 00:00:00.000019070,1.0139246797240322
1970-01-01 00:00:00.000019071,1.0139246797240322
1970-01-01 00:00:00.000019072,1.0139246797240322
1970-01-01 00:00:00.000019073,1.0139246797240322
1970-01-01 00:00:00.000019074,1.0139246797240322
1970-01-01 00:00:00.000019075,1.0139246797240322
1970-01-01 00:00:00.000019076,1.0139246797240322
1970-01-01 00:00:00.000019077,1.0139246797240322
1970-01-01 00:00:00.000019078,1.0139246797240322
1970-01-01 00:00:00.000019079,1.0139246797240322
1970-01-01 00:00:00.000019080,1.0139246797240322
1970-01-01 00:00:00.000019081,1.0139246797240322
1970-01-01 00:00:00.000019082,1.0139246797240322
1970-01-01 00:00:00.000019083,1.0139246797240322
1970-01-01 00:00:00.000019084,1.0139246797240322
1970-01-01 00:00:00.000019085,1.0139246797240322
1970-01-01 00:00:00.000019086,1.0139246797240322
1970-01-01 00:00:00.000019087,1.0139246797240322
1970-01-01 00:00:00.000019088,1.0139246797240322
1970-01-01 00:00:00.000019089,1.0139246797240322
1970-01-01 00:00:00.000019090,1.0139246797240322
1970-01-01 00:00:00.000019091,1.0139246797240322
1970-01-01 00:00:00.000019092,1.0139246797240322
1970-01-01 00:00:00.000019093,1.0139246797240322
1970-01-01 00:00:00.000019094,1.0139246797240322
1970-01-01 00:00:00.000019095,1.0139246797240322
1970-01-01 00:00:00.000019096,1.0139246797240322
1970-01-01 00:00:00.000019097,1.0139246797240322
1970-01-01 00:00:00.000019098,1.0139246797240322
1970-01-01 00:00:00.000019099,1.0139246797240322
1970-01-01 00:00:00.000019100,1.0139246797240322
1970-01-01 00:00:00.000019101,1.0139246797240322
1970-01-01 00:00:00.000019102,1.0139246797240322
1970-01-01 00:00:00.000019103,1.0139246797240322
1970-01-01 00:00:00.000019104,1.0139246797240322
1970-01-01 00:00:00.000019105,1.0139246797240322
1970-01-01 00:00:00.000019106,1.0139246797240322
1970-01-01 00:00:00.000019107,1.0139246797240322
1970-01-01 00:00:00.000019108,1.0139246797240322
1970-01-01 00:00:00.000019109,1.0139246797240322
1970-01-01 00:00:00.000019110,1.0139246797240322
1970-01-01 00:00:00.000019111,1.0139246797240322
1970-01-01 00:00:00.000019112,1.0134174034319585
1970-01-01 00:00:00.000019113,1.0133160616916153
1970-01-01 00:00:00.000019114,1.0133160616916153
1970-01-01 00:00:00.000019115,1.0133160616916153
1970-01-01 00:00:00.000019116,1.0133160616916153
1970-01-01 00:00:00.000019117,1.0133160616916153
1970-01-01 00:00:00.000019118,1.0133160616916153
1970-01-01 00:00:00.000019119,1.0133160616916153
1970-01-01 00:00:00.000019120,1.0133160616916153
1970-01-01 00:00:00.000019121,1.0133160616916153
1970-01-01 00:00:00.000019122,1.0133160616916153
1970-01-01 00:00:00.000019123,1.0133160616916153
1970-01-01 00:00:00.000019124,1.0133160616916153
1970-01-01 00:00:00.000019125,1.0133160616916153
1970-01-01 00:00:00.000019126,1.0133160616916153
1970-01-01 00:00:00.000019127,1.0133160616916153
1970-01-01 00:00:00.000019128,1.0133160616916153
1970-01-01 00:00:00.000019129,1.0133160616916153
1970-01-01 00:00:00.000019130,1.0133160616916153
1970-01-01 00:00:00.000019131,1.0133160616916153
1970-01-01 00:00:00.000019132,1.0133160616916153
1970-01-01 00:00:00.000019133,1.0133160616916153
1970-01-01 00:00:00.000019134,1.0133160616916153
1970-01-01 00:00:00.000019135,1.0133160616916153
1970-01-01 00:00:00.000019136,1.0133160616916153
1970-01-01 00:00:00.000019137,1.0133160616916153
1970-01-01 00:00:00.000019138,1.0133160616916153
1970-01-01 00:00:00.000019139,1.0133160616916153
1970-01-01 00:00:00.000019140,1.0133160616916153
1970-01-01 00:00:00.000019141,1.0133160616916153
1970-01-01 00:00:00.000019142,1.0133160616916153
1970-01-01 00:00:00.000019143,1.0133160616916153
1970-01-01 00:00:00.000019144,1.0133160616916153
1970-01-01 00:00:00.000019145,1.0133160616916153
1970-01-01 00:00:00.000019146,1.0133160616916153
1970-01-01 00:00:00.000019147,1.0133160616916153
1970-01-01 00:00:00.000019148,1.0133160616916153
1970-01-01 00:00:00.000019149,1.0133160616916153
1970-01-01 00:00:00.000019150,1.0133160616916153
1970-01-01 00:00:00.000019151,1.0133160616916153
1970-01-01 00:00:00.000019152,1.0133160616916153
1970-01-01 00:00:00.000019153,1.0133160616916153
1970-01-01 00:00:00.000019154,1.0133160616916153
1970-01-01 00:00:00.000019155,1.0133160616916153
1970-01-01 00:00:00.000019156,1.0133160616916153
1970-01-01 00:00:00.000019157,1.0133160616916153
1970-01-01 00:00:00.000019158,1.0133160616916153
1970-01-01 00:00:00.000019159,1.0133160616916153
1970-01-01 00:00:00.000019160,1.0133160616916153
1970-01-01 00:00:00.000019161,1.0133160616916153
1970-01-01 00:00:00.000019162,1.0133160616916153
1970-01-01 00:00:00.000019163,1.0133160616916153
1970-01-01 00:00:00.000019164,1.0133160616916153
1970-01-01 00:00:00.000019165,1.0133160616916153
1970-01-01 00:00:00.000019166,1.0133160616916153
1970-01-01 00:00:00.000019167,1.0133160616916153
1970-01-01 00:00:00.000019168,1.015129139741703
1970-01-01 00:00:00.000019169,1.0147861240117293
1970-01-01 00:00:00.000019170,1.013954755643893
1970-01-01 00:00:00.000019171,1.0131903402336235
1970-01-01 00:00:00.000019172,1.0127280296318875
1970-01-01 00:00:00.000019173,1.0125465089048256
1970-01-01 00:00:00.000019174,1.0125295772839775
1970-01-01 00:00:00.000019175,1.0137312066803095
1970-01-01 00:00:00.000019176,1.0135021570886333
1970-01-01 00:00:00.000019177,1.0137021564881945
1970-01-01 00:00:00.000019178,1.0129673069539238
1970-01-01 00:00:00.000019179,1.0119954147277797
1970-01-01 00:00:00.000019180,1.0118942151863068
1970-01-01 00:00:00.000019181,1.0118942151863068
1970-01-01 00:00:00.000019182,1.0118942151863068
1970-01-01 00:00:00.000019183,1.0118942151863068
1970-01-01 00:00:00.000019184,1.0118942151863068
1970-01-01 00:00:00.000019185,1.0118942151863068
1970-01-01 00:00:00.000019186,1.0118942151863068
1970-01-01 00:00:00.000019187,1.0118942151863068
1970-01-01 00:00:00.000019188,1.0118942151863068
1970-01-01 00:00:00.000019189,1.0118942151863068
1970-01-01 00:00:00.000019190,1.0118942151863068
1970-01-01 00:00:00.000019191,1.0118942151863068
1970-01-01 00:00:00.000019192,1.0118942151863068
1970-01-01 00:00:00.000019193,1.0118942151863068
1970-01-01 00:00:00.000019194,1.0118942151863068
1970-01-01 00:00:00.000019195,1.0118942151863068
1970-01-01 00:00:00.000019196,1.0118942151863068
1970-01-01 00:00:00.000019197,1.0118942151863068
1970-01-01 00:00:00.000019198,1.0118942151863068
1970-01-01 00:00:00.000019199,1.0118942151863068
1970-01-01 00:00:00.000019200,1.0118942151863068
1970-01-01 00:00:00.000019201,1.0118942151863068
1970-01-01 00:00:00.000019202,1.0118942151863068
1970-01-01 00:00:00.000019203,1.0118942151863068
1970-01-01 00:00:00.000019204,1.0118942151863068
1970-01-01 00:00:00.000019205,1.0118942151863068
1970-01-01 00:00:00.000019206,1.0118942151863068
1970-01-01 00:00:00.000019207,1.0118942151863068
1970-01-01 00:00:00.000019208,1.0118942151863068
1970-01-01 00:00:00.000019209,1.0118942151863068
1970-01-01 00:00:00.000019210,1.0118942151863068
1970-01-01 00:00:00.000019211,1.0118942151863068
1970-01-01 00:00:00.000019212,1.0118942151863068
1970-01-01 00:00:00.000019213,1.0118942151863068
1970-01-01 00:00:00.000019214,1.0118942151863068
1970-01-01 00:00:00.000019215,1.0118942151863068
1970-01-01 00:00:00.000019216,1.0118942151863068
1970-01-01 00:00:00.000019217,1.0118942151863068
1970-01-01 00:00:00.000019218,1.0118942151863068
1970-01-01 00:00:00.000019219,1.0118942151863068
1970-01-01 00:00:00.000019220,1.0118942151863068
1970-01-01 00:00:00.000019221,1.0118942151863068
1970-01-01 00:00:00.000019222,1.0118942151863068
1970-01-01 00:00:00.000019223,1.0118942151863068
1970-01-01 00:00:00.000019224,1.0118942151863068
1970-01-01 00:00:00.000019225,1.0118942151863068
1970-01-01 00:00:00.000019226,1.0118942151863068
1970-01-01 00:00:00.000019227,1.0118942151863068
1970-01-01 00:00:00.000019228,1.0118942151863068
1970-01-01 00:00:00.000019229,1.0118942151863068
1970-01-01 00:00:00.000019230,1.0118942151863068
1970-01-01 00:00:00.000019231,1.013727575593452
1970-01-01 00:00:00.000019232,1.0129950660269804
1970-01-01 00:00:00.000019233,1.0129480894041103
1970-01-01 00:00:00.000019234,1.0128360484440893
1970-01-01 00:00:00.000019235,1.0115925395182568
1970-01-01 00:00:00.000019236,1.011548477503375
1970-01-01 00:00:00.000019237,1.012260156195107
1970-01-01 00:00:00.000019238,1.0107955656809853
1970-01-01 00:00:00.000019239,1.0110363637350777
1970-01-01 00:00:00.000019240,1.0111728359679415
1970-01-01 00:00:00.000019241,1.0112726184296585
1970-01-01 00:00:00.000019242,1.0105821135077242
1970-01-01 00:00:00.000019243,1.0106835247209642
1970-01-01 00:00:00.000019244,1.010357260073803
1970-01-01 00:00:00.000019245,1.0107688198665044
1970-01-01 00:00:00.000019246,1.0104985328374714
1970-01-01 00:00:00.000019247,1.0105906858841605
1970-01-01 00:00:00.000019248,1.0102392184502769
1970-01-01 00:00:00.000019249,1.0101652388416325
1970-01-01 00:00:00.000019250,1.0122727575884678
1970-01-01 00:00:00.000019251,1.012634083255253
1970-01-01 00:00:00.000019252,1.0125633611496545
1970-01-01 00:00:00.000019253,1.0126449701733269
1970-01-01 00:00:00.000019254,1.0151181007751655
1970-01-01 00:00:00.000019255,1.015016588965088
1970-01-01 00:00:00.000019256,1.015016588965088
1970-01-01 00:00:00.000019257,1.015016588965088
1970-01-01 00:00:00.000019258,1.015016588965088
1970-01-01 00:00:00.000019259,1.015016588965088
1970-01-01 00:00:00.000019260,1.015016588965088
1970-01-01 00:00:00.000019261,1.015016588965088
1970-01-01 00:00:00.000019262,1.015016588965088
1970-01-01 00:00:00.000019263,1.015016588965088
1970-01-01 00:00:00.000019264,1.015016588965088
1970-01-01 00:00:00.000019265,1.015016588965088
1970-01-01 00:00:00.000019266,1.015016588965088
1970-01-01 00:00:00.000019267,1.0130978516834113
1970-01-01 00:00:00.000019268,1.012996541898243
1970-01-01 00:00:00.000019269,1.012996541898243
1970-01-01 00:00:00.000019270,1.012996541898243
1970-01-01 00:00:00.000019271,1.012996541898243
1970-01-01 00:00:00.000019272,1.012996541898243
1970-01-01 00:00:00.000019273,1.012996541898243
1970-01-01 00:00:00.000019274,1.012996541898243
1970-01-01 00:00:00.000019275,1.012996541898243
1970-01-01 00:00:00.000019276,1.012996541898243
1970-01-01 00:00:00.000019277,1.012996541898243
1970-01-01 00:00:00.000019278,1.012996541898243
1970-01-01 00:00:00.000019279,1.012996541898243
1970-01-01 00:00:00.000019280,1.0131832822734579
1970-01-01 00:00:00.000019281,1.0130819639452306
1970-01-01 00:00:00.000019282,1.0130819639452306
1970-01-01 00:00:00.000019283,1.0130819639452306
1970-01-01 00:00:00.000019284,1.0130819639452306
1970-01-01 00:00:00.000019285,1.0130819639452306
1970-01-01 00:00:00.000019286,1.0128189289680825
1970-01-01 00:00:00.000019287,1.0035524992717577
1970-01-01 00:00:00.000019288,1.0065369354463922
1970-01-01 00:00:00.000019289,1.0064362817528476
1970-01-01 00:00:00.000019290,1.0064362817528476
1970-01-01 00:00:00.000019291,1.0064362817528476
1970-01-01 00:00:00.000019292,1.0064362817528476
1970-01-01 00:00:00.000019293,1.0064362817528476
1970-01-01 00:00:00.000019294,1.0064362817528476
1970-01-01 00:00:00.000019295,1.0064362817528476
1970-01-01 00:00:00.000019296,1.0064362817528476
1970-01-01 00:00:00.000019297,1.0064362817528476
1970-01-01 00:00:00.000019298,1.0064362817528476
1970-01-01 00:00:00.000019299,1.0064362817528476
1970-01-01 00:00:00.000019300,1.0064362817528476
1970-01-01 00:00:00.000019301,1.0064362817528476
1970-01-01 00:00:00.000019302,1.0064362817528476
1970-01-01 00:00:00.000019303,1.0064362817528476
1970-01-01 00:00:00.000019304,1.0064362817528476
1970-01-01 00:00:00.000019305,1.0064362817528476
1970-01-01 00:00:00.000019306,1.0064362817528476
1970-01-01 00:00:00.000019307,1.0064362817528476
1970-01-01 00:00:00.000019308,1.0064362817528476
1970-01-01 00:00:00.000019309,1.0064362817528476
1970-01-01 00:00:00.000019310,1.0064362817528476
1970-01-01 00:00:00.000019311,1.0064362817528476
1970-01-01 00:00:00.000019312,1.0064362817528476
1970-01-01 00:00:00.000019313,1.0064362817528476
1970-01-01 00:00:00.000019314,1.0064362817528476
1970-01-01 00:00:00.000019315,1.0064362817528476
1970-01-01 00:00:00.000019316,1.0064362817528476
1970-01-01 00:00:00.000019317,1.0064362817528476
1970-01-01 00:00:00.000019318,1.0064362817528476
1970-01-01 00:00:00.000019319,1.0064362817528476
1970-01-01 00:00:00.000019320,1.0064362817528476
1970-01-01 00:00:00.000019321,1.0064362817528476
1970-01-01 00:00:00.000019322,1.0064362817528476
1970-01-01 00:00:00.000019323,1.0064362817528476
1970-01-01 00:00:00.000019324,1.0064362817528476
1970-01-01 00:00:00.000019325,1.0064362817528476
1970-01-01 00:00:00.000019326,1.0064362817528476
1970-01-01 00:00:00.000019327,1.0064362817528476
1970-01-01 00:00:00.000019328,1.0064362817528476
1970-01-01 00:00:00.000019329,1.0064362817528476
1970-01-01 00:00:00.000019330,1.0064362817528476
1970-01-01 00:00:00.000019331,1.0064362817528476
1970-01-01 00:00:00.000019332,1.0064362817528476
1970-01-01 00:00:00.000019333,1.0064362817528476
1970-01-01 00:00:00.000019334,1.0064362817528476
1970-01-01 00:00:00.000019335,1.0064362817528476
1970-01-01 00:00:00.000019336,1.0064362817528476
1970-01-01 00:00:00.000019337,1.0064362817528476
1970-01-01 00:00:00.000019338,1.0064362817528476
1970-01-01 00:00:00.000019339,1.0064362817528476
1970-01-01 00:00:00.000019340,1.0064362817528476
1970-01-01 00:00:00.000019341,1.0064362817528476
1970-01-01 00:00:00.000019342,1.0064362817528476
1970-01-01 00:00:00.000019343,1.0064362817528476
1970-01-01 00:00:00.000019344,1.0064362817528476
1970-01-01 00:00:00.000019345,1.0064362817528476
1970-01-01 00:00:00.000019346,1.006063860139174
1970-01-01 00:00:00.000019347,1.0043899365061375
1970-01-01 00:00:00.000019348,1.0071666984436372
1970-01-01 00:00:00.000019349,1.0070659817737928
1970-01-01 00:00:00.000019350,1.0070659817737928
1970-01-01 00:00:00.000019351,1.0070659817737928
1970-01-01 00:00:00.000019352,1.0070659817737928
1970-01-01 00:00:00.000019353,1.0070659817737928
1970-01-01 00:00:00.000019354,1.0070659817737928
1970-01-01 00:00:00.000019355,1.0070659817737928
1970-01-01 00:00:00.000019356,1.0070659817737928
1970-01-01 00:00:00.000019357,1.0070659817737928
1970-01-01 00:00:00.000019358,1.0070659817737928
1970-01-01 00:00:00.000019359,1.0070659817737928
1970-01-01 00:00:00.000019360,1.0070659817737928
1970-01-01 00:00:00.000019361,1.0070659817737928
1970-01-01 00:00:00.000019362,1.0070659817737928
1970-01-01 00:00:00.000019363,1.0070659817737928
1970-01-01 00:00:00.000019364,1.0040961155327766
1970-01-01 00:00:00.000019365,1.0025942595949795
1970-01-01 00:00:00.000019366,1.0063708888580194
1970-01-01 00:00:00.000019367,1.0062702517691335
1970-01-01 00:00:00.000019368,1.0062702517691335
1970-01-01 00:00:00.000019369,1.0062702517691335
1970-01-01 00:00:00.000019370,1.003560294193176
1970-01-01 00:00:00.000019371,1.0058889267665552
1970-01-01 00:00:00.000019372,1.002788280458759
1970-01-01 00:00:00.000019373,1.0008401299677367
1970-01-01 00:00:00.000019374,1.00074004595474
1970-01-01 00:00:00.000019375,1.0020295688398582
1970-01-01 00:00:00.000019376,1.0019293658829742
1970-01-01 00:00:00.000019377,1.00251983385183
1970-01-01 00:00:00.000019378,1.00071128751498
1970-01-01 00:00:00.000019379,1.0008020828051947
1970-01-01 00:00:00.000019380,1.0031314398265372
1970-01-01 00:00:00.000019381,1.0044130996394924
1970-01-01 00:00:00.000019382,1.0043126583295285
1970-01-01 00:00:00.000019383,1.0043126583295285
1970-01-01 00:00:00.000019384,1.0050538676574932
1970-01-01 00:00:00.000019385,1.006737922283538
1970-01-01 00:00:00.000019386,1.0066372484913095
1970-01-01 00:00:00.000019387,1.0066372484913095
1970-01-01 00:00:00.000019388,1.0066372484913095
1970-01-01 00:00:00.000019389,1.0062831854139975
1970-01-01 00:00:00.000019390,1.0068088035283074
1970-01-01 00:00:00.000019391,1.0062881602590743
1970-01-01 00:00:00.000019392,1.0061875314430484
1970-01-01 00:00:00.000019393,1.0061875314430484
1970-01-01 00:00:00.000019394,1.0061875314430484
1970-01-01 00:00:00.000019395,1.0061875314430484
1970-01-01 00:00:00.000019396,1.0061875314430484
1970-01-01 00:00:00.000019397,1.0061875314430484
1970-01-01 00:00:00.000019398,1.0061875314430484
1970-01-01 00:00:00.000019399,1.0061875314430484
1970-01-01 00:00:00.000019400,1.0061875314430484
1970-01-01 00:00:00.000019401,1.0061875314430484
1970-01-01 00:00:00.000019402,1.0061875314430484
1970-01-01 00:00:00.000019403,1.0061875314430484
1970-01-01 00:00:00.000019404,1.0061875314430484
1970-01-01 00:00:00.000019405,1.0061875314430484
1970-01-01 00:00:00.000019406,1.0061875314430484
1970-01-01 00:00:00.000019407,1.0061875314430484
1970-01-01 00:00:00.000019408,1.0061875314430484
1970-01-01 00:00:00.000019409,1.0061875314430484
1970-01-01 00:00:00.000019410,1.0061875314430484
1970-01-01 00:00:00.000019411,1.0061875314430484
1970-01-01 00:00:00.000019412,1.0057391308563592
1970-01-01 00:00:00.000019413,1.005150252871346
1970-01-01 00:00:00.000019414,1.007181109339195
1970-01-01 00:00:00.000019415,1.0091080966580834
1970-01-01 00:00:00.000019416,1.0090071858484175
1970-01-01 00:00:00.000019417,1.0090071858484175
1970-01-01 00:00:00.000019418,1.0090071858484175
1970-01-01 00:00:00.000019419,1.0090071858484175
1970-01-01 00:00:00.000019420,1.0090071858484175
1970-01-01 00:00:00.000019421,1.0090071858484175
1970-01-01 00:00:00.000019422,1.0090071858484175
1970-01-01 00:00:00.000019423,1.0090071858484175
1970-01-01 00:00:00.000019424,1.0090071858484175
1970-01-01 00:00:00.000019425,1.0090071858484175
1970-01-01 00:00:00.000019426,1.0090071858484175
1970-01-01 00:00:00.000019427,1.0090071858484175
1970-01-01 00:00:00.000019428,1.0090071858484175
1970-01-01 00:00:00.000019429,1.0090071858484175
1970-01-01 00:00:00.000019430,1.0090071858484175
1970-01-01 00:00:00.000019431,1.0090071858484175
1970-01-01 00:00:00.000019432,1.0090071858484175
1970-01-01 00:00:00.000019433,1.0090071858484175
1970-01-01 00:00:00.000019434,1.0090071858484175
1970-01-01 00:00:00.000019435,1.0090071858484175
1970-01-01 00:00:00.000019436,1.0090071858484175
1970-01-01 00:00:00.000019437,1.0090071858484175
1970-01-01 00:00:00.000019438,1.0090071858484175
1970-01-01 00:00:00.000019439,1.0090071858484175
1970-01-01 00:00:00.000019440,1.0090071858484175
1970-01-01 00:00:00.000019441,1.0090071858484175
1970-01-01 00:00:00.000019442,1.0090071858484175
1970-01-01 00:00:00.000019443,1.0090071858484175
1970-01-01 00:00:00.000019444,1.0090071858484175
1970-01-01 00:00:00.000019445,1.0090071858484175
1970-01-01 00:00:00.000019446,1.0090071858484175
1970-01-01 00:00:00.000019447,1.0090071858484175
1970-01-01 00:00:00.000019448,1.0090071858484175
1970-01-01 00:00:00.000019449,1.0090071858484175
1970-01-01 00:00:00.000019450,1.0090071858484175
1970-01-01 00:00:00.000019451,1.0090071858484175
1970-01-01 00:00:00.000019452,1.0090071858484175
1970-01-01 00:00:00.000019453,1.0090071858484175
1970-01-01 00:00:00.000019454,1.0090071858484175
1970-01-01 00:00:00.000019455,1.0090071858484175
1970-01-01 00:00:00.000019456,1.0090071858484175
1970-01-01 00:00:00.000019457,1.0090071858484175
1970-01-01 00:00:00.000019458,1.0090071858484175
1970-01-01 00:00:00.000019459,1.0090071858484175
1970-01-01 00:00:00.000019460,1.0090071858484175
1970-01-01 00:00:00.000019461,1.0090071858484175
1970-01-01 00:00:00.000019462,1.0090071858484175
1970-01-01 00:00:00.000019463,1.0090071858484175
1970-01-01 00:00:00.000019464,1.0090071858484175
1970-01-01 00:00:00.000019465,1.0090071858484175
1970-01-01 00:00:00.000019466,1.0090071858484175
1970-01-01 00:00:00.000019467,1.0090071858484175
1970-01-01 00:00:00.000019468,1.0090071858484175
1970-01-01 00:00:00.000019469,1.0090071858484175
1970-01-01 00:00:00.000019470,1.0090071858484175
1970-01-01 00:00:00.000019471,1.0090071858484175
1970-01-01 00:00:00.000019472,1.0090071858484175
1970-01-01 00:00:00.000019473,1.0090071858484175
1970-01-01 00:00:00.000019474,1.0090071858484175
1970-01-01 00:00:00.000019475,1.0090071858484175
1970-01-01 00:00:00.000019476,1.0090071858484175
1970-01-01 00:00:00.000019477,1.0090071858484175
1970-01-01 00:00:00.000019478,1.0090071858484175
1970-01-01 00:00:00.000019479,1.0090071858484175
1970-01-01 00:00:00.000019480,1.0090071858484175
1970-01-01 00:00:00.000019481,1.0090071858484175
1970-01-01 00:00:00.000019482,1.0090071858484175
1970-01-01 00:00:00.000019483,1.0090071858484175
1970-01-01 00:00:00.000019484,1.0090071858484175
1970-01-01 00:00:00.000019485,1.0090071858484175
1970-01-01 00:00:00.000019486,1.0090071858484175
1970-01-01 00:00:00.000019487,1.0090071858484175
1970-01-01 00:00:00.000019488,1.0090071858484175
1970-01-01 00:00:00.000019489,1.0090071858484175
1970-01-01 00:00:00.000019490,1.0090071858484175
1970-01-01 00:00:00.000019491,1.0090071858484175
1970-01-01 00:00:00.000019492,1.0090071858484175
1970-01-01 00:00:00.000019493,1.0090071858484175
1970-01-01 00:00:00.000019494,1.0090071858484175
1970-01-01 00:00:00.000019495,1.0090071858484175
1970-01-01 00:00:00.000019496,1.0090071858484175
1970-01-01 00:00:00.000019497,1.0090071858484175
1970-01-01 00:00:00.000019498,1.0090071858484175
1970-01-01 00:00:00.000019499,1.0090071858484175
1970-01-01 00:00:00.000019500,1.0090071858484175
1970-01-01 00:00:00.000019501,1.0090071858484175
1970-01-01 00:00:00.000019502,1.0090071858484175
1970-01-01 00:00:00.000019503,1.0090071858484175
1970-01-01 00:00:00.000019504,1.009945665810574
1970-01-01 00:00:00.000019505,1.009844671243993
1970-01-01 00:00:00.000019506,1.0113184943421125
1970-01-01 00:00:00.000019507,1.0112173624926784
1970-01-01 00:00:00.000019508,1.0112173624926784
1970-01-01 00:00:00.000019509,1.0112173624926784
1970-01-01 00:00:00.000019510,1.01094001484168
1970-01-01 00:00:00.000019511,1.0102239343477353
1970-01-01 00:00:00.000019512,1.0104913994441764
1970-01-01 00:00:00.000019513,1.00902259940198
1970-01-01 00:00:00.000019514,1.009005387567166
1970-01-01 00:00:00.000019515,1.0096455485323026
1970-01-01 00:00:00.000019516,1.00997990120463
1970-01-01 00:00:00.000019517,1.009377401779037
1970-01-01 00:00:00.000019518,1.0084290467222063
1970-01-01 00:00:00.000019519,1.0101472479549995
1970-01-01 00:00:00.000019520,1.008560265660887
1970-01-01 00:00:00.000019521,1.008459409634321
1970-01-01 00:00:00.000019522,1.0093420661942791
1970-01-01 00:00:00.000019523,1.0078811082995693
1970-01-01 00:00:00.000019524,1.00573497214714
1970-01-01 00:00:00.000019525,1.0056343986499254
1970-01-01 00:00:00.000019526,1.0056343986499254
1970-01-01 00:00:00.000019527,1.0056343986499254
1970-01-01 00:00:00.000019528,1.0056343986499254
1970-01-01 00:00:00.000019529,1.0056343986499254
1970-01-01 00:00:00.000019530,1.0056343986499254
1970-01-01 00:00:00.000019531,1.0056343986499254
1970-01-01 00:00:00.000019532,1.0056343986499254
1970-01-01 00:00:00.000019533,1.0056343986499254
1970-01-01 00:00:00.000019534,1.0056343986499254
1970-01-01 00:00:00.000019535,1.0056343986499254
1970-01-01 00:00:00.000019536,1.0056343986499254
1970-01-01 00:00:00.000019537,1.0056343986499254
1970-01-01 00:00:00.000019538,1.0056343986499254
1970-01-01 00:00:00.000019539,1.0056343986499254
1970-01-01 00:00:00.000019540,1.0056343986499254
1970-01-01 00:00:00.000019541,1.0056343986499254
1970-01-01 00:00:00.000019542,1.0056343986499254
1970-01-01 00:00:00.000019543,1.0056343986499254
1970-01-01 00:00:00.000019544,1.0056343986499254
1970-01-01 00:00:00.000019545,1.0056343986499254
1970-01-01 00:00:00.000019546,1.0056343986499254
1970-01-01 00:00:00.000019547,1.0056343986499254
1970-01-01 00:00:00.000019548,1.0056343986499254
1970-01-01 00:00:00.000019549,1.0056343986499254
1970-01-01 00:00:00.000019550,1.0056343986499254
1970-01-01 00:00:00.000019551,1.0056343986499254
1970-01-01 00:00:00.000019552,1.0056343986499254
1970-01-01 00:00:00.000019553,1.0056343986499254
1970-01-01 00:00:00.000019554,1.0056343986499254
1970-01-01 00:00:00.000019555,1.0056343986499254
1970-01-01 00:00:00.000019556,1.0056343986499254
1970-01-01 00:00:00.000019557,1.0056343986499254
1970-01-01 00:00:00.000019558,1.0056343986499254
1970-01-01 00:00:00.000019559,1.0056343986499254
1970-01-01 00:00:00.000019560,1.0056343986499254
1970-01-01 00:00:00.000019561,1.0056343986499254
1970-01-01 00:00:00.000019562,1.0056343986499254
1970-01-01 00:00:00.000019563,1.0056343986499254
1970-01-01 00:00:00.000019564,1.0056343986499254
1970-01-01 00:00:00.000019565,1.0056343986499254
1970-01-01 00:00:00.000019566,1.0056343986499254
1970-01-01 00:00:00.000019567,1.0056343986499254
1970-01-01 00:00:00.000019568,1.0056343986499254
1970-01-01 00:00:00.000019569,1.0056343986499254
1970-01-01 00:00:00.000019570,1.0056343986499254
1970-01-01 00:00:00.000019571,1.0056343986499254
1970-01-01 00:00:00.000019572,1.0056343986499254
1970-01-01 00:00:00.000019573,1.0056343986499254
1970-01-01 00:00:00.000019574,1.0056343986499254
1970-01-01 00:00:00.000019575,1.0064499407563043
1970-01-01 00:00:00.000019576,1.0063492957622286
1970-01-01 00:00:00.000019577,1.0063492957622286
1970-01-01 00:00:00.000019578,1.0063492957622286
1970-01-01 00:00:00.000019579,1.0063492957622286
1970-01-01 00:00:00.000019580,1.0063492957622286
1970-01-01 00:00:00.000019581,1.0063492957622286
1970-01-01 00:00:00.000019582,1.0063492957622286
1970-01-01 00:00:00.000019583,1.0063492957622286
1970-01-01 00:00:00.000019584,1.0063492957622286
1970-01-01 00:00:00.000019585,1.0063492957622286
1970-01-01 00:00:00.000019586,1.0063492957622286
1970-01-01 00:00:00.000019587,1.0063492957622286
1970-01-01 00:00:00.000019588,1.0063492957622286
1970-01-01 00:00:00.000019589,1.0063492957622286
1970-01-01 00:00:00.000019590,1.0063492957622286
1970-01-01 00:00:00.000019591,1.0063492957622286
1970-01-01 00:00:00.000019592,1.005428655884601
1970-01-01 00:00:00.000019593,1.0053281130190126
1970-01-01 00:00:00.000019594,1.0053281130190126
1970-01-01 00:00:00.000019595,1.0053281130190126
1970-01-01 00:00:00.000019596,1.0053281130190126
1970-01-01 00:00:00.000019597,1.0025560627867482
1970-01-01 00:00:00.000019598,1.0024558071804697
1970-01-01 00:00:00.000019599,1.0030838271277192
1970-01-01 00:00:00.000019600,1.0029835187450065
1970-01-01 00:00:00.000019601,0.9994390893446472
1970-01-01 00:00:00.000019602,1.0000159081452928
1970-01-01 00:00:00.000019603,0.9999159065544784
1970-01-01 00:00:00.000019604,0.9995419241758207
1970-01-01 00:00:00.000019605,0.9994419699834031
1970-01-01 00:00:00.000019606,0.9994419699834031
1970-01-01 00:00:00.000019607,1.000493209216416
1970-01-01 00:00:00.000019608,1.0003931598954945
1970-01-01 00:00:00.000019609,1.0003931598954945
1970-01-01 00:00:00.000019610,1.0004363015843398
1970-01-01 00:00:00.000019611,1.0003362579541815
1970-01-01 00:00:00.000019612,1.0003362579541815
1970-01-01 00:00:00.000019613,1.0003362579541815
1970-01-01 00:00:00.000019614,1.0003362579541815
1970-01-01 00:00:00.000019615,1.0003362579541815
1970-01-01 00:00:00.000019616,1.0003362579541815
1970-01-01 00:00:00.000019617,1.0003362579541815
1970-01-01 00:00:00.000019618,1.0003362579541815
1970-01-01 00:00:00.000019619,1.0003362579541815
1970-01-01 00:00:00.000019620,1.0003362579541815
1970-01-01 00:00:00.000019621,1.0003362579541815
1970-01-01 00:00:00.000019622,1.0003362579541815
1970-01-01 00:00:00.000019623,1.0003362579541815
1970-01-01 00:00:00.000019624,1.0003362579541815
1970-01-01 00:00:00.000019625,1.0003362579541815
1970-01-01 00:00:00.000019626,1.0003362579541815
1970-01-01 00:00:00.000019627,1.0003362579541815
1970-01-01 00:00:00.000019628,1.0003362579541815
1970-01-01 00:00:00.000019629,1.0003362579541815
1970-01-01 00:00:00.000019630,1.0003362579541815
1970-01-01 00:00:00.000019631,1.0003362579541815
1970-01-01 00:00:00.000019632,1.0003362579541815
1970-01-01 00:00:00.000019633,1.0003362579541815
1970-01-01 00:00:00.000019634,1.0003362579541815
1970-01-01 00:00:00.000019635,1.0003362579541815
1970-01-01 00:00:00.000019636,1.0003362579541815
1970-01-01 00:00:00.000019637,1.0003362579541815
1970-01-01 00:00:00.000019638,1.0003362579541815
1970-01-01 00:00:00.000019639,1.0003362579541815
1970-01-01 00:00:00.000019640,1.0015675022118933
1970-01-01 00:00:00.000019641,1.001467345461672
1970-01-01 00:00:00.000019642,1.001467345461672
1970-01-01 00:00:00.000019643,1.001467345461672
1970-01-01 00:00:00.000019644,1.001467345461672
1970-01-01 00:00:00.000019645,1.001467345461672
1970-01-01 00:00:00.000019646,1.001467345461672
1970-01-01 00:00:00.000019647,1.001467345461672
1970-01-01 00:00:00.000019648,1.001467345461672
1970-01-01 00:00:00.000019649,1.001467345461672
1970-01-01 00:00:00.000019650,1.001467345461672
1970-01-01 00:00:00.000019651,1.001467345461672
1970-01-01 00:00:00.000019652,1.001467345461672
1970-01-01 00:00:00.000019653,1.001467345461672
1970-01-01 00:00:00.000019654,1.001467345461672
1970-01-01 00:00:00.000019655,1.001467345461672
1970-01-01 00:00:00.000019656,1.001467345461672
1970-01-01 00:00:00.000019657,1.001467345461672
1970-01-01 00:00:00.000019658,1.001467345461672
1970-01-01 00:00:00.000019659,1.001467345461672
1970-01-01 00:00:00.000019660,1.001467345461672
1970-01-01 00:00:00.000019661,1.001467345461672
1970-01-01 00:00:00.000019662,1.001467345461672
1970-01-01 00:00:00.000019663,1.001467345461672
1970-01-01 00:00:00.000019664,1.001467345461672
1970-01-01 00:00:00.000019665,1.001467345461672
1970-01-01 00:00:00.000019666,1.001467345461672
1970-01-01 00:00:00.000019667,1.001467345461672
1970-01-01 00:00:00.000019668,1.001467345461672
1970-01-01 00:00:00.000019669,1.001467345461672
1970-01-01 00:00:00.000019670,1.0007049631149618
1970-01-01 00:00:00.000019671,0.9999782907255006
1970-01-01 00:00:00.000019672,0.999878292896428
1970-01-01 00:00:00.000019673,0.999878292896428
1970-01-01 00:00:00.000019674,0.999878292896428
1970-01-01 00:00:00.000019675,0.999878292896428
1970-01-01 00:00:00.000019676,0.999878292896428
1970-01-01 00:00:00.000019677,0.999878292896428
1970-01-01 00:00:00.000019678,0.999878292896428
1970-01-01 00:00:00.000019679,0.999878292896428
1970-01-01 00:00:00.000019680,0.999878292896428
1970-01-01 00:00:00.000019681,0.999878292896428
1970-01-01 00:00:00.000019682,0.9986777059082242
1970-01-01 00:00:00.000019683,0.9977722596322489
1970-01-01 00:00:00.000019684,0.9966730437792156
1970-01-01 00:00:00.000019685,0.9966777967780396
1970-01-01 00:00:00.000019686,0.9960864727993444
1970-01-01 00:00:00.000019687,0.9947347538837853
1970-01-01 00:00:00.000019688,0.9938860040937821
1970-01-01 00:00:00.000019689,0.9899692784378543
1970-01-01 00:00:00.000019690,0.9875515297860511
1970-01-01 00:00:00.000019691,0.9865867558997544
1970-01-01 00:00:00.000019692,0.9847538807282425
1970-01-01 00:00:00.000019693,0.9794572576637274
1970-01-01 00:00:00.000019694,0.9796241218724421
1970-01-01 00:00:00.000019695,0.978048417887301
1970-01-01 00:00:00.000019696,0.9789072677998054
1970-01-01 00:00:00.000019697,0.9820923711367505
1970-01-01 00:00:00.000019698,0.9854214224380802
1970-01-01 00:00:00.000019699,0.9790329676437048
1970-01-01 00:00:00.000019700,0.9812512600948573
1970-01-01 00:00:00.000019701,0.9814036955571418
1970-01-01 00:00:00.000019702,0.9803060074537306
1970-01-01 00:00:00.000019703,0.9794015796775032
1970-01-01 00:00:00.000019704,0.9785055545241967
1970-01-01 00:00:00.000019705,0.9792850463313358
1970-01-01 00:00:00.000019706,0.9784748297817988
1970-01-01 00:00:00.000019707,0.9803866386837811
1970-01-01 00:00:00.000019708,0.9808498863191649
1970-01-01 00:00:00.000019709,0.9775990048734946
1970-01-01 00:00:00.000019710,0.978778342706704
1970-01-01 00:00:00.000019711,0.9817064446072363
1970-01-01 00:00:00.000019712,0.9821919294871181
1970-01-01 00:00:00.000019713,0.9820937102941694
1970-01-01 00:00:00.000019714,0.9820937102941694
1970-01-01 00:00:00.000019715,0.9820937102941694
1970-01-01 00:00:00.000019716,0.9820937102941694
1970-01-01 00:00:00.000019717,0.9820937102941694
1970-01-01 00:00:00.000019718,0.9820937102941694
1970-01-01 00:00:00.000019719,0.9820937102941694
1970-01-01 00:00:00.000019720,0.9820937102941694
1970-01-01 00:00:00.000019721,0.9820937102941694
1970-01-01 00:00:00.000019722,0.9820937102941694
1970-01-01 00:00:00.000019723,0.9820937102941694
1970-01-01 00:00:00.000019724,0.9820937102941694
1970-01-01 00:00:00.000019725,0.9820937102941694
1970-01-01 00:00:00.000019726,0.9820937102941694
1970-01-01 00:00:00.000019727,0.9820937102941694
1970-01-01 00:00:00.000019728,0.9820937102941694
1970-01-01 00:00:00.000019729,0.9820937102941694
1970-01-01 00:00:00.000019730,0.9820937102941694
1970-01-01 00:00:00.000019731,0.9820937102941694
1970-01-01 00:00:00.000019732,0.9820937102941694
1970-01-01 00:00:00.000019733,0.9820937102941694
1970-01-01 00:00:00.000019734,0.9820937102941694
1970-01-01 00:00:00.000019735,0.9820937102941694
1970-01-01 00:00:00.000019736,0.9820937102941694
1970-01-01 00:00:00.000019737,0.9820937102941694
1970-01-01 00:00:00.000019738,0.9820937102941694
1970-01-01 00:00:00.000019739,0.9820937102941694
1970-01-01 00:00:00.000019740,0.9820937102941694
1970-01-01 00:00:00.000019741,0.9820937102941694
1970-01-01 00:00:00.000019742,0.9820937102941694
1970-01-01 00:00:00.000019743,0.9820937102941694
1970-01-01 00:00:00.000019744,0.9820937102941694
1970-01-01 00:00:00.000019745,0.9820937102941694
1970-01-01 00:00:00.000019746,0.9820937102941694
1970-01-01 00:00:00.000019747,0.9820937102941694
1970-01-01 00:00:00.000019748,0.9820937102941694
1970-01-01 00:00:00.000019749,0.9820937102941694
1970-01-01 00:00:00.000019750,0.9820937102941694
1970-01-01 00:00:00.000019751,0.9820937102941694
1970-01-01 00:00:00.000019752,0.9820937102941694
1970-01-01 00:00:00.000019753,0.9820937102941694
1970-01-01 00:00:00.000019754,0.9820937102941694
1970-01-01 00:00:00.000019755,0.9820937102941694
1970-01-01 00:00:00.000019756,0.9820937102941694
1970-01-01 00:00:00.000019757,0.9820937102941694
1970-01-01 00:00:00.000019758,0.9820937102941694
1970-01-01 00:00:00.000019759,0.9820937102941694
1970-01-01 00:00:00.000019760,0.9820937102941694
1970-01-01 00:00:00.000019761,0.9820937102941694
1970-01-01 00:00:00.000019762,0.9820937102941694
1970-01-01 00:00:00.000019763,0.9820937102941694
1970-01-01 00:00:00.000019764,0.9817821456219499
1970-01-01 00:00:00.000019765,0.9816839674073877
1970-01-01 00:00:00.000019766,0.9816839674073877
1970-01-01 00:00:00.000019767,0.9816839674073877
1970-01-01 00:00:00.000019768,0.9816839674073877
1970-01-01 00:00:00.000019769,0.9816839674073877
1970-01-01 00:00:00.000019770,0.9816839674073877
1970-01-01 00:00:00.000019771,0.9816839674073877
1970-01-01 00:00:00.000019772,0.9816839674073877
1970-01-01 00:00:00.000019773,0.9816839674073877
1970-01-01 00:00:00.000019774,0.9816839674073877
1970-01-01 00:00:00.000019775,0.9816839674073877
1970-01-01 00:00:00.000019776,0.9816839674073877
1970-01-01 00:00:00.000019777,0.9816839674073877
1970-01-01 00:00:00.000019778,0.9816839674073877
1970-01-01 00:00:00.000019779,0.9816839674073877
1970-01-01 00:00:00.000019780,0.9816839674073877
1970-01-01 00:00:00.000019781,0.9816839674073877
1970-01-01 00:00:00.000019782,0.9816839674073877
1970-01-01 00:00:00.000019783,0.9816839674073877
1970-01-01 00:00:00.000019784,0.9816839674073877
1970-01-01 00:00:00.000019785,0.9816839674073877
1970-01-01 00:00:00.000019786,0.9816839674073877
1970-01-01 00:00:00.000019787,0.9816839674073877
1970-01-01 00:00:00.000019788,0.9816839674073877
1970-01-01 00:00:00.000019789,0.9816839674073877
1970-01-01 00:00:00.000019790,0.9816839674073877
1970-01-01 00:00:00.000019791,0.9816839674073877
1970-01-01 00:00:00.000019792,0.9816839674073877
1970-01-01 00:00:00.000019793,0.9816839674073877
1970-01-01 00:00:00.000019794,0.9816839674073877
1970-01-01 00:00:00.000019795,0.9816839674073877
1970-01-01 00:00:00.000019796,0.9816839674073877
1970-01-01 00:00:00.000019797,0.9816839674073877
1970-01-01 00:00:00.000019798,0.9816839674073877
1970-01-01 00:00:00.000019799,0.9816839674073877
1970-01-01 00:00:00.000019800,0.9816839674073877
1970-01-01 00:00:00.000019801,0.9816839674073877
1970-01-01 00:00:00.000019802,0.9816839674073877
1970-01-01 00:00:00.000019803,0.9816839674073877
1970-01-01 00:00:00.000019804,0.9816839674073877
1970-01-01 00:00:00.000019805,0.9816839674073877
1970-01-01 00:00:00.000019806,0.9816839674073877
1970-01-01 00:00:00.000019807,0.9816839674073877
1970-01-01 00:00:00.000019808,0.9816839674073877
1970-01-01 00:00:00.000019809,0.9816839674073877
1970-01-01 00:00:00.000019810,0.9816839674073877
1970-01-01 00:00:00.000019811,0.9816839674073877
1970-01-01 00:00:00.000019812,0.9816839674073877
1970-01-01 00:00:00.000019813,0.9816839674073877
1970-01-01 00:00:00.000019814,0.9816839674073877
1970-01-01 00:00:00.000019815,0.9816839674073877
1970-01-01 00:00:00.000019816,0.9816839674073877
1970-01-01 00:00:00.000019817,0.9816839674073877
1970-01-01 00:00:00.000019818,0.9816839674073877
1970-01-01 00:00:00.000019819,0.9816839674073877
1970-01-01 00:00:00.000019820,0.9816839674073877
1970-01-01 00:00:00.000019821,0.9816839674073877
1970-01-01 00:00:00.000019822,0.9816839674073877
1970-01-01 00:00:00.000019823,0.9816839674073877
1970-01-01 00:00:00.000019824,0.9816839674073877
1970-01-01 00:00:00.000019825,0.9816839674073877
1970-01-01 00:00:00.000019826,0.9816839674073877
1970-01-01 00:00:00.000019827,0.9816839674073877
1970-01-01 00:00:00.000019828,0.9816839674073877
1970-01-01 00:00:00.000019829,0.9816839674073877
1970-01-01 00:00:00.000019830,0.9816839674073877
1970-01-01 00:00:00.000019831,0.9816839674073877
1970-01-01 00:00:00.000019832,0.9816839674073877
1970-01-01 00:00:00.000019833,0.9816839674073877
1970-01-01 00:00:00.000019834,0.9816839674073877
1970-01-01 00:00:00.000019835,0.9816839674073877
1970-01-01 00:00:00.000019836,0.9816839674073877
1970-01-01 00:00:00.000019837,0.9816839674073877
1970-01-01 00:00:00.000019838,0.9816839674073877
1970-01-01 00:00:00.000019839,0.9816839674073877
1970-01-01 00:00:00.000019840,0.9816839674073877
1970-01-01 00:00:00.000019841,0.9816839674073877
1970-01-01 00:00:00.000019842,0.9816839674073877
1970-01-01 00:00:00.000019843,0.9816839674073877
1970-01-01 00:00:00.000019844,0.9816839674073877
1970-01-01 00:00:00.000019845,0.9816839674073877
1970-01-01 00:00:00.000019846,0.9816839674073877
1970-01-01 00:00:00.000019847,0.9816839674073877
1970-01-01 00:00:00.000019848,0.9816839674073877
1970-01-01 00:00:00.000019849,0.9816839674073877
1970-01-01 00:00:00.000019850,0.9816839674073877
1970-01-01 00:00:00.000019851,0.9816839674073877
1970-01-01 00:00:00.000019852,0.9816839674073877
1970-01-01 00:00:00.000019853,0.9816839674073877
1970-01-01 00:00:00.000019854,0.9816839674073877
1970-01-01 00:00:00.000019855,0.9816839674073877
1970-01-01 00:00:00.000019856,0.9816839674073877
1970-01-01 00:00:00.000019857,0.9816839674073877
1970-01-01 00:00:00.000019858,0.9816839674073877
1970-01-01 00:00:00.000019859,0.9816839674073877
1970-01-01 00:00:00.000019860,0.9816839674073877
1970-01-01 00:00:00.000019861,0.9816839674073877
1970-01-01 00:00:00.000019862,0.9816839674073877
1970-01-01 00:00:00.000019863,0.9816839674073877
1970-01-01 00:00:00.000019864,0.9816839674073877
1970-01-01 00:00:00.000019865,0.9816839674073877
1970-01-01 00:00:00.000019866,0.9816839674073877
1970-01-01 00:00:00.000019867,0.9816839674073877
1970-01-01 00:00:00.000019868,0.9816839674073877
1970-01-01 00:00:00.000019869,0.9816839674073877
1970-01-01 00:00:00.000019870,0.9816839674073877
1970-01-01 00:00:00.000019871,0.9816839674073877
1970-01-01 00:00:00.000019872,0.9816839674073877
1970-01-01 00:00:00.000019873,0.9816839674073877
1970-01-01 00:00:00.000019874,0.9816839674073877
1970-01-01 00:00:00.000019875,0.9816839674073877
1970-01-01 00:00:00.000019876,0.9816839674073877
1970-01-01 00:00:00.000019877,0.9816839674073877
1970-01-01 00:00:00.000019878,0.9816839674073877
1970-01-01 00:00:00.000019879,0.9816839674073877
1970-01-01 00:00:00.000019880,0.9816839674073877
1970-01-01 00:00:00.000019881,0.9816839674073877
1970-01-01 00:00:00.000019882,0.9816839674073877
1970-01-01 00:00:00.000019883,0.9816839674073877
1970-01-01 00:00:00.000019884,0.9816839674073877
1970-01-01 00:00:00.000019885,0.9816839674073877
1970-01-01 00:00:00.000019886,0.9816839674073877
1970-01-01 00:00:00.000019887,0.9816839674073877
1970-01-01 00:00:00.000019888,0.9816839674073877
1970-01-01 00:00:00.000019889,0.9816839674073877
1970-01-01 00:00:00.000019890,0.9816839674073877
1970-01-01 00:00:00.000019891,0.9816839674073877
1970-01-01 00:00:00.000019892,0.9816839674073877
1970-01-01 00:00:00.000019893,0.9816839674073877
1970-01-01 00:00:00.000019894,0.9816839674073877
1970-01-01 00:00:00.000019895,0.9816839674073877
1970-01-01 00:00:00.000019896,0.9816839674073877
1970-01-01 00:00:00.000019897,0.9816839674073877
1970-01-01 00:00:00.000019898,0.9816839674073877
1970-01-01 00:00:00.000019899,0.9816839674073877
1970-01-01 00:00:00.000019900,0.9816839674073877
1970-01-01 00:00:00.000019901,0.9816839674073877
1970-01-01 00:00:00.000019902,0.9816839674073877
1970-01-01 00:00:00.000019903,0.9816839674073877
1970-01-01 00:00:00.000019904,0.9816839674073877
1970-01-01 00:00:00.000019905,0.9816839674073877
1970-01-01 00:00:00.000019906,0.9816839674073877
1970-01-01 00:00:00.000019907,0.9816839674073877
1970-01-01 00:00:00.000019908,0.9816839674073877
1970-01-01 00:00:00.000019909,0.9816839674073877
1970-01-01 00:00:00.000019910,0.9816839674073877
1970-01-01 00:00:00.000019911,0.9816839674073877
1970-01-01 00:00:00.000019912,0.9816839674073877
1970-01-01 00:00:00.000019913,0.9816839674073877
1970-01-01 00:00:00.000019914,0.9816839674073877
1970-01-01 00:00:00.000019915,0.9816839674073877
1970-01-01 00:00:00.000019916,0.9816839674073877
1970-01-01 00:00:00.000019917,0.9816839674073877
1970-01-01 00:00:00.000019918,0.9816839674073877
1970-01-01 00:00:00.000019919,0.9816839674073877
1970-01-01 00:00:00.000019920,0.9816839674073877
1970-01-01 00:00:00.000019921,0.9816839674073877
1970-01-01 00:00:00.000019922,0.9816839674073877
1970-01-01 00:00:00.000019923,0.9816839674073877
1970-01-01 00:00:00.000019924,0.9816839674073877
1970-01-01 00:00:00.000019925,0.9816839674073877
1970-01-01 00:00:00.000019926,0.9816839674073877
1970-01-01 00:00:00.000019927,0.9816839674073877
1970-01-01 00:00:00.000019928,0.9816839674073877
1970-01-01 00:00:00.000019929,0.9816839674073877
1970-01-01 00:00:00.000019930,0.9816839674073877
1970-01-01 00:00:00.000019931,0.9816839674073877
1970-01-01 00:00:00.000019932,0.9816839674073877
1970-01-01 00:00:00.000019933,0.9816839674073877
1970-01-01 00:00:00.000019934,0.9816839674073877
1970-01-01 00:00:00.000019935,0.9816839674073877
1970-01-01 00:00:00.000019936,0.9816839674073877
1970-01-01 00:00:00.000019937,0.9816839674073877
1970-01-01 00:00:00.000019938,0.9816839674073877
1970-01-01 00:00:00.000019939,0.9816839674073877
1970-01-01 00:00:00.000019940,0.9816839674073877
1970-01-01 00:00:00.000019941,0.9816839674073877
1970-01-01 00:00:00.000019942,0.9816839674073877
1970-01-01 00:00:00.000019943,0.9816839674073877
1970-01-01 00:00:00.000019944,0.9816839674073877
1970-01-01 00:00:00.000019945,0.9816839674073877
1970-01-01 00:00:00.000019946,0.9816839674073877
1970-01-01 00:00:00.000019947,0.9816839674073877
1970-01-01 00:00:00.000019948,0.9816839674073877
1970-01-01 00:00:00.000019949,0.9816839674073877
1970-01-01 00:00:00.000019950,0.9816839674073877
1970-01-01 00:00:00.000019951,0.9816839674073877
1970-01-01 00:00:00.000019952,0.9816839674073877
1970-01-01 00:00:00.000019953,0.9816839674073877
1970-01-01 00:00:00.000019954,0.9816839674073877
1970-01-01 00:00:00.000019955,0.9816839674073877
1970-01-01 00:00:00.000019956,0.9816839674073877
1970-01-01 00:00:00.000019957,0.9816839674073877
1970-01-01 00:00:00.000019958,0.9816839674073877
1970-01-01 00:00:00.000019959,0.9816839674073877
1970-01-01 00:00:00.000019960,0.9816839674073877
1970-01-01 00:00:00.000019961,0.9816839674073877
1970-01-01 00:00:00.000019962,0.9816839674073877
1970-01-01 00:00:00.000019963,0.9816839674073877
1970-01-01 00:00:00.000019964,0.9816839674073877
1970-01-01 00:00:00.000019965,0.9816839674073877
1970-01-01 00:00:00.000019966,0.9816839674073877
1970-01-01 00:00:00.000019967,0.9816839674073877
1970-01-01 00:00:00.000019968,0.9816839674073877
1970-01-01 00:00:00.000019969,0.9816839674073877
1970-01-01 00:00:00.000019970,0.9816839674073877
1970-01-01 00:00:00.000019971,0.9816839674073877
1970-01-01 00:00:00.000019972,0.9816839674073877
1970-01-01 00:00:00.000019973,0.9816839674073877
1970-01-01 00:00:00.000019974,0.9816839674073877
1970-01-01 00:00:00.000019975,0.9816839674073877
1970-01-01 00:00:00.000019976,0.9816839674073877
1970-01-01 00:00:00.000019977,0.9816839674073877
1970-01-01 00:00:00.000019978,0.9816839674073877
1970-01-01 00:00:00.000019979,0.9816839674073877
1970-01-01 00:00:00.000019980,0.9816839674073877
1970-01-01 00:00:00.000019981,0.9816839674073877
1970-01-01 00:00:00.000019982,0.9816839674073877
1970-01-01 00:00:00.000019983,0.9816839674073877
1970-01-01 00:00:00.000019984,0.9816839674073877
1970-01-01 00:00:00.000019985,0.9816839674073877
1970-01-01 00:00:00.000019986,0.9816839674073877
1970-01-01 00:00:00.000019987,0.9816839674073877
1970-01-01 00:00:00.000019988,0.9816839674073877
1970-01-01 00:00:00.000019989,0.9816839674073877
1970-01-01 00:00:00.000019990,0.9816839674073877
1970-01-01 00:00:00.000019991,0.9816839674073877
1970-01-01 00:00:00.000019992,0.9816839674073877
1970-01-01 00:00:00.000019993,0.9816839674073877
1970-01-01 00:00:00.000019994,0.9816839674073877
1970-01-01 00:00:00.000019995,0.9816839674073877
1970-01-01 00:00:00.000019996,0.9816839674073877
1970-01-01 00:00:00.000019997,0.9816839674073877
1970-01-01 00:00:00.000019998,0.9815265217585418
1970-01-01 00:00:00.000019999,0.981428369106366
1970-01-01 00:00:00.000020000,0.981428369106366
1970-01-01 00:00:00.000020001,0.981428369106366
1970-01-01 00:00:00.000020002,0.981428369106366
1970-01-01 00:00:00.000020003,0.981428369106366
1970-01-01 00:00:00.000020004,0.981428369106366
1970-01-01 00:00:00.000020005,0.981428369106366
1970-01-01 00:00:00.000020006,0.981428369106366
1970-01-01 00:00:00.000020007,0.981428369106366
1970-01-01 00:00:00.000020008,0.981428369106366
1970-01-01 00:00:00.000020009,0.981428369106366
1970-01-01 00:00:00.000020010,0.981428369106366
1970-01-01 00:00:00.000020011,0.981428369106366
1970-01-01 00:00:00.000020012,0.981428369106366
1970-01-01 00:00:00.000020013,0.981428369106366
1970-01-01 00:00:00.000020014,0.981428369106366
1970-01-01 00:00:00.000020015,0.981428369106366
1970-01-01 00:00:00.000020016,0.981428369106366
1970-01-01 00:00:00.000020017,0.981428369106366
1970-01-01 00:00:00.000020018,0.981428369106366
1970-01-01 00:00:00.000020019,0.981428369106366
1970-01-01 00:00:00.000020020,0.981428369106366
1970-01-01 00:00:00.000020021,0.981428369106366
1970-01-01 00:00:00.000020022,0.981428369106366
1970-01-01 00:00:00.000020023,0.981428369106366
1970-01-01 00:00:00.000020024,0.981428369106366
1970-01-01 00:00:00.000020025,0.9826899147106318
1970-01-01 00:00:00.000020026,0.9825916457191608
1970-01-01 00:00:00.000020027,0.9841734022368904
1970-01-01 00:00:00.000020028,0.9862079893280348
1970-01-01 00:00:00.000020029,0.9845996720899404
1970-01-01 00:00:00.000020030,0.9840671470439833
1970-01-01 00:00:00.000020031,0.9832269316079074
1970-01-01 00:00:00.000020032,0.9850562529854809
1970-01-01 00:00:00.000020033,0.9852754251388756
1970-01-01 00:00:00.000020034,0.9828512079163737
1970-01-01 00:00:00.000020035,0.9814685580550648
1970-01-01 00:00:00.000020036,0.9827743477729151
1970-01-01 00:00:00.000020037,0.9814046050862933
1970-01-01 00:00:00.000020038,0.9798449187515358
1970-01-01 00:00:00.000020039,0.9808202015253039
1970-01-01 00:00:00.000020040,0.978880294805896
1970-01-01 00:00:00.000020041,0.9804171645866907
1970-01-01 00:00:00.000020042,0.9807500864215204
1970-01-01 00:00:00.000020043,0.9838286557646057
1970-01-01 00:00:00.000020044,0.9837302728990293
1970-01-01 00:00:00.000020045,0.9837302728990293
1970-01-01 00:00:00.000020046,0.9837302728990293
1970-01-01 00:00:00.000020047,0.9837302728990293
1970-01-01 00:00:00.000020048,0.9837302728990293
1970-01-01 00:00:00.000020049,0.9864392733067143
1970-01-01 00:00:00.000020050,0.9863406293793837
1970-01-01 00:00:00.000020051,0.9863406293793837
1970-01-01 00:00:00.000020052,0.9863406293793837
1970-01-01 00:00:00.000020053,0.9863406293793837
1970-01-01 00:00:00.000020054,0.9863406293793837
1970-01-01 00:00:00.000020055,0.9863406293793837
1970-01-01 00:00:00.000020056,0.9863406293793837
1970-01-01 00:00:00.000020057,0.9863406293793837
1970-01-01 00:00:00.000020058,0.9863406293793837
1970-01-01 00:00:00.000020059,0.9863406293793837
1970-01-01 00:00:00.000020060,0.9863406293793837
1970-01-01 00:00:00.000020061,0.9863406293793837
1970-01-01 00:00:00.000020062,0.9863406293793837
1970-01-01 00:00:00.000020063,0.9863406293793837
1970-01-01 00:00:00.000020064,0.9863406293793837
1970-01-01 00:00:00.000020065,0.9863406293793837
1970-01-01 00:00:00.000020066,0.9863406293793837
1970-01-01 00:00:00.000020067,0.9863406293793837
1970-01-01 00:00:00.000020068,0.9863406293793837
1970-01-01 00:00:00.000020069,0.9863406293793837
1970-01-01 00:00:00.000020070,0.9863406293793837
1970-01-01 00:00:00.000020071,0.9863406293793837
1970-01-01 00:00:00.000020072,0.9863406293793837
1970-01-01 00:00:00.000020073,0.9863406293793837
1970-01-01 00:00:00.000020074,0.9863406293793837
1970-01-01 00:00:00.000020075,0.9863406293793837
1970-01-01 00:00:00.000020076,0.9863406293793837
1970-01-01 00:00:00.000020077,0.9863406293793837
1970-01-01 00:00:00.000020078,0.9863406293793837
1970-01-01 00:00:00.000020079,0.9863406293793837
1970-01-01 00:00:00.000020080,0.9863406293793837
1970-01-01 00:00:00.000020081,0.9863406293793837
1970-01-01 00:00:00.000020082,0.9863406293793837
1970-01-01 00:00:00.000020083,0.9863406293793837
1970-01-01 00:00:00.000020084,0.9863406293793837
1970-01-01 00:00:00.000020085,0.9863406293793837
1970-01-01 00:00:00.000020086,0.9863406293793837
1970-01-01 00:00:00.000020087,0.9863406293793837
1970-01-01 00:00:00.000020088,0.9863406293793837
1970-01-01 00:00:00.000020089,0.9863406293793837
1970-01-01 00:00:00.000020090,0.9863406293793837
1970-01-01 00:00:00.000020091,0.9863406293793837
1970-01-01 00:00:00.000020092,0.9863406293793837
1970-01-01 00:00:00.000020093,0.9863406293793837
1970-01-01 00:00:00.000020094,0.9863406293793837
1970-01-01 00:00:00.000020095,0.9863406293793837
1970-01-01 00:00:00.000020096,0.9863406293793837
1970-01-01 00:00:00.000020097,0.9863406293793837
1970-01-01 00:00:00.000020098,0.9863406293793837
1970-01-01 00:00:00.000020099,0.9863406293793837
1970-01-01 00:00:00.000020100,0.9863406293793837
1970-01-01 00:00:00.000020101,0.9863406293793837
1970-01-01 00:00:00.000020102,0.9863406293793837
1970-01-01 00:00:00.000020103,0.9845979668073176
1970-01-01 00:00:00.000020104,0.9852000831014824
1970-01-01 00:00:00.000020105,0.9838690673386918
1970-01-01 00:00:00.000020106,0.9823641087137565
1970-01-01 00:00:00.000020107,0.9831232302357572
1970-01-01 00:00:00.000020108,0.9838955531492047
1970-01-01 00:00:00.000020109,0.983390662197079
1970-01-01 00:00:00.000020110,0.9846442962188103
1970-01-01 00:00:00.000020111,0.9837658640080734
1970-01-01 00:00:00.000020112,0.9874706394027134
1970-01-01 00:00:00.000020113,0.9873718923387731
1970-01-01 00:00:00.000020114,0.9873718923387731
1970-01-01 00:00:00.000020115,0.9870158221620488
1970-01-01 00:00:00.000020116,0.9876314000687414
1970-01-01 00:00:00.000020117,0.9867181627615235
1970-01-01 00:00:00.000020118,0.9849019837581521
1970-01-01 00:00:00.000020119,0.9848034935597763
1970-01-01 00:00:00.000020120,0.9848034935597763
1970-01-01 00:00:00.000020121,0.9848034935597763
1970-01-01 00:00:00.000020122,0.9848034935597763
1970-01-01 00:00:00.000020123,0.9848034935597763
1970-01-01 00:00:00.000020124,0.9848034935597763
1970-01-01 00:00:00.000020125,0.9848034935597763
1970-01-01 00:00:00.000020126,0.9848034935597763
1970-01-01 00:00:00.000020127,0.9848034935597763
1970-01-01 00:00:00.000020128,0.9848034935597763
1970-01-01 00:00:00.000020129,0.9848034935597763
1970-01-01 00:00:00.000020130,0.9848034935597763
1970-01-01 00:00:00.000020131,0.9848034935597763
1970-01-01 00:00:00.000020132,0.9848034935597763
1970-01-01 00:00:00.000020133,0.9848034935597763
1970-01-01 00:00:00.000020134,0.9848034935597763
1970-01-01 00:00:00.000020135,0.9848034935597763
1970-01-01 00:00:00.000020136,0.9858197683814868
1970-01-01 00:00:00.000020137,0.9857211864046487
1970-01-01 00:00:00.000020138,0.9857211864046487
1970-01-01 00:00:00.000020139,0.9857211864046487
1970-01-01 00:00:00.000020140,0.9857211864046487
1970-01-01 00:00:00.000020141,0.9857211864046487
1970-01-01 00:00:00.000020142,0.9857211864046487
1970-01-01 00:00:00.000020143,0.9857211864046487
1970-01-01 00:00:00.000020144,0.9884250191405096
1970-01-01 00:00:00.000020145,0.9883261766385956
1970-01-01 00:00:00.000020146,0.9907762395727954
1970-01-01 00:00:00.000020147,0.9906771619488381
1970-01-01 00:00:00.000020148,0.9906771619488381
1970-01-01 00:00:00.000020149,0.9906771619488381
1970-01-01 00:00:00.000020150,0.9934278989670545
1970-01-01 00:00:00.000020151,0.9933285561771579
1970-01-01 00:00:00.000020152,0.9933285561771579
1970-01-01 00:00:00.000020153,0.9933285561771579
1970-01-01 00:00:00.000020154,0.9933285561771579
1970-01-01 00:00:00.000020155,0.9933285561771579
1970-01-01 00:00:00.000020156,0.9933285561771579
1970-01-01 00:00:00.000020157,0.9933285561771579
1970-01-01 00:00:00.000020158,0.9933285561771579
1970-01-01 00:00:00.000020159,0.9933285561771579
1970-01-01 00:00:00.000020160,0.9933285561771579
1970-01-01 00:00:00.000020161,0.9933285561771579
1970-01-01 00:00:00.000020162,0.9933285561771579
1970-01-01 00:00:00.000020163,0.9933285561771579
1970-01-01 00:00:00.000020164,0.9933285561771579
1970-01-01 00:00:00.000020165,0.9933285561771579
1970-01-01 00:00:00.000020166,0.9933285561771579
1970-01-01 00:00:00.000020167,0.9933285561771579
1970-01-01 00:00:00.000020168,0.9933285561771579
1970-01-01 00:00:00.000020169,0.9933285561771579
1970-01-01 00:00:00.000020170,0.9933285561771579
1970-01-01 00:00:00.000020171,0.9933285561771579
1970-01-01 00:00:00.000020172,0.9933285561771579
1970-01-01 00:00:00.000020173,0.9933285561771579
1970-01-01 00:00:00.000020174,0.9933285561771579
1970-01-01 00:00:00.000020175,0.9933285561771579
1970-01-01 00:00:00.000020176,0.9933285561771579
1970-01-01 00:00:00.000020177,0.9933285561771579
1970-01-01 00:00:00.000020178,0.9933285561771579
1970-01-01 00:00:00.000020179,0.9933285561771579
1970-01-01 00:00:00.000020180,0.9933285561771579
1970-01-01 00:00:00.000020181,0.9933285561771579
1970-01-01 00:00:00.000020182,0.9933285561771579
1970-01-01 00:00:00.000020183,0.9933285561771579
1970-01-01 00:00:00.000020184,0.9933285561771579
1970-01-01 00:00:00.000020185,0.9933285561771579
1970-01-01 00:00:00.000020186,0.9933285561771579
1970-01-01 00:00:00.000020187,0.9933285561771579
1970-01-01 00:00:00.000020188,0.9933285561771579
1970-01-01 00:00:00.000020189,0.9933285561771579
1970-01-01 00:00:00.000020190,0.9933285561771579
1970-01-01 00:00:00.000020191,0.9933285561771579
1970-01-01 00:00:00.000020192,0.9933285561771579
1970-01-01 00:00:00.000020193,0.9933285561771579
1970-01-01 00:00:00.000020194,0.9933285561771579
1970-01-01 00:00:00.000020195,0.9933285561771579
1970-01-01 00:00:00.000020196,0.9933285561771579
1970-01-01 00:00:00.000020197,0.9933285561771579
1970-01-01 00:00:00.000020198,0.9933285561771579
1970-01-01 00:00:00.000020199,0.9933285561771579
1970-01-01 00:00:00.000020200,0.9933285561771579
1970-01-01 00:00:00.000020201,0.9933285561771579
1970-01-01 00:00:00.000020202,0.9933285561771579
1970-01-01 00:00:00.000020203,0.9933285561771579
1970-01-01 00:00:00.000020204,0.9933285561771579
1970-01-01 00:00:00.000020205,0.9933285561771579
1970-01-01 00:00:00.000020206,0.9933285561771579
1970-01-01 00:00:00.000020207,0.9924132204860138
1970-01-01 00:00:00.000020208,0.9945739459814296
1970-01-01 00:00:00.000020209,0.9932603120559746
1970-01-01 00:00:00.000020210,0.994572509946658
1970-01-01 00:00:00.000020211,0.9928718224139474
1970-01-01 00:00:00.000020212,0.9926151100803704
1970-01-01 00:00:00.000020213,0.9938980804398204
1970-01-01 00:00:00.000020214,0.9937986906317764
1970-01-01 00:00:00.000020215,0.9937986906317764
1970-01-01 00:00:00.000020216,0.9937986906317764
1970-01-01 00:00:00.000020217,0.9937986906317764
1970-01-01 00:00:00.000020218,0.9937986906317764
1970-01-01 00:00:00.000020219,0.9937986906317764
1970-01-01 00:00:00.000020220,0.9937986906317764
1970-01-01 00:00:00.000020221,0.9937986906317764
1970-01-01 00:00:00.000020222,0.9937986906317764
1970-01-01 00:00:00.000020223,0.9937986906317764
1970-01-01 00:00:00.000020224,0.9937986906317764
1970-01-01 00:00:00.000020225,0.9937986906317764
1970-01-01 00:00:00.000020226,0.9937986906317764
1970-01-01 00:00:00.000020227,0.9937986906317764
1970-01-01 00:00:00.000020228,0.9937986906317764
1970-01-01 00:00:00.000020229,0.9937986906317764
1970-01-01 00:00:00.000020230,0.9937986906317764
1970-01-01 00:00:00.000020231,0.9937986906317764
1970-01-01 00:00:00.000020232,0.9937986906317764
1970-01-01 00:00:00.000020233,0.9937986906317764
1970-01-01 00:00:00.000020234,0.9937986906317764
1970-01-01 00:00:00.000020235,0.9916502745333061
1970-01-01 00:00:00.000020236,0.9915511095058528
1970-01-01 00:00:00.000020237,0.9915511095058528
1970-01-01 00:00:00.000020238,0.9915511095058528
1970-01-01 00:00:00.000020239,0.9915511095058528
1970-01-01 00:00:00.000020240,0.9915511095058528
1970-01-01 00:00:00.000020241,0.9915511095058528
1970-01-01 00:00:00.000020242,0.9915511095058528
1970-01-01 00:00:00.000020243,0.9915511095058528
1970-01-01 00:00:00.000020244,0.9915511095058528
1970-01-01 00:00:00.000020245,0.9915511095058528
1970-01-01 00:00:00.000020246,0.9915511095058528
1970-01-01 00:00:00.000020247,0.9915511095058528
1970-01-01 00:00:00.000020248,0.9915511095058528
1970-01-01 00:00:00.000020249,0.9915511095058528
1970-01-01 00:00:00.000020250,0.9915511095058528
1970-01-01 00:00:00.000020251,0.9915511095058528
1970-01-01 00:00:00.000020252,0.9915511095058528
1970-01-01 00:00:00.000020253,0.9915511095058528
1970-01-01 00:00:00.000020254,0.9915511095058528
1970-01-01 00:00:00.000020255,0.9915511095058528
1970-01-01 00:00:00.000020256,0.9915511095058528
1970-01-01 00:00:00.000020257,0.9915511095058528
1970-01-01 00:00:00.000020258,0.9915511095058528
1970-01-01 00:00:00.000020259,0.9915511095058528
1970-01-01 00:00:00.000020260,0.9915511095058528
1970-01-01 00:00:00.000020261,0.9915511095058528
1970-01-01 00:00:00.000020262,0.9915511095058528
1970-01-01 00:00:00.000020263,0.9930233303996214
1970-01-01 00:00:00.000020264,0.9929240280665815
1970-01-01 00:00:00.000020265,0.9929240280665815
1970-01-01 00:00:00.000020266,0.9929240280665815
1970-01-01 00:00:00.000020267,0.9926275717793801
1970-01-01 00:00:00.000020268,0.9928230395475174
1970-01-01 00:00:00.000020269,0.993055388026624
1970-01-01 00:00:00.000020270,0.9929807884067088
1970-01-01 00:00:00.000020271,0.99285371759346
1970-01-01 00:00:00.000020272,0.99221249614138
1970-01-01 00:00:00.000020273,0.9929618451324382
1970-01-01 00:00:00.000020274,0.9933612464682763
1970-01-01 00:00:00.000020275,0.9921246529934349
1970-01-01 00:00:00.000020276,0.9922751933500278
1970-01-01 00:00:00.000020277,0.9920364745662991
1970-01-01 00:00:00.000020278,0.9921078890339032
1970-01-01 00:00:00.000020279,0.9915546783693636
1970-01-01 00:00:00.000020280,0.9926424917033629
1970-01-01 00:00:00.000020281,0.9939197377800681
1970-01-01 00:00:00.000020282,0.994872098321053
1970-01-01 00:00:00.000020283,0.9947726111112208
1970-01-01 00:00:00.000020284,0.9947726111112208
1970-01-01 00:00:00.000020285,0.9931176101978002
1970-01-01 00:00:00.000020286,0.993268945096317
1970-01-01 00:00:00.000020287,0.9930180874133221
1970-01-01 00:00:00.000020288,0.9930353302170246
1970-01-01 00:00:00.000020289,0.9941402089008858
1970-01-01 00:00:00.000020290,0.9926660328872372
1970-01-01 00:00:00.000020291,0.9920896545071564
1970-01-01 00:00:00.000020292,0.9921597975629955
1970-01-01 00:00:00.000020293,0.9921744455758499
1970-01-01 00:00:00.000020294,0.9927634630984508
1970-01-01 00:00:00.000020295,0.9923514772740595
1970-01-01 00:00:00.000020296,0.9916205832840991
1970-01-01 00:00:00.000020297,0.9922516196778589
1970-01-01 00:00:00.000020298,0.9919217464283819
1970-01-01 00:00:00.000020299,0.9921738596553357
1970-01-01 00:00:00.000020300,0.9912101041124586
1970-01-01 00:00:00.000020301,0.9907519142703786
1970-01-01 00:00:00.000020302,0.9908020523258052
1970-01-01 00:00:00.000020303,0.9907029721205727
1970-01-01 00:00:00.000020304,0.9907029721205727
1970-01-01 00:00:00.000020305,0.9907029721205727
1970-01-01 00:00:00.000020306,0.9907029721205727
1970-01-01 00:00:00.000020307,0.9907029721205727
1970-01-01 00:00:00.000020308,0.9907029721205727
1970-01-01 00:00:00.000020309,0.9907029721205727
1970-01-01 00:00:00.000020310,0.9907029721205727
1970-01-01 00:00:00.000020311,0.9907029721205727
1970-01-01 00:00:00.000020312,0.9907029721205727
1970-01-01 00:00:00.000020313,0.9911642517608674
1970-01-01 00:00:00.000020314,0.9900500451811148
1970-01-01 00:00:00.000020315,0.9910483809937191
1970-01-01 00:00:00.000020316,0.9910716391114728
1970-01-01 00:00:00.000020317,0.9932341402766215
1970-01-01 00:00:00.000020318,0.9933498431151218
1970-01-01 00:00:00.000020319,0.9937028291333042
1970-01-01 00:00:00.000020320,0.9953392098441403
1970-01-01 00:00:00.000020321,0.9952396759231559
1970-01-01 00:00:00.000020322,0.9952396759231559
1970-01-01 00:00:00.000020323,0.9930042306348348
1970-01-01 00:00:00.000020324,0.9929049302117713
1970-01-01 00:00:00.000020325,0.9945809927073263
1970-01-01 00:00:00.000020326,0.9944815346080556
1970-01-01 00:00:00.000020327,0.9928109766028879
1970-01-01 00:00:00.000020328,0.9960885313372418
1970-01-01 00:00:00.000020329,0.9959889224841081
1970-01-01 00:00:00.000020330,0.9959889224841081
1970-01-01 00:00:00.000020331,0.9959889224841081
1970-01-01 00:00:00.000020332,0.9959889224841081
1970-01-01 00:00:00.000020333,0.9959889224841081
1970-01-01 00:00:00.000020334,0.9959889224841081
1970-01-01 00:00:00.000020335,0.9959889224841081
1970-01-01 00:00:00.000020336,0.9959889224841081
1970-01-01 00:00:00.000020337,0.9959889224841081
1970-01-01 00:00:00.000020338,0.9959889224841081
1970-01-01 00:00:00.000020339,0.9959889224841081
1970-01-01 00:00:00.000020340,0.9959889224841081
1970-01-01 00:00:00.000020341,0.9954881411352445
1970-01-01 00:00:00.000020342,0.9937905347984881
1970-01-01 00:00:00.000020343,0.9917188189023127
1970-01-01 00:00:00.000020344,0.9916871811894008
1970-01-01 00:00:00.000020345,0.991036433514925
1970-01-01 00:00:00.000020346,0.9893019023002957
1970-01-01 00:00:00.000020347,0.9923069733657982
1970-01-01 00:00:00.000020348,0.989554407065611
1970-01-01 00:00:00.000020349,0.9870248397391828
1970-01-01 00:00:00.000020350,0.987199657290313
1970-01-01 00:00:00.000020351,0.983353074227467
1970-01-01 00:00:00.000020352,0.9875060570274891
1970-01-01 00:00:00.000020353,0.9851009939082073
1970-01-01 00:00:00.000020354,0.9843274475636693
1970-01-01 00:00:00.000020355,0.9842290148189129
1970-01-01 00:00:00.000020356,0.9842290148189129
1970-01-01 00:00:00.000020357,0.9842290148189129
1970-01-01 00:00:00.000020358,0.9842290148189129
1970-01-01 00:00:00.000020359,0.9842290148189129
1970-01-01 00:00:00.000020360,0.9842290148189129
1970-01-01 00:00:00.000020361,0.9842290148189129
1970-01-01 00:00:00.000020362,0.9842290148189129
1970-01-01 00:00:00.000020363,0.9842290148189129
1970-01-01 00:00:00.000020364,0.9842290148189129
1970-01-01 00:00:00.000020365,0.9842290148189129
1970-01-01 00:00:00.000020366,0.9842290148189129
1970-01-01 00:00:00.000020367,0.9842290148189129
1970-01-01 00:00:00.000020368,0.9842290148189129
1970-01-01 00:00:00.000020369,0.9842290148189129
1970-01-01 00:00:00.000020370,0.9842290148189129
1970-01-01 00:00:00.000020371,0.9842290148189129
1970-01-01 00:00:00.000020372,0.9842290148189129
1970-01-01 00:00:00.000020373,0.9842290148189129
1970-01-01 00:00:00.000020374,0.9842290148189129
1970-01-01 00:00:00.000020375,0.9842290148189129
1970-01-01 00:00:00.000020376,0.9842290148189129
1970-01-01 00:00:00.000020377,0.9842290148189129
1970-01-01 00:00:00.000020378,0.9842290148189129
1970-01-01 00:00:00.000020379,0.9842290148189129
1970-01-01 00:00:00.000020380,0.9842290148189129
1970-01-01 00:00:00.000020381,0.9835472928336495
1970-01-01 00:00:00.000020382,0.9861941567914091
1970-01-01 00:00:00.000020383,0.9826694324268997
1970-01-01 00:00:00.000020384,0.9806113793686697
1970-01-01 00:00:00.000020385,0.981987470974643
1970-01-01 00:00:00.000020386,0.9822026513222951
1970-01-01 00:00:00.000020387,0.9855342189748938
1970-01-01 00:00:00.000020388,0.9854356655529963
1970-01-01 00:00:00.000020389,0.9854356655529963
1970-01-01 00:00:00.000020390,0.9854356655529963
1970-01-01 00:00:00.000020391,0.9854356655529963
1970-01-01 00:00:00.000020392,0.9854356655529963
1970-01-01 00:00:00.000020393,0.9854356655529963
1970-01-01 00:00:00.000020394,0.9854356655529963
1970-01-01 00:00:00.000020395,0.9854356655529963
1970-01-01 00:00:00.000020396,0.9854356655529963
1970-01-01 00:00:00.000020397,0.9854356655529963
1970-01-01 00:00:00.000020398,0.9854356655529963
1970-01-01 00:00:00.000020399,0.9854356655529963
1970-01-01 00:00:00.000020400,0.9854356655529963
1970-01-01 00:00:00.000020401,0.9854356655529963
1970-01-01 00:00:00.000020402,0.9854356655529963
1970-01-01 00:00:00.000020403,0.9854356655529963
1970-01-01 00:00:00.000020404,0.9854356655529963
1970-01-01 00:00:00.000020405,0.9854356655529963
1970-01-01 00:00:00.000020406,0.9854356655529963
1970-01-01 00:00:00.000020407,0.9854356655529963
1970-01-01 00:00:00.000020408,0.9854356655529963
1970-01-01 00:00:00.000020409,0.9854356655529963
1970-01-01 00:00:00.000020410,0.9854356655529963
1970-01-01 00:00:00.000020411,0.9854356655529963
1970-01-01 00:00:00.000020412,0.982350361692184
1970-01-01 00:00:00.000020413,0.9822521266560148
1970-01-01 00:00:00.000020414,0.9833317208694681
1970-01-01 00:00:00.000020415,0.9832333876973811
1970-01-01 00:00:00.000020416,0.9832333876973811
1970-01-01 00:00:00.000020417,0.9832333876973811
1970-01-01 00:00:00.000020418,0.9832333876973811
1970-01-01 00:00:00.000020419,0.9832333876973811
1970-01-01 00:00:00.000020420,0.9832333876973811
1970-01-01 00:00:00.000020421,0.9832333876973811
1970-01-01 00:00:00.000020422,0.9832333876973811
1970-01-01 00:00:00.000020423,0.9832333876973811
1970-01-01 00:00:00.000020424,0.9832333876973811
1970-01-01 00:00:00.000020425,0.9832333876973811
1970-01-01 00:00:00.000020426,0.9832333876973811
1970-01-01 00:00:00.000020427,0.9832333876973811
1970-01-01 00:00:00.000020428,0.9806735350943613
1970-01-01 00:00:00.000020429,0.9793758701676063
1970-01-01 00:00:00.000020430,0.980090991212547
1970-01-01 00:00:00.000020431,0.9799929821134257
1970-01-01 00:00:00.000020432,0.9799929821134257
1970-01-01 00:00:00.000020433,0.9813634520492414
1970-01-01 00:00:00.000020434,0.9839280300995247
1970-01-01 00:00:00.000020435,0.9838296372965147
1970-01-01 00:00:00.000020436,0.9838296372965147
1970-01-01 00:00:00.000020437,0.9838296372965147
1970-01-01 00:00:00.000020438,0.9838296372965147
1970-01-01 00:00:00.000020439,0.9838296372965147
1970-01-01 00:00:00.000020440,0.9820259183130008
1970-01-01 00:00:00.000020441,0.9787106319137036
1970-01-01 00:00:00.000020442,0.9793602722381611
1970-01-01 00:00:00.000020443,0.9808341464293057
1970-01-01 00:00:00.000020444,0.9807360630146628
1970-01-01 00:00:00.000020445,0.9807360630146628
1970-01-01 00:00:00.000020446,0.9807360630146628
1970-01-01 00:00:00.000020447,0.9811124388851862
1970-01-01 00:00:00.000020448,0.9829500652354597
1970-01-01 00:00:00.000020449,0.9828517702289361
1970-01-01 00:00:00.000020450,0.9828517702289361
1970-01-01 00:00:00.000020451,0.9828517702289361
1970-01-01 00:00:00.000020452,0.9828517702289361
1970-01-01 00:00:00.000020453,0.9828517702289361
1970-01-01 00:00:00.000020454,0.9828517702289361
1970-01-01 00:00:00.000020455,0.9828517702289361
1970-01-01 00:00:00.000020456,0.9828517702289361
1970-01-01 00:00:00.000020457,0.9828517702289361
1970-01-01 00:00:00.000020458,0.9828517702289361
1970-01-01 00:00:00.000020459,0.9828517702289361
1970-01-01 00:00:00.000020460,0.982148221557433
1970-01-01 00:00:00.000020461,0.9820500067352772
1970-01-01 00:00:00.000020462,0.9820500067352772
1970-01-01 00:00:00.000020463,0.9820500067352772
1970-01-01 00:00:00.000020464,0.9820500067352772
1970-01-01 00:00:00.000020465,0.9820500067352772
1970-01-01 00:00:00.000020466,0.9820500067352772
1970-01-01 00:00:00.000020467,0.9820500067352772
1970-01-01 00:00:00.000020468,0.9820500067352772
1970-01-01 00:00:00.000020469,0.9820500067352772
1970-01-01 00:00:00.000020470,0.9820500067352772
1970-01-01 00:00:00.000020471,0.9820500067352772
1970-01-01 00:00:00.000020472,0.9820500067352772
1970-01-01 00:00:00.000020473,0.9820500067352772
1970-01-01 00:00:00.000020474,0.9820500067352772
1970-01-01 00:00:00.000020475,0.9820500067352772
1970-01-01 00:00:00.000020476,0.9820500067352772
1970-01-01 00:00:00.000020477,0.9820500067352772
1970-01-01 00:00:00.000020478,0.9820500067352772
1970-01-01 00:00:00.000020479,0.9820500067352772
1970-01-01 00:00:00.000020480,0.9820500067352772
1970-01-01 00:00:00.000020481,0.9820500067352772
1970-01-01 00:00:00.000020482,0.9820500067352772
1970-01-01 00:00:00.000020483,0.9820500067352772
1970-01-01 00:00:00.000020484,0.9820500067352772
1970-01-01 00:00:00.000020485,0.9820500067352772
1970-01-01 00:00:00.000020486,0.9820500067352772
1970-01-01 00:00:00.000020487,0.9820500067352772
1970-01-01 00:00:00.000020488,0.9820500067352772
1970-01-01 00:00:00.000020489,0.9820500067352772
1970-01-01 00:00:00.000020490,0.9820500067352772
1970-01-01 00:00:00.000020491,0.9820500067352772
1970-01-01 00:00:00.000020492,0.9820500067352772
1970-01-01 00:00:00.000020493,0.9820500067352772
1970-01-01 00:00:00.000020494,0.9820500067352772
1970-01-01 00:00:00.000020495,0.9820500067352772
1970-01-01 00:00:00.000020496,0.9820500067352772
1970-01-01 00:00:00.000020497,0.9820500067352772
1970-01-01 00:00:00.000020498,0.9820500067352772
1970-01-01 00:00:00.000020499,0.9820500067352772
1970-01-01 00:00:00.000020500,0.9820500067352772
1970-01-01 00:00:00.000020501,0.9820500067352772
1970-01-01 00:00:00.000020502,0.9820500067352772
1970-01-01 00:00:00.000020503,0.9820500067352772
1970-01-01 00:00:00.000020504,0.9820500067352772
1970-01-01 00:00:00.000020505,0.9820500067352772
1970-01-01 00:00:00.000020506,0.9820500067352772
1970-01-01 00:00:00.000020507,0.9820500067352772
1970-01-01 00:00:00.000020508,0.9820500067352772
1970-01-01 00:00:00.000020509,0.9820500067352772
1970-01-01 00:00:00.000020510,0.9820500067352772
1970-01-01 00:00:00.000020511,0.9820500067352772
1970-01-01 00:00:00.000020512,0.9820500067352772
1970-01-01 00:00:00.000020513,0.9820500067352772
1970-01-01 00:00:00.000020514,0.9820500067352772
1970-01-01 00:00:00.000020515,0.9820500067352772
1970-01-01 00:00:00.000020516,0.9820500067352772
1970-01-01 00:00:00.000020517,0.9820500067352772
1970-01-01 00:00:00.000020518,0.9820500067352772
1970-01-01 00:00:00.000020519,0.9820500067352772
1970-01-01 00:00:00.000020520,0.980958229096107
1970-01-01 00:00:00.000020521,0.9819690719097268
1970-01-01 00:00:00.000020522,0.980447265117959
1970-01-01 00:00:00.000020523,0.9779967503098786
1970-01-01 00:00:00.000020524,0.9837671344225124
1970-01-01 00:00:00.000020525,0.9842384711977086
1970-01-01 00:00:00.000020526,0.9795898686100418
1970-01-01 00:00:00.000020527,0.9806683569793611
1970-01-01 00:00:00.000020528,0.9813227295355919
1970-01-01 00:00:00.000020529,0.981299860973536
1970-01-01 00:00:00.000020530,0.9843955834561072
1970-01-01 00:00:00.000020531,0.9842971438977616
1970-01-01 00:00:00.000020532,0.9842971438977616
1970-01-01 00:00:00.000020533,0.9842971438977616
1970-01-01 00:00:00.000020534,0.9842971438977616
1970-01-01 00:00:00.000020535,0.9842971438977616
1970-01-01 00:00:00.000020536,0.9842971438977616
1970-01-01 00:00:00.000020537,0.9842971438977616
1970-01-01 00:00:00.000020538,0.9842971438977616
1970-01-01 00:00:00.000020539,0.9842971438977616
1970-01-01 00:00:00.000020540,0.9842971438977616
1970-01-01 00:00:00.000020541,0.9842971438977616
1970-01-01 00:00:00.000020542,0.9842971438977616
1970-01-01 00:00:00.000020543,0.9842971438977616
1970-01-01 00:00:00.000020544,0.9842971438977616
1970-01-01 00:00:00.000020545,0.9842971438977616
1970-01-01 00:00:00.000020546,0.9842971438977616
1970-01-01 00:00:00.000020547,0.9842971438977616
1970-01-01 00:00:00.000020548,0.9842971438977616
1970-01-01 00:00:00.000020549,0.9842971438977616
1970-01-01 00:00:00.000020550,0.9842971438977616
1970-01-01 00:00:00.000020551,0.9842971438977616
1970-01-01 00:00:00.000020552,0.9842971438977616
1970-01-01 00:00:00.000020553,0.9842971438977616
1970-01-01 00:00:00.000020554,0.9842971438977616
1970-01-01 00:00:00.000020555,0.9842971438977616
1970-01-01 00:00:00.000020556,0.9842971438977616
1970-01-01 00:00:00.000020557,0.9842971438977616
1970-01-01 00:00:00.000020558,0.9842971438977616
1970-01-01 00:00:00.000020559,0.9842971438977616
1970-01-01 00:00:00.000020560,0.9842971438977616
1970-01-01 00:00:00.000020561,0.9842971438977616
1970-01-01 00:00:00.000020562,0.9842971438977616
1970-01-01 00:00:00.000020563,0.9842971438977616
1970-01-01 00:00:00.000020564,0.9842971438977616
1970-01-01 00:00:00.000020565,0.9842971438977616
1970-01-01 00:00:00.000020566,0.9842971438977616
1970-01-01 00:00:00.000020567,0.9842971438977616
1970-01-01 00:00:00.000020568,0.9842971438977616
1970-01-01 00:00:00.000020569,0.9842971438977616
1970-01-01 00:00:00.000020570,0.9842971438977616
1970-01-01 00:00:00.000020571,0.9842971438977616
1970-01-01 00:00:00.000020572,0.9842971438977616
1970-01-01 00:00:00.000020573,0.9842971438977616
1970-01-01 00:00:00.000020574,0.9842971438977616
1970-01-01 00:00:00.000020575,0.9842971438977616
1970-01-01 00:00:00.000020576,0.9842971438977616
1970-01-01 00:00:00.000020577,0.9842971438977616
1970-01-01 00:00:00.000020578,0.9842971438977616
1970-01-01 00:00:00.000020579,0.9842971438977616
1970-01-01 00:00:00.000020580,0.9842971438977616
1970-01-01 00:00:00.000020581,0.9842971438977616
1970-01-01 00:00:00.000020582,0.9842971438977616
1970-01-01 00:00:00.000020583,0.9842971438977616
1970-01-01 00:00:00.000020584,0.9842971438977616
1970-01-01 00:00:00.000020585,0.9842971438977616
1970-01-01 00:00:00.000020586,0.9842971438977616
1970-01-01 00:00:00.000020587,0.9842971438977616
1970-01-01 00:00:00.000020588,0.9842971438977616
1970-01-01 00:00:00.000020589,0.9842971438977616
1970-01-01 00:00:00.000020590,0.9842971438977616
1970-01-01 00:00:00.000020591,0.9842971438977616
1970-01-01 00:00:00.000020592,0.9842971438977616
1970-01-01 00:00:00.000020593,0.9842971438977616
1970-01-01 00:00:00.000020594,0.9842971438977616
1970-01-01 00:00:00.000020595,0.9842971438977616
1970-01-01 00:00:00.000020596,0.9842971438977616
1970-01-01 00:00:00.000020597,0.9842971438977616
1970-01-01 00:00:00.000020598,0.9842971438977616
1970-01-01 00:00:00.000020599,0.9842971438977616
1970-01-01 00:00:00.000020600,0.9842971438977616
1970-01-01 00:00:00.000020601,0.9842971438977616
1970-01-01 00:00:00.000020602,0.9842971438977616
1970-01-01 00:00:00.000020603,0.9842971438977616
1970-01-01 00:00:00.000020604,0.9842971438977616
1970-01-01 00:00:00.000020605,0.9842971438977616
1970-01-01 00:00:00.000020606,0.9842971438977616
1970-01-01 00:00:00.000020607,0.9842971438977616
1970-01-01 00:00:00.000020608,0.9842971438977616
1970-01-01 00:00:00.000020609,0.9842971438977616
1970-01-01 00:00:00.000020610,0.9842971438977616
1970-01-01 00:00:00.000020611,0.9842971438977616
1970-01-01 00:00:00.000020612,0.9842971438977616
1970-01-01 00:00:00.000020613,0.9842971438977616
1970-01-01 00:00:00.000020614,0.9842971438977616
1970-01-01 00:00:00.000020615,0.9842971438977616
1970-01-01 00:00:00.000020616,0.9842971438977616
1970-01-01 00:00:00.000020617,0.9842971438977616
1970-01-01 00:00:00.000020618,0.9842971438977616
1970-01-01 00:00:00.000020619,0.9842971438977616
1970-01-01 00:00:00.000020620,0.9842971438977616
1970-01-01 00:00:00.000020621,0.9842971438977616
1970-01-01 00:00:00.000020622,0.9842971438977616
1970-01-01 00:00:00.000020623,0.9842971438977616
1970-01-01 00:00:00.000020624,0.9842971438977616
1970-01-01 00:00:00.000020625,0.9842971438977616
1970-01-01 00:00:00.000020626,0.9842971438977616
1970-01-01 00:00:00.000020627,0.9842971438977616
1970-01-01 00:00:00.000020628,0.9842971438977616
1970-01-01 00:00:00.000020629,0.9842971438977616
1970-01-01 00:00:00.000020630,0.9842971438977616
1970-01-01 00:00:00.000020631,0.9842971438977616
1970-01-01 00:00:00.000020632,0.9842971438977616
1970-01-01 00:00:00.000020633,0.9842971438977616
1970-01-01 00:00:00.000020634,0.9842971438977616
1970-01-01 00:00:00.000020635,0.9842971438977616
1970-01-01 00:00:00.000020636,0.9842971438977616
1970-01-01 00:00:00.000020637,0.9842971438977616
1970-01-01 00:00:00.000020638,0.9842971438977616
1970-01-01 00:00:00.000020639,0.9842971438977616
1970-01-01 00:00:00.000020640,0.9842971438977616
1970-01-01 00:00:00.000020641,0.9842971438977616
1970-01-01 00:00:00.000020642,0.9842971438977616
1970-01-01 00:00:00.000020643,0.9842971438977616
1970-01-01 00:00:00.000020644,0.9842971438977616
1970-01-01 00:00:00.000020645,0.9842971438977616
1970-01-01 00:00:00.000020646,0.9842971438977616
1970-01-01 00:00:00.000020647,0.9842971438977616
1970-01-01 00:00:00.000020648,0.9842971438977616
1970-01-01 00:00:00.000020649,0.9842971438977616
1970-01-01 00:00:00.000020650,0.9842971438977616
1970-01-01 00:00:00.000020651,0.9842971438977616
1970-01-01 00:00:00.000020652,0.9842971438977616
1970-01-01 00:00:00.000020653,0.9842971438977616
1970-01-01 00:00:00.000020654,0.9842971438977616
1970-01-01 00:00:00.000020655,0.9842971438977616
1970-01-01 00:00:00.000020656,0.9842971438977616
1970-01-01 00:00:00.000020657,0.9842971438977616
1970-01-01 00:00:00.000020658,0.9842971438977616
1970-01-01 00:00:00.000020659,0.9842971438977616
1970-01-01 00:00:00.000020660,0.9842971438977616
1970-01-01 00:00:00.000020661,0.9842971438977616
1970-01-01 00:00:00.000020662,0.9842971438977616
1970-01-01 00:00:00.000020663,0.9842971438977616
1970-01-01 00:00:00.000020664,0.9842971438977616
1970-01-01 00:00:00.000020665,0.9842971438977616
1970-01-01 00:00:00.000020666,0.9842971438977616
1970-01-01 00:00:00.000020667,0.9842971438977616
1970-01-01 00:00:00.000020668,0.9842971438977616
1970-01-01 00:00:00.000020669,0.9842971438977616
1970-01-01 00:00:00.000020670,0.9842971438977616
1970-01-01 00:00:00.000020671,0.9842971438977616
1970-01-01 00:00:00.000020672,0.9842971438977616
1970-01-01 00:00:00.000020673,0.9842971438977616
1970-01-01 00:00:00.000020674,0.9842971438977616
1970-01-01 00:00:00.000020675,0.9842971438977616
1970-01-01 00:00:00.000020676,0.9842971438977616
1970-01-01 00:00:00.000020677,0.9842971438977616
1970-01-01 00:00:00.000020678,0.9842971438977616
1970-01-01 00:00:00.000020679,0.9842971438977616
1970-01-01 00:00:00.000020680,0.9842971438977616
1970-01-01 00:00:00.000020681,0.9842971438977616
1970-01-01 00:00:00.000020682,0.9842971438977616
1970-01-01 00:00:00.000020683,0.9842971438977616
1970-01-01 00:00:00.000020684,0.9842971438977616
1970-01-01 00:00:00.000020685,0.9842971438977616
1970-01-01 00:00:00.000020686,0.9842971438977616
1970-01-01 00:00:00.000020687,0.9842971438977616
1970-01-01 00:00:00.000020688,0.9842971438977616
1970-01-01 00:00:00.000020689,0.9842971438977616
1970-01-01 00:00:00.000020690,0.9842971438977616
1970-01-01 00:00:00.000020691,0.9842971438977616
1970-01-01 00:00:00.000020692,0.9842971438977616
1970-01-01 00:00:00.000020693,0.9842971438977616
1970-01-01 00:00:00.000020694,0.9842971438977616
1970-01-01 00:00:00.000020695,0.9842971438977616
1970-01-01 00:00:00.000020696,0.9842971438977616
1970-01-01 00:00:00.000020697,0.9842971438977616
1970-01-01 00:00:00.000020698,0.9842971438977616
1970-01-01 00:00:00.000020699,0.9842971438977616
1970-01-01 00:00:00.000020700,0.9842971438977616
1970-01-01 00:00:00.000020701,0.9842971438977616
1970-01-01 00:00:00.000020702,0.9842971438977616
1970-01-01 00:00:00.000020703,0.9842971438977616
1970-01-01 00:00:00.000020704,0.9842971438977616
1970-01-01 00:00:00.000020705,0.9842971438977616
1970-01-01 00:00:00.000020706,0.9842971438977616
1970-01-01 00:00:00.000020707,0.9842971438977616
1970-01-01 00:00:00.000020708,0.9842971438977616
1970-01-01 00:00:00.000020709,0.9842971438977616
1970-01-01 00:00:00.000020710,0.9842971438977616
1970-01-01 00:00:00.000020711,0.9842971438977616
1970-01-01 00:00:00.000020712,0.9842971438977616
1970-01-01 00:00:00.000020713,0.9842971438977616
1970-01-01 00:00:00.000020714,0.9842971438977616
1970-01-01 00:00:00.000020715,0.9842971438977616
1970-01-01 00:00:00.000020716,0.9842971438977616
1970-01-01 00:00:00.000020717,0.9842971438977616
1970-01-01 00:00:00.000020718,0.9842971438977616
1970-01-01 00:00:00.000020719,0.9842971438977616
1970-01-01 00:00:00.000020720,0.9842971438977616
1970-01-01 00:00:00.000020721,0.9842971438977616
1970-01-01 00:00:00.000020722,0.9842971438977616
1970-01-01 00:00:00.000020723,0.9842971438977616
1970-01-01 00:00:00.000020724,0.9842971438977616
1970-01-01 00:00:00.000020725,0.9842971438977616
1970-01-01 00:00:00.000020726,0.9842971438977616
1970-01-01 00:00:00.000020727,0.9842971438977616
1970-01-01 00:00:00.000020728,0.9842971438977616
1970-01-01 00:00:00.000020729,0.9842971438977616
1970-01-01 00:00:00.000020730,0.9842971438977616
1970-01-01 00:00:00.000020731,0.9842971438977616
1970-01-01 00:00:00.000020732,0.9842971438977616
1970-01-01 00:00:00.000020733,0.9842971438977616
1970-01-01 00:00:00.000020734,0.9842971438977616
1970-01-01 00:00:00.000020735,0.9842971438977616
1970-01-01 00:00:00.000020736,0.9842971438977616
1970-01-01 00:00:00.000020737,0.9842971438977616
1970-01-01 00:00:00.000020738,0.9842971438977616
1970-01-01 00:00:00.000020739,0.9842971438977616
1970-01-01 00:00:00.000020740,0.9842971438977616
1970-01-01 00:00:00.000020741,0.9842971438977616
1970-01-01 00:00:00.000020742,0.9842971438977616
1970-01-01 00:00:00.000020743,0.9842971438977616
1970-01-01 00:00:00.000020744,0.9842971438977616
1970-01-01 00:00:00.000020745,0.9842971438977616
1970-01-01 00:00:00.000020746,0.9842971438977616
1970-01-01 00:00:00.000020747,0.9842971438977616
1970-01-01 00:00:00.000020748,0.9842971438977616
1970-01-01 00:00:00.000020749,0.9842971438977616
1970-01-01 00:00:00.000020750,0.9842971438977616
1970-01-01 00:00:00.000020751,0.9854414817371656
1970-01-01 00:00:00.000020752,0.9841420726010125
1970-01-01 00:00:00.000020753,0.9842259721368836
1970-01-01 00:00:00.000020754,0.9848983743720052
1970-01-01 00:00:00.000020755,0.9857770798806494
1970-01-01 00:00:00.000020756,0.9853802367987629
1970-01-01 00:00:00.000020757,0.9840959881536911
1970-01-01 00:00:00.000020758,0.9854835176442549
1970-01-01 00:00:00.000020759,0.9853849692924905
1970-01-01 00:00:00.000020760,0.9853849692924905
1970-01-01 00:00:00.000020761,0.9853849692924905
1970-01-01 00:00:00.000020762,0.9853849692924905
1970-01-01 00:00:00.000020763,0.9853849692924905
1970-01-01 00:00:00.000020764,0.9853849692924905
1970-01-01 00:00:00.000020765,0.9853849692924905
1970-01-01 00:00:00.000020766,0.9853849692924905
1970-01-01 00:00:00.000020767,0.9853849692924905
1970-01-01 00:00:00.000020768,0.9853849692924905
1970-01-01 00:00:00.000020769,0.9853849692924905
1970-01-01 00:00:00.000020770,0.9853849692924905
1970-01-01 00:00:00.000020771,0.9853849692924905
1970-01-01 00:00:00.000020772,0.9853849692924905
1970-01-01 00:00:00.000020773,0.9853849692924905
1970-01-01 00:00:00.000020774,0.9853849692924905
1970-01-01 00:00:00.000020775,0.9853849692924905
1970-01-01 00:00:00.000020776,0.9853849692924905
1970-01-01 00:00:00.000020777,0.9853849692924905
1970-01-01 00:00:00.000020778,0.9853849692924905
1970-01-01 00:00:00.000020779,0.9853849692924905
1970-01-01 00:00:00.000020780,0.9853849692924905
1970-01-01 00:00:00.000020781,0.9853849692924905
1970-01-01 00:00:00.000020782,0.9853849692924905
1970-01-01 00:00:00.000020783,0.9853849692924905
1970-01-01 00:00:00.000020784,0.9853849692924905
1970-01-01 00:00:00.000020785,0.9853849692924905
1970-01-01 00:00:00.000020786,0.9853849692924905
1970-01-01 00:00:00.000020787,0.9853849692924905
1970-01-01 00:00:00.000020788,0.9853849692924905
1970-01-01 00:00:00.000020789,0.9853849692924905
1970-01-01 00:00:00.000020790,0.9853849692924905
1970-01-01 00:00:00.000020791,0.9853849692924905
1970-01-01 00:00:00.000020792,0.9853849692924905
1970-01-01 00:00:00.000020793,0.9811738681768415
1970-01-01 00:00:00.000020794,0.9810757507900238
1970-01-01 00:00:00.000020795,0.9810757507900238
1970-01-01 00:00:00.000020796,0.9810757507900238
1970-01-01 00:00:00.000020797,0.9810757507900238
1970-01-01 00:00:00.000020798,0.9821957906324097
1970-01-01 00:00:00.000020799,0.9820975710533465
1970-01-01 00:00:00.000020800,0.9820975710533465
1970-01-01 00:00:00.000020801,0.9820975710533465
1970-01-01 00:00:00.000020802,0.9820975710533465
1970-01-01 00:00:00.000020803,0.9820975710533465
1970-01-01 00:00:00.000020804,0.9820975710533465
1970-01-01 00:00:00.000020805,0.9820975710533465
1970-01-01 00:00:00.000020806,0.9820975710533465
1970-01-01 00:00:00.000020807,0.9820975710533465
1970-01-01 00:00:00.000020808,0.9820975710533465
1970-01-01 00:00:00.000020809,0.9820975710533465
1970-01-01 00:00:00.000020810,0.9820975710533465
1970-01-01 00:00:00.000020811,0.9820975710533465
1970-01-01 00:00:00.000020812,0.9820975710533465
1970-01-01 00:00:00.000020813,0.9820975710533465
1970-01-01 00:00:00.000020814,0.9820975710533465
1970-01-01 00:00:00.000020815,0.9820975710533465
1970-01-01 00:00:00.000020816,0.9820975710533465
1970-01-01 00:00:00.000020817,0.9820975710533465
1970-01-01 00:00:00.000020818,0.9820975710533465
1970-01-01 00:00:00.000020819,0.9820975710533465
1970-01-01 00:00:00.000020820,0.9820975710533465
1970-01-01 00:00:00.000020821,0.9820975710533465
1970-01-01 00:00:00.000020822,0.9820975710533465
1970-01-01 00:00:00.000020823,0.9820975710533465
1970-01-01 00:00:00.000020824,0.9820975710533465
1970-01-01 00:00:00.000020825,0.9820975710533465
1970-01-01 00:00:00.000020826,0.9820975710533465
1970-01-01 00:00:00.000020827,0.9820975710533465
1970-01-01 00:00:00.000020828,0.9820975710533465
1970-01-01 00:00:00.000020829,0.9820975710533465
1970-01-01 00:00:00.000020830,0.9820975710533465
1970-01-01 00:00:00.000020831,0.9820975710533465
1970-01-01 00:00:00.000020832,0.9820975710533465
1970-01-01 00:00:00.000020833,0.9820975710533465
1970-01-01 00:00:00.000020834,0.9820975710533465
1970-01-01 00:00:00.000020835,0.9820975710533465
1970-01-01 00:00:00.000020836,0.9820975710533465
1970-01-01 00:00:00.000020837,0.9820975710533465
1970-01-01 00:00:00.000020838,0.9820975710533465
1970-01-01 00:00:00.000020839,0.9820975710533465
1970-01-01 00:00:00.000020840,0.9820975710533465
1970-01-01 00:00:00.000020841,0.9820975710533465
1970-01-01 00:00:00.000020842,0.9820975710533465
1970-01-01 00:00:00.000020843,0.9820975710533465
1970-01-01 00:00:00.000020844,0.9820975710533465
1970-01-01 00:00:00.000020845,0.9820975710533465
1970-01-01 00:00:00.000020846,0.9820975710533465
1970-01-01 00:00:00.000020847,0.9820975710533465
1970-01-01 00:00:00.000020848,0.9820975710533465
1970-01-01 00:00:00.000020849,0.9820975710533465
1970-01-01 00:00:00.000020850,0.9820975710533465
1970-01-01 00:00:00.000020851,0.9820975710533465
1970-01-01 00:00:00.000020852,0.9820975710533465
1970-01-01 00:00:00.000020853,0.9820975710533465
1970-01-01 00:00:00.000020854,0.9820975710533465
1970-01-01 00:00:00.000020855,0.9820975710533465
1970-01-01 00:00:00.000020856,0.9820975710533465
1970-01-01 00:00:00.000020857,0.9820975710533465
1970-01-01 00:00:00.000020858,0.9820975710533465
1970-01-01 00:00:00.000020859,0.9820975710533465
1970-01-01 00:00:00.000020860,0.9820975710533465
1970-01-01 00:00:00.000020861,0.9820975710533465
1970-01-01 00:00:00.000020862,0.9820975710533465
1970-01-01 00:00:00.000020863,0.9820975710533465
1970-01-01 00:00:00.000020864,0.9820626463267268
1970-01-01 00:00:00.000020865,0.9794682195287258
1970-01-01 00:00:00.000020866,0.9793702727067729
1970-01-01 00:00:00.000020867,0.9793702727067729
1970-01-01 00:00:00.000020868,0.9793702727067729
1970-01-01 00:00:00.000020869,0.9793702727067729
1970-01-01 00:00:00.000020870,0.9793702727067729
1970-01-01 00:00:00.000020871,0.9793702727067729
1970-01-01 00:00:00.000020872,0.9793702727067729
1970-01-01 00:00:00.000020873,0.9793702727067729
1970-01-01 00:00:00.000020874,0.9793702727067729
1970-01-01 00:00:00.000020875,0.9793702727067729
1970-01-01 00:00:00.000020876,0.9793702727067729
1970-01-01 00:00:00.000020877,0.9793702727067729
1970-01-01 00:00:00.000020878,0.9793702727067729
1970-01-01 00:00:00.000020879,0.9793702727067729
1970-01-01 00:00:00.000020880,0.9793702727067729
1970-01-01 00:00:00.000020881,0.9793702727067729
1970-01-01 00:00:00.000020882,0.9793702727067729
1970-01-01 00:00:00.000020883,0.9793702727067729
1970-01-01 00:00:00.000020884,0.9793702727067729
1970-01-01 00:00:00.000020885,0.9793702727067729
1970-01-01 00:00:00.000020886,0.9793702727067729
1970-01-01 00:00:00.000020887,0.9793702727067729
1970-01-01 00:00:00.000020888,0.9793702727067729
1970-01-01 00:00:00.000020889,0.9793702727067729
1970-01-01 00:00:00.000020890,0.9793702727067729
1970-01-01 00:00:00.000020891,0.9793702727067729
1970-01-01 00:00:00.000020892,0.9793702727067729
1970-01-01 00:00:00.000020893,0.9793702727067729
1970-01-01 00:00:00.000020894,0.9793702727067729
1970-01-01 00:00:00.000020895,0.9793702727067729
1970-01-01 00:00:00.000020896,0.9793702727067729
1970-01-01 00:00:00.000020897,0.9793702727067729
1970-01-01 00:00:00.000020898,0.9793702727067729
1970-01-01 00:00:00.000020899,0.9793702727067729
1970-01-01 00:00:00.000020900,0.9793702727067729
1970-01-01 00:00:00.000020901,0.9793702727067729
1970-01-01 00:00:00.000020902,0.9793702727067729
1970-01-01 00:00:00.000020903,0.9793702727067729
1970-01-01 00:00:00.000020904,0.9793702727067729
1970-01-01 00:00:00.000020905,0.9793702727067729
1970-01-01 00:00:00.000020906,0.9793702727067729
1970-01-01 00:00:00.000020907,0.9793702727067729
1970-01-01 00:00:00.000020908,0.9793702727067729
1970-01-01 00:00:00.000020909,0.9793702727067729
1970-01-01 00:00:00.000020910,0.9793702727067729
1970-01-01 00:00:00.000020911,0.9793702727067729
1970-01-01 00:00:00.000020912,0.9793702727067729
1970-01-01 00:00:00.000020913,0.9793702727067729
1970-01-01 00:00:00.000020914,0.9793702727067729
1970-01-01 00:00:00.000020915,0.9793702727067729
1970-01-01 00:00:00.000020916,0.9793702727067729
1970-01-01 00:00:00.000020917,0.9793702727067729
1970-01-01 00:00:00.000020918,0.9793702727067729
1970-01-01 00:00:00.000020919,0.9793702727067729
1970-01-01 00:00:00.000020920,0.9793702727067729
1970-01-01 00:00:00.000020921,0.9793702727067729
1970-01-01 00:00:00.000020922,0.9793702727067729
1970-01-01 00:00:00.000020923,0.9793702727067729
1970-01-01 00:00:00.000020924,0.9793702727067729
1970-01-01 00:00:00.000020925,0.9793702727067729
1970-01-01 00:00:00.000020926,0.9793702727067729
1970-01-01 00:00:00.000020927,0.9793702727067729
1970-01-01 00:00:00.000020928,0.9793702727067729
1970-01-01 00:00:00.000020929,0.9793702727067729
1970-01-01 00:00:00.000020930,0.9793702727067729
1970-01-01 00:00:00.000020931,0.9793702727067729
1970-01-01 00:00:00.000020932,0.9793702727067729
1970-01-01 00:00:00.000020933,0.9793702727067729
1970-01-01 00:00:00.000020934,0.9793702727067729
1970-01-01 00:00:00.000020935,0.9793702727067729
1970-01-01 00:00:00.000020936,0.9793702727067729
1970-01-01 00:00:00.000020937,0.9793702727067729
1970-01-01 00:00:00.000020938,0.9793702727067729
1970-01-01 00:00:00.000020939,0.9793702727067729
1970-01-01 00:00:00.000020940,0.9793702727067729
1970-01-01 00:00:00.000020941,0.9793702727067729
1970-01-01 00:00:00.000020942,0.9793702727067729
1970-01-01 00:00:00.000020943,0.9793702727067729
1970-01-01 00:00:00.000020944,0.9793702727067729
1970-01-01 00:00:00.000020945,0.9782836431925691
1970-01-01 00:00:00.000020946,0.9781858148282498
1970-01-01 00:00:00.000020947,0.9781858148282498
1970-01-01 00:00:00.000020948,0.9781858148282498
1970-01-01 00:00:00.000020949,0.9781858148282498
1970-01-01 00:00:00.000020950,0.9781858148282498
1970-01-01 00:00:00.000020951,0.9781858148282498
1970-01-01 00:00:00.000020952,0.9781858148282498
1970-01-01 00:00:00.000020953,0.9781858148282498
1970-01-01 00:00:00.000020954,0.9781858148282498
1970-01-01 00:00:00.000020955,0.9781858148282498
1970-01-01 00:00:00.000020956,0.9781858148282498
1970-01-01 00:00:00.000020957,0.9781858148282498
1970-01-01 00:00:00.000020958,0.9781858148282498
1970-01-01 00:00:00.000020959,0.9781858148282498
1970-01-01 00:00:00.000020960,0.9781858148282498
1970-01-01 00:00:00.000020961,0.9781858148282498
1970-01-01 00:00:00.000020962,0.9781858148282498
1970-01-01 00:00:00.000020963,0.9781858148282498
1970-01-01 00:00:00.000020964,0.9781858148282498
1970-01-01 00:00:00.000020965,0.9781858148282498
1970-01-01 00:00:00.000020966,0.9781858148282498
1970-01-01 00:00:00.000020967,0.9781858148282498
1970-01-01 00:00:00.000020968,0.9781858148282498
1970-01-01 00:00:00.000020969,0.9781858148282498
1970-01-01 00:00:00.000020970,0.9781858148282498
1970-01-01 00:00:00.000020971,0.9781858148282498
1970-01-01 00:00:00.000020972,0.9781858148282498
1970-01-01 00:00:00.000020973,0.9781858148282498
1970-01-01 00:00:00.000020974,0.9781858148282498
1970-01-01 00:00:00.000020975,0.9781858148282498
1970-01-01 00:00:00.000020976,0.9781858148282498
1970-01-01 00:00:00.000020977,0.9781858148282498
1970-01-01 00:00:00.000020978,0.9781858148282498
1970-01-01 00:00:00.000020979,0.9781858148282498
1970-01-01 00:00:00.000020980,0.9781858148282498
1970-01-01 00:00:00.000020981,0.9781858148282498
1970-01-01 00:00:00.000020982,0.9781858148282498
1970-01-01 00:00:00.000020983,0.9781858148282498
1970-01-01 00:00:00.000020984,0.9781858148282498
1970-01-01 00:00:00.000020985,0.9781858148282498
1970-01-01 00:00:00.000020986,0.9781858148282498
1970-01-01 00:00:00.000020987,0.9781858148282498
1970-01-01 00:00:00.000020988,0.9781858148282498
1970-01-01 00:00:00.000020989,0.9781858148282498
1970-01-01 00:00:00.000020990,0.9781858148282498
1970-01-01 00:00:00.000020991,0.9781858148282498
1970-01-01 00:00:00.000020992,0.9781858148282498
1970-01-01 00:00:00.000020993,0.9781858148282498
1970-01-01 00:00:00.000020994,0.9781858148282498
1970-01-01 00:00:00.000020995,0.9781858148282498
1970-01-01 00:00:00.000020996,0.9781858148282498
1970-01-01 00:00:00.000020997,0.9781858148282498
1970-01-01 00:00:00.000020998,0.9781858148282498
1970-01-01 00:00:00.000020999,0.9781858148282498
1970-01-01 00:00:00.000021000,0.9781858148282498
1970-01-01 00:00:00.000021001,0.9781858148282498
1970-01-01 00:00:00.000021002,0.9781858148282498
1970-01-01 00:00:00.000021003,0.9781858148282498
1970-01-01 00:00:00.000021004,0.9781858148282498
1970-01-01 00:00:00.000021005,0.9781858148282498
1970-01-01 00:00:00.000021006,0.9781858148282498
1970-01-01 00:00:00.000021007,0.9781858148282498
1970-01-01 00:00:00.000021008,0.9781858148282498
1970-01-01 00:00:00.000021009,0.9781858148282498
1970-01-01 00:00:00.000021010,0.9781858148282498
1970-01-01 00:00:00.000021011,0.9781858148282498
1970-01-01 00:00:00.000021012,0.9781858148282498
1970-01-01 00:00:00.000021013,0.9781858148282498
1970-01-01 00:00:00.000021014,0.9781858148282498
1970-01-01 00:00:00.000021015,0.9781858148282498
1970-01-01 00:00:00.000021016,0.9781858148282498
1970-01-01 00:00:00.000021017,0.9781858148282498
1970-01-01 00:00:00.000021018,0.9781858148282498
1970-01-01 00:00:00.000021019,0.9781858148282498
1970-01-01 00:00:00.000021020,0.9781858148282498
1970-01-01 00:00:00.000021021,0.9781858148282498
1970-01-01 00:00:00.000021022,0.9781858148282498
1970-01-01 00:00:00.000021023,0.9781858148282498
1970-01-01 00:00:00.000021024,0.9781858148282498
1970-01-01 00:00:00.000021025,0.9781858148282498
1970-01-01 00:00:00.000021026,0.9781858148282498
1970-01-01 00:00:00.000021027,0.9781858148282498
1970-01-01 00:00:00.000021028,0.9781858148282498
1970-01-01 00:00:00.000021029,0.9781858148282498
1970-01-01 00:00:00.000021030,0.9781858148282498
1970-01-01 00:00:00.000021031,0.9781858148282498
1970-01-01 00:00:00.000021032,0.9781858148282498
1970-01-01 00:00:00.000021033,0.9781858148282498
1970-01-01 00:00:00.000021034,0.9781858148282498
1970-01-01 00:00:00.000021035,0.9781858148282498
1970-01-01 00:00:00.000021036,0.9781858148282498
1970-01-01 00:00:00.000021037,0.9781858148282498
1970-01-01 00:00:00.000021038,0.9781858148282498
1970-01-01 00:00:00.000021039,0.9781858148282498
1970-01-01 00:00:00.000021040,0.9781858148282498
1970-01-01 00:00:00.000021041,0.9781858148282498
1970-01-01 00:00:00.000021042,0.9781858148282498
1970-01-01 00:00:00.000021043,0.9781858148282498
1970-01-01 00:00:00.000021044,0.9781858148282498
1970-01-01 00:00:00.000021045,0.9781858148282498
1970-01-01 00:00:00.000021046,0.9776789482789972
1970-01-01 00:00:00.000021047,0.9775811803841693
1970-01-01 00:00:00.000021048,0.9775811803841693
1970-01-01 00:00:00.000021049,0.9775811803841693
1970-01-01 00:00:00.000021050,0.9775811803841693
1970-01-01 00:00:00.000021051,0.9775811803841693
1970-01-01 00:00:00.000021052,0.9775811803841693
1970-01-01 00:00:00.000021053,0.9775811803841693
1970-01-01 00:00:00.000021054,0.9775811803841693
1970-01-01 00:00:00.000021055,0.9775811803841693
1970-01-01 00:00:00.000021056,0.9775811803841693
1970-01-01 00:00:00.000021057,0.9775811803841693
1970-01-01 00:00:00.000021058,0.9775811803841693
1970-01-01 00:00:00.000021059,0.9775811803841693
1970-01-01 00:00:00.000021060,0.9775811803841693
1970-01-01 00:00:00.000021061,0.9775811803841693
1970-01-01 00:00:00.000021062,0.9775811803841693
1970-01-01 00:00:00.000021063,0.9775811803841693
1970-01-01 00:00:00.000021064,0.9775811803841693
1970-01-01 00:00:00.000021065,0.9775811803841693
1970-01-01 00:00:00.000021066,0.9775811803841693
1970-01-01 00:00:00.000021067,0.9775811803841693
1970-01-01 00:00:00.000021068,0.9775811803841693
1970-01-01 00:00:00.000021069,0.9775811803841693
1970-01-01 00:00:00.000021070,0.9775811803841693
1970-01-01 00:00:00.000021071,0.9775811803841693
1970-01-01 00:00:00.000021072,0.9775811803841693
1970-01-01 00:00:00.000021073,0.9775811803841693
1970-01-01 00:00:00.000021074,0.9775811803841693
1970-01-01 00:00:00.000021075,0.9775811803841693
1970-01-01 00:00:00.000021076,0.9775811803841693
1970-01-01 00:00:00.000021077,0.9775811803841693
1970-01-01 00:00:00.000021078,0.9775811803841693
1970-01-01 00:00:00.000021079,0.9775811803841693
1970-01-01 00:00:00.000021080,0.9775811803841693
1970-01-01 00:00:00.000021081,0.9775811803841693
1970-01-01 00:00:00.000021082,0.9775811803841693
1970-01-01 00:00:00.000021083,0.9775811803841693
1970-01-01 00:00:00.000021084,0.9775811803841693
1970-01-01 00:00:00.000021085,0.9775811803841693
1970-01-01 00:00:00.000021086,0.9799094965390103
1970-01-01 00:00:00.000021087,0.9798115055893564
1970-01-01 00:00:00.000021088,0.9798115055893564
1970-01-01 00:00:00.000021089,0.9798115055893564
1970-01-01 00:00:00.000021090,0.9798115055893564
1970-01-01 00:00:00.000021091,0.981687674584322
1970-01-01 00:00:00.000021092,0.9815895058168637
1970-01-01 00:00:00.000021093,0.9815895058168637
1970-01-01 00:00:00.000021094,0.9815895058168637
1970-01-01 00:00:00.000021095,0.9815895058168637
1970-01-01 00:00:00.000021096,0.9815895058168637
1970-01-01 00:00:00.000021097,0.9815895058168637
1970-01-01 00:00:00.000021098,0.9815895058168637
1970-01-01 00:00:00.000021099,0.9815895058168637
1970-01-01 00:00:00.000021100,0.9815895058168637
1970-01-01 00:00:00.000021101,0.9815895058168637
1970-01-01 00:00:00.000021102,0.9815895058168637
1970-01-01 00:00:00.000021103,0.9815895058168637
1970-01-01 00:00:00.000021104,0.9815895058168637
1970-01-01 00:00:00.000021105,0.9815895058168637
1970-01-01 00:00:00.000021106,0.9815895058168637
1970-01-01 00:00:00.000021107,0.9815895058168637
1970-01-01 00:00:00.000021108,0.9815895058168637
1970-01-01 00:00:00.000021109,0.9815895058168637
1970-01-01 00:00:00.000021110,0.9815895058168637
1970-01-01 00:00:00.000021111,0.9815895058168637
1970-01-01 00:00:00.000021112,0.9815895058168637
1970-01-01 00:00:00.000021113,0.9815895058168637
1970-01-01 00:00:00.000021114,0.9815895058168637
1970-01-01 00:00:00.000021115,0.9815895058168637
1970-01-01 00:00:00.000021116,0.9815895058168637
1970-01-01 00:00:00.000021117,0.9815895058168637
1970-01-01 00:00:00.000021118,0.9815895058168637
1970-01-01 00:00:00.000021119,0.9815895058168637
1970-01-01 00:00:00.000021120,0.9815895058168637
1970-01-01 00:00:00.000021121,0.9815895058168637
1970-01-01 00:00:00.000021122,0.9815895058168637
1970-01-01 00:00:00.000021123,0.9815895058168637
1970-01-01 00:00:00.000021124,0.9815895058168637
1970-01-01 00:00:00.000021125,0.9815895058168637
1970-01-01 00:00:00.000021126,0.9815895058168637
1970-01-01 00:00:00.000021127,0.9815895058168637
1970-01-01 00:00:00.000021128,0.9815895058168637
1970-01-01 00:00:00.000021129,0.9815895058168637
1970-01-01 00:00:00.000021130,0.9815895058168637
1970-01-01 00:00:00.000021131,0.9815895058168637
1970-01-01 00:00:00.000021132,0.9815895058168637
1970-01-01 00:00:00.000021133,0.9815895058168637
1970-01-01 00:00:00.000021134,0.9815895058168637
1970-01-01 00:00:00.000021135,0.9815895058168637
1970-01-01 00:00:00.000021136,0.9815895058168637
1970-01-01 00:00:00.000021137,0.9815895058168637
1970-01-01 00:00:00.000021138,0.9815895058168637
1970-01-01 00:00:00.000021139,0.9815895058168637
1970-01-01 00:00:00.000021140,0.9815895058168637
1970-01-01 00:00:00.000021141,0.9815895058168637
1970-01-01 00:00:00.000021142,0.9815895058168637
1970-01-01 00:00:00.000021143,0.9815895058168637
1970-01-01 00:00:00.000021144,0.9815895058168637
1970-01-01 00:00:00.000021145,0.9815895058168637
1970-01-01 00:00:00.000021146,0.9815895058168637
1970-01-01 00:00:00.000021147,0.9815895058168637
1970-01-01 00:00:00.000021148,0.9815895058168637
1970-01-01 00:00:00.000021149,0.9815895058168637
1970-01-01 00:00:00.000021150,0.9815895058168637
1970-01-01 00:00:00.000021151,0.9815895058168637
1970-01-01 00:00:00.000021152,0.9815895058168637
1970-01-01 00:00:00.000021153,0.9815895058168637
1970-01-01 00:00:00.000021154,0.9815895058168637
1970-01-01 00:00:00.000021155,0.9815895058168637
1970-01-01 00:00:00.000021156,0.9815895058168637
1970-01-01 00:00:00.000021157,0.9815895058168637
1970-01-01 00:00:00.000021158,0.9815895058168637
1970-01-01 00:00:00.000021159,0.9815895058168637
1970-01-01 00:00:00.000021160,0.9815895058168637
1970-01-01 00:00:00.000021161,0.9815895058168637
1970-01-01 00:00:00.000021162,0.9815895058168637
1970-01-01 00:00:00.000021163,0.9815895058168637
1970-01-01 00:00:00.000021164,0.9815895058168637
1970-01-01 00:00:00.000021165,0.9815895058168637
1970-01-01 00:00:00.000021166,0.9815895058168637
1970-01-01 00:00:00.000021167,0.9815895058168637
1970-01-01 00:00:00.000021168,0.9815895058168637
1970-01-01 00:00:00.000021169,0.9815895058168637
1970-01-01 00:00:00.000021170,0.9815895058168637
1970-01-01 00:00:00.000021171,0.9815895058168637
1970-01-01 00:00:00.000021172,0.9815895058168637
1970-01-01 00:00:00.000021173,0.9815895058168637
1970-01-01 00:00:00.000021174,0.9815895058168637
1970-01-01 00:00:00.000021175,0.9815895058168637
1970-01-01 00:00:00.000021176,0.9815895058168637
1970-01-01 00:00:00.000021177,0.9815895058168637
1970-01-01 00:00:00.000021178,0.9815895058168637
1970-01-01 00:00:00.000021179,0.9815895058168637
1970-01-01 00:00:00.000021180,0.9815895058168637
1970-01-01 00:00:00.000021181,0.9815895058168637
1970-01-01 00:00:00.000021182,0.9815895058168637
1970-01-01 00:00:00.000021183,0.9815895058168637
1970-01-01 00:00:00.000021184,0.9815895058168637
1970-01-01 00:00:00.000021185,0.9815895058168637
1970-01-01 00:00:00.000021186,0.9815895058168637
1970-01-01 00:00:00.000021187,0.9815895058168637
1970-01-01 00:00:00.000021188,0.9815895058168637
1970-01-01 00:00:00.000021189,0.9815895058168637
1970-01-01 00:00:00.000021190,0.9815895058168637
1970-01-01 00:00:00.000021191,0.9815895058168637
1970-01-01 00:00:00.000021192,0.9815895058168637
1970-01-01 00:00:00.000021193,0.9815895058168637
1970-01-01 00:00:00.000021194,0.9815895058168637
1970-01-01 00:00:00.000021195,0.9815895058168637
1970-01-01 00:00:00.000021196,0.9815895058168637
1970-01-01 00:00:00.000021197,0.9815895058168637
1970-01-01 00:00:00.000021198,0.9815895058168637
1970-01-01 00:00:00.000021199,0.9815895058168637
1970-01-01 00:00:00.000021200,0.9815895058168637
1970-01-01 00:00:00.000021201,0.9815895058168637
1970-01-01 00:00:00.000021202,0.9815895058168637
1970-01-01 00:00:00.000021203,0.9815895058168637
1970-01-01 00:00:00.000021204,0.9815895058168637
1970-01-01 00:00:00.000021205,0.9815895058168637
1970-01-01 00:00:00.000021206,0.9815895058168637
1970-01-01 00:00:00.000021207,0.9815895058168637
1970-01-01 00:00:00.000021208,0.9815895058168637
1970-01-01 00:00:00.000021209,0.9815895058168637
1970-01-01 00:00:00.000021210,0.9815895058168637
1970-01-01 00:00:00.000021211,0.9815895058168637
1970-01-01 00:00:00.000021212,0.9815895058168637
1970-01-01 00:00:00.000021213,0.9815895058168637
1970-01-01 00:00:00.000021214,0.9815895058168637
1970-01-01 00:00:00.000021215,0.9824332196815078
1970-01-01 00:00:00.000021216,0.9823349763595396
1970-01-01 00:00:00.000021217,0.9823349763595396
1970-01-01 00:00:00.000021218,0.9823349763595396
1970-01-01 00:00:00.000021219,0.9823349763595396
1970-01-01 00:00:00.000021220,0.9823349763595396
1970-01-01 00:00:00.000021221,0.9823349763595396
1970-01-01 00:00:00.000021222,0.9823349763595396
1970-01-01 00:00:00.000021223,0.9823349763595396
1970-01-01 00:00:00.000021224,0.9823349763595396
1970-01-01 00:00:00.000021225,0.9823349763595396
1970-01-01 00:00:00.000021226,0.9823349763595396
1970-01-01 00:00:00.000021227,0.9823349763595396
1970-01-01 00:00:00.000021228,0.9823349763595396
1970-01-01 00:00:00.000021229,0.9823349763595396
1970-01-01 00:00:00.000021230,0.9823349763595396
1970-01-01 00:00:00.000021231,0.9823349763595396
1970-01-01 00:00:00.000021232,0.9823349763595396
1970-01-01 00:00:00.000021233,0.9823349763595396
1970-01-01 00:00:00.000021234,0.9823349763595396
1970-01-01 00:00:00.000021235,0.9823349763595396
1970-01-01 00:00:00.000021236,0.9823349763595396
1970-01-01 00:00:00.000021237,0.9823349763595396
1970-01-01 00:00:00.000021238,0.9823349763595396
1970-01-01 00:00:00.000021239,0.9823349763595396
1970-01-01 00:00:00.000021240,0.9823349763595396
1970-01-01 00:00:00.000021241,0.9823349763595396
1970-01-01 00:00:00.000021242,0.9823349763595396
1970-01-01 00:00:00.000021243,0.9823349763595396
1970-01-01 00:00:00.000021244,0.9823349763595396
1970-01-01 00:00:00.000021245,0.9823349763595396
1970-01-01 00:00:00.000021246,0.9823349763595396
1970-01-01 00:00:00.000021247,0.9823349763595396
1970-01-01 00:00:00.000021248,0.9823349763595396
1970-01-01 00:00:00.000021249,0.9823349763595396
1970-01-01 00:00:00.000021250,0.9823349763595396
1970-01-01 00:00:00.000021251,0.9823349763595396
1970-01-01 00:00:00.000021252,0.9823349763595396
1970-01-01 00:00:00.000021253,0.9823349763595396
1970-01-01 00:00:00.000021254,0.9823349763595396
1970-01-01 00:00:00.000021255,0.9823349763595396
1970-01-01 00:00:00.000021256,0.9823349763595396
1970-01-01 00:00:00.000021257,0.9823349763595396
1970-01-01 00:00:00.000021258,0.9823349763595396
1970-01-01 00:00:00.000021259,0.9823349763595396
1970-01-01 00:00:00.000021260,0.9823349763595396
1970-01-01 00:00:00.000021261,0.9823349763595396
1970-01-01 00:00:00.000021262,0.9823349763595396
1970-01-01 00:00:00.000021263,0.9823349763595396
1970-01-01 00:00:00.000021264,0.9823349763595396
1970-01-01 00:00:00.000021265,0.9823349763595396
1970-01-01 00:00:00.000021266,0.9823349763595396
1970-01-01 00:00:00.000021267,0.9823349763595396
1970-01-01 00:00:00.000021268,0.9823349763595396
1970-01-01 00:00:00.000021269,0.9823349763595396
1970-01-01 00:00:00.000021270,0.9814578090490564
1970-01-01 00:00:00.000021271,0.9813596632681515
1970-01-01 00:00:00.000021272,0.9813596632681515
1970-01-01 00:00:00.000021273,0.9810797970902803
1970-01-01 00:00:00.000021274,0.9810715374523186
1970-01-01 00:00:00.000021275,0.9819333480772419
1970-01-01 00:00:00.000021276,0.9802857154966427
1970-01-01 00:00:00.000021277,0.9806501307235127
1970-01-01 00:00:00.000021278,0.9813688844189395
1970-01-01 00:00:00.000021279,0.9815353987202474
1970-01-01 00:00:00.000021280,0.9805841362161989
1970-01-01 00:00:00.000021281,0.9810228055883446
1970-01-01 00:00:00.000021282,0.9801856086845471
1970-01-01 00:00:00.000021283,0.9794402589548836
1970-01-01 00:00:00.000021284,0.9783829426994068
1970-01-01 00:00:00.000021285,0.978934934304387
1970-01-01 00:00:00.000021286,0.978934934304387
1970-01-01 00:00:00.000021287,0.9792141926638719
1970-01-01 00:00:00.000021288,0.9782249358251994
1970-01-01 00:00:00.000021289,0.9792836562191296
1970-01-01 00:00:00.000021290,0.9792132015073164
1970-01-01 00:00:00.000021291,0.9799904334395121
1970-01-01 00:00:00.000021292,0.9793310665410299
1970-01-01 00:00:00.000021293,0.9801140802197987
1970-01-01 00:00:00.000021294,0.9801140802197987
1970-01-01 00:00:00.000021295,0.9772179207649095
1970-01-01 00:00:00.000021296,0.9771201989728331
1970-01-01 00:00:00.000021297,0.9803598452867329
1970-01-01 00:00:00.000021298,0.9802618093022043
1970-01-01 00:00:00.000021299,0.9802618093022043
1970-01-01 00:00:00.000021300,0.9802618093022043
1970-01-01 00:00:00.000021301,0.9802618093022043
1970-01-01 00:00:00.000021302,0.9802618093022043
1970-01-01 00:00:00.000021303,0.9802618093022043
1970-01-01 00:00:00.000021304,0.9802618093022043
1970-01-01 00:00:00.000021305,0.9802618093022043
1970-01-01 00:00:00.000021306,0.9802618093022043
1970-01-01 00:00:00.000021307,0.9802618093022043
1970-01-01 00:00:00.000021308,0.9802618093022043
1970-01-01 00:00:00.000021309,0.9802618093022043
1970-01-01 00:00:00.000021310,0.9802618093022043
1970-01-01 00:00:00.000021311,0.9802618093022043
1970-01-01 00:00:00.000021312,0.9802618093022043
1970-01-01 00:00:00.000021313,0.9802618093022043
1970-01-01 00:00:00.000021314,0.9802618093022043
1970-01-01 00:00:00.000021315,0.980031464705629
1970-01-01 00:00:00.000021316,0.9799334615591584
1970-01-01 00:00:00.000021317,0.9799334615591584
1970-01-01 00:00:00.000021318,0.9799334615591584
1970-01-01 00:00:00.000021319,0.9799334615591584
1970-01-01 00:00:00.000021320,0.9799334615591584
1970-01-01 00:00:00.000021321,0.9799334615591584
1970-01-01 00:00:00.000021322,0.9799334615591584
1970-01-01 00:00:00.000021323,0.9799334615591584
1970-01-01 00:00:00.000021324,0.9799334615591584
1970-01-01 00:00:00.000021325,0.9799334615591584
1970-01-01 00:00:00.000021326,0.9799334615591584
1970-01-01 00:00:00.000021327,0.9799334615591584
1970-01-01 00:00:00.000021328,0.9799334615591584
1970-01-01 00:00:00.000021329,0.9799334615591584
1970-01-01 00:00:00.000021330,0.9799334615591584
1970-01-01 00:00:00.000021331,0.9799334615591584
1970-01-01 00:00:00.000021332,0.9799334615591584
1970-01-01 00:00:00.000021333,0.9799334615591584
1970-01-01 00:00:00.000021334,0.9799334615591584
1970-01-01 00:00:00.000021335,0.9799334615591584
1970-01-01 00:00:00.000021336,0.9799334615591584
1970-01-01 00:00:00.000021337,0.9799334615591584
1970-01-01 00:00:00.000021338,0.9799334615591584
1970-01-01 00:00:00.000021339,0.9799334615591584
1970-01-01 00:00:00.000021340,0.9799334615591584
1970-01-01 00:00:00.000021341,0.9799334615591584
1970-01-01 00:00:00.000021342,0.9799334615591584
1970-01-01 00:00:00.000021343,0.9799334615591584
1970-01-01 00:00:00.000021344,0.9799334615591584
1970-01-01 00:00:00.000021345,0.9799334615591584
1970-01-01 00:00:00.000021346,0.9799334615591584
1970-01-01 00:00:00.000021347,0.9799334615591584
1970-01-01 00:00:00.000021348,0.9799334615591584
1970-01-01 00:00:00.000021349,0.9799334615591584
1970-01-01 00:00:00.000021350,0.9799334615591584
1970-01-01 00:00:00.000021351,0.9799334615591584
1970-01-01 00:00:00.000021352,0.9799334615591584
1970-01-01 00:00:00.000021353,0.9799334615591584
1970-01-01 00:00:00.000021354,0.9799334615591584
1970-01-01 00:00:00.000021355,0.9799334615591584
1970-01-01 00:00:00.000021356,0.9799334615591584
1970-01-01 00:00:00.000021357,0.9812570604140749
1970-01-01 00:00:00.000021358,0.9802781770178345
1970-01-01 00:00:00.000021359,0.9772872934853727
1970-01-01 00:00:00.000021360,0.9771271953537009
1970-01-01 00:00:00.000021361,0.9724599567269382
1970-01-01 00:00:00.000021362,0.9728152786342038
1970-01-01 00:00:00.000021363,0.9718377774970992
1970-01-01 00:00:00.000021364,0.9719329907587487
1970-01-01 00:00:00.000021365,0.9772742026782631
1970-01-01 00:00:00.000021366,0.9771764752579953
1970-01-01 00:00:00.000021367,0.9771764752579953
1970-01-01 00:00:00.000021368,0.9771764752579953
1970-01-01 00:00:00.000021369,0.9787124255942653
1970-01-01 00:00:00.000021370,0.9786145543517059
1970-01-01 00:00:00.000021371,0.9786145543517059
1970-01-01 00:00:00.000021372,0.9786145543517059
1970-01-01 00:00:00.000021373,0.9786145543517059
1970-01-01 00:00:00.000021374,0.9786145543517059
1970-01-01 00:00:00.000021375,0.9786145543517059
1970-01-01 00:00:00.000021376,0.9786145543517059
1970-01-01 00:00:00.000021377,0.9786145543517059
1970-01-01 00:00:00.000021378,0.9786145543517059
1970-01-01 00:00:00.000021379,0.978136925315167
1970-01-01 00:00:00.000021380,0.9772288372826311
1970-01-01 00:00:00.000021381,0.9768881819085861
1970-01-01 00:00:00.000021382,0.9748160248656039
1970-01-01 00:00:00.000021383,0.9747185432631174
1970-01-01 00:00:00.000021384,0.9747185432631174
1970-01-01 00:00:00.000021385,0.9747185432631174
1970-01-01 00:00:00.000021386,0.9747185432631174
1970-01-01 00:00:00.000021387,0.9747185432631174
1970-01-01 00:00:00.000021388,0.9737611717247764
1970-01-01 00:00:00.000021389,0.9711901252592989
1970-01-01 00:00:00.000021390,0.971093006246773
1970-01-01 00:00:00.000021391,0.971093006246773
1970-01-01 00:00:00.000021392,0.971093006246773
1970-01-01 00:00:00.000021393,0.971093006246773
1970-01-01 00:00:00.000021394,0.971093006246773
1970-01-01 00:00:00.000021395,0.971093006246773
1970-01-01 00:00:00.000021396,0.971093006246773
1970-01-01 00:00:00.000021397,0.971093006246773
1970-01-01 00:00:00.000021398,0.971093006246773
1970-01-01 00:00:00.000021399,0.971093006246773
1970-01-01 00:00:00.000021400,0.9705153324505645
1970-01-01 00:00:00.000021401,0.9721040337072153
1970-01-01 00:00:00.000021402,0.9735367390928329
1970-01-01 00:00:00.000021403,0.9734393854189236
1970-01-01 00:00:00.000021404,0.9734393854189236
1970-01-01 00:00:00.000021405,0.9734393854189236
1970-01-01 00:00:00.000021406,0.9734393854189236
1970-01-01 00:00:00.000021407,0.9736948831159641
1970-01-01 00:00:00.000021408,0.9735975136276525
1970-01-01 00:00:00.000021409,0.9735975136276525
1970-01-01 00:00:00.000021410,0.9735975136276525
1970-01-01 00:00:00.000021411,0.9735975136276525
1970-01-01 00:00:00.000021412,0.9735975136276525
1970-01-01 00:00:00.000021413,0.9735975136276525
1970-01-01 00:00:00.000021414,0.9735975136276525
1970-01-01 00:00:00.000021415,0.9735975136276525
1970-01-01 00:00:00.000021416,0.9735975136276525
1970-01-01 00:00:00.000021417,0.9735975136276525
1970-01-01 00:00:00.000021418,0.9735975136276525
1970-01-01 00:00:00.000021419,0.9735975136276525
1970-01-01 00:00:00.000021420,0.9735975136276525
1970-01-01 00:00:00.000021421,0.9735975136276525
1970-01-01 00:00:00.000021422,0.9733765630488124
1970-01-01 00:00:00.000021423,0.9740999352141336
1970-01-01 00:00:00.000021424,0.9740025252206123
1970-01-01 00:00:00.000021425,0.9740025252206123
1970-01-01 00:00:00.000021426,0.9740025252206123
1970-01-01 00:00:00.000021427,0.9740025252206123
1970-01-01 00:00:00.000021428,0.9740025252206123
1970-01-01 00:00:00.000021429,0.9729132288169464
1970-01-01 00:00:00.000021430,0.9755405052683742
1970-01-01 00:00:00.000021431,0.9754429512178474
1970-01-01 00:00:00.000021432,0.9754429512178474
1970-01-01 00:00:00.000021433,0.9754429512178474
1970-01-01 00:00:00.000021434,0.9754429512178474
1970-01-01 00:00:00.000021435,0.9754429512178474
1970-01-01 00:00:00.000021436,0.9754429512178474
1970-01-01 00:00:00.000021437,0.9754429512178474
1970-01-01 00:00:00.000021438,0.9754429512178474
1970-01-01 00:00:00.000021439,0.9754429512178474
1970-01-01 00:00:00.000021440,0.9754429512178474
1970-01-01 00:00:00.000021441,0.9754429512178474
1970-01-01 00:00:00.000021442,0.9754429512178474
1970-01-01 00:00:00.000021443,0.9754429512178474
1970-01-01 00:00:00.000021444,0.975859406514397
1970-01-01 00:00:00.000021445,0.9757618205737455
1970-01-01 00:00:00.000021446,0.9744748398930622
1970-01-01 00:00:00.000021447,0.9731021949962586
1970-01-01 00:00:00.000021448,0.9754806012267053
1970-01-01 00:00:00.000021449,0.9744057097465716
1970-01-01 00:00:00.000021450,0.9748172810115704
1970-01-01 00:00:00.000021451,0.9732611120353933
1970-01-01 00:00:00.000021452,0.9752313212103725
1970-01-01 00:00:00.000021453,0.9745097341574812
1970-01-01 00:00:00.000021454,0.9754117179735953
1970-01-01 00:00:00.000021455,0.9753141768017979
1970-01-01 00:00:00.000021456,0.9753141768017979
1970-01-01 00:00:00.000021457,0.9753141768017979
1970-01-01 00:00:00.000021458,0.9753141768017979
1970-01-01 00:00:00.000021459,0.9753141768017979
1970-01-01 00:00:00.000021460,0.9753141768017979
1970-01-01 00:00:00.000021461,0.9753141768017979
1970-01-01 00:00:00.000021462,0.9753141768017979
1970-01-01 00:00:00.000021463,0.9753141768017979
1970-01-01 00:00:00.000021464,0.9753141768017979
1970-01-01 00:00:00.000021465,0.9753141768017979
1970-01-01 00:00:00.000021466,0.9753141768017979
1970-01-01 00:00:00.000021467,0.9753141768017979
1970-01-01 00:00:00.000021468,0.9753141768017979
1970-01-01 00:00:00.000021469,0.9753141768017979
1970-01-01 00:00:00.000021470,0.9753141768017979
1970-01-01 00:00:00.000021471,0.9753141768017979
1970-01-01 00:00:00.000021472,0.9753141768017979
1970-01-01 00:00:00.000021473,0.9753141768017979
1970-01-01 00:00:00.000021474,0.9753141768017979
1970-01-01 00:00:00.000021475,0.9753141768017979
1970-01-01 00:00:00.000021476,0.9753141768017979
1970-01-01 00:00:00.000021477,0.9753141768017979
1970-01-01 00:00:00.000021478,0.9753141768017979
1970-01-01 00:00:00.000021479,0.9753141768017979
1970-01-01 00:00:00.000021480,0.9753141768017979
1970-01-01 00:00:00.000021481,0.9753141768017979
1970-01-01 00:00:00.000021482,0.9753141768017979
1970-01-01 00:00:00.000021483,0.9753141768017979
1970-01-01 00:00:00.000021484,0.9753141768017979
1970-01-01 00:00:00.000021485,0.9753141768017979
1970-01-01 00:00:00.000021486,0.9753141768017979
1970-01-01 00:00:00.000021487,0.9753141768017979
1970-01-01 00:00:00.000021488,0.9753141768017979
1970-01-01 00:00:00.000021489,0.9753141768017979
1970-01-01 00:00:00.000021490,0.9753141768017979
1970-01-01 00:00:00.000021491,0.9753141768017979
1970-01-01 00:00:00.000021492,0.9753141768017979
1970-01-01 00:00:00.000021493,0.9753141768017979
1970-01-01 00:00:00.000021494,0.9753141768017979
1970-01-01 00:00:00.000021495,0.9753141768017979
1970-01-01 00:00:00.000021496,0.9753141768017979
1970-01-01 00:00:00.000021497,0.9753141768017979
1970-01-01 00:00:00.000021498,0.9753141768017979
1970-01-01 00:00:00.000021499,0.9753141768017979
1970-01-01 00:00:00.000021500,0.9753141768017979
1970-01-01 00:00:00.000021501,0.9753141768017979
1970-01-01 00:00:00.000021502,0.9753141768017979
1970-01-01 00:00:00.000021503,0.9746535429630314
1970-01-01 00:00:00.000021504,0.9745560776087351
1970-01-01 00:00:00.000021505,0.9745560776087351
1970-01-01 00:00:00.000021506,0.9745560776087351
1970-01-01 00:00:00.000021507,0.9715508247452076
1970-01-01 00:00:00.000021508,0.9727667691652656
1970-01-01 00:00:00.000021509,0.9726694924883491
1970-01-01 00:00:00.000021510,0.9726694924883491
1970-01-01 00:00:00.000021511,0.9726694924883491
1970-01-01 00:00:00.000021512,0.9726694924883491
1970-01-01 00:00:00.000021513,0.9726694924883491
1970-01-01 00:00:00.000021514,0.9726694924883491
1970-01-01 00:00:00.000021515,0.9726694924883491
1970-01-01 00:00:00.000021516,0.9726694924883491
1970-01-01 00:00:00.000021517,0.9726694924883491
1970-01-01 00:00:00.000021518,0.9726694924883491
1970-01-01 00:00:00.000021519,0.9726694924883491
1970-01-01 00:00:00.000021520,0.9726694924883491
1970-01-01 00:00:00.000021521,0.9726694924883491
1970-01-01 00:00:00.000021522,0.9726694924883491
1970-01-01 00:00:00.000021523,0.9726694924883491
1970-01-01 00:00:00.000021524,0.9726694924883491
1970-01-01 00:00:00.000021525,0.9726694924883491
1970-01-01 00:00:00.000021526,0.9716801085545064
1970-01-01 00:00:00.000021527,0.9730616865261993
1970-01-01 00:00:00.000021528,0.9724533189078312
1970-01-01 00:00:00.000021529,0.9725721362455029
1970-01-01 00:00:00.000021530,0.9744491400805241
1970-01-01 00:00:00.000021531,0.9739050774498521
1970-01-01 00:00:00.000021532,0.9743674531608748
1970-01-01 00:00:00.000021533,0.9737746721575449
1970-01-01 00:00:00.000021534,0.9736772946903292
1970-01-01 00:00:00.000021535,0.9736772946903292
1970-01-01 00:00:00.000021536,0.9736772946903292
1970-01-01 00:00:00.000021537,0.9736772946903292
1970-01-01 00:00:00.000021538,0.9736772946903292
1970-01-01 00:00:00.000021539,0.9736772946903292
1970-01-01 00:00:00.000021540,0.9736772946903292
1970-01-01 00:00:00.000021541,0.9736772946903292
1970-01-01 00:00:00.000021542,0.9736772946903292
1970-01-01 00:00:00.000021543,0.9736772946903292
1970-01-01 00:00:00.000021544,0.9736772946903292
1970-01-01 00:00:00.000021545,0.9736772946903292
1970-01-01 00:00:00.000021546,0.9736772946903292
1970-01-01 00:00:00.000021547,0.9736772946903292
1970-01-01 00:00:00.000021548,0.9736772946903292
1970-01-01 00:00:00.000021549,0.9736772946903292
1970-01-01 00:00:00.000021550,0.9736772946903292
1970-01-01 00:00:00.000021551,0.9727442648240675
1970-01-01 00:00:00.000021552,0.9726469903975851
1970-01-01 00:00:00.000021553,0.9726469903975851
1970-01-01 00:00:00.000021554,0.9726469903975851
1970-01-01 00:00:00.000021555,0.9726469903975851
1970-01-01 00:00:00.000021556,0.9737049474468488
1970-01-01 00:00:00.000021557,0.9712838406356098
1970-01-01 00:00:00.000021558,0.9827763902851318
1970-01-01 00:00:00.000021559,0.9826781126461033
1970-01-01 00:00:00.000021560,0.9826781126461033
1970-01-01 00:00:00.000021561,0.9826781126461033
1970-01-01 00:00:00.000021562,0.9826781126461033
1970-01-01 00:00:00.000021563,0.9826781126461033
1970-01-01 00:00:00.000021564,0.9826781126461033
1970-01-01 00:00:00.000021565,0.9826781126461033
1970-01-01 00:00:00.000021566,0.9826781126461033
1970-01-01 00:00:00.000021567,0.9826781126461033
1970-01-01 00:00:00.000021568,0.9826781126461033
1970-01-01 00:00:00.000021569,0.9826781126461033
1970-01-01 00:00:00.000021570,0.9826781126461033
1970-01-01 00:00:00.000021571,0.9826781126461033
1970-01-01 00:00:00.000021572,0.9826781126461033
1970-01-01 00:00:00.000021573,0.9826781126461033
1970-01-01 00:00:00.000021574,0.9826781126461033
1970-01-01 00:00:00.000021575,0.9826781126461033
1970-01-01 00:00:00.000021576,0.9826781126461033
1970-01-01 00:00:00.000021577,0.9826781126461033
1970-01-01 00:00:00.000021578,0.9826781126461033
1970-01-01 00:00:00.000021579,0.9826781126461033
1970-01-01 00:00:00.000021580,0.9826781126461033
1970-01-01 00:00:00.000021581,0.9826781126461033
1970-01-01 00:00:00.000021582,0.9826781126461033
1970-01-01 00:00:00.000021583,0.9826781126461033
1970-01-01 00:00:00.000021584,0.9826781126461033
1970-01-01 00:00:00.000021585,0.9826781126461033
1970-01-01 00:00:00.000021586,0.9826781126461033
1970-01-01 00:00:00.000021587,0.9826781126461033
1970-01-01 00:00:00.000021588,0.9826781126461033
1970-01-01 00:00:00.000021589,0.9826781126461033
1970-01-01 00:00:00.000021590,0.9826781126461033
1970-01-01 00:00:00.000021591,0.9826781126461033
1970-01-01 00:00:00.000021592,0.9826781126461033
1970-01-01 00:00:00.000021593,0.9826781126461033
1970-01-01 00:00:00.000021594,0.9826781126461033
1970-01-01 00:00:00.000021595,0.9826781126461033
1970-01-01 00:00:00.000021596,0.9826781126461033
1970-01-01 00:00:00.000021597,0.9826781126461033
1970-01-01 00:00:00.000021598,0.9826781126461033
1970-01-01 00:00:00.000021599,0.9826781126461033
1970-01-01 00:00:00.000021600,0.9826781126461033
1970-01-01 00:00:00.000021601,0.9826781126461033
1970-01-01 00:00:00.000021602,0.9826781126461033
1970-01-01 00:00:00.000021603,0.9826781126461033
1970-01-01 00:00:00.000021604,0.9826781126461033
1970-01-01 00:00:00.000021605,0.9826781126461033
1970-01-01 00:00:00.000021606,0.9826781126461033
1970-01-01 00:00:00.000021607,0.9826781126461033
1970-01-01 00:00:00.000021608,0.9826781126461033
1970-01-01 00:00:00.000021609,0.9826781126461033
1970-01-01 00:00:00.000021610,0.9826781126461033
1970-01-01 00:00:00.000021611,0.9826781126461033
1970-01-01 00:00:00.000021612,0.9826781126461033
1970-01-01 00:00:00.000021613,0.9826781126461033
1970-01-01 00:00:00.000021614,0.9826781126461033
1970-01-01 00:00:00.000021615,0.9826781126461033
1970-01-01 00:00:00.000021616,0.9826781126461033
1970-01-01 00:00:00.000021617,0.9826781126461033
1970-01-01 00:00:00.000021618,0.9826781126461033
1970-01-01 00:00:00.000021619,0.9826781126461033
1970-01-01 00:00:00.000021620,0.9826781126461033
1970-01-01 00:00:00.000021621,0.9826781126461033
1970-01-01 00:00:00.000021622,0.9826781126461033
1970-01-01 00:00:00.000021623,0.9826781126461033
1970-01-01 00:00:00.000021624,0.9813255293151075
1970-01-01 00:00:00.000021625,0.982692716597957
1970-01-01 00:00:00.000021626,0.9828451016023859
1970-01-01 00:00:00.000021627,0.9820889878727835
1970-01-01 00:00:00.000021628,0.9816051170562843
1970-01-01 00:00:00.000021629,0.9839753172893653
1970-01-01 00:00:00.000021630,0.9838769197576364
1970-01-01 00:00:00.000021631,0.9838769197576364
1970-01-01 00:00:00.000021632,0.9838769197576364
1970-01-01 00:00:00.000021633,0.9838769197576364
1970-01-01 00:00:00.000021634,0.9833061432507465
1970-01-01 00:00:00.000021635,0.9854240409669845
1970-01-01 00:00:00.000021636,0.984726239788063
1970-01-01 00:00:00.000021637,0.9846277671640842
1970-01-01 00:00:00.000021638,0.985094829566886
1970-01-01 00:00:00.000021639,0.9849963200839293
1970-01-01 00:00:00.000021640,0.9849963200839293
1970-01-01 00:00:00.000021641,0.9849963200839293
1970-01-01 00:00:00.000021642,0.9831335265892861
1970-01-01 00:00:00.000021643,0.9822960993810472
1970-01-01 00:00:00.000021644,0.982812408496621
1970-01-01 00:00:00.000021645,0.9827141272557713
1970-01-01 00:00:00.000021646,0.983995462198906
1970-01-01 00:00:00.000021647,0.9843609123581496
1970-01-01 00:00:00.000021648,0.9842624762669138
1970-01-01 00:00:00.000021649,0.9842624762669138
1970-01-01 00:00:00.000021650,0.9786878015162466
1970-01-01 00:00:00.000021651,0.9818397549592301
1970-01-01 00:00:00.000021652,0.9817415709837343
1970-01-01 00:00:00.000021653,0.9817415709837343
1970-01-01 00:00:00.000021654,0.9817415709837343
1970-01-01 00:00:00.000021655,0.9817415709837343
1970-01-01 00:00:00.000021656,0.9817415709837343
1970-01-01 00:00:00.000021657,0.9832441546269858
1970-01-01 00:00:00.000021658,0.9810620990825785
1970-01-01 00:00:00.000021659,0.9788900359205985
1970-01-01 00:00:00.000021660,0.9757075859900524
1970-01-01 00:00:00.000021661,0.9751978919045934
1970-01-01 00:00:00.000021662,0.9765881543687381
1970-01-01 00:00:00.000021663,0.9715437354581462
1970-01-01 00:00:00.000021664,0.971483946326929
1970-01-01 00:00:00.000021665,0.972048639806574
1970-01-01 00:00:00.000021666,0.9733606148447602
1970-01-01 00:00:00.000021667,0.9721518668977637
1970-01-01 00:00:00.000021668,0.9753730476329241
1970-01-01 00:00:00.000021669,0.9719502024524151
1970-01-01 00:00:00.000021670,0.9738041610101846
1970-01-01 00:00:00.000021671,0.9716558813700148
1970-01-01 00:00:00.000021672,0.9732663065742492
1970-01-01 00:00:00.000021673,0.9747939849421859
1970-01-01 00:00:00.000021674,0.9752049113467944
1970-01-01 00:00:00.000021675,0.975404346086973
1970-01-01 00:00:00.000021676,0.9753068056523644
1970-01-01 00:00:00.000021677,0.9753068056523644
1970-01-01 00:00:00.000021678,0.973215214543461
1970-01-01 00:00:00.000021679,0.972176119745036
1970-01-01 00:00:00.000021680,0.9748166400852568
1970-01-01 00:00:00.000021681,0.9731285751772777
1970-01-01 00:00:00.000021682,0.9725570854151963
1970-01-01 00:00:00.000021683,0.9724598297066548
1970-01-01 00:00:00.000021684,0.9724598297066548
1970-01-01 00:00:00.000021685,0.9724598297066548
1970-01-01 00:00:00.000021686,0.9724598297066548
1970-01-01 00:00:00.000021687,0.9724598297066548
1970-01-01 00:00:00.000021688,0.9724598297066548
1970-01-01 00:00:00.000021689,0.9724598297066548
1970-01-01 00:00:00.000021690,0.9724598297066548
1970-01-01 00:00:00.000021691,0.9724598297066548
1970-01-01 00:00:00.000021692,0.9724598297066548
1970-01-01 00:00:00.000021693,0.9724598297066548
1970-01-01 00:00:00.000021694,0.9724598297066548
1970-01-01 00:00:00.000021695,0.9724598297066548
1970-01-01 00:00:00.000021696,0.9724598297066548
1970-01-01 00:00:00.000021697,0.9724598297066548
1970-01-01 00:00:00.000021698,0.9724598297066548
1970-01-01 00:00:00.000021699,0.9724598297066548
1970-01-01 00:00:00.000021700,0.9724598297066548
1970-01-01 00:00:00.000021701,0.9724598297066548
1970-01-01 00:00:00.000021702,0.9724598297066548
1970-01-01 00:00:00.000021703,0.9724598297066548
1970-01-01 00:00:00.000021704,0.9724598297066548
1970-01-01 00:00:00.000021705,0.9724598297066548
1970-01-01 00:00:00.000021706,0.9724598297066548
1970-01-01 00:00:00.000021707,0.9724598297066548
1970-01-01 00:00:00.000021708,0.9724598297066548
1970-01-01 00:00:00.000021709,0.9724598297066548
1970-01-01 00:00:00.000021710,0.9724598297066548
1970-01-01 00:00:00.000021711,0.9724598297066548
1970-01-01 00:00:00.000021712,0.9724598297066548
1970-01-01 00:00:00.000021713,0.9724598297066548
1970-01-01 00:00:00.000021714,0.9724598297066548
1970-01-01 00:00:00.000021715,0.9724598297066548
1970-01-01 00:00:00.000021716,0.9724598297066548
1970-01-01 00:00:00.000021717,0.9724598297066548
1970-01-01 00:00:00.000021718,0.9724598297066548
1970-01-01 00:00:00.000021719,0.9724598297066548
1970-01-01 00:00:00.000021720,0.9724598297066548
1970-01-01 00:00:00.000021721,0.9733335566770552
1970-01-01 00:00:00.000021722,0.9722869930604858
1970-01-01 00:00:00.000021723,0.9705887153865393
1970-01-01 00:00:00.000021724,0.9704916565150007
1970-01-01 00:00:00.000021725,0.9704916565150007
1970-01-01 00:00:00.000021726,0.9704916565150007
1970-01-01 00:00:00.000021727,0.9704916565150007
1970-01-01 00:00:00.000021728,0.9704916565150007
1970-01-01 00:00:00.000021729,0.9704916565150007
1970-01-01 00:00:00.000021730,0.9704916565150007
1970-01-01 00:00:00.000021731,0.9704916565150007
1970-01-01 00:00:00.000021732,0.9704916565150007
1970-01-01 00:00:00.000021733,0.9704916565150007
1970-01-01 00:00:00.000021734,0.9704916565150007
1970-01-01 00:00:00.000021735,0.9704916565150007
1970-01-01 00:00:00.000021736,0.9704916565150007
1970-01-01 00:00:00.000021737,0.9704916565150007
1970-01-01 00:00:00.000021738,0.9704916565150007
1970-01-01 00:00:00.000021739,0.9704916565150007
1970-01-01 00:00:00.000021740,0.9704916565150007
1970-01-01 00:00:00.000021741,0.9704916565150007
1970-01-01 00:00:00.000021742,0.9704916565150007
1970-01-01 00:00:00.000021743,0.9704916565150007
1970-01-01 00:00:00.000021744,0.9704916565150007
1970-01-01 00:00:00.000021745,0.9704916565150007
1970-01-01 00:00:00.000021746,0.9704916565150007
1970-01-01 00:00:00.000021747,0.9704916565150007
1970-01-01 00:00:00.000021748,0.9704916565150007
1970-01-01 00:00:00.000021749,0.9704916565150007
1970-01-01 00:00:00.000021750,0.9682934625848242
1970-01-01 00:00:00.000021751,0.9703880659398255
1970-01-01 00:00:00.000021752,0.9692925841097879
1970-01-01 00:00:00.000021753,0.9681078127820454
1970-01-01 00:00:00.000021754,0.9652474245452541
1970-01-01 00:00:00.000021755,0.9648526926129508
1970-01-01 00:00:00.000021756,0.9625067467215922
1970-01-01 00:00:00.000021757,0.9624104960469201
1970-01-01 00:00:00.000021758,0.9624104960469201
1970-01-01 00:00:00.000021759,0.9624104960469201
1970-01-01 00:00:00.000021760,0.9624104960469201
1970-01-01 00:00:00.000021761,0.9624104960469201
1970-01-01 00:00:00.000021762,0.963663808934364
1970-01-01 00:00:00.000021763,0.9620946462171716
1970-01-01 00:00:00.000021764,0.9652575244618783
1970-01-01 00:00:00.000021765,0.9651609987094321
1970-01-01 00:00:00.000021766,0.9651609987094321
1970-01-01 00:00:00.000021767,0.9651609987094321
1970-01-01 00:00:00.000021768,0.9645994983718106
1970-01-01 00:00:00.000021769,0.9641006872085
1970-01-01 00:00:00.000021770,0.9632527822262648
1970-01-01 00:00:00.000021771,0.9631564569480422
1970-01-01 00:00:00.000021772,0.9631564569480422
1970-01-01 00:00:00.000021773,0.9618866213392656
1970-01-01 00:00:00.000021774,0.9617904326771317
1970-01-01 00:00:00.000021775,0.9617904326771317
1970-01-01 00:00:00.000021776,0.9617904326771317
1970-01-01 00:00:00.000021777,0.9617904326771317
1970-01-01 00:00:00.000021778,0.9617904326771317
1970-01-01 00:00:00.000021779,0.9617904326771317
1970-01-01 00:00:00.000021780,0.9617904326771317
1970-01-01 00:00:00.000021781,0.9617904326771317
1970-01-01 00:00:00.000021782,0.9617904326771317
1970-01-01 00:00:00.000021783,0.9617904326771317
1970-01-01 00:00:00.000021784,0.9617904326771317
1970-01-01 00:00:00.000021785,0.9617904326771317
1970-01-01 00:00:00.000021786,0.9617904326771317
1970-01-01 00:00:00.000021787,0.9617904326771317
1970-01-01 00:00:00.000021788,0.9617904326771317
1970-01-01 00:00:00.000021789,0.9617904326771317
1970-01-01 00:00:00.000021790,0.9617904326771317
1970-01-01 00:00:00.000021791,0.9617904326771317
1970-01-01 00:00:00.000021792,0.9617904326771317
1970-01-01 00:00:00.000021793,0.9617904326771317
1970-01-01 00:00:00.000021794,0.9617904326771317
1970-01-01 00:00:00.000021795,0.9617904326771317
1970-01-01 00:00:00.000021796,0.9617904326771317
1970-01-01 00:00:00.000021797,0.9617904326771317
1970-01-01 00:00:00.000021798,0.9617904326771317
1970-01-01 00:00:00.000021799,0.9617904326771317
1970-01-01 00:00:00.000021800,0.9617904326771317
1970-01-01 00:00:00.000021801,0.9617904326771317
1970-01-01 00:00:00.000021802,0.9617904326771317
1970-01-01 00:00:00.000021803,0.9617904326771317
1970-01-01 00:00:00.000021804,0.9617904326771317
1970-01-01 00:00:00.000021805,0.9617904326771317
1970-01-01 00:00:00.000021806,0.9617904326771317
1970-01-01 00:00:00.000021807,0.9617904326771317
1970-01-01 00:00:00.000021808,0.9617904326771317
1970-01-01 00:00:00.000021809,0.9617904326771317
1970-01-01 00:00:00.000021810,0.9617904326771317
1970-01-01 00:00:00.000021811,0.9617904326771317
1970-01-01 00:00:00.000021812,0.9617904326771317
1970-01-01 00:00:00.000021813,0.9617904326771317
1970-01-01 00:00:00.000021814,0.9617904326771317
1970-01-01 00:00:00.000021815,0.9617904326771317
1970-01-01 00:00:00.000021816,0.9618884542757771
1970-01-01 00:00:00.000021817,0.9617922654303495
1970-01-01 00:00:00.000021818,0.9617922654303495
1970-01-01 00:00:00.000021819,0.9617922654303495
1970-01-01 00:00:00.000021820,0.9617922654303495
1970-01-01 00:00:00.000021821,0.9617922654303495
1970-01-01 00:00:00.000021822,0.9617922654303495
1970-01-01 00:00:00.000021823,0.9617922654303495
1970-01-01 00:00:00.000021824,0.9617922654303495
1970-01-01 00:00:00.000021825,0.9617922654303495
1970-01-01 00:00:00.000021826,0.9617922654303495
1970-01-01 00:00:00.000021827,0.9617922654303495
1970-01-01 00:00:00.000021828,0.9617922654303495
1970-01-01 00:00:00.000021829,0.9617922654303495
1970-01-01 00:00:00.000021830,0.9617922654303495
1970-01-01 00:00:00.000021831,0.9617922654303495
1970-01-01 00:00:00.000021832,0.9617922654303495
1970-01-01 00:00:00.000021833,0.9616059248385685
1970-01-01 00:00:00.000021834,0.962073077915895
1970-01-01 00:00:00.000021835,0.962989025774176
1970-01-01 00:00:00.000021836,0.9629924679547457
1970-01-01 00:00:00.000021837,0.9622163381929418
1970-01-01 00:00:00.000021838,0.9619953829830344
1970-01-01 00:00:00.000021839,0.9618991834447361
1970-01-01 00:00:00.000021840,0.9618991834447361
1970-01-01 00:00:00.000021841,0.9618991834447361
1970-01-01 00:00:00.000021842,0.9618991834447361
1970-01-01 00:00:00.000021843,0.9618991834447361
1970-01-01 00:00:00.000021844,0.9618991834447361
1970-01-01 00:00:00.000021845,0.9618991834447361
1970-01-01 00:00:00.000021846,0.9618991834447361
1970-01-01 00:00:00.000021847,0.9618991834447361
1970-01-01 00:00:00.000021848,0.9618991834447361
1970-01-01 00:00:00.000021849,0.9618991834447361
1970-01-01 00:00:00.000021850,0.9618991834447361
1970-01-01 00:00:00.000021851,0.9618991834447361
1970-01-01 00:00:00.000021852,0.9618991834447361
1970-01-01 00:00:00.000021853,0.9618991834447361
1970-01-01 00:00:00.000021854,0.9618991834447361
1970-01-01 00:00:00.000021855,0.9618991834447361
1970-01-01 00:00:00.000021856,0.9618991834447361
