timestamp,equity
1970-01-01 00:00:00.000019194,1.0
1970-01-01 00:00:00.000019195,1.0
1970-01-01 00:00:00.000019196,1.0
1970-01-01 00:00:00.000019197,1.0
1970-01-01 00:00:00.000019198,1.0
1970-01-01 00:00:00.000019199,1.0
1970-01-01 00:00:00.000019200,1.0
1970-01-01 00:00:00.000019201,1.0
1970-01-01 00:00:00.000019202,1.0
1970-01-01 00:00:00.000019203,1.0
1970-01-01 00:00:00.000019204,1.0
1970-01-01 00:00:00.000019205,1.0
1970-01-01 00:00:00.000019206,1.0
1970-01-01 00:00:00.000019207,1.0
1970-01-01 00:00:00.000019208,1.0
1970-01-01 00:00:00.000019209,1.0
1970-01-01 00:00:00.000019210,1.0
1970-01-01 00:00:00.000019211,1.0
1970-01-01 00:00:00.000019212,1.0
1970-01-01 00:00:00.000019213,1.0
1970-01-01 00:00:00.000019214,1.0
1970-01-01 00:00:00.000019215,1.0
1970-01-01 00:00:00.000019216,1.0
1970-01-01 00:00:00.000019217,1.0
1970-01-01 00:00:00.000019218,1.0
1970-01-01 00:00:00.000019219,1.0
1970-01-01 00:00:00.000019220,1.0
1970-01-01 00:00:00.000019221,1.0
1970-01-01 00:00:00.000019222,1.0
1970-01-01 00:00:00.000019223,1.0
1970-01-01 00:00:00.000019224,1.0
1970-01-01 00:00:00.000019225,1.0
1970-01-01 00:00:00.000019226,1.0
1970-01-01 00:00:00.000019227,1.0
1970-01-01 00:00:00.000019228,1.0
1970-01-01 00:00:00.000019229,1.0
1970-01-01 00:00:00.000019230,1.0
1970-01-01 00:00:00.000019231,1.0
1970-01-01 00:00:00.000019232,1.0
1970-01-01 00:00:00.000019233,1.0
1970-01-01 00:00:00.000019234,1.0
1970-01-01 00:00:00.000019235,1.0
1970-01-01 00:00:00.000019236,1.0
1970-01-01 00:00:00.000019237,1.0
1970-01-01 00:00:00.000019238,1.0
1970-01-01 00:00:00.000019239,1.0
1970-01-01 00:00:00.000019240,1.0
1970-01-01 00:00:00.000019241,1.0
1970-01-01 00:00:00.000019242,1.0
1970-01-01 00:00:00.000019243,1.0
1970-01-01 00:00:00.000019244,1.0
1970-01-01 00:00:00.000019245,1.0
1970-01-01 00:00:00.000019246,1.0
1970-01-01 00:00:00.000019247,1.0
1970-01-01 00:00:00.000019248,1.0
1970-01-01 00:00:00.000019249,1.0
1970-01-01 00:00:00.000019250,1.0
1970-01-01 00:00:00.000019251,1.0
1970-01-01 00:00:00.000019252,1.0
1970-01-01 00:00:00.000019253,1.0
1970-01-01 00:00:00.000019254,1.0
1970-01-01 00:00:00.000019255,1.0
1970-01-01 00:00:00.000019256,1.0
1970-01-01 00:00:00.000019257,1.0
1970-01-01 00:00:00.000019258,1.0
1970-01-01 00:00:00.000019259,1.0
1970-01-01 00:00:00.000019260,1.0
1970-01-01 00:00:00.000019261,1.0
1970-01-01 00:00:00.000019262,1.0
1970-01-01 00:00:00.000019263,1.0
1970-01-01 00:00:00.000019264,1.0
1970-01-01 00:00:00.000019265,1.0
1970-01-01 00:00:00.000019266,1.0
1970-01-01 00:00:00.000019267,1.0
1970-01-01 00:00:00.000019268,1.0
1970-01-01 00:00:00.000019269,1.0
1970-01-01 00:00:00.000019270,1.0
1970-01-01 00:00:00.000019271,1.0
1970-01-01 00:00:00.000019272,1.0
1970-01-01 00:00:00.000019273,1.0
1970-01-01 00:00:00.000019274,1.0
1970-01-01 00:00:00.000019275,1.0
1970-01-01 00:00:00.000019276,1.0
1970-01-01 00:00:00.000019277,1.0
1970-01-01 00:00:00.000019278,1.0
1970-01-01 00:00:00.000019279,1.0
1970-01-01 00:00:00.000019280,1.0
1970-01-01 00:00:00.000019281,1.0
1970-01-01 00:00:00.000019282,1.0
1970-01-01 00:00:00.000019283,1.0
1970-01-01 00:00:00.000019284,1.0
1970-01-01 00:00:00.000019285,1.0
1970-01-01 00:00:00.000019286,1.0
1970-01-01 00:00:00.000019287,1.0
1970-01-01 00:00:00.000019288,1.0
1970-01-01 00:00:00.000019289,1.0
1970-01-01 00:00:00.000019290,1.0
1970-01-01 00:00:00.000019291,1.0
1970-01-01 00:00:00.000019292,1.0
1970-01-01 00:00:00.000019293,1.0
1970-01-01 00:00:00.000019294,1.0
1970-01-01 00:00:00.000019295,1.0
1970-01-01 00:00:00.000019296,1.0
1970-01-01 00:00:00.000019297,1.0
1970-01-01 00:00:00.000019298,1.0
1970-01-01 00:00:00.000019299,1.0
1970-01-01 00:00:00.000019300,1.0
1970-01-01 00:00:00.000019301,1.0
1970-01-01 00:00:00.000019302,1.0
1970-01-01 00:00:00.000019303,1.0
1970-01-01 00:00:00.000019304,1.0
1970-01-01 00:00:00.000019305,1.0
1970-01-01 00:00:00.000019306,1.0
1970-01-01 00:00:00.000019307,1.0
1970-01-01 00:00:00.000019308,1.0
1970-01-01 00:00:00.000019309,1.0
1970-01-01 00:00:00.000019310,1.0
1970-01-01 00:00:00.000019311,1.0
1970-01-01 00:00:00.000019312,1.0
1970-01-01 00:00:00.000019313,1.0
1970-01-01 00:00:00.000019314,1.0
1970-01-01 00:00:00.000019315,1.0
1970-01-01 00:00:00.000019316,1.0
1970-01-01 00:00:00.000019317,1.0
1970-01-01 00:00:00.000019318,1.0
1970-01-01 00:00:00.000019319,1.0
1970-01-01 00:00:00.000019320,1.0
1970-01-01 00:00:00.000019321,1.0
1970-01-01 00:00:00.000019322,1.0
1970-01-01 00:00:00.000019323,1.0
1970-01-01 00:00:00.000019324,1.0
1970-01-01 00:00:00.000019325,1.0
1970-01-01 00:00:00.000019326,1.0
1970-01-01 00:00:00.000019327,1.0
1970-01-01 00:00:00.000019328,1.0
1970-01-01 00:00:00.000019329,1.0
1970-01-01 00:00:00.000019330,1.0
1970-01-01 00:00:00.000019331,1.0
1970-01-01 00:00:00.000019332,1.0
1970-01-01 00:00:00.000019333,1.0
1970-01-01 00:00:00.000019334,1.0
1970-01-01 00:00:00.000019335,1.0
1970-01-01 00:00:00.000019336,1.0
1970-01-01 00:00:00.000019337,1.0
1970-01-01 00:00:00.000019338,1.0
1970-01-01 00:00:00.000019339,1.0
1970-01-01 00:00:00.000019340,1.0
1970-01-01 00:00:00.000019341,1.0
1970-01-01 00:00:00.000019342,1.0
1970-01-01 00:00:00.000019343,1.0
1970-01-01 00:00:00.000019344,1.0
1970-01-01 00:00:00.000019345,1.0
1970-01-01 00:00:00.000019346,1.0
1970-01-01 00:00:00.000019347,1.0
1970-01-01 00:00:00.000019348,1.0
1970-01-01 00:00:00.000019349,1.0
1970-01-01 00:00:00.000019350,1.0
1970-01-01 00:00:00.000019351,1.0
1970-01-01 00:00:00.000019352,1.0
1970-01-01 00:00:00.000019353,1.0
1970-01-01 00:00:00.000019354,1.0
1970-01-01 00:00:00.000019355,1.0
1970-01-01 00:00:00.000019356,1.0
1970-01-01 00:00:00.000019357,1.0
1970-01-01 00:00:00.000019358,1.0
1970-01-01 00:00:00.000019359,1.0
1970-01-01 00:00:00.000019360,1.0
1970-01-01 00:00:00.000019361,1.0
1970-01-01 00:00:00.000019362,1.0
1970-01-01 00:00:00.000019363,1.0
1970-01-01 00:00:00.000019364,1.0
1970-01-01 00:00:00.000019365,1.0
1970-01-01 00:00:00.000019366,1.0
1970-01-01 00:00:00.000019367,1.0
1970-01-01 00:00:00.000019368,1.0
1970-01-01 00:00:00.000019369,1.0
1970-01-01 00:00:00.000019370,1.0
1970-01-01 00:00:00.000019371,1.0
1970-01-01 00:00:00.000019372,1.0
1970-01-01 00:00:00.000019373,1.0
1970-01-01 00:00:00.000019374,1.0
1970-01-01 00:00:00.000019375,1.0
1970-01-01 00:00:00.000019376,1.0
1970-01-01 00:00:00.000019377,1.0
1970-01-01 00:00:00.000019378,1.0
1970-01-01 00:00:00.000019379,1.0
1970-01-01 00:00:00.000019380,1.0
1970-01-01 00:00:00.000019381,1.0
1970-01-01 00:00:00.000019382,1.0
1970-01-01 00:00:00.000019383,1.0
1970-01-01 00:00:00.000019384,1.0
1970-01-01 00:00:00.000019385,1.0
1970-01-01 00:00:00.000019386,1.0
1970-01-01 00:00:00.000019387,1.0
1970-01-01 00:00:00.000019388,1.0
1970-01-01 00:00:00.000019389,1.0
1970-01-01 00:00:00.000019390,1.0
1970-01-01 00:00:00.000019391,1.0
1970-01-01 00:00:00.000019392,1.0
1970-01-01 00:00:00.000019393,1.0
1970-01-01 00:00:00.000019394,1.0
1970-01-01 00:00:00.000019395,1.0
1970-01-01 00:00:00.000019396,1.0
1970-01-01 00:00:00.000019397,1.0
1970-01-01 00:00:00.000019398,1.0
1970-01-01 00:00:00.000019399,1.0
1970-01-01 00:00:00.000019400,1.0
1970-01-01 00:00:00.000019401,1.0
1970-01-01 00:00:00.000019402,1.0
1970-01-01 00:00:00.000019403,1.0
1970-01-01 00:00:00.000019404,1.0
1970-01-01 00:00:00.000019405,1.0
1970-01-01 00:00:00.000019406,1.0
1970-01-01 00:00:00.000019407,1.0
1970-01-01 00:00:00.000019408,1.0
1970-01-01 00:00:00.000019409,1.0
1970-01-01 00:00:00.000019410,1.0
1970-01-01 00:00:00.000019411,1.0
1970-01-01 00:00:00.000019412,1.0
1970-01-01 00:00:00.000019413,1.0
1970-01-01 00:00:00.000019414,1.0
1970-01-01 00:00:00.000019415,1.0
1970-01-01 00:00:00.000019416,1.0
1970-01-01 00:00:00.000019417,1.0
1970-01-01 00:00:00.000019418,1.0
1970-01-01 00:00:00.000019419,1.0
1970-01-01 00:00:00.000019420,1.0
1970-01-01 00:00:00.000019421,1.0
1970-01-01 00:00:00.000019422,1.0
1970-01-01 00:00:00.000019423,1.0
1970-01-01 00:00:00.000019424,1.0
1970-01-01 00:00:00.000019425,1.0
1970-01-01 00:00:00.000019426,1.0
1970-01-01 00:00:00.000019427,1.0
1970-01-01 00:00:00.000019428,1.0
1970-01-01 00:00:00.000019429,1.0
1970-01-01 00:00:00.000019430,1.0
1970-01-01 00:00:00.000019431,1.0
1970-01-01 00:00:00.000019432,1.0
1970-01-01 00:00:00.000019433,1.0
1970-01-01 00:00:00.000019434,1.0
1970-01-01 00:00:00.000019435,1.0
1970-01-01 00:00:00.000019436,1.0
1970-01-01 00:00:00.000019437,1.0
1970-01-01 00:00:00.000019438,1.0
1970-01-01 00:00:00.000019439,1.0
1970-01-01 00:00:00.000019440,1.0
1970-01-01 00:00:00.000019441,1.0
1970-01-01 00:00:00.000019442,1.0
1970-01-01 00:00:00.000019443,1.0
1970-01-01 00:00:00.000019444,1.0
1970-01-01 00:00:00.000019445,1.0
1970-01-01 00:00:00.000019446,1.0
1970-01-01 00:00:00.000019447,1.0
1970-01-01 00:00:00.000019448,1.0
1970-01-01 00:00:00.000019449,1.0
1970-01-01 00:00:00.000019450,1.0
1970-01-01 00:00:00.000019451,1.0
1970-01-01 00:00:00.000019452,1.0
1970-01-01 00:00:00.000019453,1.0
1970-01-01 00:00:00.000019454,1.0
1970-01-01 00:00:00.000019455,1.0
1970-01-01 00:00:00.000019456,1.0
1970-01-01 00:00:00.000019457,1.0
1970-01-01 00:00:00.000019458,1.0
1970-01-01 00:00:00.000019459,1.0
1970-01-01 00:00:00.000019460,1.0
1970-01-01 00:00:00.000019461,1.0
1970-01-01 00:00:00.000019462,1.0
1970-01-01 00:00:00.000019463,1.0
1970-01-01 00:00:00.000019464,1.0
1970-01-01 00:00:00.000019465,1.0
1970-01-01 00:00:00.000019466,1.0
1970-01-01 00:00:00.000019467,1.0
1970-01-01 00:00:00.000019468,1.0
1970-01-01 00:00:00.000019469,1.0
1970-01-01 00:00:00.000019470,1.0
1970-01-01 00:00:00.000019471,1.0
1970-01-01 00:00:00.000019472,1.0
1970-01-01 00:00:00.000019473,1.0
1970-01-01 00:00:00.000019474,1.0
1970-01-01 00:00:00.000019475,1.0
1970-01-01 00:00:00.000019476,1.0
1970-01-01 00:00:00.000019477,1.0
1970-01-01 00:00:00.000019478,1.0
1970-01-01 00:00:00.000019479,1.0
1970-01-01 00:00:00.000019480,1.0
1970-01-01 00:00:00.000019481,1.0
1970-01-01 00:00:00.000019482,1.0
1970-01-01 00:00:00.000019483,1.0
1970-01-01 00:00:00.000019484,1.0
1970-01-01 00:00:00.000019485,1.0
1970-01-01 00:00:00.000019486,1.0
1970-01-01 00:00:00.000019487,1.0
1970-01-01 00:00:00.000019488,1.0
1970-01-01 00:00:00.000019489,1.0
1970-01-01 00:00:00.000019490,1.0
1970-01-01 00:00:00.000019491,1.0
1970-01-01 00:00:00.000019492,1.0
1970-01-01 00:00:00.000019493,1.0
1970-01-01 00:00:00.000019494,1.0
1970-01-01 00:00:00.000019495,1.0
1970-01-01 00:00:00.000019496,1.0
1970-01-01 00:00:00.000019497,1.0
1970-01-01 00:00:00.000019498,1.0
1970-01-01 00:00:00.000019499,1.0
1970-01-01 00:00:00.000019500,1.0
1970-01-01 00:00:00.000019501,1.0
1970-01-01 00:00:00.000019502,1.0
1970-01-01 00:00:00.000019503,1.0
1970-01-01 00:00:00.000019504,1.0
1970-01-01 00:00:00.000019505,1.0
1970-01-01 00:00:00.000019506,1.0
1970-01-01 00:00:00.000019507,1.0
1970-01-01 00:00:00.000019508,1.0
1970-01-01 00:00:00.000019509,1.0
1970-01-01 00:00:00.000019510,1.0
1970-01-01 00:00:00.000019511,1.0
1970-01-01 00:00:00.000019512,1.0
1970-01-01 00:00:00.000019513,1.0
1970-01-01 00:00:00.000019514,1.0
1970-01-01 00:00:00.000019515,1.0
1970-01-01 00:00:00.000019516,1.0
1970-01-01 00:00:00.000019517,1.0
1970-01-01 00:00:00.000019518,1.0
1970-01-01 00:00:00.000019519,1.0
1970-01-01 00:00:00.000019520,1.0
1970-01-01 00:00:00.000019521,1.0
1970-01-01 00:00:00.000019522,1.0
1970-01-01 00:00:00.000019523,1.0
1970-01-01 00:00:00.000019524,1.0
1970-01-01 00:00:00.000019525,1.0
1970-01-01 00:00:00.000019526,1.0
1970-01-01 00:00:00.000019527,1.0
1970-01-01 00:00:00.000019528,1.0
1970-01-01 00:00:00.000019529,1.0
1970-01-01 00:00:00.000019530,1.0
1970-01-01 00:00:00.000019531,1.0
1970-01-01 00:00:00.000019532,1.0
1970-01-01 00:00:00.000019533,1.0
1970-01-01 00:00:00.000019534,1.0
1970-01-01 00:00:00.000019535,1.0
1970-01-01 00:00:00.000019536,1.0
1970-01-01 00:00:00.000019537,1.0
1970-01-01 00:00:00.000019538,1.0
1970-01-01 00:00:00.000019539,1.0
1970-01-01 00:00:00.000019540,1.0
1970-01-01 00:00:00.000019541,1.0
1970-01-01 00:00:00.000019542,1.0
1970-01-01 00:00:00.000019543,1.0
1970-01-01 00:00:00.000019544,1.0
1970-01-01 00:00:00.000019545,1.0
1970-01-01 00:00:00.000019546,1.0
1970-01-01 00:00:00.000019547,1.0
1970-01-01 00:00:00.000019548,1.0
1970-01-01 00:00:00.000019549,1.0
1970-01-01 00:00:00.000019550,1.0
1970-01-01 00:00:00.000019551,1.0
1970-01-01 00:00:00.000019552,1.0
1970-01-01 00:00:00.000019553,1.0
1970-01-01 00:00:00.000019554,1.0
1970-01-01 00:00:00.000019555,1.0
1970-01-01 00:00:00.000019556,1.0
1970-01-01 00:00:00.000019557,1.0
1970-01-01 00:00:00.000019558,1.0
1970-01-01 00:00:00.000019559,1.0
1970-01-01 00:00:00.000019560,1.0
1970-01-01 00:00:00.000019561,1.0
1970-01-01 00:00:00.000019562,1.0
1970-01-01 00:00:00.000019563,1.0
1970-01-01 00:00:00.000019564,1.0
1970-01-01 00:00:00.000019565,1.0
1970-01-01 00:00:00.000019566,1.0
1970-01-01 00:00:00.000019567,1.0
1970-01-01 00:00:00.000019568,1.0
1970-01-01 00:00:00.000019569,1.0
1970-01-01 00:00:00.000019570,1.0
1970-01-01 00:00:00.000019571,1.0
1970-01-01 00:00:00.000019572,1.0
1970-01-01 00:00:00.000019573,1.0
1970-01-01 00:00:00.000019574,1.0
1970-01-01 00:00:00.000019575,1.0
1970-01-01 00:00:00.000019576,1.0
1970-01-01 00:00:00.000019577,1.0
1970-01-01 00:00:00.000019578,1.0
1970-01-01 00:00:00.000019579,1.0
1970-01-01 00:00:00.000019580,1.0
1970-01-01 00:00:00.000019581,1.0
1970-01-01 00:00:00.000019582,1.0
1970-01-01 00:00:00.000019583,1.0
1970-01-01 00:00:00.000019584,1.0
1970-01-01 00:00:00.000019585,1.0
1970-01-01 00:00:00.000019586,1.0
1970-01-01 00:00:00.000019587,1.0
1970-01-01 00:00:00.000019588,1.0
1970-01-01 00:00:00.000019589,1.0
1970-01-01 00:00:00.000019590,1.0
1970-01-01 00:00:00.000019591,1.0
1970-01-01 00:00:00.000019592,1.0
1970-01-01 00:00:00.000019593,1.0
1970-01-01 00:00:00.000019594,1.0
1970-01-01 00:00:00.000019595,1.0
1970-01-01 00:00:00.000019596,1.0
1970-01-01 00:00:00.000019597,1.0
1970-01-01 00:00:00.000019598,1.0
1970-01-01 00:00:00.000019599,1.0
1970-01-01 00:00:00.000019600,1.0
1970-01-01 00:00:00.000019601,1.0
1970-01-01 00:00:00.000019602,1.0
1970-01-01 00:00:00.000019603,1.0
1970-01-01 00:00:00.000019604,1.0
1970-01-01 00:00:00.000019605,1.0
1970-01-01 00:00:00.000019606,1.0
1970-01-01 00:00:00.000019607,1.0
1970-01-01 00:00:00.000019608,1.0
1970-01-01 00:00:00.000019609,1.0
1970-01-01 00:00:00.000019610,1.0
1970-01-01 00:00:00.000019611,1.0
1970-01-01 00:00:00.000019612,1.0
1970-01-01 00:00:00.000019613,1.0
1970-01-01 00:00:00.000019614,1.0
1970-01-01 00:00:00.000019615,1.0
1970-01-01 00:00:00.000019616,1.0
1970-01-01 00:00:00.000019617,1.0
1970-01-01 00:00:00.000019618,1.0
1970-01-01 00:00:00.000019619,1.0
1970-01-01 00:00:00.000019620,1.0
1970-01-01 00:00:00.000019621,1.0
1970-01-01 00:00:00.000019622,1.0
1970-01-01 00:00:00.000019623,1.0
1970-01-01 00:00:00.000019624,1.0
1970-01-01 00:00:00.000019625,1.0
1970-01-01 00:00:00.000019626,1.0
1970-01-01 00:00:00.000019627,1.0
1970-01-01 00:00:00.000019628,1.0
1970-01-01 00:00:00.000019629,1.0
1970-01-01 00:00:00.000019630,1.0
1970-01-01 00:00:00.000019631,1.0
1970-01-01 00:00:00.000019632,1.0
1970-01-01 00:00:00.000019633,1.0
1970-01-01 00:00:00.000019634,1.0
1970-01-01 00:00:00.000019635,1.0
1970-01-01 00:00:00.000019636,1.0
1970-01-01 00:00:00.000019637,1.0
1970-01-01 00:00:00.000019638,1.0
1970-01-01 00:00:00.000019639,1.0
1970-01-01 00:00:00.000019640,1.0
1970-01-01 00:00:00.000019641,1.0
1970-01-01 00:00:00.000019642,1.0
1970-01-01 00:00:00.000019643,1.0
1970-01-01 00:00:00.000019644,1.0
1970-01-01 00:00:00.000019645,1.0
1970-01-01 00:00:00.000019646,1.0
1970-01-01 00:00:00.000019647,1.0
1970-01-01 00:00:00.000019648,1.0
1970-01-01 00:00:00.000019649,1.0
1970-01-01 00:00:00.000019650,1.0
1970-01-01 00:00:00.000019651,1.0
1970-01-01 00:00:00.000019652,1.0
1970-01-01 00:00:00.000019653,1.0
1970-01-01 00:00:00.000019654,1.0
1970-01-01 00:00:00.000019655,1.0
1970-01-01 00:00:00.000019656,1.0
1970-01-01 00:00:00.000019657,1.0
1970-01-01 00:00:00.000019658,1.0
1970-01-01 00:00:00.000019659,1.0
1970-01-01 00:00:00.000019660,1.0
1970-01-01 00:00:00.000019661,1.0
1970-01-01 00:00:00.000019662,1.0
1970-01-01 00:00:00.000019663,1.0
1970-01-01 00:00:00.000019664,1.0
1970-01-01 00:00:00.000019665,1.0
1970-01-01 00:00:00.000019666,1.0
1970-01-01 00:00:00.000019667,1.0
1970-01-01 00:00:00.000019668,1.0
1970-01-01 00:00:00.000019669,1.0
1970-01-01 00:00:00.000019670,1.0
1970-01-01 00:00:00.000019671,1.0
1970-01-01 00:00:00.000019672,1.0
1970-01-01 00:00:00.000019673,1.0
1970-01-01 00:00:00.000019674,1.0
1970-01-01 00:00:00.000019675,1.0
1970-01-01 00:00:00.000019676,1.0
1970-01-01 00:00:00.000019677,1.0
1970-01-01 00:00:00.000019678,1.0
1970-01-01 00:00:00.000019679,1.0
1970-01-01 00:00:00.000019680,1.0
1970-01-01 00:00:00.000019681,1.0
1970-01-01 00:00:00.000019682,1.0
1970-01-01 00:00:00.000019683,1.0
1970-01-01 00:00:00.000019684,1.0
1970-01-01 00:00:00.000019685,1.0
1970-01-01 00:00:00.000019686,1.0
1970-01-01 00:00:00.000019687,1.0
1970-01-01 00:00:00.000019688,1.0
1970-01-01 00:00:00.000019689,1.0
1970-01-01 00:00:00.000019690,1.0
1970-01-01 00:00:00.000019691,1.0
1970-01-01 00:00:00.000019692,1.0
1970-01-01 00:00:00.000019693,1.0
1970-01-01 00:00:00.000019694,1.0
1970-01-01 00:00:00.000019695,1.0
1970-01-01 00:00:00.000019696,1.0
1970-01-01 00:00:00.000019697,1.0
1970-01-01 00:00:00.000019698,1.0
1970-01-01 00:00:00.000019699,1.0
1970-01-01 00:00:00.000019700,1.0
1970-01-01 00:00:00.000019701,1.0
1970-01-01 00:00:00.000019702,1.0
1970-01-01 00:00:00.000019703,1.0
1970-01-01 00:00:00.000019704,1.0
1970-01-01 00:00:00.000019705,1.0
1970-01-01 00:00:00.000019706,1.0
1970-01-01 00:00:00.000019707,1.0
1970-01-01 00:00:00.000019708,1.0
1970-01-01 00:00:00.000019709,1.0
1970-01-01 00:00:00.000019710,1.0
1970-01-01 00:00:00.000019711,1.0
1970-01-01 00:00:00.000019712,1.0
1970-01-01 00:00:00.000019713,1.0
1970-01-01 00:00:00.000019714,1.0
1970-01-01 00:00:00.000019715,1.0
1970-01-01 00:00:00.000019716,1.0
1970-01-01 00:00:00.000019717,1.0
1970-01-01 00:00:00.000019718,1.0
1970-01-01 00:00:00.000019719,1.0
1970-01-01 00:00:00.000019720,1.0
1970-01-01 00:00:00.000019721,1.0
1970-01-01 00:00:00.000019722,1.0
1970-01-01 00:00:00.000019723,1.0
1970-01-01 00:00:00.000019724,1.0
1970-01-01 00:00:00.000019725,1.0
1970-01-01 00:00:00.000019726,1.0
1970-01-01 00:00:00.000019727,1.0
1970-01-01 00:00:00.000019728,1.0
1970-01-01 00:00:00.000019729,1.0
1970-01-01 00:00:00.000019730,1.0
1970-01-01 00:00:00.000019731,1.0
1970-01-01 00:00:00.000019732,1.0
1970-01-01 00:00:00.000019733,1.0
1970-01-01 00:00:00.000019734,1.0
1970-01-01 00:00:00.000019735,1.0
1970-01-01 00:00:00.000019736,1.0
1970-01-01 00:00:00.000019737,1.0
1970-01-01 00:00:00.000019738,1.0
1970-01-01 00:00:00.000019739,1.0
1970-01-01 00:00:00.000019740,1.0
1970-01-01 00:00:00.000019741,1.0
1970-01-01 00:00:00.000019742,1.0
1970-01-01 00:00:00.000019743,1.0
1970-01-01 00:00:00.000019744,1.0
1970-01-01 00:00:00.000019745,1.0
1970-01-01 00:00:00.000019746,1.0
1970-01-01 00:00:00.000019747,1.0
1970-01-01 00:00:00.000019748,1.0
1970-01-01 00:00:00.000019749,1.0
1970-01-01 00:00:00.000019750,1.0
1970-01-01 00:00:00.000019751,1.0
1970-01-01 00:00:00.000019752,1.0
1970-01-01 00:00:00.000019753,1.0
1970-01-01 00:00:00.000019754,1.0
1970-01-01 00:00:00.000019755,1.0
1970-01-01 00:00:00.000019756,1.0
1970-01-01 00:00:00.000019757,1.0
1970-01-01 00:00:00.000019758,1.0
1970-01-01 00:00:00.000019759,1.0
1970-01-01 00:00:00.000019760,1.0
1970-01-01 00:00:00.000019761,1.0
1970-01-01 00:00:00.000019762,1.0
1970-01-01 00:00:00.000019763,1.0
1970-01-01 00:00:00.000019764,1.0
1970-01-01 00:00:00.000019765,1.0
1970-01-01 00:00:00.000019766,1.0
1970-01-01 00:00:00.000019767,1.0
1970-01-01 00:00:00.000019768,1.0
1970-01-01 00:00:00.000019769,1.0
1970-01-01 00:00:00.000019770,1.0
1970-01-01 00:00:00.000019771,1.0
1970-01-01 00:00:00.000019772,1.0
1970-01-01 00:00:00.000019773,1.0
1970-01-01 00:00:00.000019774,1.0
1970-01-01 00:00:00.000019775,1.0
1970-01-01 00:00:00.000019776,1.0
1970-01-01 00:00:00.000019777,1.0
1970-01-01 00:00:00.000019778,1.0
1970-01-01 00:00:00.000019779,1.0
1970-01-01 00:00:00.000019780,1.0
1970-01-01 00:00:00.000019781,1.0
1970-01-01 00:00:00.000019782,1.0
1970-01-01 00:00:00.000019783,1.0
1970-01-01 00:00:00.000019784,1.0
1970-01-01 00:00:00.000019785,1.0
1970-01-01 00:00:00.000019786,1.0
1970-01-01 00:00:00.000019787,1.0
1970-01-01 00:00:00.000019788,1.0
1970-01-01 00:00:00.000019789,1.0
1970-01-01 00:00:00.000019790,1.0
1970-01-01 00:00:00.000019791,1.0
1970-01-01 00:00:00.000019792,1.0
1970-01-01 00:00:00.000019793,1.0
1970-01-01 00:00:00.000019794,1.0
1970-01-01 00:00:00.000019795,1.0
1970-01-01 00:00:00.000019796,1.0
1970-01-01 00:00:00.000019797,1.0
1970-01-01 00:00:00.000019798,1.0
1970-01-01 00:00:00.000019799,1.0
1970-01-01 00:00:00.000019800,1.0
1970-01-01 00:00:00.000019801,1.0
1970-01-01 00:00:00.000019802,1.0
1970-01-01 00:00:00.000019803,1.0
1970-01-01 00:00:00.000019804,1.0
1970-01-01 00:00:00.000019805,1.0
1970-01-01 00:00:00.000019806,1.0
1970-01-01 00:00:00.000019807,1.0
1970-01-01 00:00:00.000019808,1.0
1970-01-01 00:00:00.000019809,1.0
1970-01-01 00:00:00.000019810,1.0
1970-01-01 00:00:00.000019811,1.0
1970-01-01 00:00:00.000019812,1.0
1970-01-01 00:00:00.000019813,1.0
1970-01-01 00:00:00.000019814,1.0
1970-01-01 00:00:00.000019815,1.0
1970-01-01 00:00:00.000019816,1.0
1970-01-01 00:00:00.000019817,1.0
1970-01-01 00:00:00.000019818,1.0
1970-01-01 00:00:00.000019819,1.0
1970-01-01 00:00:00.000019820,1.0
1970-01-01 00:00:00.000019821,1.0
1970-01-01 00:00:00.000019822,1.0
1970-01-01 00:00:00.000019823,1.0
1970-01-01 00:00:00.000019824,1.0
1970-01-01 00:00:00.000019825,1.0
1970-01-01 00:00:00.000019826,1.0
1970-01-01 00:00:00.000019827,1.0
1970-01-01 00:00:00.000019828,1.0
1970-01-01 00:00:00.000019829,1.0
1970-01-01 00:00:00.000019830,1.0
1970-01-01 00:00:00.000019831,1.0
1970-01-01 00:00:00.000019832,1.0
1970-01-01 00:00:00.000019833,1.0
1970-01-01 00:00:00.000019834,1.0
1970-01-01 00:00:00.000019835,1.0
1970-01-01 00:00:00.000019836,1.0
1970-01-01 00:00:00.000019837,1.0
1970-01-01 00:00:00.000019838,1.0
1970-01-01 00:00:00.000019839,1.0
1970-01-01 00:00:00.000019840,1.0
1970-01-01 00:00:00.000019841,1.0
1970-01-01 00:00:00.000019842,1.0
1970-01-01 00:00:00.000019843,1.0
1970-01-01 00:00:00.000019844,1.0
1970-01-01 00:00:00.000019845,1.0
1970-01-01 00:00:00.000019846,1.0
1970-01-01 00:00:00.000019847,1.0
1970-01-01 00:00:00.000019848,1.0
1970-01-01 00:00:00.000019849,1.0
1970-01-01 00:00:00.000019850,1.0
1970-01-01 00:00:00.000019851,1.0
1970-01-01 00:00:00.000019852,1.0
1970-01-01 00:00:00.000019853,1.0
1970-01-01 00:00:00.000019854,1.0
1970-01-01 00:00:00.000019855,1.0
1970-01-01 00:00:00.000019856,1.0
1970-01-01 00:00:00.000019857,1.0
1970-01-01 00:00:00.000019858,1.0
1970-01-01 00:00:00.000019859,1.0
1970-01-01 00:00:00.000019860,1.0
1970-01-01 00:00:00.000019861,1.0
1970-01-01 00:00:00.000019862,1.0
1970-01-01 00:00:00.000019863,1.0
1970-01-01 00:00:00.000019864,1.0
1970-01-01 00:00:00.000019865,1.0
1970-01-01 00:00:00.000019866,1.0
1970-01-01 00:00:00.000019867,1.0
1970-01-01 00:00:00.000019868,1.0
1970-01-01 00:00:00.000019869,1.0
1970-01-01 00:00:00.000019870,1.0
1970-01-01 00:00:00.000019871,1.0
1970-01-01 00:00:00.000019872,1.0
1970-01-01 00:00:00.000019873,1.0
1970-01-01 00:00:00.000019874,1.0
1970-01-01 00:00:00.000019875,1.0
1970-01-01 00:00:00.000019876,1.0
1970-01-01 00:00:00.000019877,1.0
1970-01-01 00:00:00.000019878,1.0
1970-01-01 00:00:00.000019879,1.0
1970-01-01 00:00:00.000019880,1.0
1970-01-01 00:00:00.000019881,1.0
1970-01-01 00:00:00.000019882,1.0
1970-01-01 00:00:00.000019883,1.0
1970-01-01 00:00:00.000019884,1.0
1970-01-01 00:00:00.000019885,1.0
1970-01-01 00:00:00.000019886,1.0
1970-01-01 00:00:00.000019887,1.0
1970-01-01 00:00:00.000019888,1.0
1970-01-01 00:00:00.000019889,1.0
1970-01-01 00:00:00.000019890,1.0
1970-01-01 00:00:00.000019891,1.0
1970-01-01 00:00:00.000019892,1.0
1970-01-01 00:00:00.000019893,1.0
1970-01-01 00:00:00.000019894,1.0
1970-01-01 00:00:00.000019895,1.0
1970-01-01 00:00:00.000019896,1.0
1970-01-01 00:00:00.000019897,1.0
1970-01-01 00:00:00.000019898,1.0
1970-01-01 00:00:00.000019899,1.0
1970-01-01 00:00:00.000019900,1.0
1970-01-01 00:00:00.000019901,1.0
1970-01-01 00:00:00.000019902,1.0
1970-01-01 00:00:00.000019903,1.0
1970-01-01 00:00:00.000019904,1.0
1970-01-01 00:00:00.000019905,1.0
1970-01-01 00:00:00.000019906,1.0
1970-01-01 00:00:00.000019907,1.0
1970-01-01 00:00:00.000019908,1.0
1970-01-01 00:00:00.000019909,1.0
1970-01-01 00:00:00.000019910,1.0
1970-01-01 00:00:00.000019911,1.0
1970-01-01 00:00:00.000019912,1.0
1970-01-01 00:00:00.000019913,1.0
1970-01-01 00:00:00.000019914,1.0
1970-01-01 00:00:00.000019915,1.0
1970-01-01 00:00:00.000019916,1.0
1970-01-01 00:00:00.000019917,1.0
1970-01-01 00:00:00.000019918,1.0
1970-01-01 00:00:00.000019919,1.0
1970-01-01 00:00:00.000019920,1.0
1970-01-01 00:00:00.000019921,1.0
1970-01-01 00:00:00.000019922,1.0
1970-01-01 00:00:00.000019923,1.0
1970-01-01 00:00:00.000019924,1.0
1970-01-01 00:00:00.000019925,1.0
1970-01-01 00:00:00.000019926,1.0
1970-01-01 00:00:00.000019927,1.0
1970-01-01 00:00:00.000019928,1.0
1970-01-01 00:00:00.000019929,1.0
1970-01-01 00:00:00.000019930,1.0
1970-01-01 00:00:00.000019931,1.0
1970-01-01 00:00:00.000019932,1.0
1970-01-01 00:00:00.000019933,1.0
1970-01-01 00:00:00.000019934,1.0
1970-01-01 00:00:00.000019935,1.0
1970-01-01 00:00:00.000019936,1.0
1970-01-01 00:00:00.000019937,1.0
1970-01-01 00:00:00.000019938,1.0
1970-01-01 00:00:00.000019939,1.0
1970-01-01 00:00:00.000019940,1.0
1970-01-01 00:00:00.000019941,1.0
1970-01-01 00:00:00.000019942,1.0
1970-01-01 00:00:00.000019943,1.0
1970-01-01 00:00:00.000019944,1.0
1970-01-01 00:00:00.000019945,1.0
1970-01-01 00:00:00.000019946,1.0
1970-01-01 00:00:00.000019947,1.0
1970-01-01 00:00:00.000019948,1.0
1970-01-01 00:00:00.000019949,1.0
1970-01-01 00:00:00.000019950,1.0
1970-01-01 00:00:00.000019951,1.0
1970-01-01 00:00:00.000019952,1.0
1970-01-01 00:00:00.000019953,1.0
1970-01-01 00:00:00.000019954,1.0
1970-01-01 00:00:00.000019955,1.0
1970-01-01 00:00:00.000019956,1.0
1970-01-01 00:00:00.000019957,1.0
1970-01-01 00:00:00.000019958,1.0
1970-01-01 00:00:00.000019959,1.0
1970-01-01 00:00:00.000019960,1.0
1970-01-01 00:00:00.000019961,1.0
1970-01-01 00:00:00.000019962,1.0
1970-01-01 00:00:00.000019963,1.0
1970-01-01 00:00:00.000019964,1.0
1970-01-01 00:00:00.000019965,1.0
1970-01-01 00:00:00.000019966,1.0
1970-01-01 00:00:00.000019967,1.0
1970-01-01 00:00:00.000019968,1.0
1970-01-01 00:00:00.000019969,1.0
1970-01-01 00:00:00.000019970,1.0
1970-01-01 00:00:00.000019971,1.0
1970-01-01 00:00:00.000019972,1.0
1970-01-01 00:00:00.000019973,1.0
1970-01-01 00:00:00.000019974,1.0
1970-01-01 00:00:00.000019975,1.0
1970-01-01 00:00:00.000019976,1.0
1970-01-01 00:00:00.000019977,1.0
1970-01-01 00:00:00.000019978,1.0
1970-01-01 00:00:00.000019979,1.0
1970-01-01 00:00:00.000019980,1.0
1970-01-01 00:00:00.000019981,1.0
1970-01-01 00:00:00.000019982,1.0
1970-01-01 00:00:00.000019983,1.0
1970-01-01 00:00:00.000019984,1.0
1970-01-01 00:00:00.000019985,1.0
1970-01-01 00:00:00.000019986,1.0
1970-01-01 00:00:00.000019987,1.0
1970-01-01 00:00:00.000019988,1.0
1970-01-01 00:00:00.000019989,1.0
1970-01-01 00:00:00.000019990,1.0
1970-01-01 00:00:00.000019991,1.0
1970-01-01 00:00:00.000019992,1.0
1970-01-01 00:00:00.000019993,1.0
1970-01-01 00:00:00.000019994,1.0
1970-01-01 00:00:00.000019995,1.0
1970-01-01 00:00:00.000019996,1.0
1970-01-01 00:00:00.000019997,1.0
1970-01-01 00:00:00.000019998,1.0
1970-01-01 00:00:00.000019999,1.0
1970-01-01 00:00:00.000020000,1.0
1970-01-01 00:00:00.000020001,1.0
1970-01-01 00:00:00.000020002,1.0
1970-01-01 00:00:00.000020003,1.0
1970-01-01 00:00:00.000020004,1.0
1970-01-01 00:00:00.000020005,1.0
1970-01-01 00:00:00.000020006,1.0
1970-01-01 00:00:00.000020007,1.0
1970-01-01 00:00:00.000020008,1.0
1970-01-01 00:00:00.000020009,1.0
1970-01-01 00:00:00.000020010,1.0
1970-01-01 00:00:00.000020011,1.0
1970-01-01 00:00:00.000020012,1.0
1970-01-01 00:00:00.000020013,1.0
1970-01-01 00:00:00.000020014,1.0
1970-01-01 00:00:00.000020015,1.0
1970-01-01 00:00:00.000020016,1.0
1970-01-01 00:00:00.000020017,1.0
1970-01-01 00:00:00.000020018,1.0
1970-01-01 00:00:00.000020019,1.0
1970-01-01 00:00:00.000020020,1.0
1970-01-01 00:00:00.000020021,1.0
1970-01-01 00:00:00.000020022,1.0
1970-01-01 00:00:00.000020023,1.0
1970-01-01 00:00:00.000020024,1.0
1970-01-01 00:00:00.000020025,1.0
1970-01-01 00:00:00.000020026,1.0
1970-01-01 00:00:00.000020027,1.0
1970-01-01 00:00:00.000020028,1.0
1970-01-01 00:00:00.000020029,1.0
1970-01-01 00:00:00.000020030,1.0
1970-01-01 00:00:00.000020031,1.0
1970-01-01 00:00:00.000020032,1.0
1970-01-01 00:00:00.000020033,1.0
1970-01-01 00:00:00.000020034,1.0
1970-01-01 00:00:00.000020035,1.0
1970-01-01 00:00:00.000020036,1.0
1970-01-01 00:00:00.000020037,1.0
1970-01-01 00:00:00.000020038,1.0
1970-01-01 00:00:00.000020039,1.0
1970-01-01 00:00:00.000020040,1.0
1970-01-01 00:00:00.000020041,1.0
1970-01-01 00:00:00.000020042,1.0
1970-01-01 00:00:00.000020043,1.0
1970-01-01 00:00:00.000020044,1.0
1970-01-01 00:00:00.000020045,1.0
1970-01-01 00:00:00.000020046,1.0
1970-01-01 00:00:00.000020047,1.0
1970-01-01 00:00:00.000020048,1.0
1970-01-01 00:00:00.000020049,1.0
1970-01-01 00:00:00.000020050,1.0
1970-01-01 00:00:00.000020051,1.0
1970-01-01 00:00:00.000020052,1.0
1970-01-01 00:00:00.000020053,1.0
1970-01-01 00:00:00.000020054,1.0
1970-01-01 00:00:00.000020055,1.0
1970-01-01 00:00:00.000020056,1.0
1970-01-01 00:00:00.000020057,1.0
1970-01-01 00:00:00.000020058,1.0
1970-01-01 00:00:00.000020059,1.0
1970-01-01 00:00:00.000020060,1.0
1970-01-01 00:00:00.000020061,1.0
1970-01-01 00:00:00.000020062,1.0
1970-01-01 00:00:00.000020063,1.0
1970-01-01 00:00:00.000020064,1.0
1970-01-01 00:00:00.000020065,1.0
1970-01-01 00:00:00.000020066,1.0
1970-01-01 00:00:00.000020067,1.0
1970-01-01 00:00:00.000020068,1.0
1970-01-01 00:00:00.000020069,1.0
1970-01-01 00:00:00.000020070,1.0
1970-01-01 00:00:00.000020071,1.0
1970-01-01 00:00:00.000020072,1.0
1970-01-01 00:00:00.000020073,1.0
1970-01-01 00:00:00.000020074,1.0
1970-01-01 00:00:00.000020075,1.0
1970-01-01 00:00:00.000020076,1.0
1970-01-01 00:00:00.000020077,1.0
1970-01-01 00:00:00.000020078,1.0
1970-01-01 00:00:00.000020079,1.0
1970-01-01 00:00:00.000020080,1.0
1970-01-01 00:00:00.000020081,1.0
1970-01-01 00:00:00.000020082,1.0
1970-01-01 00:00:00.000020083,1.0
1970-01-01 00:00:00.000020084,1.0
1970-01-01 00:00:00.000020085,1.0
1970-01-01 00:00:00.000020086,1.0
1970-01-01 00:00:00.000020087,1.0
1970-01-01 00:00:00.000020088,1.0
1970-01-01 00:00:00.000020089,1.0
1970-01-01 00:00:00.000020090,1.0
1970-01-01 00:00:00.000020091,1.0
1970-01-01 00:00:00.000020092,1.0
1970-01-01 00:00:00.000020093,1.0
1970-01-01 00:00:00.000020094,1.0
1970-01-01 00:00:00.000020095,1.0
1970-01-01 00:00:00.000020096,1.0
1970-01-01 00:00:00.000020097,1.0
1970-01-01 00:00:00.000020098,1.0
1970-01-01 00:00:00.000020099,1.0
1970-01-01 00:00:00.000020100,1.0
1970-01-01 00:00:00.000020101,1.0
1970-01-01 00:00:00.000020102,1.0
1970-01-01 00:00:00.000020103,1.0
1970-01-01 00:00:00.000020104,1.0
1970-01-01 00:00:00.000020105,1.0
1970-01-01 00:00:00.000020106,1.0
1970-01-01 00:00:00.000020107,1.0
1970-01-01 00:00:00.000020108,1.0
1970-01-01 00:00:00.000020109,1.0
1970-01-01 00:00:00.000020110,1.0
1970-01-01 00:00:00.000020111,1.0
1970-01-01 00:00:00.000020112,1.0
1970-01-01 00:00:00.000020113,1.0
1970-01-01 00:00:00.000020114,1.0
1970-01-01 00:00:00.000020115,1.0
1970-01-01 00:00:00.000020116,1.0
1970-01-01 00:00:00.000020117,1.0
1970-01-01 00:00:00.000020118,1.0
1970-01-01 00:00:00.000020119,1.0
1970-01-01 00:00:00.000020120,1.0
1970-01-01 00:00:00.000020121,1.0
1970-01-01 00:00:00.000020122,1.0
1970-01-01 00:00:00.000020123,1.0
1970-01-01 00:00:00.000020124,1.0
1970-01-01 00:00:00.000020125,1.0
1970-01-01 00:00:00.000020126,1.0
1970-01-01 00:00:00.000020127,1.0
1970-01-01 00:00:00.000020128,1.0
1970-01-01 00:00:00.000020129,1.0
1970-01-01 00:00:00.000020130,1.0
1970-01-01 00:00:00.000020131,1.0
1970-01-01 00:00:00.000020132,1.0
1970-01-01 00:00:00.000020133,1.0
1970-01-01 00:00:00.000020134,1.0
1970-01-01 00:00:00.000020135,1.0
1970-01-01 00:00:00.000020136,1.0
1970-01-01 00:00:00.000020137,1.0
1970-01-01 00:00:00.000020138,1.0
1970-01-01 00:00:00.000020139,1.0
1970-01-01 00:00:00.000020140,1.0
1970-01-01 00:00:00.000020141,1.0
1970-01-01 00:00:00.000020142,1.0
1970-01-01 00:00:00.000020143,1.0
1970-01-01 00:00:00.000020144,1.0
1970-01-01 00:00:00.000020145,1.0
1970-01-01 00:00:00.000020146,1.0
1970-01-01 00:00:00.000020147,1.0
1970-01-01 00:00:00.000020148,1.0
1970-01-01 00:00:00.000020149,1.0
1970-01-01 00:00:00.000020150,1.0
1970-01-01 00:00:00.000020151,1.0
1970-01-01 00:00:00.000020152,1.0
1970-01-01 00:00:00.000020153,1.0
1970-01-01 00:00:00.000020154,1.0
1970-01-01 00:00:00.000020155,1.0
1970-01-01 00:00:00.000020156,1.0
1970-01-01 00:00:00.000020157,1.0
1970-01-01 00:00:00.000020158,1.0
1970-01-01 00:00:00.000020159,1.0
1970-01-01 00:00:00.000020160,1.0
1970-01-01 00:00:00.000020161,1.0
1970-01-01 00:00:00.000020162,1.0
1970-01-01 00:00:00.000020163,1.0
1970-01-01 00:00:00.000020164,1.0
1970-01-01 00:00:00.000020165,1.0
1970-01-01 00:00:00.000020166,1.0
1970-01-01 00:00:00.000020167,1.0
1970-01-01 00:00:00.000020168,1.0
1970-01-01 00:00:00.000020169,1.0
1970-01-01 00:00:00.000020170,1.0
1970-01-01 00:00:00.000020171,1.0
1970-01-01 00:00:00.000020172,1.0
1970-01-01 00:00:00.000020173,1.0
1970-01-01 00:00:00.000020174,1.0
1970-01-01 00:00:00.000020175,1.0
1970-01-01 00:00:00.000020176,1.0
1970-01-01 00:00:00.000020177,1.0
1970-01-01 00:00:00.000020178,1.0
1970-01-01 00:00:00.000020179,1.0
1970-01-01 00:00:00.000020180,1.0
1970-01-01 00:00:00.000020181,1.0
1970-01-01 00:00:00.000020182,1.0
1970-01-01 00:00:00.000020183,1.0
1970-01-01 00:00:00.000020184,1.0
1970-01-01 00:00:00.000020185,1.0
1970-01-01 00:00:00.000020186,1.0
1970-01-01 00:00:00.000020187,1.0
1970-01-01 00:00:00.000020188,1.0
1970-01-01 00:00:00.000020189,1.0
1970-01-01 00:00:00.000020190,1.0
1970-01-01 00:00:00.000020191,1.0
1970-01-01 00:00:00.000020192,1.0
1970-01-01 00:00:00.000020193,1.0
1970-01-01 00:00:00.000020194,1.0
1970-01-01 00:00:00.000020195,1.0
1970-01-01 00:00:00.000020196,1.0
1970-01-01 00:00:00.000020197,1.0
1970-01-01 00:00:00.000020198,1.0
1970-01-01 00:00:00.000020199,1.0
1970-01-01 00:00:00.000020200,1.0
1970-01-01 00:00:00.000020201,1.0
1970-01-01 00:00:00.000020202,1.0
1970-01-01 00:00:00.000020203,1.0
1970-01-01 00:00:00.000020204,1.0
1970-01-01 00:00:00.000020205,1.0
1970-01-01 00:00:00.000020206,1.0
1970-01-01 00:00:00.000020207,1.0
1970-01-01 00:00:00.000020208,1.0
1970-01-01 00:00:00.000020209,1.0
1970-01-01 00:00:00.000020210,1.0
1970-01-01 00:00:00.000020211,1.0
1970-01-01 00:00:00.000020212,1.0
1970-01-01 00:00:00.000020213,1.0
1970-01-01 00:00:00.000020214,1.0
1970-01-01 00:00:00.000020215,1.0
1970-01-01 00:00:00.000020216,1.0
1970-01-01 00:00:00.000020217,1.0
1970-01-01 00:00:00.000020218,1.0
1970-01-01 00:00:00.000020219,1.0
1970-01-01 00:00:00.000020220,1.0
1970-01-01 00:00:00.000020221,1.0
1970-01-01 00:00:00.000020222,1.0
1970-01-01 00:00:00.000020223,1.0
1970-01-01 00:00:00.000020224,1.0
1970-01-01 00:00:00.000020225,1.0
1970-01-01 00:00:00.000020226,1.0
1970-01-01 00:00:00.000020227,1.0
1970-01-01 00:00:00.000020228,1.0
1970-01-01 00:00:00.000020229,1.0
1970-01-01 00:00:00.000020230,1.0
1970-01-01 00:00:00.000020231,1.0
1970-01-01 00:00:00.000020232,1.0
1970-01-01 00:00:00.000020233,1.0
1970-01-01 00:00:00.000020234,1.0
1970-01-01 00:00:00.000020235,1.0
1970-01-01 00:00:00.000020236,1.0
1970-01-01 00:00:00.000020237,1.0
1970-01-01 00:00:00.000020238,1.0
1970-01-01 00:00:00.000020239,1.0
1970-01-01 00:00:00.000020240,1.0
1970-01-01 00:00:00.000020241,1.0
1970-01-01 00:00:00.000020242,1.0
1970-01-01 00:00:00.000020243,1.0
1970-01-01 00:00:00.000020244,1.0
1970-01-01 00:00:00.000020245,1.0
1970-01-01 00:00:00.000020246,1.0
1970-01-01 00:00:00.000020247,1.0
1970-01-01 00:00:00.000020248,1.0
1970-01-01 00:00:00.000020249,1.0
1970-01-01 00:00:00.000020250,1.0
1970-01-01 00:00:00.000020251,1.0
1970-01-01 00:00:00.000020252,1.0
1970-01-01 00:00:00.000020253,1.0
1970-01-01 00:00:00.000020254,1.0
1970-01-01 00:00:00.000020255,1.0
1970-01-01 00:00:00.000020256,1.0
1970-01-01 00:00:00.000020257,1.0
1970-01-01 00:00:00.000020258,1.0
1970-01-01 00:00:00.000020259,1.0
1970-01-01 00:00:00.000020260,1.0
1970-01-01 00:00:00.000020261,1.0
1970-01-01 00:00:00.000020262,1.0
1970-01-01 00:00:00.000020263,1.0
1970-01-01 00:00:00.000020264,1.0
1970-01-01 00:00:00.000020265,1.0
1970-01-01 00:00:00.000020266,1.0
1970-01-01 00:00:00.000020267,1.0
1970-01-01 00:00:00.000020268,1.0
1970-01-01 00:00:00.000020269,1.0
1970-01-01 00:00:00.000020270,1.0
1970-01-01 00:00:00.000020271,1.0
1970-01-01 00:00:00.000020272,1.0
1970-01-01 00:00:00.000020273,1.0
1970-01-01 00:00:00.000020274,1.0
1970-01-01 00:00:00.000020275,1.0
1970-01-01 00:00:00.000020276,1.0
1970-01-01 00:00:00.000020277,1.0
1970-01-01 00:00:00.000020278,1.0
1970-01-01 00:00:00.000020279,1.0
1970-01-01 00:00:00.000020280,1.0
1970-01-01 00:00:00.000020281,1.0
1970-01-01 00:00:00.000020282,1.0
1970-01-01 00:00:00.000020283,1.0
1970-01-01 00:00:00.000020284,1.0
1970-01-01 00:00:00.000020285,1.0
1970-01-01 00:00:00.000020286,1.0
1970-01-01 00:00:00.000020287,1.0
1970-01-01 00:00:00.000020288,1.0
1970-01-01 00:00:00.000020289,1.0
1970-01-01 00:00:00.000020290,1.0
1970-01-01 00:00:00.000020291,1.0
1970-01-01 00:00:00.000020292,1.0
1970-01-01 00:00:00.000020293,1.0
1970-01-01 00:00:00.000020294,1.0
1970-01-01 00:00:00.000020295,1.0
1970-01-01 00:00:00.000020296,1.0
1970-01-01 00:00:00.000020297,1.0
1970-01-01 00:00:00.000020298,1.0
1970-01-01 00:00:00.000020299,1.0
1970-01-01 00:00:00.000020300,1.0
1970-01-01 00:00:00.000020301,1.0
1970-01-01 00:00:00.000020302,1.0
1970-01-01 00:00:00.000020303,1.0
1970-01-01 00:00:00.000020304,1.0
1970-01-01 00:00:00.000020305,1.0
1970-01-01 00:00:00.000020306,1.0
1970-01-01 00:00:00.000020307,1.0
1970-01-01 00:00:00.000020308,1.0
1970-01-01 00:00:00.000020309,1.0
1970-01-01 00:00:00.000020310,1.0
1970-01-01 00:00:00.000020311,1.0
1970-01-01 00:00:00.000020312,1.0
1970-01-01 00:00:00.000020313,1.0
1970-01-01 00:00:00.000020314,1.0
1970-01-01 00:00:00.000020315,1.0
1970-01-01 00:00:00.000020316,1.0
1970-01-01 00:00:00.000020317,1.0
1970-01-01 00:00:00.000020318,1.0
1970-01-01 00:00:00.000020319,1.0
1970-01-01 00:00:00.000020320,1.0
1970-01-01 00:00:00.000020321,1.0
1970-01-01 00:00:00.000020322,1.0
1970-01-01 00:00:00.000020323,1.0
1970-01-01 00:00:00.000020324,1.0
1970-01-01 00:00:00.000020325,1.0
1970-01-01 00:00:00.000020326,1.0
1970-01-01 00:00:00.000020327,1.0
1970-01-01 00:00:00.000020328,1.0
1970-01-01 00:00:00.000020329,1.0
1970-01-01 00:00:00.000020330,1.0
1970-01-01 00:00:00.000020331,1.0
1970-01-01 00:00:00.000020332,1.0
1970-01-01 00:00:00.000020333,1.0
1970-01-01 00:00:00.000020334,1.0
1970-01-01 00:00:00.000020335,1.0
1970-01-01 00:00:00.000020336,1.0
1970-01-01 00:00:00.000020337,1.0
1970-01-01 00:00:00.000020338,1.0
1970-01-01 00:00:00.000020339,1.0
1970-01-01 00:00:00.000020340,1.0
1970-01-01 00:00:00.000020341,1.0
1970-01-01 00:00:00.000020342,1.0
1970-01-01 00:00:00.000020343,1.0
1970-01-01 00:00:00.000020344,1.0
1970-01-01 00:00:00.000020345,1.0
1970-01-01 00:00:00.000020346,1.0
1970-01-01 00:00:00.000020347,1.0
1970-01-01 00:00:00.000020348,1.0
1970-01-01 00:00:00.000020349,1.0
1970-01-01 00:00:00.000020350,1.0
1970-01-01 00:00:00.000020351,1.0
1970-01-01 00:00:00.000020352,1.0
1970-01-01 00:00:00.000020353,1.0
1970-01-01 00:00:00.000020354,1.0
1970-01-01 00:00:00.000020355,1.0
1970-01-01 00:00:00.000020356,1.0
1970-01-01 00:00:00.000020357,1.0
1970-01-01 00:00:00.000020358,1.0
1970-01-01 00:00:00.000020359,1.0
1970-01-01 00:00:00.000020360,1.0
1970-01-01 00:00:00.000020361,1.0
1970-01-01 00:00:00.000020362,1.0
1970-01-01 00:00:00.000020363,1.0
1970-01-01 00:00:00.000020364,1.0
1970-01-01 00:00:00.000020365,1.0
1970-01-01 00:00:00.000020366,1.0
1970-01-01 00:00:00.000020367,1.0
1970-01-01 00:00:00.000020368,1.0
1970-01-01 00:00:00.000020369,1.0
1970-01-01 00:00:00.000020370,1.0
1970-01-01 00:00:00.000020371,1.0
1970-01-01 00:00:00.000020372,1.0
1970-01-01 00:00:00.000020373,1.0
1970-01-01 00:00:00.000020374,1.0
1970-01-01 00:00:00.000020375,1.0
1970-01-01 00:00:00.000020376,1.0
1970-01-01 00:00:00.000020377,1.0
1970-01-01 00:00:00.000020378,1.0
1970-01-01 00:00:00.000020379,1.0
1970-01-01 00:00:00.000020380,1.0
1970-01-01 00:00:00.000020381,1.0
1970-01-01 00:00:00.000020382,1.0
1970-01-01 00:00:00.000020383,1.0
1970-01-01 00:00:00.000020384,1.0
1970-01-01 00:00:00.000020385,1.0
1970-01-01 00:00:00.000020386,1.0
1970-01-01 00:00:00.000020387,1.0
1970-01-01 00:00:00.000020388,1.0
1970-01-01 00:00:00.000020389,1.0
1970-01-01 00:00:00.000020390,1.0
1970-01-01 00:00:00.000020391,1.0
1970-01-01 00:00:00.000020392,1.0
1970-01-01 00:00:00.000020393,1.0
1970-01-01 00:00:00.000020394,1.0
1970-01-01 00:00:00.000020395,1.0
1970-01-01 00:00:00.000020396,1.0
1970-01-01 00:00:00.000020397,1.0
1970-01-01 00:00:00.000020398,1.0
1970-01-01 00:00:00.000020399,1.0
1970-01-01 00:00:00.000020400,1.0
1970-01-01 00:00:00.000020401,1.0
1970-01-01 00:00:00.000020402,1.0
1970-01-01 00:00:00.000020403,1.0
1970-01-01 00:00:00.000020404,1.0
1970-01-01 00:00:00.000020405,1.0
1970-01-01 00:00:00.000020406,1.0
1970-01-01 00:00:00.000020407,1.0
1970-01-01 00:00:00.000020408,1.0
1970-01-01 00:00:00.000020409,1.0
1970-01-01 00:00:00.000020410,1.0
1970-01-01 00:00:00.000020411,1.0
1970-01-01 00:00:00.000020412,1.0
1970-01-01 00:00:00.000020413,1.0
1970-01-01 00:00:00.000020414,1.0
1970-01-01 00:00:00.000020415,1.0
1970-01-01 00:00:00.000020416,1.0
1970-01-01 00:00:00.000020417,1.0
1970-01-01 00:00:00.000020418,1.0
1970-01-01 00:00:00.000020419,1.0
1970-01-01 00:00:00.000020420,1.0
1970-01-01 00:00:00.000020421,1.0
1970-01-01 00:00:00.000020422,1.0
1970-01-01 00:00:00.000020423,1.0
1970-01-01 00:00:00.000020424,1.0
1970-01-01 00:00:00.000020425,1.0
1970-01-01 00:00:00.000020426,1.0
1970-01-01 00:00:00.000020427,1.0
1970-01-01 00:00:00.000020428,1.0
1970-01-01 00:00:00.000020429,1.0
1970-01-01 00:00:00.000020430,1.0
1970-01-01 00:00:00.000020431,1.0
1970-01-01 00:00:00.000020432,1.0
1970-01-01 00:00:00.000020433,1.0
1970-01-01 00:00:00.000020434,1.0
1970-01-01 00:00:00.000020435,1.0
1970-01-01 00:00:00.000020436,1.0
1970-01-01 00:00:00.000020437,1.0
1970-01-01 00:00:00.000020438,1.0
1970-01-01 00:00:00.000020439,1.0
1970-01-01 00:00:00.000020440,1.0
1970-01-01 00:00:00.000020441,1.0
1970-01-01 00:00:00.000020442,1.0
1970-01-01 00:00:00.000020443,1.0
1970-01-01 00:00:00.000020444,1.0
1970-01-01 00:00:00.000020445,1.0
1970-01-01 00:00:00.000020446,1.0
1970-01-01 00:00:00.000020447,1.0
1970-01-01 00:00:00.000020448,1.0
1970-01-01 00:00:00.000020449,1.0
1970-01-01 00:00:00.000020450,1.0
1970-01-01 00:00:00.000020451,1.0
1970-01-01 00:00:00.000020452,1.0
1970-01-01 00:00:00.000020453,1.0
1970-01-01 00:00:00.000020454,1.0
1970-01-01 00:00:00.000020455,1.0
1970-01-01 00:00:00.000020456,1.0
1970-01-01 00:00:00.000020457,1.0
1970-01-01 00:00:00.000020458,1.0
1970-01-01 00:00:00.000020459,1.0
1970-01-01 00:00:00.000020460,1.0
1970-01-01 00:00:00.000020461,1.0
1970-01-01 00:00:00.000020462,1.0
1970-01-01 00:00:00.000020463,1.0
1970-01-01 00:00:00.000020464,1.0
1970-01-01 00:00:00.000020465,1.0
1970-01-01 00:00:00.000020466,1.0
1970-01-01 00:00:00.000020467,1.0
1970-01-01 00:00:00.000020468,1.0
1970-01-01 00:00:00.000020469,1.0
1970-01-01 00:00:00.000020470,1.0
1970-01-01 00:00:00.000020471,1.0
1970-01-01 00:00:00.000020472,1.0
1970-01-01 00:00:00.000020473,1.0
1970-01-01 00:00:00.000020474,1.0
1970-01-01 00:00:00.000020475,1.0
1970-01-01 00:00:00.000020476,1.0
1970-01-01 00:00:00.000020477,1.0
1970-01-01 00:00:00.000020478,1.0
1970-01-01 00:00:00.000020479,1.0
1970-01-01 00:00:00.000020480,1.0
1970-01-01 00:00:00.000020481,1.0
1970-01-01 00:00:00.000020482,1.0
1970-01-01 00:00:00.000020483,1.0
1970-01-01 00:00:00.000020484,1.0
1970-01-01 00:00:00.000020485,1.0
1970-01-01 00:00:00.000020486,1.0
1970-01-01 00:00:00.000020487,1.0
1970-01-01 00:00:00.000020488,1.0
1970-01-01 00:00:00.000020489,1.0
1970-01-01 00:00:00.000020490,1.0
1970-01-01 00:00:00.000020491,1.0
1970-01-01 00:00:00.000020492,1.0
1970-01-01 00:00:00.000020493,1.0
1970-01-01 00:00:00.000020494,1.0
1970-01-01 00:00:00.000020495,1.0
1970-01-01 00:00:00.000020496,1.0
1970-01-01 00:00:00.000020497,1.0
1970-01-01 00:00:00.000020498,1.0
1970-01-01 00:00:00.000020499,1.0
1970-01-01 00:00:00.000020500,1.0
1970-01-01 00:00:00.000020501,1.0
1970-01-01 00:00:00.000020502,1.0
1970-01-01 00:00:00.000020503,1.0
1970-01-01 00:00:00.000020504,1.0
1970-01-01 00:00:00.000020505,1.0
1970-01-01 00:00:00.000020506,1.0
1970-01-01 00:00:00.000020507,1.0
1970-01-01 00:00:00.000020508,1.0
1970-01-01 00:00:00.000020509,1.0
1970-01-01 00:00:00.000020510,1.0
1970-01-01 00:00:00.000020511,1.0
1970-01-01 00:00:00.000020512,1.0
1970-01-01 00:00:00.000020513,1.0
1970-01-01 00:00:00.000020514,1.0
1970-01-01 00:00:00.000020515,1.0
1970-01-01 00:00:00.000020516,1.0
1970-01-01 00:00:00.000020517,1.0
1970-01-01 00:00:00.000020518,1.0
1970-01-01 00:00:00.000020519,1.0
1970-01-01 00:00:00.000020520,1.0
1970-01-01 00:00:00.000020521,1.0
1970-01-01 00:00:00.000020522,1.0
1970-01-01 00:00:00.000020523,1.0
1970-01-01 00:00:00.000020524,1.0
1970-01-01 00:00:00.000020525,1.0
1970-01-01 00:00:00.000020526,1.0
1970-01-01 00:00:00.000020527,1.0
1970-01-01 00:00:00.000020528,1.0
1970-01-01 00:00:00.000020529,1.0
1970-01-01 00:00:00.000020530,1.0
1970-01-01 00:00:00.000020531,1.0
1970-01-01 00:00:00.000020532,1.0
1970-01-01 00:00:00.000020533,1.0
1970-01-01 00:00:00.000020534,1.0
1970-01-01 00:00:00.000020535,1.0
1970-01-01 00:00:00.000020536,1.0
1970-01-01 00:00:00.000020537,1.0
1970-01-01 00:00:00.000020538,1.0
1970-01-01 00:00:00.000020539,1.0
1970-01-01 00:00:00.000020540,1.0
1970-01-01 00:00:00.000020541,1.0
1970-01-01 00:00:00.000020542,1.0
1970-01-01 00:00:00.000020543,1.0
1970-01-01 00:00:00.000020544,1.0
1970-01-01 00:00:00.000020545,1.0
1970-01-01 00:00:00.000020546,1.0
1970-01-01 00:00:00.000020547,1.0
1970-01-01 00:00:00.000020548,1.0
1970-01-01 00:00:00.000020549,1.0
1970-01-01 00:00:00.000020550,1.0
1970-01-01 00:00:00.000020551,1.0
1970-01-01 00:00:00.000020552,1.0
1970-01-01 00:00:00.000020553,1.0
1970-01-01 00:00:00.000020554,1.0
1970-01-01 00:00:00.000020555,1.0
1970-01-01 00:00:00.000020556,1.0
1970-01-01 00:00:00.000020557,1.0
1970-01-01 00:00:00.000020558,1.0
1970-01-01 00:00:00.000020559,1.0
1970-01-01 00:00:00.000020560,1.0
1970-01-01 00:00:00.000020561,1.0
1970-01-01 00:00:00.000020562,1.0
1970-01-01 00:00:00.000020563,1.0
1970-01-01 00:00:00.000020564,1.0
1970-01-01 00:00:00.000020565,1.0
1970-01-01 00:00:00.000020566,1.0
1970-01-01 00:00:00.000020567,1.0
1970-01-01 00:00:00.000020568,1.0
1970-01-01 00:00:00.000020569,1.0
1970-01-01 00:00:00.000020570,1.0
1970-01-01 00:00:00.000020571,1.0
1970-01-01 00:00:00.000020572,1.0
1970-01-01 00:00:00.000020573,1.0
1970-01-01 00:00:00.000020574,1.0
1970-01-01 00:00:00.000020575,1.0
1970-01-01 00:00:00.000020576,1.0
1970-01-01 00:00:00.000020577,1.0
1970-01-01 00:00:00.000020578,1.0
1970-01-01 00:00:00.000020579,1.0
1970-01-01 00:00:00.000020580,1.0
1970-01-01 00:00:00.000020581,1.0
1970-01-01 00:00:00.000020582,1.0
1970-01-01 00:00:00.000020583,1.0
1970-01-01 00:00:00.000020584,1.0
1970-01-01 00:00:00.000020585,1.0
1970-01-01 00:00:00.000020586,1.0
1970-01-01 00:00:00.000020587,1.0
1970-01-01 00:00:00.000020588,1.0
1970-01-01 00:00:00.000020589,1.0
1970-01-01 00:00:00.000020590,1.0
1970-01-01 00:00:00.000020591,1.0
1970-01-01 00:00:00.000020592,1.0
1970-01-01 00:00:00.000020593,1.0
1970-01-01 00:00:00.000020594,1.0
1970-01-01 00:00:00.000020595,1.0
1970-01-01 00:00:00.000020596,1.0
1970-01-01 00:00:00.000020597,1.0
1970-01-01 00:00:00.000020598,1.0
1970-01-01 00:00:00.000020599,1.0
1970-01-01 00:00:00.000020600,1.0
1970-01-01 00:00:00.000020601,1.0
1970-01-01 00:00:00.000020602,1.0
1970-01-01 00:00:00.000020603,1.0
1970-01-01 00:00:00.000020604,1.0
1970-01-01 00:00:00.000020605,1.0
1970-01-01 00:00:00.000020606,1.0
1970-01-01 00:00:00.000020607,1.0
1970-01-01 00:00:00.000020608,1.0
1970-01-01 00:00:00.000020609,1.0
1970-01-01 00:00:00.000020610,1.0
1970-01-01 00:00:00.000020611,1.0
1970-01-01 00:00:00.000020612,1.0
1970-01-01 00:00:00.000020613,1.0
1970-01-01 00:00:00.000020614,1.0
1970-01-01 00:00:00.000020615,1.0
1970-01-01 00:00:00.000020616,1.0
1970-01-01 00:00:00.000020617,1.0
1970-01-01 00:00:00.000020618,1.0
1970-01-01 00:00:00.000020619,1.0
1970-01-01 00:00:00.000020620,1.0
1970-01-01 00:00:00.000020621,1.0
1970-01-01 00:00:00.000020622,1.0
1970-01-01 00:00:00.000020623,1.0
1970-01-01 00:00:00.000020624,1.0
1970-01-01 00:00:00.000020625,1.0
1970-01-01 00:00:00.000020626,1.0
1970-01-01 00:00:00.000020627,1.0
1970-01-01 00:00:00.000020628,1.0
1970-01-01 00:00:00.000020629,1.0
1970-01-01 00:00:00.000020630,1.0
1970-01-01 00:00:00.000020631,1.0
1970-01-01 00:00:00.000020632,1.0
1970-01-01 00:00:00.000020633,1.0
1970-01-01 00:00:00.000020634,1.0
1970-01-01 00:00:00.000020635,1.0
1970-01-01 00:00:00.000020636,1.0
1970-01-01 00:00:00.000020637,1.0
1970-01-01 00:00:00.000020638,1.0
1970-01-01 00:00:00.000020639,1.0
1970-01-01 00:00:00.000020640,1.0
1970-01-01 00:00:00.000020641,1.0
1970-01-01 00:00:00.000020642,1.0
1970-01-01 00:00:00.000020643,1.0
1970-01-01 00:00:00.000020644,1.0
1970-01-01 00:00:00.000020645,1.0
1970-01-01 00:00:00.000020646,1.0
1970-01-01 00:00:00.000020647,1.0
1970-01-01 00:00:00.000020648,1.0
1970-01-01 00:00:00.000020649,1.0
1970-01-01 00:00:00.000020650,1.0
1970-01-01 00:00:00.000020651,1.0
1970-01-01 00:00:00.000020652,1.0
1970-01-01 00:00:00.000020653,1.0
1970-01-01 00:00:00.000020654,1.0
1970-01-01 00:00:00.000020655,1.0
1970-01-01 00:00:00.000020656,1.0
1970-01-01 00:00:00.000020657,1.0
1970-01-01 00:00:00.000020658,1.0
1970-01-01 00:00:00.000020659,1.0
1970-01-01 00:00:00.000020660,1.0
1970-01-01 00:00:00.000020661,1.0
1970-01-01 00:00:00.000020662,1.0
1970-01-01 00:00:00.000020663,1.0
1970-01-01 00:00:00.000020664,1.0
1970-01-01 00:00:00.000020665,1.0
1970-01-01 00:00:00.000020666,1.0
1970-01-01 00:00:00.000020667,1.0
1970-01-01 00:00:00.000020668,1.0
1970-01-01 00:00:00.000020669,1.0
1970-01-01 00:00:00.000020670,1.0
1970-01-01 00:00:00.000020671,1.0
1970-01-01 00:00:00.000020672,1.0
1970-01-01 00:00:00.000020673,1.0
1970-01-01 00:00:00.000020674,1.0
1970-01-01 00:00:00.000020675,1.0
1970-01-01 00:00:00.000020676,1.0
1970-01-01 00:00:00.000020677,1.0
1970-01-01 00:00:00.000020678,1.0
1970-01-01 00:00:00.000020679,1.0
1970-01-01 00:00:00.000020680,1.0
1970-01-01 00:00:00.000020681,1.0
1970-01-01 00:00:00.000020682,1.0
1970-01-01 00:00:00.000020683,1.0
1970-01-01 00:00:00.000020684,1.0
1970-01-01 00:00:00.000020685,1.0
1970-01-01 00:00:00.000020686,1.0
1970-01-01 00:00:00.000020687,1.0
1970-01-01 00:00:00.000020688,1.0
1970-01-01 00:00:00.000020689,1.0
1970-01-01 00:00:00.000020690,1.0
1970-01-01 00:00:00.000020691,1.0
1970-01-01 00:00:00.000020692,1.0
1970-01-01 00:00:00.000020693,1.0
1970-01-01 00:00:00.000020694,1.0
1970-01-01 00:00:00.000020695,1.0
1970-01-01 00:00:00.000020696,1.0
1970-01-01 00:00:00.000020697,1.0
1970-01-01 00:00:00.000020698,1.0
1970-01-01 00:00:00.000020699,1.0
1970-01-01 00:00:00.000020700,1.0
1970-01-01 00:00:00.000020701,1.0
1970-01-01 00:00:00.000020702,1.0
1970-01-01 00:00:00.000020703,1.0
1970-01-01 00:00:00.000020704,1.0
1970-01-01 00:00:00.000020705,1.0
1970-01-01 00:00:00.000020706,1.0
1970-01-01 00:00:00.000020707,1.0
1970-01-01 00:00:00.000020708,1.0
1970-01-01 00:00:00.000020709,1.0
1970-01-01 00:00:00.000020710,1.0
1970-01-01 00:00:00.000020711,1.0
1970-01-01 00:00:00.000020712,1.0
1970-01-01 00:00:00.000020713,1.0
1970-01-01 00:00:00.000020714,1.0
1970-01-01 00:00:00.000020715,1.0
1970-01-01 00:00:00.000020716,1.0
1970-01-01 00:00:00.000020717,1.0
1970-01-01 00:00:00.000020718,1.0
1970-01-01 00:00:00.000020719,1.0
1970-01-01 00:00:00.000020720,1.0
1970-01-01 00:00:00.000020721,1.0
1970-01-01 00:00:00.000020722,1.0
1970-01-01 00:00:00.000020723,1.0
1970-01-01 00:00:00.000020724,1.0
1970-01-01 00:00:00.000020725,1.0
1970-01-01 00:00:00.000020726,1.0
1970-01-01 00:00:00.000020727,1.0
1970-01-01 00:00:00.000020728,1.0
1970-01-01 00:00:00.000020729,1.0
1970-01-01 00:00:00.000020730,1.0
1970-01-01 00:00:00.000020731,1.0
1970-01-01 00:00:00.000020732,1.0
1970-01-01 00:00:00.000020733,1.0
1970-01-01 00:00:00.000020734,1.0
1970-01-01 00:00:00.000020735,1.0
1970-01-01 00:00:00.000020736,1.0
1970-01-01 00:00:00.000020737,1.0
1970-01-01 00:00:00.000020738,1.0
1970-01-01 00:00:00.000020739,1.0
1970-01-01 00:00:00.000020740,1.0
1970-01-01 00:00:00.000020741,1.0
1970-01-01 00:00:00.000020742,1.0
1970-01-01 00:00:00.000020743,1.0
1970-01-01 00:00:00.000020744,1.0
1970-01-01 00:00:00.000020745,1.0
1970-01-01 00:00:00.000020746,1.0
1970-01-01 00:00:00.000020747,1.0
1970-01-01 00:00:00.000020748,1.0
1970-01-01 00:00:00.000020749,1.0
1970-01-01 00:00:00.000020750,1.0
1970-01-01 00:00:00.000020751,1.0
1970-01-01 00:00:00.000020752,1.0
1970-01-01 00:00:00.000020753,1.0
1970-01-01 00:00:00.000020754,1.0
1970-01-01 00:00:00.000020755,1.0
1970-01-01 00:00:00.000020756,1.0
1970-01-01 00:00:00.000020757,1.0
1970-01-01 00:00:00.000020758,1.0
1970-01-01 00:00:00.000020759,1.0
1970-01-01 00:00:00.000020760,1.0
1970-01-01 00:00:00.000020761,1.0
1970-01-01 00:00:00.000020762,1.0
1970-01-01 00:00:00.000020763,1.0
1970-01-01 00:00:00.000020764,1.0
1970-01-01 00:00:00.000020765,1.0
1970-01-01 00:00:00.000020766,1.0
1970-01-01 00:00:00.000020767,1.0
1970-01-01 00:00:00.000020768,1.0
1970-01-01 00:00:00.000020769,1.0
1970-01-01 00:00:00.000020770,1.0
1970-01-01 00:00:00.000020771,1.0
1970-01-01 00:00:00.000020772,1.0
1970-01-01 00:00:00.000020773,1.0
1970-01-01 00:00:00.000020774,1.0
1970-01-01 00:00:00.000020775,1.0
1970-01-01 00:00:00.000020776,1.0
1970-01-01 00:00:00.000020777,1.0
1970-01-01 00:00:00.000020778,1.0
1970-01-01 00:00:00.000020779,1.0
1970-01-01 00:00:00.000020780,1.0
1970-01-01 00:00:00.000020781,1.0
1970-01-01 00:00:00.000020782,1.0
1970-01-01 00:00:00.000020783,1.0
1970-01-01 00:00:00.000020784,1.0
1970-01-01 00:00:00.000020785,1.0
1970-01-01 00:00:00.000020786,1.0
1970-01-01 00:00:00.000020787,1.0
1970-01-01 00:00:00.000020788,1.0
1970-01-01 00:00:00.000020789,1.0
1970-01-01 00:00:00.000020790,1.0
1970-01-01 00:00:00.000020791,1.0
1970-01-01 00:00:00.000020792,1.0
1970-01-01 00:00:00.000020793,1.0
1970-01-01 00:00:00.000020794,1.0
1970-01-01 00:00:00.000020795,1.0
1970-01-01 00:00:00.000020796,1.0
1970-01-01 00:00:00.000020797,1.0
1970-01-01 00:00:00.000020798,1.0
1970-01-01 00:00:00.000020799,1.0
1970-01-01 00:00:00.000020800,1.0
1970-01-01 00:00:00.000020801,1.0
1970-01-01 00:00:00.000020802,1.0
1970-01-01 00:00:00.000020803,1.0
1970-01-01 00:00:00.000020804,1.0
1970-01-01 00:00:00.000020805,1.0
1970-01-01 00:00:00.000020806,1.0
1970-01-01 00:00:00.000020807,1.0
1970-01-01 00:00:00.000020808,1.0
1970-01-01 00:00:00.000020809,1.0
1970-01-01 00:00:00.000020810,1.0
1970-01-01 00:00:00.000020811,1.0
1970-01-01 00:00:00.000020812,1.0
1970-01-01 00:00:00.000020813,1.0
1970-01-01 00:00:00.000020814,1.0
1970-01-01 00:00:00.000020815,1.0
1970-01-01 00:00:00.000020816,1.0
1970-01-01 00:00:00.000020817,1.0
1970-01-01 00:00:00.000020818,1.0
1970-01-01 00:00:00.000020819,1.0
1970-01-01 00:00:00.000020820,1.0
1970-01-01 00:00:00.000020821,1.0
1970-01-01 00:00:00.000020822,1.0
1970-01-01 00:00:00.000020823,1.0
1970-01-01 00:00:00.000020824,1.0
1970-01-01 00:00:00.000020825,1.0
1970-01-01 00:00:00.000020826,1.0
1970-01-01 00:00:00.000020827,1.0
1970-01-01 00:00:00.000020828,1.0
1970-01-01 00:00:00.000020829,1.0
1970-01-01 00:00:00.000020830,1.0
1970-01-01 00:00:00.000020831,1.0
1970-01-01 00:00:00.000020832,1.0
1970-01-01 00:00:00.000020833,1.0
1970-01-01 00:00:00.000020834,1.0
1970-01-01 00:00:00.000020835,1.0
1970-01-01 00:00:00.000020836,1.0
1970-01-01 00:00:00.000020837,1.0
1970-01-01 00:00:00.000020838,1.0
1970-01-01 00:00:00.000020839,1.0
1970-01-01 00:00:00.000020840,1.0
1970-01-01 00:00:00.000020841,1.0
1970-01-01 00:00:00.000020842,1.0
1970-01-01 00:00:00.000020843,1.0
1970-01-01 00:00:00.000020844,1.0
1970-01-01 00:00:00.000020845,1.0
1970-01-01 00:00:00.000020846,1.0
1970-01-01 00:00:00.000020847,1.0
1970-01-01 00:00:00.000020848,1.0
1970-01-01 00:00:00.000020849,1.0
1970-01-01 00:00:00.000020850,1.0
1970-01-01 00:00:00.000020851,1.0
1970-01-01 00:00:00.000020852,1.0
1970-01-01 00:00:00.000020853,1.0
1970-01-01 00:00:00.000020854,1.0
1970-01-01 00:00:00.000020855,1.0
1970-01-01 00:00:00.000020856,1.0
1970-01-01 00:00:00.000020857,1.0
1970-01-01 00:00:00.000020858,1.0
1970-01-01 00:00:00.000020859,1.0
1970-01-01 00:00:00.000020860,1.0
1970-01-01 00:00:00.000020861,1.0
1970-01-01 00:00:00.000020862,1.0
1970-01-01 00:00:00.000020863,1.0
1970-01-01 00:00:00.000020864,1.0
1970-01-01 00:00:00.000020865,1.0
1970-01-01 00:00:00.000020866,1.0
1970-01-01 00:00:00.000020867,1.0
1970-01-01 00:00:00.000020868,1.0
1970-01-01 00:00:00.000020869,1.0
1970-01-01 00:00:00.000020870,1.0
1970-01-01 00:00:00.000020871,1.0
1970-01-01 00:00:00.000020872,1.0
1970-01-01 00:00:00.000020873,1.0
1970-01-01 00:00:00.000020874,1.0
1970-01-01 00:00:00.000020875,1.0
1970-01-01 00:00:00.000020876,1.0
1970-01-01 00:00:00.000020877,1.0
1970-01-01 00:00:00.000020878,1.0
1970-01-01 00:00:00.000020879,1.0
1970-01-01 00:00:00.000020880,1.0
1970-01-01 00:00:00.000020881,1.0
1970-01-01 00:00:00.000020882,1.0
1970-01-01 00:00:00.000020883,1.0
1970-01-01 00:00:00.000020884,1.0
1970-01-01 00:00:00.000020885,1.0
1970-01-01 00:00:00.000020886,1.0
1970-01-01 00:00:00.000020887,1.0
1970-01-01 00:00:00.000020888,1.0
1970-01-01 00:00:00.000020889,1.0
1970-01-01 00:00:00.000020890,1.0
1970-01-01 00:00:00.000020891,1.0
1970-01-01 00:00:00.000020892,1.0
1970-01-01 00:00:00.000020893,1.0
1970-01-01 00:00:00.000020894,1.0
1970-01-01 00:00:00.000020895,1.0
1970-01-01 00:00:00.000020896,1.0
1970-01-01 00:00:00.000020897,1.0
1970-01-01 00:00:00.000020898,1.0
1970-01-01 00:00:00.000020899,1.0
1970-01-01 00:00:00.000020900,1.0
1970-01-01 00:00:00.000020901,1.0
1970-01-01 00:00:00.000020902,1.0
1970-01-01 00:00:00.000020903,1.0
1970-01-01 00:00:00.000020904,1.0
1970-01-01 00:00:00.000020905,1.0
1970-01-01 00:00:00.000020906,1.0
1970-01-01 00:00:00.000020907,1.0
1970-01-01 00:00:00.000020908,1.0
1970-01-01 00:00:00.000020909,1.0
1970-01-01 00:00:00.000020910,1.0
1970-01-01 00:00:00.000020911,1.0
1970-01-01 00:00:00.000020912,1.0
1970-01-01 00:00:00.000020913,1.0
1970-01-01 00:00:00.000020914,1.0
1970-01-01 00:00:00.000020915,1.0
1970-01-01 00:00:00.000020916,1.0
1970-01-01 00:00:00.000020917,1.0
1970-01-01 00:00:00.000020918,1.0
1970-01-01 00:00:00.000020919,1.0
1970-01-01 00:00:00.000020920,1.0
1970-01-01 00:00:00.000020921,1.0
1970-01-01 00:00:00.000020922,1.0
1970-01-01 00:00:00.000020923,1.0
1970-01-01 00:00:00.000020924,1.0
1970-01-01 00:00:00.000020925,1.0
1970-01-01 00:00:00.000020926,1.0
1970-01-01 00:00:00.000020927,1.0
1970-01-01 00:00:00.000020928,1.0
1970-01-01 00:00:00.000020929,1.0
1970-01-01 00:00:00.000020930,1.0
1970-01-01 00:00:00.000020931,1.0
1970-01-01 00:00:00.000020932,1.0
1970-01-01 00:00:00.000020933,1.0
1970-01-01 00:00:00.000020934,1.0
1970-01-01 00:00:00.000020935,1.0
1970-01-01 00:00:00.000020936,1.0
1970-01-01 00:00:00.000020937,1.0
1970-01-01 00:00:00.000020938,1.0
1970-01-01 00:00:00.000020939,1.0
1970-01-01 00:00:00.000020940,1.0
1970-01-01 00:00:00.000020941,1.0
1970-01-01 00:00:00.000020942,1.0
1970-01-01 00:00:00.000020943,1.0
1970-01-01 00:00:00.000020944,1.0
1970-01-01 00:00:00.000020945,1.0
1970-01-01 00:00:00.000020946,1.0
1970-01-01 00:00:00.000020947,1.0
1970-01-01 00:00:00.000020948,1.0
1970-01-01 00:00:00.000020949,1.0
1970-01-01 00:00:00.000020950,1.0
1970-01-01 00:00:00.000020951,1.0
1970-01-01 00:00:00.000020952,1.0
1970-01-01 00:00:00.000020953,1.0
1970-01-01 00:00:00.000020954,1.0
1970-01-01 00:00:00.000020955,1.0
1970-01-01 00:00:00.000020956,1.0
1970-01-01 00:00:00.000020957,1.0
1970-01-01 00:00:00.000020958,1.0
1970-01-01 00:00:00.000020959,1.0
1970-01-01 00:00:00.000020960,1.0
1970-01-01 00:00:00.000020961,1.0
1970-01-01 00:00:00.000020962,1.0
1970-01-01 00:00:00.000020963,1.0
1970-01-01 00:00:00.000020964,1.0
1970-01-01 00:00:00.000020965,1.0
1970-01-01 00:00:00.000020966,1.0
1970-01-01 00:00:00.000020967,1.0
1970-01-01 00:00:00.000020968,1.0
1970-01-01 00:00:00.000020969,1.0
1970-01-01 00:00:00.000020970,1.0
1970-01-01 00:00:00.000020971,1.0
1970-01-01 00:00:00.000020972,1.0
1970-01-01 00:00:00.000020973,1.0
1970-01-01 00:00:00.000020974,1.0
1970-01-01 00:00:00.000020975,1.0
1970-01-01 00:00:00.000020976,1.0
1970-01-01 00:00:00.000020977,1.0
1970-01-01 00:00:00.000020978,1.0
1970-01-01 00:00:00.000020979,1.0
1970-01-01 00:00:00.000020980,1.0
1970-01-01 00:00:00.000020981,1.0
1970-01-01 00:00:00.000020982,1.0
1970-01-01 00:00:00.000020983,1.0
1970-01-01 00:00:00.000020984,1.0
1970-01-01 00:00:00.000020985,1.0
1970-01-01 00:00:00.000020986,1.0
1970-01-01 00:00:00.000020987,1.0
1970-01-01 00:00:00.000020988,1.0
1970-01-01 00:00:00.000020989,1.0
1970-01-01 00:00:00.000020990,1.0
1970-01-01 00:00:00.000020991,1.0
1970-01-01 00:00:00.000020992,1.0
1970-01-01 00:00:00.000020993,1.0
1970-01-01 00:00:00.000020994,1.0
1970-01-01 00:00:00.000020995,1.0
1970-01-01 00:00:00.000020996,1.0
1970-01-01 00:00:00.000020997,1.0
1970-01-01 00:00:00.000020998,1.0
1970-01-01 00:00:00.000020999,1.0
1970-01-01 00:00:00.000021000,1.0
1970-01-01 00:00:00.000021001,1.0
1970-01-01 00:00:00.000021002,1.0
1970-01-01 00:00:00.000021003,1.0
1970-01-01 00:00:00.000021004,1.0
1970-01-01 00:00:00.000021005,1.0
1970-01-01 00:00:00.000021006,1.0
1970-01-01 00:00:00.000021007,1.0
1970-01-01 00:00:00.000021008,1.0
1970-01-01 00:00:00.000021009,1.0
1970-01-01 00:00:00.000021010,1.0
1970-01-01 00:00:00.000021011,1.0
1970-01-01 00:00:00.000021012,1.0
1970-01-01 00:00:00.000021013,1.0
1970-01-01 00:00:00.000021014,1.0
1970-01-01 00:00:00.000021015,1.0
1970-01-01 00:00:00.000021016,1.0
1970-01-01 00:00:00.000021017,1.0
1970-01-01 00:00:00.000021018,1.0
1970-01-01 00:00:00.000021019,1.0
1970-01-01 00:00:00.000021020,1.0
1970-01-01 00:00:00.000021021,1.0
1970-01-01 00:00:00.000021022,1.0
1970-01-01 00:00:00.000021023,1.0
1970-01-01 00:00:00.000021024,1.0
1970-01-01 00:00:00.000021025,1.0
1970-01-01 00:00:00.000021026,1.0
1970-01-01 00:00:00.000021027,1.0
1970-01-01 00:00:00.000021028,1.0
1970-01-01 00:00:00.000021029,1.0
1970-01-01 00:00:00.000021030,1.0
1970-01-01 00:00:00.000021031,1.0
1970-01-01 00:00:00.000021032,1.0
1970-01-01 00:00:00.000021033,1.0
1970-01-01 00:00:00.000021034,1.0
1970-01-01 00:00:00.000021035,1.0
1970-01-01 00:00:00.000021036,1.0
1970-01-01 00:00:00.000021037,1.0
1970-01-01 00:00:00.000021038,1.0
1970-01-01 00:00:00.000021039,1.0
1970-01-01 00:00:00.000021040,1.0
1970-01-01 00:00:00.000021041,1.0
1970-01-01 00:00:00.000021042,1.0
1970-01-01 00:00:00.000021043,1.0
1970-01-01 00:00:00.000021044,1.0
1970-01-01 00:00:00.000021045,1.0
1970-01-01 00:00:00.000021046,1.0
1970-01-01 00:00:00.000021047,1.0
1970-01-01 00:00:00.000021048,1.0
1970-01-01 00:00:00.000021049,1.0
1970-01-01 00:00:00.000021050,1.0
1970-01-01 00:00:00.000021051,1.0
1970-01-01 00:00:00.000021052,1.0
1970-01-01 00:00:00.000021053,1.0
1970-01-01 00:00:00.000021054,1.0
1970-01-01 00:00:00.000021055,1.0
1970-01-01 00:00:00.000021056,1.0
1970-01-01 00:00:00.000021057,1.0
1970-01-01 00:00:00.000021058,1.0
1970-01-01 00:00:00.000021059,1.0
1970-01-01 00:00:00.000021060,1.0
1970-01-01 00:00:00.000021061,1.0
1970-01-01 00:00:00.000021062,1.0
1970-01-01 00:00:00.000021063,1.0
1970-01-01 00:00:00.000021064,1.0
1970-01-01 00:00:00.000021065,1.0
1970-01-01 00:00:00.000021066,1.0
1970-01-01 00:00:00.000021067,1.0
1970-01-01 00:00:00.000021068,1.0
1970-01-01 00:00:00.000021069,1.0
1970-01-01 00:00:00.000021070,1.0
1970-01-01 00:00:00.000021071,1.0
1970-01-01 00:00:00.000021072,1.0
1970-01-01 00:00:00.000021073,1.0
1970-01-01 00:00:00.000021074,1.0
1970-01-01 00:00:00.000021075,1.0
1970-01-01 00:00:00.000021076,1.0
1970-01-01 00:00:00.000021077,1.0
1970-01-01 00:00:00.000021078,1.0
1970-01-01 00:00:00.000021079,1.0
1970-01-01 00:00:00.000021080,1.0
1970-01-01 00:00:00.000021081,1.0
1970-01-01 00:00:00.000021082,1.0
1970-01-01 00:00:00.000021083,1.0
1970-01-01 00:00:00.000021084,1.0
1970-01-01 00:00:00.000021085,1.0
1970-01-01 00:00:00.000021086,1.0
1970-01-01 00:00:00.000021087,1.0
1970-01-01 00:00:00.000021088,1.0
1970-01-01 00:00:00.000021089,1.0
1970-01-01 00:00:00.000021090,1.0
1970-01-01 00:00:00.000021091,1.0
1970-01-01 00:00:00.000021092,1.0
1970-01-01 00:00:00.000021093,1.0
1970-01-01 00:00:00.000021094,1.0
1970-01-01 00:00:00.000021095,1.0
1970-01-01 00:00:00.000021096,1.0
1970-01-01 00:00:00.000021097,1.0
1970-01-01 00:00:00.000021098,1.0
1970-01-01 00:00:00.000021099,1.0
1970-01-01 00:00:00.000021100,1.0
1970-01-01 00:00:00.000021101,1.0
1970-01-01 00:00:00.000021102,1.0
1970-01-01 00:00:00.000021103,1.0
1970-01-01 00:00:00.000021104,1.0
1970-01-01 00:00:00.000021105,1.0
1970-01-01 00:00:00.000021106,1.0
1970-01-01 00:00:00.000021107,1.0
1970-01-01 00:00:00.000021108,1.0
1970-01-01 00:00:00.000021109,1.0
1970-01-01 00:00:00.000021110,1.0
1970-01-01 00:00:00.000021111,1.0
1970-01-01 00:00:00.000021112,1.0
1970-01-01 00:00:00.000021113,1.0
1970-01-01 00:00:00.000021114,1.0
1970-01-01 00:00:00.000021115,1.0
1970-01-01 00:00:00.000021116,1.0
1970-01-01 00:00:00.000021117,1.0
1970-01-01 00:00:00.000021118,1.0
1970-01-01 00:00:00.000021119,1.0
1970-01-01 00:00:00.000021120,1.0
1970-01-01 00:00:00.000021121,1.0
1970-01-01 00:00:00.000021122,1.0
1970-01-01 00:00:00.000021123,1.0
1970-01-01 00:00:00.000021124,1.0
1970-01-01 00:00:00.000021125,1.0
1970-01-01 00:00:00.000021126,1.0
1970-01-01 00:00:00.000021127,1.0
1970-01-01 00:00:00.000021128,1.0
1970-01-01 00:00:00.000021129,1.0
1970-01-01 00:00:00.000021130,1.0
1970-01-01 00:00:00.000021131,1.0
1970-01-01 00:00:00.000021132,1.0
1970-01-01 00:00:00.000021133,1.0
1970-01-01 00:00:00.000021134,1.0
1970-01-01 00:00:00.000021135,1.0
1970-01-01 00:00:00.000021136,1.0
1970-01-01 00:00:00.000021137,1.0
1970-01-01 00:00:00.000021138,1.0
1970-01-01 00:00:00.000021139,1.0
1970-01-01 00:00:00.000021140,1.0
1970-01-01 00:00:00.000021141,1.0
1970-01-01 00:00:00.000021142,1.0
1970-01-01 00:00:00.000021143,1.0
1970-01-01 00:00:00.000021144,1.0
1970-01-01 00:00:00.000021145,1.0
1970-01-01 00:00:00.000021146,1.0
1970-01-01 00:00:00.000021147,1.0
1970-01-01 00:00:00.000021148,1.0
1970-01-01 00:00:00.000021149,1.0
1970-01-01 00:00:00.000021150,1.0
1970-01-01 00:00:00.000021151,1.0
1970-01-01 00:00:00.000021152,1.0
1970-01-01 00:00:00.000021153,1.0
1970-01-01 00:00:00.000021154,1.0
1970-01-01 00:00:00.000021155,1.0
1970-01-01 00:00:00.000021156,1.0
1970-01-01 00:00:00.000021157,1.0
1970-01-01 00:00:00.000021158,1.0
1970-01-01 00:00:00.000021159,1.0
1970-01-01 00:00:00.000021160,1.0
1970-01-01 00:00:00.000021161,1.0
1970-01-01 00:00:00.000021162,1.0
1970-01-01 00:00:00.000021163,1.0
1970-01-01 00:00:00.000021164,1.0
1970-01-01 00:00:00.000021165,1.0
1970-01-01 00:00:00.000021166,1.0
1970-01-01 00:00:00.000021167,1.0
1970-01-01 00:00:00.000021168,1.0
1970-01-01 00:00:00.000021169,1.0
1970-01-01 00:00:00.000021170,1.0
1970-01-01 00:00:00.000021171,1.0
1970-01-01 00:00:00.000021172,1.0
1970-01-01 00:00:00.000021173,1.0
1970-01-01 00:00:00.000021174,1.0
1970-01-01 00:00:00.000021175,1.0
1970-01-01 00:00:00.000021176,1.0
1970-01-01 00:00:00.000021177,1.0
1970-01-01 00:00:00.000021178,1.0
1970-01-01 00:00:00.000021179,1.0
1970-01-01 00:00:00.000021180,1.0
1970-01-01 00:00:00.000021181,1.0
1970-01-01 00:00:00.000021182,1.0
1970-01-01 00:00:00.000021183,1.0
1970-01-01 00:00:00.000021184,1.0
1970-01-01 00:00:00.000021185,1.0
1970-01-01 00:00:00.000021186,1.0
1970-01-01 00:00:00.000021187,1.0
1970-01-01 00:00:00.000021188,1.0
1970-01-01 00:00:00.000021189,1.0
1970-01-01 00:00:00.000021190,1.0
1970-01-01 00:00:00.000021191,1.0
1970-01-01 00:00:00.000021192,1.0
1970-01-01 00:00:00.000021193,1.0
1970-01-01 00:00:00.000021194,1.0
1970-01-01 00:00:00.000021195,1.0
1970-01-01 00:00:00.000021196,1.0
1970-01-01 00:00:00.000021197,1.0
1970-01-01 00:00:00.000021198,1.0
1970-01-01 00:00:00.000021199,1.0
1970-01-01 00:00:00.000021200,1.0
1970-01-01 00:00:00.000021201,1.0
1970-01-01 00:00:00.000021202,1.0
1970-01-01 00:00:00.000021203,1.0
1970-01-01 00:00:00.000021204,1.0
1970-01-01 00:00:00.000021205,1.0
1970-01-01 00:00:00.000021206,1.0
1970-01-01 00:00:00.000021207,1.0
1970-01-01 00:00:00.000021208,1.0
1970-01-01 00:00:00.000021209,1.0
1970-01-01 00:00:00.000021210,1.0
1970-01-01 00:00:00.000021211,1.0
1970-01-01 00:00:00.000021212,1.0
1970-01-01 00:00:00.000021213,1.0
1970-01-01 00:00:00.000021214,1.0
1970-01-01 00:00:00.000021215,1.0
1970-01-01 00:00:00.000021216,1.0
1970-01-01 00:00:00.000021217,1.0
1970-01-01 00:00:00.000021218,1.0
1970-01-01 00:00:00.000021219,1.0
1970-01-01 00:00:00.000021220,1.0
1970-01-01 00:00:00.000021221,1.0
1970-01-01 00:00:00.000021222,1.0
1970-01-01 00:00:00.000021223,1.0
1970-01-01 00:00:00.000021224,1.0
1970-01-01 00:00:00.000021225,1.0
1970-01-01 00:00:00.000021226,1.0
1970-01-01 00:00:00.000021227,1.0
1970-01-01 00:00:00.000021228,1.0
1970-01-01 00:00:00.000021229,1.0
1970-01-01 00:00:00.000021230,1.0
1970-01-01 00:00:00.000021231,1.0
1970-01-01 00:00:00.000021232,1.0
1970-01-01 00:00:00.000021233,1.0
1970-01-01 00:00:00.000021234,1.0
1970-01-01 00:00:00.000021235,1.0
1970-01-01 00:00:00.000021236,1.0
1970-01-01 00:00:00.000021237,1.0
1970-01-01 00:00:00.000021238,1.0
1970-01-01 00:00:00.000021239,1.0
1970-01-01 00:00:00.000021240,1.0
1970-01-01 00:00:00.000021241,1.0
1970-01-01 00:00:00.000021242,1.0
1970-01-01 00:00:00.000021243,1.0
1970-01-01 00:00:00.000021244,1.0
1970-01-01 00:00:00.000021245,1.0
1970-01-01 00:00:00.000021246,1.0
1970-01-01 00:00:00.000021247,1.0
1970-01-01 00:00:00.000021248,1.0
1970-01-01 00:00:00.000021249,1.0
1970-01-01 00:00:00.000021250,1.0
1970-01-01 00:00:00.000021251,1.0
1970-01-01 00:00:00.000021252,1.0
1970-01-01 00:00:00.000021253,1.0
1970-01-01 00:00:00.000021254,1.0
1970-01-01 00:00:00.000021255,1.0
1970-01-01 00:00:00.000021256,1.0
1970-01-01 00:00:00.000021257,1.0
1970-01-01 00:00:00.000021258,1.0
1970-01-01 00:00:00.000021259,1.0
1970-01-01 00:00:00.000021260,1.0
1970-01-01 00:00:00.000021261,1.0
1970-01-01 00:00:00.000021262,1.0
1970-01-01 00:00:00.000021263,1.0
1970-01-01 00:00:00.000021264,1.0
1970-01-01 00:00:00.000021265,1.0
1970-01-01 00:00:00.000021266,1.0
1970-01-01 00:00:00.000021267,1.0
1970-01-01 00:00:00.000021268,1.0
1970-01-01 00:00:00.000021269,1.0
1970-01-01 00:00:00.000021270,1.0
1970-01-01 00:00:00.000021271,1.0
1970-01-01 00:00:00.000021272,1.0
1970-01-01 00:00:00.000021273,1.0
1970-01-01 00:00:00.000021274,1.0
1970-01-01 00:00:00.000021275,1.0
1970-01-01 00:00:00.000021276,1.0
1970-01-01 00:00:00.000021277,1.0
1970-01-01 00:00:00.000021278,1.0
1970-01-01 00:00:00.000021279,1.0
1970-01-01 00:00:00.000021280,1.0
1970-01-01 00:00:00.000021281,1.0
1970-01-01 00:00:00.000021282,1.0
1970-01-01 00:00:00.000021283,1.0
1970-01-01 00:00:00.000021284,1.0
1970-01-01 00:00:00.000021285,1.0
1970-01-01 00:00:00.000021286,1.0
1970-01-01 00:00:00.000021287,1.0
1970-01-01 00:00:00.000021288,1.0
1970-01-01 00:00:00.000021289,1.0
1970-01-01 00:00:00.000021290,1.0
1970-01-01 00:00:00.000021291,1.0
1970-01-01 00:00:00.000021292,1.0
1970-01-01 00:00:00.000021293,1.0
1970-01-01 00:00:00.000021294,1.0
1970-01-01 00:00:00.000021295,1.0
1970-01-01 00:00:00.000021296,1.0
1970-01-01 00:00:00.000021297,1.0
1970-01-01 00:00:00.000021298,1.0
1970-01-01 00:00:00.000021299,1.0
1970-01-01 00:00:00.000021300,1.0
1970-01-01 00:00:00.000021301,1.0
1970-01-01 00:00:00.000021302,1.0
1970-01-01 00:00:00.000021303,1.0
1970-01-01 00:00:00.000021304,1.0
1970-01-01 00:00:00.000021305,1.0
1970-01-01 00:00:00.000021306,1.0
1970-01-01 00:00:00.000021307,1.0
1970-01-01 00:00:00.000021308,1.0
1970-01-01 00:00:00.000021309,1.0
1970-01-01 00:00:00.000021310,1.0
1970-01-01 00:00:00.000021311,1.0
1970-01-01 00:00:00.000021312,1.0
1970-01-01 00:00:00.000021313,1.0
1970-01-01 00:00:00.000021314,1.0
1970-01-01 00:00:00.000021315,1.0
1970-01-01 00:00:00.000021316,1.0
1970-01-01 00:00:00.000021317,1.0
1970-01-01 00:00:00.000021318,1.0
1970-01-01 00:00:00.000021319,1.0
1970-01-01 00:00:00.000021320,1.0
1970-01-01 00:00:00.000021321,1.0
1970-01-01 00:00:00.000021322,1.0
1970-01-01 00:00:00.000021323,1.0
1970-01-01 00:00:00.000021324,1.0
1970-01-01 00:00:00.000021325,1.0
1970-01-01 00:00:00.000021326,1.0
1970-01-01 00:00:00.000021327,1.0
1970-01-01 00:00:00.000021328,1.0
1970-01-01 00:00:00.000021329,1.0
1970-01-01 00:00:00.000021330,1.0
1970-01-01 00:00:00.000021331,1.0
1970-01-01 00:00:00.000021332,1.0
1970-01-01 00:00:00.000021333,1.0
1970-01-01 00:00:00.000021334,1.0
1970-01-01 00:00:00.000021335,1.0
1970-01-01 00:00:00.000021336,1.0
1970-01-01 00:00:00.000021337,1.0
1970-01-01 00:00:00.000021338,1.0
1970-01-01 00:00:00.000021339,1.0
1970-01-01 00:00:00.000021340,1.0
1970-01-01 00:00:00.000021341,1.0
1970-01-01 00:00:00.000021342,1.0
1970-01-01 00:00:00.000021343,1.0
1970-01-01 00:00:00.000021344,1.0
1970-01-01 00:00:00.000021345,1.0
1970-01-01 00:00:00.000021346,1.0
1970-01-01 00:00:00.000021347,1.0
1970-01-01 00:00:00.000021348,1.0
1970-01-01 00:00:00.000021349,1.0
1970-01-01 00:00:00.000021350,1.0
1970-01-01 00:00:00.000021351,1.0
1970-01-01 00:00:00.000021352,1.0
1970-01-01 00:00:00.000021353,1.0
1970-01-01 00:00:00.000021354,1.0
1970-01-01 00:00:00.000021355,1.0
1970-01-01 00:00:00.000021356,1.0
1970-01-01 00:00:00.000021357,1.0
1970-01-01 00:00:00.000021358,1.0
1970-01-01 00:00:00.000021359,1.0
1970-01-01 00:00:00.000021360,1.0
1970-01-01 00:00:00.000021361,1.0
1970-01-01 00:00:00.000021362,1.0
1970-01-01 00:00:00.000021363,1.0
1970-01-01 00:00:00.000021364,1.0
1970-01-01 00:00:00.000021365,1.0
1970-01-01 00:00:00.000021366,1.0
1970-01-01 00:00:00.000021367,1.0
1970-01-01 00:00:00.000021368,1.0
1970-01-01 00:00:00.000021369,1.0
1970-01-01 00:00:00.000021370,1.0
1970-01-01 00:00:00.000021371,1.0
1970-01-01 00:00:00.000021372,1.0
1970-01-01 00:00:00.000021373,1.0
1970-01-01 00:00:00.000021374,1.0
1970-01-01 00:00:00.000021375,1.0
1970-01-01 00:00:00.000021376,1.0
1970-01-01 00:00:00.000021377,1.0
1970-01-01 00:00:00.000021378,1.0
1970-01-01 00:00:00.000021379,1.0
1970-01-01 00:00:00.000021380,1.0
1970-01-01 00:00:00.000021381,1.0
1970-01-01 00:00:00.000021382,1.0
1970-01-01 00:00:00.000021383,1.0
1970-01-01 00:00:00.000021384,1.0
1970-01-01 00:00:00.000021385,1.0
1970-01-01 00:00:00.000021386,1.0
1970-01-01 00:00:00.000021387,1.0
1970-01-01 00:00:00.000021388,1.0
1970-01-01 00:00:00.000021389,1.0
1970-01-01 00:00:00.000021390,1.0
1970-01-01 00:00:00.000021391,1.0
1970-01-01 00:00:00.000021392,1.0
1970-01-01 00:00:00.000021393,1.0
1970-01-01 00:00:00.000021394,1.0
1970-01-01 00:00:00.000021395,1.0
1970-01-01 00:00:00.000021396,1.0
1970-01-01 00:00:00.000021397,1.0
1970-01-01 00:00:00.000021398,1.0
1970-01-01 00:00:00.000021399,1.0
1970-01-01 00:00:00.000021400,1.0
1970-01-01 00:00:00.000021401,1.0
1970-01-01 00:00:00.000021402,1.0
1970-01-01 00:00:00.000021403,1.0
1970-01-01 00:00:00.000021404,1.0
1970-01-01 00:00:00.000021405,1.0
1970-01-01 00:00:00.000021406,1.0
1970-01-01 00:00:00.000021407,1.0
1970-01-01 00:00:00.000021408,1.0
1970-01-01 00:00:00.000021409,1.0
1970-01-01 00:00:00.000021410,1.0
1970-01-01 00:00:00.000021411,1.0
1970-01-01 00:00:00.000021412,1.0
1970-01-01 00:00:00.000021413,1.0
1970-01-01 00:00:00.000021414,1.0
1970-01-01 00:00:00.000021415,1.0
1970-01-01 00:00:00.000021416,1.0
1970-01-01 00:00:00.000021417,1.0
1970-01-01 00:00:00.000021418,1.0
1970-01-01 00:00:00.000021419,1.0
1970-01-01 00:00:00.000021420,1.0
1970-01-01 00:00:00.000021421,1.0
1970-01-01 00:00:00.000021422,1.0
1970-01-01 00:00:00.000021423,1.0
1970-01-01 00:00:00.000021424,1.0
1970-01-01 00:00:00.000021425,1.0
1970-01-01 00:00:00.000021426,1.0
1970-01-01 00:00:00.000021427,1.0
1970-01-01 00:00:00.000021428,1.0
1970-01-01 00:00:00.000021429,1.0
1970-01-01 00:00:00.000021430,1.0
1970-01-01 00:00:00.000021431,1.0
1970-01-01 00:00:00.000021432,1.0
1970-01-01 00:00:00.000021433,1.0
1970-01-01 00:00:00.000021434,1.0
1970-01-01 00:00:00.000021435,1.0
1970-01-01 00:00:00.000021436,1.0
1970-01-01 00:00:00.000021437,1.0
1970-01-01 00:00:00.000021438,1.0
1970-01-01 00:00:00.000021439,1.0
1970-01-01 00:00:00.000021440,1.0
1970-01-01 00:00:00.000021441,1.0
1970-01-01 00:00:00.000021442,1.0
1970-01-01 00:00:00.000021443,1.0
1970-01-01 00:00:00.000021444,1.0
1970-01-01 00:00:00.000021445,1.0
1970-01-01 00:00:00.000021446,1.0
1970-01-01 00:00:00.000021447,1.0
1970-01-01 00:00:00.000021448,1.0
1970-01-01 00:00:00.000021449,1.0
1970-01-01 00:00:00.000021450,1.0
1970-01-01 00:00:00.000021451,1.0
1970-01-01 00:00:00.000021452,1.0
1970-01-01 00:00:00.000021453,1.0
1970-01-01 00:00:00.000021454,1.0
1970-01-01 00:00:00.000021455,1.0
1970-01-01 00:00:00.000021456,1.0
1970-01-01 00:00:00.000021457,1.0
1970-01-01 00:00:00.000021458,1.0
1970-01-01 00:00:00.000021459,1.0
1970-01-01 00:00:00.000021460,1.0
1970-01-01 00:00:00.000021461,1.0
1970-01-01 00:00:00.000021462,1.0
1970-01-01 00:00:00.000021463,1.0
1970-01-01 00:00:00.000021464,1.0
1970-01-01 00:00:00.000021465,1.0
1970-01-01 00:00:00.000021466,1.0
1970-01-01 00:00:00.000021467,1.0
1970-01-01 00:00:00.000021468,1.0
1970-01-01 00:00:00.000021469,1.0
1970-01-01 00:00:00.000021470,1.0
1970-01-01 00:00:00.000021471,1.0
1970-01-01 00:00:00.000021472,1.0
1970-01-01 00:00:00.000021473,1.0
1970-01-01 00:00:00.000021474,1.0
1970-01-01 00:00:00.000021475,1.0
1970-01-01 00:00:00.000021476,1.0
1970-01-01 00:00:00.000021477,1.0
1970-01-01 00:00:00.000021478,1.0
1970-01-01 00:00:00.000021479,1.0
1970-01-01 00:00:00.000021480,1.0
1970-01-01 00:00:00.000021481,1.0
1970-01-01 00:00:00.000021482,1.0
1970-01-01 00:00:00.000021483,1.0
1970-01-01 00:00:00.000021484,1.0
1970-01-01 00:00:00.000021485,1.0
1970-01-01 00:00:00.000021486,1.0
1970-01-01 00:00:00.000021487,1.0
1970-01-01 00:00:00.000021488,1.0
1970-01-01 00:00:00.000021489,1.0
1970-01-01 00:00:00.000021490,1.0
1970-01-01 00:00:00.000021491,1.0
1970-01-01 00:00:00.000021492,1.0
1970-01-01 00:00:00.000021493,1.0
1970-01-01 00:00:00.000021494,1.0
1970-01-01 00:00:00.000021495,1.0
1970-01-01 00:00:00.000021496,1.0
1970-01-01 00:00:00.000021497,1.0
1970-01-01 00:00:00.000021498,1.0
1970-01-01 00:00:00.000021499,1.0
1970-01-01 00:00:00.000021500,1.0
1970-01-01 00:00:00.000021501,1.0
1970-01-01 00:00:00.000021502,1.0
1970-01-01 00:00:00.000021503,1.0
1970-01-01 00:00:00.000021504,1.0
1970-01-01 00:00:00.000021505,1.0
1970-01-01 00:00:00.000021506,1.0
1970-01-01 00:00:00.000021507,1.0
1970-01-01 00:00:00.000021508,1.0
1970-01-01 00:00:00.000021509,1.0
1970-01-01 00:00:00.000021510,1.0
1970-01-01 00:00:00.000021511,1.0
1970-01-01 00:00:00.000021512,1.0
1970-01-01 00:00:00.000021513,1.0
1970-01-01 00:00:00.000021514,1.0
1970-01-01 00:00:00.000021515,1.0
1970-01-01 00:00:00.000021516,1.0
1970-01-01 00:00:00.000021517,1.0
1970-01-01 00:00:00.000021518,1.0
1970-01-01 00:00:00.000021519,1.0
1970-01-01 00:00:00.000021520,1.0
1970-01-01 00:00:00.000021521,1.0
1970-01-01 00:00:00.000021522,1.0
1970-01-01 00:00:00.000021523,1.0
1970-01-01 00:00:00.000021524,1.0
1970-01-01 00:00:00.000021525,1.0
1970-01-01 00:00:00.000021526,1.0
1970-01-01 00:00:00.000021527,1.0
1970-01-01 00:00:00.000021528,1.0
1970-01-01 00:00:00.000021529,1.0
1970-01-01 00:00:00.000021530,1.0
1970-01-01 00:00:00.000021531,1.0
1970-01-01 00:00:00.000021532,1.0
1970-01-01 00:00:00.000021533,1.0
1970-01-01 00:00:00.000021534,1.0
1970-01-01 00:00:00.000021535,1.0
1970-01-01 00:00:00.000021536,1.0
1970-01-01 00:00:00.000021537,1.0
1970-01-01 00:00:00.000021538,1.0
1970-01-01 00:00:00.000021539,1.0
1970-01-01 00:00:00.000021540,1.0
1970-01-01 00:00:00.000021541,1.0
1970-01-01 00:00:00.000021542,1.0
1970-01-01 00:00:00.000021543,1.0
1970-01-01 00:00:00.000021544,1.0
1970-01-01 00:00:00.000021545,1.0
1970-01-01 00:00:00.000021546,1.0
1970-01-01 00:00:00.000021547,1.0
1970-01-01 00:00:00.000021548,1.0
1970-01-01 00:00:00.000021549,1.0
1970-01-01 00:00:00.000021550,1.0
1970-01-01 00:00:00.000021551,1.0
1970-01-01 00:00:00.000021552,1.0
1970-01-01 00:00:00.000021553,1.0
1970-01-01 00:00:00.000021554,1.0
1970-01-01 00:00:00.000021555,1.0
1970-01-01 00:00:00.000021556,1.0
1970-01-01 00:00:00.000021557,1.0
1970-01-01 00:00:00.000021558,1.0
1970-01-01 00:00:00.000021559,1.0
1970-01-01 00:00:00.000021560,1.0
1970-01-01 00:00:00.000021561,1.0
1970-01-01 00:00:00.000021562,1.0
1970-01-01 00:00:00.000021563,1.0
1970-01-01 00:00:00.000021564,1.0
1970-01-01 00:00:00.000021565,1.0
1970-01-01 00:00:00.000021566,1.0
1970-01-01 00:00:00.000021567,1.0
1970-01-01 00:00:00.000021568,1.0
1970-01-01 00:00:00.000021569,1.0
1970-01-01 00:00:00.000021570,1.0
1970-01-01 00:00:00.000021571,1.0
1970-01-01 00:00:00.000021572,1.0
1970-01-01 00:00:00.000021573,1.0
1970-01-01 00:00:00.000021574,1.0
1970-01-01 00:00:00.000021575,1.0
1970-01-01 00:00:00.000021576,1.0
1970-01-01 00:00:00.000021577,1.0
1970-01-01 00:00:00.000021578,1.0
1970-01-01 00:00:00.000021579,1.0
1970-01-01 00:00:00.000021580,1.0
1970-01-01 00:00:00.000021581,1.0
1970-01-01 00:00:00.000021582,1.0
1970-01-01 00:00:00.000021583,1.0
1970-01-01 00:00:00.000021584,1.0
1970-01-01 00:00:00.000021585,1.0
1970-01-01 00:00:00.000021586,1.0
1970-01-01 00:00:00.000021587,1.0
1970-01-01 00:00:00.000021588,1.0
1970-01-01 00:00:00.000021589,1.0
1970-01-01 00:00:00.000021590,1.0
1970-01-01 00:00:00.000021591,1.0
1970-01-01 00:00:00.000021592,1.0
1970-01-01 00:00:00.000021593,1.0
1970-01-01 00:00:00.000021594,1.0
1970-01-01 00:00:00.000021595,1.0
1970-01-01 00:00:00.000021596,1.0
1970-01-01 00:00:00.000021597,1.0
1970-01-01 00:00:00.000021598,1.0
1970-01-01 00:00:00.000021599,1.0
1970-01-01 00:00:00.000021600,1.0
1970-01-01 00:00:00.000021601,1.0
1970-01-01 00:00:00.000021602,1.0
1970-01-01 00:00:00.000021603,1.0
1970-01-01 00:00:00.000021604,1.0
1970-01-01 00:00:00.000021605,1.0
1970-01-01 00:00:00.000021606,1.0
1970-01-01 00:00:00.000021607,1.0
1970-01-01 00:00:00.000021608,1.0
1970-01-01 00:00:00.000021609,1.0
1970-01-01 00:00:00.000021610,1.0
1970-01-01 00:00:00.000021611,1.0
1970-01-01 00:00:00.000021612,1.0
1970-01-01 00:00:00.000021613,1.0
1970-01-01 00:00:00.000021614,1.0
1970-01-01 00:00:00.000021615,1.0
1970-01-01 00:00:00.000021616,1.0
1970-01-01 00:00:00.000021617,1.0
1970-01-01 00:00:00.000021618,1.0
1970-01-01 00:00:00.000021619,1.0
1970-01-01 00:00:00.000021620,1.0
1970-01-01 00:00:00.000021621,1.0
1970-01-01 00:00:00.000021622,1.0
1970-01-01 00:00:00.000021623,1.0
1970-01-01 00:00:00.000021624,1.0
1970-01-01 00:00:00.000021625,1.0
1970-01-01 00:00:00.000021626,1.0
1970-01-01 00:00:00.000021627,1.0
1970-01-01 00:00:00.000021628,1.0
1970-01-01 00:00:00.000021629,1.0
1970-01-01 00:00:00.000021630,1.0
1970-01-01 00:00:00.000021631,1.0
1970-01-01 00:00:00.000021632,1.0
1970-01-01 00:00:00.000021633,1.0
1970-01-01 00:00:00.000021634,1.0
1970-01-01 00:00:00.000021635,1.0
1970-01-01 00:00:00.000021636,1.0
1970-01-01 00:00:00.000021637,1.0
1970-01-01 00:00:00.000021638,1.0
1970-01-01 00:00:00.000021639,1.0
1970-01-01 00:00:00.000021640,1.0
1970-01-01 00:00:00.000021641,1.0
1970-01-01 00:00:00.000021642,1.0
1970-01-01 00:00:00.000021643,1.0
1970-01-01 00:00:00.000021644,1.0
1970-01-01 00:00:00.000021645,1.0
1970-01-01 00:00:00.000021646,1.0
1970-01-01 00:00:00.000021647,1.0
1970-01-01 00:00:00.000021648,1.0
1970-01-01 00:00:00.000021649,1.0
1970-01-01 00:00:00.000021650,1.0
1970-01-01 00:00:00.000021651,1.0
1970-01-01 00:00:00.000021652,1.0
1970-01-01 00:00:00.000021653,1.0
1970-01-01 00:00:00.000021654,1.0
1970-01-01 00:00:00.000021655,1.0
1970-01-01 00:00:00.000021656,1.0
1970-01-01 00:00:00.000021657,1.0
1970-01-01 00:00:00.000021658,1.0
1970-01-01 00:00:00.000021659,1.0
1970-01-01 00:00:00.000021660,1.0
1970-01-01 00:00:00.000021661,1.0
1970-01-01 00:00:00.000021662,1.0
1970-01-01 00:00:00.000021663,1.0
1970-01-01 00:00:00.000021664,1.0
1970-01-01 00:00:00.000021665,1.0
1970-01-01 00:00:00.000021666,1.0
1970-01-01 00:00:00.000021667,1.0
1970-01-01 00:00:00.000021668,1.0
1970-01-01 00:00:00.000021669,1.0
1970-01-01 00:00:00.000021670,1.0
1970-01-01 00:00:00.000021671,1.0
1970-01-01 00:00:00.000021672,1.0
1970-01-01 00:00:00.000021673,1.0
1970-01-01 00:00:00.000021674,1.0
1970-01-01 00:00:00.000021675,1.0
1970-01-01 00:00:00.000021676,1.0
1970-01-01 00:00:00.000021677,1.0
1970-01-01 00:00:00.000021678,1.0
1970-01-01 00:00:00.000021679,1.0
1970-01-01 00:00:00.000021680,1.0
1970-01-01 00:00:00.000021681,1.0
1970-01-01 00:00:00.000021682,1.0
1970-01-01 00:00:00.000021683,1.0
1970-01-01 00:00:00.000021684,1.0
1970-01-01 00:00:00.000021685,1.0
1970-01-01 00:00:00.000021686,1.0
1970-01-01 00:00:00.000021687,1.0
1970-01-01 00:00:00.000021688,1.0
1970-01-01 00:00:00.000021689,1.0
1970-01-01 00:00:00.000021690,1.0
1970-01-01 00:00:00.000021691,1.0
1970-01-01 00:00:00.000021692,1.0
1970-01-01 00:00:00.000021693,1.0
1970-01-01 00:00:00.000021694,1.0
1970-01-01 00:00:00.000021695,1.0
1970-01-01 00:00:00.000021696,1.0
1970-01-01 00:00:00.000021697,1.0
1970-01-01 00:00:00.000021698,1.0
1970-01-01 00:00:00.000021699,1.0
1970-01-01 00:00:00.000021700,1.0
1970-01-01 00:00:00.000021701,1.0
1970-01-01 00:00:00.000021702,1.0
1970-01-01 00:00:00.000021703,1.0
1970-01-01 00:00:00.000021704,1.0
1970-01-01 00:00:00.000021705,1.0
1970-01-01 00:00:00.000021706,1.0
1970-01-01 00:00:00.000021707,1.0
1970-01-01 00:00:00.000021708,1.0
1970-01-01 00:00:00.000021709,1.0
1970-01-01 00:00:00.000021710,1.0
1970-01-01 00:00:00.000021711,1.0
1970-01-01 00:00:00.000021712,1.0
1970-01-01 00:00:00.000021713,1.0
1970-01-01 00:00:00.000021714,1.0
1970-01-01 00:00:00.000021715,1.0
1970-01-01 00:00:00.000021716,1.0
1970-01-01 00:00:00.000021717,1.0
1970-01-01 00:00:00.000021718,1.0
1970-01-01 00:00:00.000021719,1.0
1970-01-01 00:00:00.000021720,1.0
1970-01-01 00:00:00.000021721,1.0
1970-01-01 00:00:00.000021722,1.0
1970-01-01 00:00:00.000021723,1.0
1970-01-01 00:00:00.000021724,1.0
1970-01-01 00:00:00.000021725,1.0
1970-01-01 00:00:00.000021726,1.0
1970-01-01 00:00:00.000021727,1.0
1970-01-01 00:00:00.000021728,1.0
1970-01-01 00:00:00.000021729,1.0
1970-01-01 00:00:00.000021730,1.0
1970-01-01 00:00:00.000021731,1.0
1970-01-01 00:00:00.000021732,1.0
1970-01-01 00:00:00.000021733,1.0
1970-01-01 00:00:00.000021734,1.0
1970-01-01 00:00:00.000021735,1.0
1970-01-01 00:00:00.000021736,1.0
1970-01-01 00:00:00.000021737,1.0
1970-01-01 00:00:00.000021738,1.0
1970-01-01 00:00:00.000021739,1.0
1970-01-01 00:00:00.000021740,1.0
1970-01-01 00:00:00.000021741,1.0
1970-01-01 00:00:00.000021742,1.0
1970-01-01 00:00:00.000021743,1.0
1970-01-01 00:00:00.000021744,1.0
1970-01-01 00:00:00.000021745,1.0
1970-01-01 00:00:00.000021746,1.0
1970-01-01 00:00:00.000021747,1.0
1970-01-01 00:00:00.000021748,1.0
1970-01-01 00:00:00.000021749,1.0
1970-01-01 00:00:00.000021750,1.0
1970-01-01 00:00:00.000021751,1.0
1970-01-01 00:00:00.000021752,1.0
1970-01-01 00:00:00.000021753,1.0
1970-01-01 00:00:00.000021754,1.0
1970-01-01 00:00:00.000021755,1.0
1970-01-01 00:00:00.000021756,1.0
1970-01-01 00:00:00.000021757,1.0
1970-01-01 00:00:00.000021758,1.0
1970-01-01 00:00:00.000021759,1.0
1970-01-01 00:00:00.000021760,1.0
1970-01-01 00:00:00.000021761,1.0
1970-01-01 00:00:00.000021762,1.0
1970-01-01 00:00:00.000021763,1.0
1970-01-01 00:00:00.000021764,1.0
1970-01-01 00:00:00.000021765,1.0
1970-01-01 00:00:00.000021766,1.0
1970-01-01 00:00:00.000021767,1.0
1970-01-01 00:00:00.000021768,1.0
1970-01-01 00:00:00.000021769,1.0
1970-01-01 00:00:00.000021770,1.0
1970-01-01 00:00:00.000021771,1.0
1970-01-01 00:00:00.000021772,1.0
1970-01-01 00:00:00.000021773,1.0
1970-01-01 00:00:00.000021774,1.0
1970-01-01 00:00:00.000021775,1.0
1970-01-01 00:00:00.000021776,1.0
1970-01-01 00:00:00.000021777,1.0
1970-01-01 00:00:00.000021778,1.0
1970-01-01 00:00:00.000021779,1.0
1970-01-01 00:00:00.000021780,1.0
1970-01-01 00:00:00.000021781,1.0
1970-01-01 00:00:00.000021782,1.0
1970-01-01 00:00:00.000021783,1.0
1970-01-01 00:00:00.000021784,1.0
1970-01-01 00:00:00.000021785,1.0
1970-01-01 00:00:00.000021786,1.0
1970-01-01 00:00:00.000021787,1.0
1970-01-01 00:00:00.000021788,1.0
1970-01-01 00:00:00.000021789,1.0
1970-01-01 00:00:00.000021790,1.0
1970-01-01 00:00:00.000021791,1.0
1970-01-01 00:00:00.000021792,1.0
1970-01-01 00:00:00.000021793,1.0
1970-01-01 00:00:00.000021794,1.0
1970-01-01 00:00:00.000021795,1.0
1970-01-01 00:00:00.000021796,1.0
1970-01-01 00:00:00.000021797,1.0
1970-01-01 00:00:00.000021798,1.0
1970-01-01 00:00:00.000021799,1.0
1970-01-01 00:00:00.000021800,1.0
1970-01-01 00:00:00.000021801,1.0
1970-01-01 00:00:00.000021802,1.0
1970-01-01 00:00:00.000021803,1.0
1970-01-01 00:00:00.000021804,1.0
1970-01-01 00:00:00.000021805,1.0
1970-01-01 00:00:00.000021806,1.0
1970-01-01 00:00:00.000021807,1.0
1970-01-01 00:00:00.000021808,1.0
1970-01-01 00:00:00.000021809,1.0
1970-01-01 00:00:00.000021810,1.0
1970-01-01 00:00:00.000021811,1.0
1970-01-01 00:00:00.000021812,1.0
1970-01-01 00:00:00.000021813,1.0
1970-01-01 00:00:00.000021814,1.0
1970-01-01 00:00:00.000021815,1.0
1970-01-01 00:00:00.000021816,1.0
1970-01-01 00:00:00.000021817,1.0
1970-01-01 00:00:00.000021818,1.0
1970-01-01 00:00:00.000021819,1.0
1970-01-01 00:00:00.000021820,1.0
1970-01-01 00:00:00.000021821,1.0
1970-01-01 00:00:00.000021822,1.0
1970-01-01 00:00:00.000021823,1.0
1970-01-01 00:00:00.000021824,1.0
1970-01-01 00:00:00.000021825,1.0
1970-01-01 00:00:00.000021826,1.0
1970-01-01 00:00:00.000021827,1.0
1970-01-01 00:00:00.000021828,1.0
1970-01-01 00:00:00.000021829,1.0
1970-01-01 00:00:00.000021830,1.0
1970-01-01 00:00:00.000021831,1.0
1970-01-01 00:00:00.000021832,1.0
1970-01-01 00:00:00.000021833,1.0
1970-01-01 00:00:00.000021834,1.0
1970-01-01 00:00:00.000021835,1.0
1970-01-01 00:00:00.000021836,1.0
1970-01-01 00:00:00.000021837,1.0
1970-01-01 00:00:00.000021838,1.0
1970-01-01 00:00:00.000021839,1.0
1970-01-01 00:00:00.000021840,1.0
1970-01-01 00:00:00.000021841,1.0
1970-01-01 00:00:00.000021842,1.0
1970-01-01 00:00:00.000021843,1.0
1970-01-01 00:00:00.000021844,1.0
1970-01-01 00:00:00.000021845,1.0
1970-01-01 00:00:00.000021846,1.0
1970-01-01 00:00:00.000021847,1.0
1970-01-01 00:00:00.000021848,1.0
1970-01-01 00:00:00.000021849,1.0
1970-01-01 00:00:00.000021850,1.0
1970-01-01 00:00:00.000021851,1.0
1970-01-01 00:00:00.000021852,1.0
1970-01-01 00:00:00.000021853,1.0
1970-01-01 00:00:00.000021854,1.0
1970-01-01 00:00:00.000021855,1.0
1970-01-01 00:00:00.000021856,1.0
1970-01-01 00:00:00.000021857,1.0
1970-01-01 00:00:00.000021858,1.0
1970-01-01 00:00:00.000021859,1.0
1970-01-01 00:00:00.000021860,1.0
1970-01-01 00:00:00.000021861,1.0
1970-01-01 00:00:00.000021862,1.0
1970-01-01 00:00:00.000021863,1.0
1970-01-01 00:00:00.000021864,1.0
1970-01-01 00:00:00.000021865,1.0
1970-01-01 00:00:00.000021866,1.0
1970-01-01 00:00:00.000021867,1.0
1970-01-01 00:00:00.000021868,1.0
1970-01-01 00:00:00.000021869,1.0
1970-01-01 00:00:00.000021870,1.0
1970-01-01 00:00:00.000021871,1.0
1970-01-01 00:00:00.000021872,1.0
1970-01-01 00:00:00.000021873,1.0
1970-01-01 00:00:00.000021874,1.0
1970-01-01 00:00:00.000021875,1.0
1970-01-01 00:00:00.000021876,1.0
1970-01-01 00:00:00.000021877,1.0
1970-01-01 00:00:00.000021878,1.0
1970-01-01 00:00:00.000021879,1.0
1970-01-01 00:00:00.000021880,1.0
1970-01-01 00:00:00.000021881,1.0
1970-01-01 00:00:00.000021882,1.0
1970-01-01 00:00:00.000021883,1.0
1970-01-01 00:00:00.000021884,1.0
1970-01-01 00:00:00.000021885,1.0
1970-01-01 00:00:00.000021886,1.0
1970-01-01 00:00:00.000021887,1.0
1970-01-01 00:00:00.000021888,1.0
1970-01-01 00:00:00.000021889,1.0
1970-01-01 00:00:00.000021890,1.0
1970-01-01 00:00:00.000021891,1.0
1970-01-01 00:00:00.000021892,1.0
1970-01-01 00:00:00.000021893,1.0
1970-01-01 00:00:00.000021894,1.0
1970-01-01 00:00:00.000021895,1.0
1970-01-01 00:00:00.000021896,1.0
1970-01-01 00:00:00.000021897,1.0
1970-01-01 00:00:00.000021898,1.0
1970-01-01 00:00:00.000021899,1.0
1970-01-01 00:00:00.000021900,1.0
1970-01-01 00:00:00.000021901,1.0
1970-01-01 00:00:00.000021902,1.0
1970-01-01 00:00:00.000021903,1.0
1970-01-01 00:00:00.000021904,1.0
1970-01-01 00:00:00.000021905,1.0
1970-01-01 00:00:00.000021906,1.0
1970-01-01 00:00:00.000021907,1.0
1970-01-01 00:00:00.000021908,1.0
1970-01-01 00:00:00.000021909,1.0
1970-01-01 00:00:00.000021910,1.0
1970-01-01 00:00:00.000021911,1.0
1970-01-01 00:00:00.000021912,1.0
1970-01-01 00:00:00.000021913,1.0
1970-01-01 00:00:00.000021914,1.0
1970-01-01 00:00:00.000021915,1.0
1970-01-01 00:00:00.000021916,1.0
1970-01-01 00:00:00.000021917,1.0
1970-01-01 00:00:00.000021918,1.0
1970-01-01 00:00:00.000021919,1.0
1970-01-01 00:00:00.000021920,1.0
1970-01-01 00:00:00.000021921,1.0
1970-01-01 00:00:00.000021922,1.0
1970-01-01 00:00:00.000021923,1.0
1970-01-01 00:00:00.000021924,1.0
1970-01-01 00:00:00.000021925,1.0
1970-01-01 00:00:00.000021926,1.0
1970-01-01 00:00:00.000021927,1.0
1970-01-01 00:00:00.000021928,1.0
1970-01-01 00:00:00.000021929,1.0
1970-01-01 00:00:00.000021930,1.0
1970-01-01 00:00:00.000021931,1.0
1970-01-01 00:00:00.000021932,1.0
1970-01-01 00:00:00.000021933,1.0
1970-01-01 00:00:00.000021934,1.0
1970-01-01 00:00:00.000021935,1.0
1970-01-01 00:00:00.000021936,1.0
1970-01-01 00:00:00.000021937,1.0
1970-01-01 00:00:00.000021938,1.0
1970-01-01 00:00:00.000021939,1.0
1970-01-01 00:00:00.000021940,1.0
1970-01-01 00:00:00.000021941,1.0
1970-01-01 00:00:00.000021942,1.0
1970-01-01 00:00:00.000021943,1.0
1970-01-01 00:00:00.000021944,1.0
1970-01-01 00:00:00.000021945,1.0
1970-01-01 00:00:00.000021946,1.0
1970-01-01 00:00:00.000021947,1.0
1970-01-01 00:00:00.000021948,1.0
1970-01-01 00:00:00.000021949,1.0
1970-01-01 00:00:00.000021950,1.0
1970-01-01 00:00:00.000021951,1.0
1970-01-01 00:00:00.000021952,1.0
1970-01-01 00:00:00.000021953,1.0
1970-01-01 00:00:00.000021954,1.0
1970-01-01 00:00:00.000021955,1.0
1970-01-01 00:00:00.000021956,1.0
1970-01-01 00:00:00.000021957,1.0
1970-01-01 00:00:00.000021958,1.0
1970-01-01 00:00:00.000021959,1.0
1970-01-01 00:00:00.000021960,1.0
1970-01-01 00:00:00.000021961,1.0
1970-01-01 00:00:00.000021962,1.0
1970-01-01 00:00:00.000021963,1.0
1970-01-01 00:00:00.000021964,1.0
1970-01-01 00:00:00.000021965,1.0
1970-01-01 00:00:00.000021966,1.0
1970-01-01 00:00:00.000021967,1.0
1970-01-01 00:00:00.000021968,1.0
1970-01-01 00:00:00.000021969,1.0
1970-01-01 00:00:00.000021970,1.0
1970-01-01 00:00:00.000021971,1.0
1970-01-01 00:00:00.000021972,1.0
1970-01-01 00:00:00.000021973,1.0
1970-01-01 00:00:00.000021974,1.0
1970-01-01 00:00:00.000021975,1.0
1970-01-01 00:00:00.000021976,1.0
1970-01-01 00:00:00.000021977,1.0
1970-01-01 00:00:00.000021978,1.0
1970-01-01 00:00:00.000021979,1.0
1970-01-01 00:00:00.000021980,1.0
1970-01-01 00:00:00.000021981,1.0
1970-01-01 00:00:00.000021982,1.0
1970-01-01 00:00:00.000021983,1.0
1970-01-01 00:00:00.000021984,1.0
1970-01-01 00:00:00.000021985,1.0
1970-01-01 00:00:00.000021986,1.0
1970-01-01 00:00:00.000021987,1.0
1970-01-01 00:00:00.000021988,1.0
1970-01-01 00:00:00.000021989,1.0
1970-01-01 00:00:00.000021990,1.0
1970-01-01 00:00:00.000021991,1.0
1970-01-01 00:00:00.000021992,1.0
1970-01-01 00:00:00.000021993,1.0
1970-01-01 00:00:00.000021994,1.0
1970-01-01 00:00:00.000021995,1.0
1970-01-01 00:00:00.000021996,1.0
1970-01-01 00:00:00.000021997,1.0
1970-01-01 00:00:00.000021998,1.0
1970-01-01 00:00:00.000021999,1.0
1970-01-01 00:00:00.000022000,1.0
1970-01-01 00:00:00.000022001,1.0
1970-01-01 00:00:00.000022002,1.0
1970-01-01 00:00:00.000022003,1.0
1970-01-01 00:00:00.000022004,1.0
1970-01-01 00:00:00.000022005,1.0
1970-01-01 00:00:00.000022006,1.0
1970-01-01 00:00:00.000022007,1.0
1970-01-01 00:00:00.000022008,1.0
1970-01-01 00:00:00.000022009,1.0
1970-01-01 00:00:00.000022010,1.0
1970-01-01 00:00:00.000022011,1.0
1970-01-01 00:00:00.000022012,1.0
1970-01-01 00:00:00.000022013,1.0
1970-01-01 00:00:00.000022014,1.0
1970-01-01 00:00:00.000022015,1.0
1970-01-01 00:00:00.000022016,1.0
1970-01-01 00:00:00.000022017,1.0
1970-01-01 00:00:00.000022018,1.0
1970-01-01 00:00:00.000022019,1.0
1970-01-01 00:00:00.000022020,1.0
1970-01-01 00:00:00.000022021,1.0
1970-01-01 00:00:00.000022022,1.0
1970-01-01 00:00:00.000022023,1.0
1970-01-01 00:00:00.000022024,1.0
1970-01-01 00:00:00.000022025,1.0
1970-01-01 00:00:00.000022026,1.0
1970-01-01 00:00:00.000022027,1.0
1970-01-01 00:00:00.000022028,1.0
1970-01-01 00:00:00.000022029,1.0
1970-01-01 00:00:00.000022030,1.0
1970-01-01 00:00:00.000022031,1.0
1970-01-01 00:00:00.000022032,1.0
1970-01-01 00:00:00.000022033,1.0
1970-01-01 00:00:00.000022034,1.0
1970-01-01 00:00:00.000022035,1.0
1970-01-01 00:00:00.000022036,1.0
1970-01-01 00:00:00.000022037,1.0
1970-01-01 00:00:00.000022038,1.0
1970-01-01 00:00:00.000022039,1.0
1970-01-01 00:00:00.000022040,1.0
1970-01-01 00:00:00.000022041,1.0
1970-01-01 00:00:00.000022042,1.0
1970-01-01 00:00:00.000022043,1.0
1970-01-01 00:00:00.000022044,1.0
1970-01-01 00:00:00.000022045,1.0
1970-01-01 00:00:00.000022046,1.0
1970-01-01 00:00:00.000022047,1.0
1970-01-01 00:00:00.000022048,1.0
1970-01-01 00:00:00.000022049,1.0
1970-01-01 00:00:00.000022050,1.0
1970-01-01 00:00:00.000022051,1.0
1970-01-01 00:00:00.000022052,1.0
1970-01-01 00:00:00.000022053,1.0
1970-01-01 00:00:00.000022054,1.0
1970-01-01 00:00:00.000022055,1.0
1970-01-01 00:00:00.000022056,1.0
1970-01-01 00:00:00.000022057,1.0
1970-01-01 00:00:00.000022058,1.0
1970-01-01 00:00:00.000022059,1.0
1970-01-01 00:00:00.000022060,1.0
1970-01-01 00:00:00.000022061,1.0
1970-01-01 00:00:00.000022062,1.0
1970-01-01 00:00:00.000022063,1.0
1970-01-01 00:00:00.000022064,1.0
1970-01-01 00:00:00.000022065,1.0
1970-01-01 00:00:00.000022066,1.0
1970-01-01 00:00:00.000022067,1.0
1970-01-01 00:00:00.000022068,1.0
1970-01-01 00:00:00.000022069,1.0
1970-01-01 00:00:00.000022070,1.0
1970-01-01 00:00:00.000022071,1.0
1970-01-01 00:00:00.000022072,1.0
1970-01-01 00:00:00.000022073,1.0
1970-01-01 00:00:00.000022074,1.0
1970-01-01 00:00:00.000022075,1.0
1970-01-01 00:00:00.000022076,1.0
1970-01-01 00:00:00.000022077,1.0
1970-01-01 00:00:00.000022078,1.0
1970-01-01 00:00:00.000022079,1.0
1970-01-01 00:00:00.000022080,1.0
1970-01-01 00:00:00.000022081,1.0
1970-01-01 00:00:00.000022082,1.0
1970-01-01 00:00:00.000022083,1.0
1970-01-01 00:00:00.000022084,1.0
1970-01-01 00:00:00.000022085,1.0
1970-01-01 00:00:00.000022086,1.0
1970-01-01 00:00:00.000022087,1.0
1970-01-01 00:00:00.000022088,1.0
1970-01-01 00:00:00.000022089,1.0
1970-01-01 00:00:00.000022090,1.0
1970-01-01 00:00:00.000022091,1.0
1970-01-01 00:00:00.000022092,1.0
1970-01-01 00:00:00.000022093,1.0
1970-01-01 00:00:00.000022094,1.0
1970-01-01 00:00:00.000022095,1.0
1970-01-01 00:00:00.000022096,1.0
1970-01-01 00:00:00.000022097,1.0
1970-01-01 00:00:00.000022098,1.0
1970-01-01 00:00:00.000022099,1.0
1970-01-01 00:00:00.000022100,1.0
1970-01-01 00:00:00.000022101,1.0
1970-01-01 00:00:00.000022102,1.0
1970-01-01 00:00:00.000022103,1.0
1970-01-01 00:00:00.000022104,1.0
1970-01-01 00:00:00.000022105,1.0
1970-01-01 00:00:00.000022106,1.0
1970-01-01 00:00:00.000022107,1.0
1970-01-01 00:00:00.000022108,1.0
1970-01-01 00:00:00.000022109,1.0
1970-01-01 00:00:00.000022110,1.0
1970-01-01 00:00:00.000022111,1.0
1970-01-01 00:00:00.000022112,1.0
1970-01-01 00:00:00.000022113,1.0
1970-01-01 00:00:00.000022114,1.0
1970-01-01 00:00:00.000022115,1.0
1970-01-01 00:00:00.000022116,1.0
1970-01-01 00:00:00.000022117,1.0
1970-01-01 00:00:00.000022118,1.0
1970-01-01 00:00:00.000022119,1.0
1970-01-01 00:00:00.000022120,1.0
1970-01-01 00:00:00.000022121,1.0
1970-01-01 00:00:00.000022122,1.0
1970-01-01 00:00:00.000022123,1.0
1970-01-01 00:00:00.000022124,1.0
1970-01-01 00:00:00.000022125,1.0
1970-01-01 00:00:00.000022126,1.0
1970-01-01 00:00:00.000022127,1.0
1970-01-01 00:00:00.000022128,1.0
1970-01-01 00:00:00.000022129,1.0
1970-01-01 00:00:00.000022130,1.0
1970-01-01 00:00:00.000022131,1.0
1970-01-01 00:00:00.000022132,1.0
1970-01-01 00:00:00.000022133,1.0
1970-01-01 00:00:00.000022134,1.0
1970-01-01 00:00:00.000022135,1.0
1970-01-01 00:00:00.000022136,1.0
1970-01-01 00:00:00.000022137,1.0
1970-01-01 00:00:00.000022138,1.0
1970-01-01 00:00:00.000022139,1.0
1970-01-01 00:00:00.000022140,1.0
1970-01-01 00:00:00.000022141,1.0
1970-01-01 00:00:00.000022142,1.0
1970-01-01 00:00:00.000022143,1.0
1970-01-01 00:00:00.000022144,1.0
1970-01-01 00:00:00.000022145,1.0
1970-01-01 00:00:00.000022146,1.0
1970-01-01 00:00:00.000022147,1.0
1970-01-01 00:00:00.000022148,1.0
1970-01-01 00:00:00.000022149,1.0
1970-01-01 00:00:00.000022150,1.0
1970-01-01 00:00:00.000022151,1.0
1970-01-01 00:00:00.000022152,1.0
1970-01-01 00:00:00.000022153,1.0
1970-01-01 00:00:00.000022154,1.0
1970-01-01 00:00:00.000022155,1.0
1970-01-01 00:00:00.000022156,1.0
1970-01-01 00:00:00.000022157,1.0
1970-01-01 00:00:00.000022158,1.0
1970-01-01 00:00:00.000022159,1.0
1970-01-01 00:00:00.000022160,1.0
1970-01-01 00:00:00.000022161,1.0
1970-01-01 00:00:00.000022162,1.0
1970-01-01 00:00:00.000022163,1.0
1970-01-01 00:00:00.000022164,1.0
1970-01-01 00:00:00.000022165,1.0
1970-01-01 00:00:00.000022166,1.0
1970-01-01 00:00:00.000022167,1.0
1970-01-01 00:00:00.000022168,1.0
1970-01-01 00:00:00.000022169,1.0
1970-01-01 00:00:00.000022170,1.0
1970-01-01 00:00:00.000022171,1.0
1970-01-01 00:00:00.000022172,1.0
1970-01-01 00:00:00.000022173,1.0
1970-01-01 00:00:00.000022174,1.0
1970-01-01 00:00:00.000022175,1.0
1970-01-01 00:00:00.000022176,1.0
1970-01-01 00:00:00.000022177,1.0
1970-01-01 00:00:00.000022178,1.0
1970-01-01 00:00:00.000022179,1.0
1970-01-01 00:00:00.000022180,1.0
1970-01-01 00:00:00.000022181,1.0
1970-01-01 00:00:00.000022182,1.0
1970-01-01 00:00:00.000022183,1.0
1970-01-01 00:00:00.000022184,1.0
1970-01-01 00:00:00.000022185,1.0
1970-01-01 00:00:00.000022186,1.0
1970-01-01 00:00:00.000022187,1.0
1970-01-01 00:00:00.000022188,1.0
1970-01-01 00:00:00.000022189,1.0
1970-01-01 00:00:00.000022190,1.0
1970-01-01 00:00:00.000022191,1.0
1970-01-01 00:00:00.000022192,1.0
1970-01-01 00:00:00.000022193,1.0
1970-01-01 00:00:00.000022194,1.0
1970-01-01 00:00:00.000022195,1.0
1970-01-01 00:00:00.000022196,1.0
1970-01-01 00:00:00.000022197,1.0
1970-01-01 00:00:00.000022198,1.0
1970-01-01 00:00:00.000022199,1.0
1970-01-01 00:00:00.000022200,1.0
1970-01-01 00:00:00.000022201,1.0
1970-01-01 00:00:00.000022202,1.0
1970-01-01 00:00:00.000022203,1.0
1970-01-01 00:00:00.000022204,1.0
1970-01-01 00:00:00.000022205,1.0
1970-01-01 00:00:00.000022206,1.0
1970-01-01 00:00:00.000022207,1.0
1970-01-01 00:00:00.000022208,1.0
1970-01-01 00:00:00.000022209,1.0
1970-01-01 00:00:00.000022210,1.0
1970-01-01 00:00:00.000022211,1.0
1970-01-01 00:00:00.000022212,1.0
1970-01-01 00:00:00.000022213,1.0
1970-01-01 00:00:00.000022214,1.0
1970-01-01 00:00:00.000022215,1.0
1970-01-01 00:00:00.000022216,1.0
1970-01-01 00:00:00.000022217,1.0
1970-01-01 00:00:00.000022218,1.0
1970-01-01 00:00:00.000022219,1.0
1970-01-01 00:00:00.000022220,1.0
1970-01-01 00:00:00.000022221,1.0
1970-01-01 00:00:00.000022222,1.0
1970-01-01 00:00:00.000022223,1.0
1970-01-01 00:00:00.000022224,1.0
1970-01-01 00:00:00.000022225,1.0
1970-01-01 00:00:00.000022226,1.0
1970-01-01 00:00:00.000022227,1.0
1970-01-01 00:00:00.000022228,1.0
1970-01-01 00:00:00.000022229,1.0
1970-01-01 00:00:00.000022230,1.0
1970-01-01 00:00:00.000022231,1.0
1970-01-01 00:00:00.000022232,1.0
1970-01-01 00:00:00.000022233,1.0
1970-01-01 00:00:00.000022234,1.0
1970-01-01 00:00:00.000022235,1.0
1970-01-01 00:00:00.000022236,1.0
1970-01-01 00:00:00.000022237,1.0
1970-01-01 00:00:00.000022238,1.0
1970-01-01 00:00:00.000022239,1.0
1970-01-01 00:00:00.000022240,1.0
1970-01-01 00:00:00.000022241,1.0
1970-01-01 00:00:00.000022242,1.0
1970-01-01 00:00:00.000022243,1.0
1970-01-01 00:00:00.000022244,1.0
1970-01-01 00:00:00.000022245,1.0
1970-01-01 00:00:00.000022246,1.0
1970-01-01 00:00:00.000022247,1.0
1970-01-01 00:00:00.000022248,1.0
1970-01-01 00:00:00.000022249,1.0
1970-01-01 00:00:00.000022250,1.0
1970-01-01 00:00:00.000022251,1.0
1970-01-01 00:00:00.000022252,1.0
1970-01-01 00:00:00.000022253,1.0
1970-01-01 00:00:00.000022254,1.0
1970-01-01 00:00:00.000022255,1.0
1970-01-01 00:00:00.000022256,1.0
1970-01-01 00:00:00.000022257,1.0
1970-01-01 00:00:00.000022258,1.0
1970-01-01 00:00:00.000022259,1.0
1970-01-01 00:00:00.000022260,1.0
1970-01-01 00:00:00.000022261,1.0
1970-01-01 00:00:00.000022262,1.0
1970-01-01 00:00:00.000022263,1.0
1970-01-01 00:00:00.000022264,1.0
1970-01-01 00:00:00.000022265,1.0
1970-01-01 00:00:00.000022266,1.0
1970-01-01 00:00:00.000022267,1.0
1970-01-01 00:00:00.000022268,1.0
1970-01-01 00:00:00.000022269,1.0
1970-01-01 00:00:00.000022270,1.0
1970-01-01 00:00:00.000022271,1.0
1970-01-01 00:00:00.000022272,1.0
1970-01-01 00:00:00.000022273,1.0
1970-01-01 00:00:00.000022274,1.0
1970-01-01 00:00:00.000022275,1.0
1970-01-01 00:00:00.000022276,1.0
1970-01-01 00:00:00.000022277,1.0
1970-01-01 00:00:00.000022278,1.0
1970-01-01 00:00:00.000022279,1.0
1970-01-01 00:00:00.000022280,1.0
1970-01-01 00:00:00.000022281,1.0
1970-01-01 00:00:00.000022282,1.0
1970-01-01 00:00:00.000022283,1.0
1970-01-01 00:00:00.000022284,1.0
1970-01-01 00:00:00.000022285,1.0
1970-01-01 00:00:00.000022286,1.0
1970-01-01 00:00:00.000022287,1.0
1970-01-01 00:00:00.000022288,1.0
1970-01-01 00:00:00.000022289,1.0
1970-01-01 00:00:00.000022290,1.0
1970-01-01 00:00:00.000022291,1.0
1970-01-01 00:00:00.000022292,1.0
1970-01-01 00:00:00.000022293,1.0
1970-01-01 00:00:00.000022294,1.0
1970-01-01 00:00:00.000022295,1.0
1970-01-01 00:00:00.000022296,1.0
1970-01-01 00:00:00.000022297,1.0
1970-01-01 00:00:00.000022298,1.0
1970-01-01 00:00:00.000022299,1.0
1970-01-01 00:00:00.000022300,1.0
1970-01-01 00:00:00.000022301,1.0
1970-01-01 00:00:00.000022302,1.0
1970-01-01 00:00:00.000022303,1.0
1970-01-01 00:00:00.000022304,1.0
1970-01-01 00:00:00.000022305,1.0
1970-01-01 00:00:00.000022306,1.0
1970-01-01 00:00:00.000022307,1.0
1970-01-01 00:00:00.000022308,1.0
1970-01-01 00:00:00.000022309,1.0
1970-01-01 00:00:00.000022310,1.0
1970-01-01 00:00:00.000022311,1.0
1970-01-01 00:00:00.000022312,1.0
1970-01-01 00:00:00.000022313,1.0
1970-01-01 00:00:00.000022314,1.0
1970-01-01 00:00:00.000022315,1.0
1970-01-01 00:00:00.000022316,1.0
1970-01-01 00:00:00.000022317,1.0
1970-01-01 00:00:00.000022318,1.0
1970-01-01 00:00:00.000022319,1.0
1970-01-01 00:00:00.000022320,1.0
1970-01-01 00:00:00.000022321,1.0
1970-01-01 00:00:00.000022322,1.0
1970-01-01 00:00:00.000022323,1.0
1970-01-01 00:00:00.000022324,1.0
1970-01-01 00:00:00.000022325,1.0
1970-01-01 00:00:00.000022326,1.0
1970-01-01 00:00:00.000022327,1.0
1970-01-01 00:00:00.000022328,1.0
1970-01-01 00:00:00.000022329,1.0
1970-01-01 00:00:00.000022330,1.0
1970-01-01 00:00:00.000022331,1.0
1970-01-01 00:00:00.000022332,1.0
1970-01-01 00:00:00.000022333,1.0
1970-01-01 00:00:00.000022334,1.0
1970-01-01 00:00:00.000022335,1.0
1970-01-01 00:00:00.000022336,1.0
1970-01-01 00:00:00.000022337,1.0
1970-01-01 00:00:00.000022338,1.0
1970-01-01 00:00:00.000022339,1.0
1970-01-01 00:00:00.000022340,1.0
1970-01-01 00:00:00.000022341,1.0
1970-01-01 00:00:00.000022342,1.0
1970-01-01 00:00:00.000022343,1.0
1970-01-01 00:00:00.000022344,1.0
1970-01-01 00:00:00.000022345,1.0
1970-01-01 00:00:00.000022346,1.0
1970-01-01 00:00:00.000022347,1.0
1970-01-01 00:00:00.000022348,1.0
1970-01-01 00:00:00.000022349,1.0
1970-01-01 00:00:00.000022350,1.0
1970-01-01 00:00:00.000022351,1.0
1970-01-01 00:00:00.000022352,1.0
1970-01-01 00:00:00.000022353,1.0
1970-01-01 00:00:00.000022354,1.0
1970-01-01 00:00:00.000022355,1.0
1970-01-01 00:00:00.000022356,1.0
1970-01-01 00:00:00.000022357,1.0
1970-01-01 00:00:00.000022358,1.0
1970-01-01 00:00:00.000022359,1.0
1970-01-01 00:00:00.000022360,1.0
1970-01-01 00:00:00.000022361,1.0
1970-01-01 00:00:00.000022362,1.0
1970-01-01 00:00:00.000022363,1.0
1970-01-01 00:00:00.000022364,1.0
1970-01-01 00:00:00.000022365,1.0
1970-01-01 00:00:00.000022366,1.0
1970-01-01 00:00:00.000022367,1.0
1970-01-01 00:00:00.000022368,1.0
1970-01-01 00:00:00.000022369,1.0
1970-01-01 00:00:00.000022370,1.0
1970-01-01 00:00:00.000022371,1.0
1970-01-01 00:00:00.000022372,1.0
1970-01-01 00:00:00.000022373,1.0
1970-01-01 00:00:00.000022374,1.0
1970-01-01 00:00:00.000022375,1.0
1970-01-01 00:00:00.000022376,1.0
1970-01-01 00:00:00.000022377,1.0
1970-01-01 00:00:00.000022378,1.0
1970-01-01 00:00:00.000022379,1.0
1970-01-01 00:00:00.000022380,1.0
1970-01-01 00:00:00.000022381,1.0
1970-01-01 00:00:00.000022382,1.0
1970-01-01 00:00:00.000022383,1.0
1970-01-01 00:00:00.000022384,1.0
1970-01-01 00:00:00.000022385,1.0
1970-01-01 00:00:00.000022386,1.0
1970-01-01 00:00:00.000022387,1.0
1970-01-01 00:00:00.000022388,1.0
1970-01-01 00:00:00.000022389,1.0
1970-01-01 00:00:00.000022390,1.0
1970-01-01 00:00:00.000022391,1.0
1970-01-01 00:00:00.000022392,1.0
1970-01-01 00:00:00.000022393,1.0
1970-01-01 00:00:00.000022394,1.0
1970-01-01 00:00:00.000022395,1.0
1970-01-01 00:00:00.000022396,1.0
1970-01-01 00:00:00.000022397,1.0
1970-01-01 00:00:00.000022398,1.0
1970-01-01 00:00:00.000022399,1.0
1970-01-01 00:00:00.000022400,1.0
1970-01-01 00:00:00.000022401,1.0
1970-01-01 00:00:00.000022402,1.0
1970-01-01 00:00:00.000022403,1.0
1970-01-01 00:00:00.000022404,1.0
1970-01-01 00:00:00.000022405,1.0
1970-01-01 00:00:00.000022406,1.0
1970-01-01 00:00:00.000022407,1.0
1970-01-01 00:00:00.000022408,1.0
1970-01-01 00:00:00.000022409,1.0
1970-01-01 00:00:00.000022410,1.0
1970-01-01 00:00:00.000022411,1.0
1970-01-01 00:00:00.000022412,1.0
1970-01-01 00:00:00.000022413,1.0
1970-01-01 00:00:00.000022414,1.0
1970-01-01 00:00:00.000022415,1.0
1970-01-01 00:00:00.000022416,1.0
1970-01-01 00:00:00.000022417,1.0
1970-01-01 00:00:00.000022418,1.0
1970-01-01 00:00:00.000022419,1.0
1970-01-01 00:00:00.000022420,1.0
1970-01-01 00:00:00.000022421,1.0
1970-01-01 00:00:00.000022422,1.0
1970-01-01 00:00:00.000022423,1.0
1970-01-01 00:00:00.000022424,1.0
1970-01-01 00:00:00.000022425,1.0
1970-01-01 00:00:00.000022426,1.0
1970-01-01 00:00:00.000022427,1.0
1970-01-01 00:00:00.000022428,1.0
1970-01-01 00:00:00.000022429,1.0
1970-01-01 00:00:00.000022430,1.0
1970-01-01 00:00:00.000022431,1.0
1970-01-01 00:00:00.000022432,1.0
1970-01-01 00:00:00.000022433,1.0
1970-01-01 00:00:00.000022434,1.0
1970-01-01 00:00:00.000022435,1.0
1970-01-01 00:00:00.000022436,1.0
1970-01-01 00:00:00.000022437,1.0
1970-01-01 00:00:00.000022438,1.0
1970-01-01 00:00:00.000022439,1.0
1970-01-01 00:00:00.000022440,1.0
1970-01-01 00:00:00.000022441,1.0
1970-01-01 00:00:00.000022442,1.0
1970-01-01 00:00:00.000022443,1.0
1970-01-01 00:00:00.000022444,1.0
1970-01-01 00:00:00.000022445,1.0
1970-01-01 00:00:00.000022446,1.0
1970-01-01 00:00:00.000022447,1.0
1970-01-01 00:00:00.000022448,1.0
1970-01-01 00:00:00.000022449,1.0
1970-01-01 00:00:00.000022450,1.0
1970-01-01 00:00:00.000022451,1.0
1970-01-01 00:00:00.000022452,1.0
1970-01-01 00:00:00.000022453,1.0
1970-01-01 00:00:00.000022454,1.0
1970-01-01 00:00:00.000022455,1.0
1970-01-01 00:00:00.000022456,1.0
1970-01-01 00:00:00.000022457,1.0
1970-01-01 00:00:00.000022458,1.0
1970-01-01 00:00:00.000022459,1.0
1970-01-01 00:00:00.000022460,1.0
1970-01-01 00:00:00.000022461,1.0
1970-01-01 00:00:00.000022462,1.0
1970-01-01 00:00:00.000022463,1.0
1970-01-01 00:00:00.000022464,1.0
1970-01-01 00:00:00.000022465,1.0
1970-01-01 00:00:00.000022466,1.0
1970-01-01 00:00:00.000022467,1.0
1970-01-01 00:00:00.000022468,1.0
1970-01-01 00:00:00.000022469,1.0
1970-01-01 00:00:00.000022470,1.0
1970-01-01 00:00:00.000022471,1.0
1970-01-01 00:00:00.000022472,1.0
1970-01-01 00:00:00.000022473,1.0
1970-01-01 00:00:00.000022474,1.0
1970-01-01 00:00:00.000022475,1.0
1970-01-01 00:00:00.000022476,1.0
1970-01-01 00:00:00.000022477,1.0
1970-01-01 00:00:00.000022478,1.0
1970-01-01 00:00:00.000022479,1.0
1970-01-01 00:00:00.000022480,1.0
1970-01-01 00:00:00.000022481,1.0
1970-01-01 00:00:00.000022482,1.0
1970-01-01 00:00:00.000022483,1.0
1970-01-01 00:00:00.000022484,1.0
1970-01-01 00:00:00.000022485,1.0
1970-01-01 00:00:00.000022486,1.0
1970-01-01 00:00:00.000022487,1.0
1970-01-01 00:00:00.000022488,1.0
1970-01-01 00:00:00.000022489,1.0
1970-01-01 00:00:00.000022490,1.0
1970-01-01 00:00:00.000022491,1.0
1970-01-01 00:00:00.000022492,1.0
1970-01-01 00:00:00.000022493,1.0
1970-01-01 00:00:00.000022494,1.0
1970-01-01 00:00:00.000022495,1.0
1970-01-01 00:00:00.000022496,1.0
1970-01-01 00:00:00.000022497,1.0
1970-01-01 00:00:00.000022498,1.0
1970-01-01 00:00:00.000022499,1.0
1970-01-01 00:00:00.000022500,1.0
1970-01-01 00:00:00.000022501,1.0
1970-01-01 00:00:00.000022502,1.0
1970-01-01 00:00:00.000022503,1.0
1970-01-01 00:00:00.000022504,1.0
1970-01-01 00:00:00.000022505,1.0
1970-01-01 00:00:00.000022506,1.0
1970-01-01 00:00:00.000022507,1.0
1970-01-01 00:00:00.000022508,1.0
1970-01-01 00:00:00.000022509,1.0
1970-01-01 00:00:00.000022510,1.0
1970-01-01 00:00:00.000022511,1.0
1970-01-01 00:00:00.000022512,1.0
1970-01-01 00:00:00.000022513,1.0
1970-01-01 00:00:00.000022514,1.0
1970-01-01 00:00:00.000022515,1.0
1970-01-01 00:00:00.000022516,1.0
1970-01-01 00:00:00.000022517,1.0
1970-01-01 00:00:00.000022518,1.0
1970-01-01 00:00:00.000022519,1.0
1970-01-01 00:00:00.000022520,1.0
1970-01-01 00:00:00.000022521,1.0
1970-01-01 00:00:00.000022522,1.0
1970-01-01 00:00:00.000022523,1.0
1970-01-01 00:00:00.000022524,1.0
1970-01-01 00:00:00.000022525,1.0
1970-01-01 00:00:00.000022526,1.0
1970-01-01 00:00:00.000022527,1.0
1970-01-01 00:00:00.000022528,1.0
1970-01-01 00:00:00.000022529,1.0
1970-01-01 00:00:00.000022530,1.0
1970-01-01 00:00:00.000022531,1.0
1970-01-01 00:00:00.000022532,1.0
1970-01-01 00:00:00.000022533,1.0
1970-01-01 00:00:00.000022534,1.0
1970-01-01 00:00:00.000022535,1.0
1970-01-01 00:00:00.000022536,1.0
1970-01-01 00:00:00.000022537,1.0
1970-01-01 00:00:00.000022538,1.0
1970-01-01 00:00:00.000022539,1.0
1970-01-01 00:00:00.000022540,1.0
1970-01-01 00:00:00.000022541,1.0
1970-01-01 00:00:00.000022542,1.0
1970-01-01 00:00:00.000022543,1.0
1970-01-01 00:00:00.000022544,1.0
1970-01-01 00:00:00.000022545,1.0
1970-01-01 00:00:00.000022546,1.0
1970-01-01 00:00:00.000022547,1.0
1970-01-01 00:00:00.000022548,1.0
1970-01-01 00:00:00.000022549,1.0
1970-01-01 00:00:00.000022550,1.0
1970-01-01 00:00:00.000022551,1.0
1970-01-01 00:00:00.000022552,1.0
1970-01-01 00:00:00.000022553,1.0
1970-01-01 00:00:00.000022554,1.0
1970-01-01 00:00:00.000022555,1.0
1970-01-01 00:00:00.000022556,1.0
1970-01-01 00:00:00.000022557,1.0
1970-01-01 00:00:00.000022558,1.0
1970-01-01 00:00:00.000022559,1.0
1970-01-01 00:00:00.000022560,1.0
1970-01-01 00:00:00.000022561,1.0
1970-01-01 00:00:00.000022562,1.0
1970-01-01 00:00:00.000022563,1.0
1970-01-01 00:00:00.000022564,1.0
1970-01-01 00:00:00.000022565,1.0
1970-01-01 00:00:00.000022566,1.0
1970-01-01 00:00:00.000022567,1.0
1970-01-01 00:00:00.000022568,1.0
1970-01-01 00:00:00.000022569,1.0
1970-01-01 00:00:00.000022570,1.0
1970-01-01 00:00:00.000022571,1.0
1970-01-01 00:00:00.000022572,1.0
1970-01-01 00:00:00.000022573,1.0
1970-01-01 00:00:00.000022574,1.0
1970-01-01 00:00:00.000022575,1.0
1970-01-01 00:00:00.000022576,1.0
