timestamp,equity
1970-01-01 00:00:00.000018582,1.0
1970-01-01 00:00:00.000018583,1.0
1970-01-01 00:00:00.000018584,1.0
1970-01-01 00:00:00.000018585,1.0
1970-01-01 00:00:00.000018586,1.0
1970-01-01 00:00:00.000018587,1.0
1970-01-01 00:00:00.000018588,1.0
1970-01-01 00:00:00.000018589,1.0
1970-01-01 00:00:00.000018590,1.0
1970-01-01 00:00:00.000018591,1.0
1970-01-01 00:00:00.000018592,1.0
1970-01-01 00:00:00.000018593,1.0
1970-01-01 00:00:00.000018594,1.0
1970-01-01 00:00:00.000018595,1.0
1970-01-01 00:00:00.000018596,1.0
1970-01-01 00:00:00.000018597,1.0
1970-01-01 00:00:00.000018598,1.0
1970-01-01 00:00:00.000018599,1.0
1970-01-01 00:00:00.000018600,1.0
1970-01-01 00:00:00.000018601,1.0
1970-01-01 00:00:00.000018602,1.0
1970-01-01 00:00:00.000018603,1.0
1970-01-01 00:00:00.000018604,1.0
1970-01-01 00:00:00.000018605,1.0
1970-01-01 00:00:00.000018606,1.0
1970-01-01 00:00:00.000018607,1.0
1970-01-01 00:00:00.000018608,1.0
1970-01-01 00:00:00.000018609,1.0
1970-01-01 00:00:00.000018610,1.0
1970-01-01 00:00:00.000018611,1.0
1970-01-01 00:00:00.000018612,1.0
1970-01-01 00:00:00.000018613,1.0
1970-01-01 00:00:00.000018614,1.0
1970-01-01 00:00:00.000018615,1.0
1970-01-01 00:00:00.000018616,1.0
1970-01-01 00:00:00.000018617,1.0
1970-01-01 00:00:00.000018618,1.0
1970-01-01 00:00:00.000018619,1.0
1970-01-01 00:00:00.000018620,1.0
1970-01-01 00:00:00.000018621,1.0
1970-01-01 00:00:00.000018622,1.0
1970-01-01 00:00:00.000018623,1.0
1970-01-01 00:00:00.000018624,1.0
1970-01-01 00:00:00.000018625,1.0
1970-01-01 00:00:00.000018626,1.0
1970-01-01 00:00:00.000018627,1.0
1970-01-01 00:00:00.000018628,1.0
1970-01-01 00:00:00.000018629,1.0
1970-01-01 00:00:00.000018630,1.0
1970-01-01 00:00:00.000018631,1.0
1970-01-01 00:00:00.000018632,1.0
1970-01-01 00:00:00.000018633,1.0
1970-01-01 00:00:00.000018634,1.0
1970-01-01 00:00:00.000018635,1.0
1970-01-01 00:00:00.000018636,1.0
1970-01-01 00:00:00.000018637,1.0
1970-01-01 00:00:00.000018638,1.0
1970-01-01 00:00:00.000018639,1.0
1970-01-01 00:00:00.000018640,1.0
1970-01-01 00:00:00.000018641,1.0
1970-01-01 00:00:00.000018642,1.0
1970-01-01 00:00:00.000018643,1.0
1970-01-01 00:00:00.000018644,1.0
1970-01-01 00:00:00.000018645,1.0
1970-01-01 00:00:00.000018646,1.0
1970-01-01 00:00:00.000018647,1.0
1970-01-01 00:00:00.000018648,1.0
1970-01-01 00:00:00.000018649,1.0
1970-01-01 00:00:00.000018650,1.0
1970-01-01 00:00:00.000018651,1.0
1970-01-01 00:00:00.000018652,1.0
1970-01-01 00:00:00.000018653,1.0
1970-01-01 00:00:00.000018654,1.0
1970-01-01 00:00:00.000018655,1.0
1970-01-01 00:00:00.000018656,1.0
1970-01-01 00:00:00.000018657,1.0
1970-01-01 00:00:00.000018658,1.0
1970-01-01 00:00:00.000018659,1.0
1970-01-01 00:00:00.000018660,1.0
1970-01-01 00:00:00.000018661,1.0
1970-01-01 00:00:00.000018662,1.0
1970-01-01 00:00:00.000018663,1.0
1970-01-01 00:00:00.000018664,1.0
1970-01-01 00:00:00.000018665,1.0
1970-01-01 00:00:00.000018666,1.0
1970-01-01 00:00:00.000018667,1.0
1970-01-01 00:00:00.000018668,1.0
1970-01-01 00:00:00.000018669,1.0
1970-01-01 00:00:00.000018670,1.0
1970-01-01 00:00:00.000018671,1.0
1970-01-01 00:00:00.000018672,1.0
1970-01-01 00:00:00.000018673,1.0
1970-01-01 00:00:00.000018674,1.0
1970-01-01 00:00:00.000018675,1.0
1970-01-01 00:00:00.000018676,1.0
1970-01-01 00:00:00.000018677,1.0
1970-01-01 00:00:00.000018678,1.0
1970-01-01 00:00:00.000018679,1.0
1970-01-01 00:00:00.000018680,1.0
1970-01-01 00:00:00.000018681,1.0
1970-01-01 00:00:00.000018682,1.0
1970-01-01 00:00:00.000018683,1.0
1970-01-01 00:00:00.000018684,1.0
1970-01-01 00:00:00.000018685,1.0
1970-01-01 00:00:00.000018686,1.0
1970-01-01 00:00:00.000018687,1.0
1970-01-01 00:00:00.000018688,1.0
1970-01-01 00:00:00.000018689,1.0
1970-01-01 00:00:00.000018690,1.0
1970-01-01 00:00:00.000018691,1.0
1970-01-01 00:00:00.000018692,1.0
1970-01-01 00:00:00.000018693,1.0
1970-01-01 00:00:00.000018694,1.0
1970-01-01 00:00:00.000018695,1.0
1970-01-01 00:00:00.000018696,1.0
1970-01-01 00:00:00.000018697,1.0
1970-01-01 00:00:00.000018698,1.0
1970-01-01 00:00:00.000018699,1.0
1970-01-01 00:00:00.000018700,1.0
1970-01-01 00:00:00.000018701,1.0
1970-01-01 00:00:00.000018702,1.0
1970-01-01 00:00:00.000018703,1.0
1970-01-01 00:00:00.000018704,1.0
1970-01-01 00:00:00.000018705,1.0
1970-01-01 00:00:00.000018706,1.0
1970-01-01 00:00:00.000018707,1.0
1970-01-01 00:00:00.000018708,1.0
1970-01-01 00:00:00.000018709,1.0
1970-01-01 00:00:00.000018710,1.0
1970-01-01 00:00:00.000018711,1.0
1970-01-01 00:00:00.000018712,1.0
1970-01-01 00:00:00.000018713,1.0
1970-01-01 00:00:00.000018714,1.0
1970-01-01 00:00:00.000018715,1.0
1970-01-01 00:00:00.000018716,1.0
1970-01-01 00:00:00.000018717,1.0
1970-01-01 00:00:00.000018718,1.0
1970-01-01 00:00:00.000018719,1.0
1970-01-01 00:00:00.000018720,1.0
1970-01-01 00:00:00.000018721,1.0
1970-01-01 00:00:00.000018722,1.0
1970-01-01 00:00:00.000018723,1.0
1970-01-01 00:00:00.000018724,1.0
1970-01-01 00:00:00.000018725,1.0
1970-01-01 00:00:00.000018726,1.0
1970-01-01 00:00:00.000018727,1.0
1970-01-01 00:00:00.000018728,1.0
1970-01-01 00:00:00.000018729,1.0
1970-01-01 00:00:00.000018730,1.0
1970-01-01 00:00:00.000018731,1.0
1970-01-01 00:00:00.000018732,1.0
1970-01-01 00:00:00.000018733,1.0
1970-01-01 00:00:00.000018734,1.0
1970-01-01 00:00:00.000018735,1.0
1970-01-01 00:00:00.000018736,1.0
1970-01-01 00:00:00.000018737,1.0
1970-01-01 00:00:00.000018738,1.0
1970-01-01 00:00:00.000018739,1.0
1970-01-01 00:00:00.000018740,1.0
1970-01-01 00:00:00.000018741,1.0
1970-01-01 00:00:00.000018742,1.0
1970-01-01 00:00:00.000018743,1.0
1970-01-01 00:00:00.000018744,1.0
1970-01-01 00:00:00.000018745,1.0
1970-01-01 00:00:00.000018746,1.0
1970-01-01 00:00:00.000018747,1.0
1970-01-01 00:00:00.000018748,1.0
1970-01-01 00:00:00.000018749,1.0
1970-01-01 00:00:00.000018750,1.0
1970-01-01 00:00:00.000018751,1.0
1970-01-01 00:00:00.000018752,1.0
1970-01-01 00:00:00.000018753,1.0
1970-01-01 00:00:00.000018754,1.0
1970-01-01 00:00:00.000018755,1.0
1970-01-01 00:00:00.000018756,1.0
1970-01-01 00:00:00.000018757,1.0
1970-01-01 00:00:00.000018758,1.0
1970-01-01 00:00:00.000018759,1.0
1970-01-01 00:00:00.000018760,1.0
1970-01-01 00:00:00.000018761,1.0
1970-01-01 00:00:00.000018762,1.0
1970-01-01 00:00:00.000018763,1.0
1970-01-01 00:00:00.000018764,1.0
1970-01-01 00:00:00.000018765,1.0
1970-01-01 00:00:00.000018766,1.0
1970-01-01 00:00:00.000018767,1.0
1970-01-01 00:00:00.000018768,1.0
1970-01-01 00:00:00.000018769,1.0
1970-01-01 00:00:00.000018770,1.0
1970-01-01 00:00:00.000018771,1.0
1970-01-01 00:00:00.000018772,1.0
1970-01-01 00:00:00.000018773,1.0
1970-01-01 00:00:00.000018774,1.0
1970-01-01 00:00:00.000018775,1.0
1970-01-01 00:00:00.000018776,1.0
1970-01-01 00:00:00.000018777,1.0
1970-01-01 00:00:00.000018778,1.0
1970-01-01 00:00:00.000018779,1.0
1970-01-01 00:00:00.000018780,1.0
1970-01-01 00:00:00.000018781,1.0
1970-01-01 00:00:00.000018782,1.0
1970-01-01 00:00:00.000018783,1.0
1970-01-01 00:00:00.000018784,1.0
1970-01-01 00:00:00.000018785,1.0
1970-01-01 00:00:00.000018786,1.0
1970-01-01 00:00:00.000018787,1.0
1970-01-01 00:00:00.000018788,1.0
1970-01-01 00:00:00.000018789,1.0
1970-01-01 00:00:00.000018790,1.0
1970-01-01 00:00:00.000018791,1.0
1970-01-01 00:00:00.000018792,1.0
1970-01-01 00:00:00.000018793,1.0
1970-01-01 00:00:00.000018794,1.0
1970-01-01 00:00:00.000018795,1.0
1970-01-01 00:00:00.000018796,1.0
1970-01-01 00:00:00.000018797,1.0
1970-01-01 00:00:00.000018798,1.0
1970-01-01 00:00:00.000018799,1.0
1970-01-01 00:00:00.000018800,1.0
1970-01-01 00:00:00.000018801,1.0
1970-01-01 00:00:00.000018802,1.0
1970-01-01 00:00:00.000018803,1.0
1970-01-01 00:00:00.000018804,1.0
1970-01-01 00:00:00.000018805,1.0
1970-01-01 00:00:00.000018806,1.0
1970-01-01 00:00:00.000018807,1.0
1970-01-01 00:00:00.000018808,1.0
1970-01-01 00:00:00.000018809,1.0
1970-01-01 00:00:00.000018810,1.0
1970-01-01 00:00:00.000018811,1.0
1970-01-01 00:00:00.000018812,1.0
1970-01-01 00:00:00.000018813,1.0
1970-01-01 00:00:00.000018814,1.0
1970-01-01 00:00:00.000018815,1.0
1970-01-01 00:00:00.000018816,1.0
1970-01-01 00:00:00.000018817,1.0
1970-01-01 00:00:00.000018818,1.0
1970-01-01 00:00:00.000018819,1.0
1970-01-01 00:00:00.000018820,1.0
1970-01-01 00:00:00.000018821,1.0
1970-01-01 00:00:00.000018822,1.0
1970-01-01 00:00:00.000018823,1.0
1970-01-01 00:00:00.000018824,1.0
1970-01-01 00:00:00.000018825,1.0
1970-01-01 00:00:00.000018826,1.0
1970-01-01 00:00:00.000018827,1.0
1970-01-01 00:00:00.000018828,1.0
1970-01-01 00:00:00.000018829,1.0
1970-01-01 00:00:00.000018830,1.0
1970-01-01 00:00:00.000018831,1.0
1970-01-01 00:00:00.000018832,1.0
1970-01-01 00:00:00.000018833,1.0
1970-01-01 00:00:00.000018834,1.0
1970-01-01 00:00:00.000018835,1.0
1970-01-01 00:00:00.000018836,1.0
1970-01-01 00:00:00.000018837,1.0
1970-01-01 00:00:00.000018838,1.0
1970-01-01 00:00:00.000018839,1.0
1970-01-01 00:00:00.000018840,1.0
1970-01-01 00:00:00.000018841,1.0
1970-01-01 00:00:00.000018842,1.0
1970-01-01 00:00:00.000018843,1.0
1970-01-01 00:00:00.000018844,1.0
1970-01-01 00:00:00.000018845,1.0
1970-01-01 00:00:00.000018846,1.0
1970-01-01 00:00:00.000018847,1.0
1970-01-01 00:00:00.000018848,1.0
1970-01-01 00:00:00.000018849,1.0
1970-01-01 00:00:00.000018850,1.0
1970-01-01 00:00:00.000018851,1.0
1970-01-01 00:00:00.000018852,1.0
1970-01-01 00:00:00.000018853,1.0
1970-01-01 00:00:00.000018854,1.0
1970-01-01 00:00:00.000018855,1.0
1970-01-01 00:00:00.000018856,1.0
1970-01-01 00:00:00.000018857,1.0
1970-01-01 00:00:00.000018858,1.0
1970-01-01 00:00:00.000018859,1.0
1970-01-01 00:00:00.000018860,1.0
1970-01-01 00:00:00.000018861,1.0
1970-01-01 00:00:00.000018862,1.0
1970-01-01 00:00:00.000018863,1.0
1970-01-01 00:00:00.000018864,1.0
1970-01-01 00:00:00.000018865,1.0
1970-01-01 00:00:00.000018866,1.0
1970-01-01 00:00:00.000018867,1.0
1970-01-01 00:00:00.000018868,1.0
1970-01-01 00:00:00.000018869,1.0
1970-01-01 00:00:00.000018870,1.0
1970-01-01 00:00:00.000018871,1.0
1970-01-01 00:00:00.000018872,1.0
1970-01-01 00:00:00.000018873,1.0
1970-01-01 00:00:00.000018874,1.0
1970-01-01 00:00:00.000018875,1.0
1970-01-01 00:00:00.000018876,1.0
1970-01-01 00:00:00.000018877,1.0
1970-01-01 00:00:00.000018878,1.0
1970-01-01 00:00:00.000018879,1.0
1970-01-01 00:00:00.000018880,1.0
1970-01-01 00:00:00.000018881,1.0
1970-01-01 00:00:00.000018882,1.0
1970-01-01 00:00:00.000018883,1.0
1970-01-01 00:00:00.000018884,1.0
1970-01-01 00:00:00.000018885,1.0
1970-01-01 00:00:00.000018886,1.0
1970-01-01 00:00:00.000018887,1.0
1970-01-01 00:00:00.000018888,1.0
1970-01-01 00:00:00.000018889,1.0
1970-01-01 00:00:00.000018890,1.0
1970-01-01 00:00:00.000018891,1.0
1970-01-01 00:00:00.000018892,1.0
1970-01-01 00:00:00.000018893,1.0
1970-01-01 00:00:00.000018894,1.0
1970-01-01 00:00:00.000018895,1.0
1970-01-01 00:00:00.000018896,1.0
1970-01-01 00:00:00.000018897,1.0
1970-01-01 00:00:00.000018898,1.0
1970-01-01 00:00:00.000018899,1.0
1970-01-01 00:00:00.000018900,1.0
1970-01-01 00:00:00.000018901,1.0
1970-01-01 00:00:00.000018902,1.0
1970-01-01 00:00:00.000018903,1.0
1970-01-01 00:00:00.000018904,1.0
1970-01-01 00:00:00.000018905,1.0
1970-01-01 00:00:00.000018906,1.0
1970-01-01 00:00:00.000018907,1.0
1970-01-01 00:00:00.000018908,1.0
1970-01-01 00:00:00.000018909,1.0
1970-01-01 00:00:00.000018910,1.0
1970-01-01 00:00:00.000018911,1.0
1970-01-01 00:00:00.000018912,1.0
1970-01-01 00:00:00.000018913,1.0
1970-01-01 00:00:00.000018914,1.0
1970-01-01 00:00:00.000018915,1.0
1970-01-01 00:00:00.000018916,1.0
1970-01-01 00:00:00.000018917,1.0
1970-01-01 00:00:00.000018918,1.0
1970-01-01 00:00:00.000018919,1.0
1970-01-01 00:00:00.000018920,1.0
1970-01-01 00:00:00.000018921,1.0
1970-01-01 00:00:00.000018922,1.0
1970-01-01 00:00:00.000018923,1.0
1970-01-01 00:00:00.000018924,1.0
1970-01-01 00:00:00.000018925,1.0
1970-01-01 00:00:00.000018926,1.0
1970-01-01 00:00:00.000018927,1.0
1970-01-01 00:00:00.000018928,1.0
1970-01-01 00:00:00.000018929,1.0
1970-01-01 00:00:00.000018930,1.0
1970-01-01 00:00:00.000018931,1.0
1970-01-01 00:00:00.000018932,1.0
1970-01-01 00:00:00.000018933,1.0
1970-01-01 00:00:00.000018934,1.0
1970-01-01 00:00:00.000018935,1.0
1970-01-01 00:00:00.000018936,1.0
1970-01-01 00:00:00.000018937,1.0
1970-01-01 00:00:00.000018938,1.0
1970-01-01 00:00:00.000018939,1.0
1970-01-01 00:00:00.000018940,1.0
1970-01-01 00:00:00.000018941,1.0
1970-01-01 00:00:00.000018942,1.0
1970-01-01 00:00:00.000018943,1.0
1970-01-01 00:00:00.000018944,1.0
1970-01-01 00:00:00.000018945,1.0
1970-01-01 00:00:00.000018946,1.0
1970-01-01 00:00:00.000018947,1.0
1970-01-01 00:00:00.000018948,1.0
1970-01-01 00:00:00.000018949,1.0
1970-01-01 00:00:00.000018950,1.0
1970-01-01 00:00:00.000018951,1.0
1970-01-01 00:00:00.000018952,1.0
1970-01-01 00:00:00.000018953,1.0
1970-01-01 00:00:00.000018954,1.0
1970-01-01 00:00:00.000018955,1.0
1970-01-01 00:00:00.000018956,1.0
1970-01-01 00:00:00.000018957,1.0
1970-01-01 00:00:00.000018958,1.0
1970-01-01 00:00:00.000018959,1.0
1970-01-01 00:00:00.000018960,1.0
1970-01-01 00:00:00.000018961,1.0
1970-01-01 00:00:00.000018962,1.0
1970-01-01 00:00:00.000018963,1.0
1970-01-01 00:00:00.000018964,1.0
1970-01-01 00:00:00.000018965,1.0
1970-01-01 00:00:00.000018966,1.0
1970-01-01 00:00:00.000018967,1.0
1970-01-01 00:00:00.000018968,1.0
1970-01-01 00:00:00.000018969,1.0
1970-01-01 00:00:00.000018970,1.0
1970-01-01 00:00:00.000018971,1.0
1970-01-01 00:00:00.000018972,1.0
1970-01-01 00:00:00.000018973,1.0
1970-01-01 00:00:00.000018974,1.0
1970-01-01 00:00:00.000018975,1.0
1970-01-01 00:00:00.000018976,1.0
1970-01-01 00:00:00.000018977,1.0
1970-01-01 00:00:00.000018978,1.0
1970-01-01 00:00:00.000018979,1.0
1970-01-01 00:00:00.000018980,1.0
1970-01-01 00:00:00.000018981,1.0
1970-01-01 00:00:00.000018982,1.0
1970-01-01 00:00:00.000018983,1.0
1970-01-01 00:00:00.000018984,1.0
1970-01-01 00:00:00.000018985,1.0
1970-01-01 00:00:00.000018986,1.0
1970-01-01 00:00:00.000018987,1.0
1970-01-01 00:00:00.000018988,1.0
1970-01-01 00:00:00.000018989,1.0
1970-01-01 00:00:00.000018990,1.0
1970-01-01 00:00:00.000018991,1.0
1970-01-01 00:00:00.000018992,1.0
1970-01-01 00:00:00.000018993,1.0
1970-01-01 00:00:00.000018994,1.0
1970-01-01 00:00:00.000018995,1.0
1970-01-01 00:00:00.000018996,1.0
1970-01-01 00:00:00.000018997,1.0
1970-01-01 00:00:00.000018998,1.0
1970-01-01 00:00:00.000018999,1.0
1970-01-01 00:00:00.000019000,1.0
1970-01-01 00:00:00.000019001,1.0
1970-01-01 00:00:00.000019002,1.0
1970-01-01 00:00:00.000019003,1.0
1970-01-01 00:00:00.000019004,1.0
1970-01-01 00:00:00.000019005,1.0
1970-01-01 00:00:00.000019006,1.0
1970-01-01 00:00:00.000019007,1.0
1970-01-01 00:00:00.000019008,1.0
1970-01-01 00:00:00.000019009,1.0
1970-01-01 00:00:00.000019010,1.0
1970-01-01 00:00:00.000019011,1.0
1970-01-01 00:00:00.000019012,1.0
1970-01-01 00:00:00.000019013,1.0
1970-01-01 00:00:00.000019014,1.0
1970-01-01 00:00:00.000019015,1.0
1970-01-01 00:00:00.000019016,1.0
1970-01-01 00:00:00.000019017,1.0
1970-01-01 00:00:00.000019018,1.0
1970-01-01 00:00:00.000019019,1.0
1970-01-01 00:00:00.000019020,1.0
1970-01-01 00:00:00.000019021,1.0
1970-01-01 00:00:00.000019022,1.0
1970-01-01 00:00:00.000019023,1.0
1970-01-01 00:00:00.000019024,1.0
1970-01-01 00:00:00.000019025,1.0
1970-01-01 00:00:00.000019026,1.0
1970-01-01 00:00:00.000019027,1.0
1970-01-01 00:00:00.000019028,1.0
1970-01-01 00:00:00.000019029,1.0
1970-01-01 00:00:00.000019030,1.0
1970-01-01 00:00:00.000019031,1.0
1970-01-01 00:00:00.000019032,1.0
1970-01-01 00:00:00.000019033,1.0
1970-01-01 00:00:00.000019034,1.0
1970-01-01 00:00:00.000019035,1.0
1970-01-01 00:00:00.000019036,1.0
1970-01-01 00:00:00.000019037,1.0
1970-01-01 00:00:00.000019038,1.0
1970-01-01 00:00:00.000019039,1.0
1970-01-01 00:00:00.000019040,1.0
1970-01-01 00:00:00.000019041,1.0
1970-01-01 00:00:00.000019042,1.0
1970-01-01 00:00:00.000019043,1.0
1970-01-01 00:00:00.000019044,1.0
1970-01-01 00:00:00.000019045,1.0
1970-01-01 00:00:00.000019046,1.0
1970-01-01 00:00:00.000019047,1.0
1970-01-01 00:00:00.000019048,1.0
1970-01-01 00:00:00.000019049,1.0
1970-01-01 00:00:00.000019050,1.0
1970-01-01 00:00:00.000019051,1.0
1970-01-01 00:00:00.000019052,1.0
1970-01-01 00:00:00.000019053,1.0
1970-01-01 00:00:00.000019054,1.0
1970-01-01 00:00:00.000019055,1.0
1970-01-01 00:00:00.000019056,1.0
1970-01-01 00:00:00.000019057,1.0
1970-01-01 00:00:00.000019058,1.0
1970-01-01 00:00:00.000019059,1.0
1970-01-01 00:00:00.000019060,1.0
1970-01-01 00:00:00.000019061,1.0
1970-01-01 00:00:00.000019062,1.0
1970-01-01 00:00:00.000019063,1.0
1970-01-01 00:00:00.000019064,1.0
1970-01-01 00:00:00.000019065,1.0
1970-01-01 00:00:00.000019066,1.0
1970-01-01 00:00:00.000019067,1.0
1970-01-01 00:00:00.000019068,1.0
1970-01-01 00:00:00.000019069,1.0
1970-01-01 00:00:00.000019070,1.0
1970-01-01 00:00:00.000019071,1.0
1970-01-01 00:00:00.000019072,1.0
1970-01-01 00:00:00.000019073,1.0
1970-01-01 00:00:00.000019074,1.0
1970-01-01 00:00:00.000019075,1.0
1970-01-01 00:00:00.000019076,1.0
1970-01-01 00:00:00.000019077,1.0
1970-01-01 00:00:00.000019078,1.0
1970-01-01 00:00:00.000019079,1.0
1970-01-01 00:00:00.000019080,1.0
1970-01-01 00:00:00.000019081,1.0
1970-01-01 00:00:00.000019082,1.0
1970-01-01 00:00:00.000019083,1.0
1970-01-01 00:00:00.000019084,1.0
1970-01-01 00:00:00.000019085,1.0
1970-01-01 00:00:00.000019086,1.0
1970-01-01 00:00:00.000019087,1.0
1970-01-01 00:00:00.000019088,1.0
1970-01-01 00:00:00.000019089,1.0
1970-01-01 00:00:00.000019090,1.0
1970-01-01 00:00:00.000019091,1.0
1970-01-01 00:00:00.000019092,1.0
1970-01-01 00:00:00.000019093,1.0
1970-01-01 00:00:00.000019094,1.0
1970-01-01 00:00:00.000019095,1.0
1970-01-01 00:00:00.000019096,1.0
1970-01-01 00:00:00.000019097,1.0
1970-01-01 00:00:00.000019098,1.0
1970-01-01 00:00:00.000019099,1.0
1970-01-01 00:00:00.000019100,1.0
1970-01-01 00:00:00.000019101,1.0
1970-01-01 00:00:00.000019102,1.0
1970-01-01 00:00:00.000019103,1.0
1970-01-01 00:00:00.000019104,1.0
1970-01-01 00:00:00.000019105,1.0
1970-01-01 00:00:00.000019106,1.0
1970-01-01 00:00:00.000019107,1.0
1970-01-01 00:00:00.000019108,1.0
1970-01-01 00:00:00.000019109,1.0
1970-01-01 00:00:00.000019110,1.0
1970-01-01 00:00:00.000019111,1.0
1970-01-01 00:00:00.000019112,1.0
1970-01-01 00:00:00.000019113,1.0
1970-01-01 00:00:00.000019114,1.0
1970-01-01 00:00:00.000019115,1.0
1970-01-01 00:00:00.000019116,1.0
1970-01-01 00:00:00.000019117,1.0
1970-01-01 00:00:00.000019118,1.0
1970-01-01 00:00:00.000019119,1.0
1970-01-01 00:00:00.000019120,1.0
1970-01-01 00:00:00.000019121,1.0
1970-01-01 00:00:00.000019122,1.0
1970-01-01 00:00:00.000019123,1.0
1970-01-01 00:00:00.000019124,1.0
1970-01-01 00:00:00.000019125,1.0
1970-01-01 00:00:00.000019126,1.0
1970-01-01 00:00:00.000019127,1.0
1970-01-01 00:00:00.000019128,1.0
1970-01-01 00:00:00.000019129,1.0
1970-01-01 00:00:00.000019130,1.0
1970-01-01 00:00:00.000019131,1.0
1970-01-01 00:00:00.000019132,1.0
1970-01-01 00:00:00.000019133,1.0
1970-01-01 00:00:00.000019134,1.0
1970-01-01 00:00:00.000019135,1.0
1970-01-01 00:00:00.000019136,1.0
1970-01-01 00:00:00.000019137,1.0
1970-01-01 00:00:00.000019138,1.0
1970-01-01 00:00:00.000019139,1.0
1970-01-01 00:00:00.000019140,1.0
1970-01-01 00:00:00.000019141,1.0
1970-01-01 00:00:00.000019142,1.0
1970-01-01 00:00:00.000019143,1.0
1970-01-01 00:00:00.000019144,1.0
1970-01-01 00:00:00.000019145,1.0
1970-01-01 00:00:00.000019146,1.0
1970-01-01 00:00:00.000019147,1.0
1970-01-01 00:00:00.000019148,1.0
1970-01-01 00:00:00.000019149,1.0
1970-01-01 00:00:00.000019150,1.0
1970-01-01 00:00:00.000019151,1.0
1970-01-01 00:00:00.000019152,1.0
1970-01-01 00:00:00.000019153,1.0
1970-01-01 00:00:00.000019154,1.0
1970-01-01 00:00:00.000019155,1.0
1970-01-01 00:00:00.000019156,1.0
1970-01-01 00:00:00.000019157,1.0
1970-01-01 00:00:00.000019158,1.0
1970-01-01 00:00:00.000019159,1.0
1970-01-01 00:00:00.000019160,1.0
1970-01-01 00:00:00.000019161,1.0
1970-01-01 00:00:00.000019162,1.0
1970-01-01 00:00:00.000019163,1.0
1970-01-01 00:00:00.000019164,1.0
1970-01-01 00:00:00.000019165,1.0
1970-01-01 00:00:00.000019166,1.0
1970-01-01 00:00:00.000019167,1.0
1970-01-01 00:00:00.000019168,1.0
1970-01-01 00:00:00.000019169,1.0
1970-01-01 00:00:00.000019170,1.0
1970-01-01 00:00:00.000019171,1.0
1970-01-01 00:00:00.000019172,1.0
1970-01-01 00:00:00.000019173,1.0
1970-01-01 00:00:00.000019174,1.0
1970-01-01 00:00:00.000019175,1.0
1970-01-01 00:00:00.000019176,1.0
1970-01-01 00:00:00.000019177,1.0
1970-01-01 00:00:00.000019178,1.0
1970-01-01 00:00:00.000019179,1.0
1970-01-01 00:00:00.000019180,1.0
1970-01-01 00:00:00.000019181,1.0
1970-01-01 00:00:00.000019182,1.0
1970-01-01 00:00:00.000019183,1.0
1970-01-01 00:00:00.000019184,1.0
1970-01-01 00:00:00.000019185,1.0
1970-01-01 00:00:00.000019186,1.0
1970-01-01 00:00:00.000019187,1.0
1970-01-01 00:00:00.000019188,1.0
1970-01-01 00:00:00.000019189,1.0
1970-01-01 00:00:00.000019190,1.0
1970-01-01 00:00:00.000019191,1.0
1970-01-01 00:00:00.000019192,1.0
1970-01-01 00:00:00.000019193,1.0
1970-01-01 00:00:00.000019194,1.0
1970-01-01 00:00:00.000019195,1.0
1970-01-01 00:00:00.000019196,1.0
1970-01-01 00:00:00.000019197,1.0
1970-01-01 00:00:00.000019198,1.0
1970-01-01 00:00:00.000019199,1.0
1970-01-01 00:00:00.000019200,1.0
1970-01-01 00:00:00.000019201,1.0
1970-01-01 00:00:00.000019202,1.0
1970-01-01 00:00:00.000019203,1.0
1970-01-01 00:00:00.000019204,1.0
1970-01-01 00:00:00.000019205,1.0
1970-01-01 00:00:00.000019206,1.0
1970-01-01 00:00:00.000019207,1.0
1970-01-01 00:00:00.000019208,1.0
1970-01-01 00:00:00.000019209,1.0
1970-01-01 00:00:00.000019210,1.0
1970-01-01 00:00:00.000019211,1.0
1970-01-01 00:00:00.000019212,1.0
1970-01-01 00:00:00.000019213,1.0
1970-01-01 00:00:00.000019214,1.0
1970-01-01 00:00:00.000019215,1.0
1970-01-01 00:00:00.000019216,1.0
1970-01-01 00:00:00.000019217,1.0
1970-01-01 00:00:00.000019218,1.0
1970-01-01 00:00:00.000019219,1.0
1970-01-01 00:00:00.000019220,1.0
1970-01-01 00:00:00.000019221,1.0
1970-01-01 00:00:00.000019222,1.0
1970-01-01 00:00:00.000019223,1.0
1970-01-01 00:00:00.000019224,1.0
1970-01-01 00:00:00.000019225,1.0
1970-01-01 00:00:00.000019226,1.0
1970-01-01 00:00:00.000019227,1.0
1970-01-01 00:00:00.000019228,1.0
1970-01-01 00:00:00.000019229,1.0
1970-01-01 00:00:00.000019230,1.0
1970-01-01 00:00:00.000019231,1.0
1970-01-01 00:00:00.000019232,1.0
1970-01-01 00:00:00.000019233,1.0
1970-01-01 00:00:00.000019234,1.0
1970-01-01 00:00:00.000019235,1.0
1970-01-01 00:00:00.000019236,1.0
1970-01-01 00:00:00.000019237,1.0
1970-01-01 00:00:00.000019238,1.0
1970-01-01 00:00:00.000019239,1.0
1970-01-01 00:00:00.000019240,1.0
1970-01-01 00:00:00.000019241,1.0
1970-01-01 00:00:00.000019242,1.0
1970-01-01 00:00:00.000019243,1.0
1970-01-01 00:00:00.000019244,1.0
1970-01-01 00:00:00.000019245,1.0
1970-01-01 00:00:00.000019246,1.0
1970-01-01 00:00:00.000019247,1.0
1970-01-01 00:00:00.000019248,1.0
1970-01-01 00:00:00.000019249,1.0
1970-01-01 00:00:00.000019250,1.0
1970-01-01 00:00:00.000019251,1.0
1970-01-01 00:00:00.000019252,1.0
1970-01-01 00:00:00.000019253,1.0
1970-01-01 00:00:00.000019254,1.0
1970-01-01 00:00:00.000019255,1.0
1970-01-01 00:00:00.000019256,1.0
1970-01-01 00:00:00.000019257,1.0
1970-01-01 00:00:00.000019258,1.0
1970-01-01 00:00:00.000019259,1.0
1970-01-01 00:00:00.000019260,1.0
1970-01-01 00:00:00.000019261,1.0
1970-01-01 00:00:00.000019262,1.0
1970-01-01 00:00:00.000019263,1.0
1970-01-01 00:00:00.000019264,1.0
1970-01-01 00:00:00.000019265,1.0
1970-01-01 00:00:00.000019266,1.0
1970-01-01 00:00:00.000019267,1.0
1970-01-01 00:00:00.000019268,1.0
1970-01-01 00:00:00.000019269,1.0
1970-01-01 00:00:00.000019270,1.0
1970-01-01 00:00:00.000019271,1.0
1970-01-01 00:00:00.000019272,1.0
1970-01-01 00:00:00.000019273,1.0
1970-01-01 00:00:00.000019274,1.0
1970-01-01 00:00:00.000019275,1.0
1970-01-01 00:00:00.000019276,1.0
1970-01-01 00:00:00.000019277,1.0
1970-01-01 00:00:00.000019278,1.0
1970-01-01 00:00:00.000019279,1.0
1970-01-01 00:00:00.000019280,1.0
1970-01-01 00:00:00.000019281,1.0
1970-01-01 00:00:00.000019282,1.0
1970-01-01 00:00:00.000019283,1.0
1970-01-01 00:00:00.000019284,1.0
1970-01-01 00:00:00.000019285,1.0
1970-01-01 00:00:00.000019286,1.0
1970-01-01 00:00:00.000019287,1.0
1970-01-01 00:00:00.000019288,1.0
1970-01-01 00:00:00.000019289,1.0
1970-01-01 00:00:00.000019290,1.0
1970-01-01 00:00:00.000019291,1.0
1970-01-01 00:00:00.000019292,1.0
1970-01-01 00:00:00.000019293,1.0
1970-01-01 00:00:00.000019294,1.0
1970-01-01 00:00:00.000019295,1.0
1970-01-01 00:00:00.000019296,1.0
1970-01-01 00:00:00.000019297,1.0
1970-01-01 00:00:00.000019298,1.0
1970-01-01 00:00:00.000019299,1.0
1970-01-01 00:00:00.000019300,1.0
1970-01-01 00:00:00.000019301,1.0
1970-01-01 00:00:00.000019302,1.0
1970-01-01 00:00:00.000019303,1.0
1970-01-01 00:00:00.000019304,1.0
1970-01-01 00:00:00.000019305,1.0
1970-01-01 00:00:00.000019306,1.0
1970-01-01 00:00:00.000019307,1.0
1970-01-01 00:00:00.000019308,1.0
1970-01-01 00:00:00.000019309,1.0
1970-01-01 00:00:00.000019310,1.0
1970-01-01 00:00:00.000019311,1.0
1970-01-01 00:00:00.000019312,1.0
1970-01-01 00:00:00.000019313,1.0
1970-01-01 00:00:00.000019314,1.0
1970-01-01 00:00:00.000019315,1.0
1970-01-01 00:00:00.000019316,1.0
1970-01-01 00:00:00.000019317,1.0
1970-01-01 00:00:00.000019318,1.0
1970-01-01 00:00:00.000019319,1.0
1970-01-01 00:00:00.000019320,1.0
1970-01-01 00:00:00.000019321,1.0
1970-01-01 00:00:00.000019322,1.0
1970-01-01 00:00:00.000019323,1.0
1970-01-01 00:00:00.000019324,1.0
1970-01-01 00:00:00.000019325,1.0
1970-01-01 00:00:00.000019326,1.0
1970-01-01 00:00:00.000019327,1.0
1970-01-01 00:00:00.000019328,1.0
1970-01-01 00:00:00.000019329,1.0
1970-01-01 00:00:00.000019330,1.0
1970-01-01 00:00:00.000019331,1.0
1970-01-01 00:00:00.000019332,1.0
1970-01-01 00:00:00.000019333,1.0
1970-01-01 00:00:00.000019334,1.0
1970-01-01 00:00:00.000019335,1.0
1970-01-01 00:00:00.000019336,1.0
1970-01-01 00:00:00.000019337,1.0
1970-01-01 00:00:00.000019338,1.0
1970-01-01 00:00:00.000019339,1.0
1970-01-01 00:00:00.000019340,1.0
1970-01-01 00:00:00.000019341,1.0
1970-01-01 00:00:00.000019342,1.0
1970-01-01 00:00:00.000019343,1.0
1970-01-01 00:00:00.000019344,1.0
1970-01-01 00:00:00.000019345,1.0
1970-01-01 00:00:00.000019346,1.0
1970-01-01 00:00:00.000019347,1.0
1970-01-01 00:00:00.000019348,1.0
1970-01-01 00:00:00.000019349,1.0
1970-01-01 00:00:00.000019350,1.0
1970-01-01 00:00:00.000019351,1.0
1970-01-01 00:00:00.000019352,1.0
1970-01-01 00:00:00.000019353,1.0
1970-01-01 00:00:00.000019354,1.0
1970-01-01 00:00:00.000019355,1.0
1970-01-01 00:00:00.000019356,1.0
1970-01-01 00:00:00.000019357,1.0
1970-01-01 00:00:00.000019358,1.0
1970-01-01 00:00:00.000019359,1.0
1970-01-01 00:00:00.000019360,1.0
1970-01-01 00:00:00.000019361,1.0
1970-01-01 00:00:00.000019362,1.0
1970-01-01 00:00:00.000019363,1.0
1970-01-01 00:00:00.000019364,1.0
1970-01-01 00:00:00.000019365,1.0
1970-01-01 00:00:00.000019366,1.0
1970-01-01 00:00:00.000019367,1.0
1970-01-01 00:00:00.000019368,1.0
1970-01-01 00:00:00.000019369,1.0
1970-01-01 00:00:00.000019370,1.0
1970-01-01 00:00:00.000019371,1.0
1970-01-01 00:00:00.000019372,1.0
1970-01-01 00:00:00.000019373,1.0
1970-01-01 00:00:00.000019374,1.0
1970-01-01 00:00:00.000019375,1.0
1970-01-01 00:00:00.000019376,1.0
1970-01-01 00:00:00.000019377,1.0
1970-01-01 00:00:00.000019378,1.0
1970-01-01 00:00:00.000019379,1.0
1970-01-01 00:00:00.000019380,1.0
1970-01-01 00:00:00.000019381,1.0
1970-01-01 00:00:00.000019382,1.0
1970-01-01 00:00:00.000019383,1.0
1970-01-01 00:00:00.000019384,1.0
1970-01-01 00:00:00.000019385,1.0
1970-01-01 00:00:00.000019386,1.0
1970-01-01 00:00:00.000019387,1.0
1970-01-01 00:00:00.000019388,1.0
1970-01-01 00:00:00.000019389,1.0
1970-01-01 00:00:00.000019390,1.0
1970-01-01 00:00:00.000019391,1.0
1970-01-01 00:00:00.000019392,1.0
1970-01-01 00:00:00.000019393,1.0
1970-01-01 00:00:00.000019394,1.0
1970-01-01 00:00:00.000019395,1.0
1970-01-01 00:00:00.000019396,1.0
1970-01-01 00:00:00.000019397,1.0
1970-01-01 00:00:00.000019398,1.0
1970-01-01 00:00:00.000019399,1.0
1970-01-01 00:00:00.000019400,1.0
1970-01-01 00:00:00.000019401,1.0
1970-01-01 00:00:00.000019402,1.0
1970-01-01 00:00:00.000019403,1.0
1970-01-01 00:00:00.000019404,1.0
1970-01-01 00:00:00.000019405,1.0
1970-01-01 00:00:00.000019406,1.0
1970-01-01 00:00:00.000019407,1.0
1970-01-01 00:00:00.000019408,1.0
1970-01-01 00:00:00.000019409,1.0
1970-01-01 00:00:00.000019410,1.0
1970-01-01 00:00:00.000019411,1.0
1970-01-01 00:00:00.000019412,1.0
1970-01-01 00:00:00.000019413,1.0
1970-01-01 00:00:00.000019414,1.0
1970-01-01 00:00:00.000019415,1.0
1970-01-01 00:00:00.000019416,1.0
1970-01-01 00:00:00.000019417,1.0
1970-01-01 00:00:00.000019418,1.0
1970-01-01 00:00:00.000019419,1.0
1970-01-01 00:00:00.000019420,1.0
1970-01-01 00:00:00.000019421,1.0
1970-01-01 00:00:00.000019422,1.0
1970-01-01 00:00:00.000019423,1.0
1970-01-01 00:00:00.000019424,1.0
1970-01-01 00:00:00.000019425,1.0
1970-01-01 00:00:00.000019426,1.0
1970-01-01 00:00:00.000019427,1.0
1970-01-01 00:00:00.000019428,1.0
1970-01-01 00:00:00.000019429,1.0
1970-01-01 00:00:00.000019430,1.0
1970-01-01 00:00:00.000019431,1.0
1970-01-01 00:00:00.000019432,1.0
1970-01-01 00:00:00.000019433,1.0
1970-01-01 00:00:00.000019434,1.0
1970-01-01 00:00:00.000019435,1.0
1970-01-01 00:00:00.000019436,1.0
1970-01-01 00:00:00.000019437,1.0
1970-01-01 00:00:00.000019438,1.0
1970-01-01 00:00:00.000019439,1.0
1970-01-01 00:00:00.000019440,1.0
1970-01-01 00:00:00.000019441,1.0
1970-01-01 00:00:00.000019442,1.0
1970-01-01 00:00:00.000019443,1.0
1970-01-01 00:00:00.000019444,1.0
1970-01-01 00:00:00.000019445,1.0
1970-01-01 00:00:00.000019446,1.0
1970-01-01 00:00:00.000019447,1.0
1970-01-01 00:00:00.000019448,1.0
1970-01-01 00:00:00.000019449,1.0
1970-01-01 00:00:00.000019450,1.0
1970-01-01 00:00:00.000019451,1.0
1970-01-01 00:00:00.000019452,1.0
1970-01-01 00:00:00.000019453,1.0
1970-01-01 00:00:00.000019454,1.0
1970-01-01 00:00:00.000019455,1.0
1970-01-01 00:00:00.000019456,1.0
1970-01-01 00:00:00.000019457,1.0
1970-01-01 00:00:00.000019458,1.0
1970-01-01 00:00:00.000019459,1.0
1970-01-01 00:00:00.000019460,1.0
1970-01-01 00:00:00.000019461,1.0
1970-01-01 00:00:00.000019462,1.0
1970-01-01 00:00:00.000019463,1.0
1970-01-01 00:00:00.000019464,1.0
1970-01-01 00:00:00.000019465,1.0
1970-01-01 00:00:00.000019466,1.0
1970-01-01 00:00:00.000019467,1.0
1970-01-01 00:00:00.000019468,1.0
1970-01-01 00:00:00.000019469,1.0
1970-01-01 00:00:00.000019470,1.0
1970-01-01 00:00:00.000019471,1.0
1970-01-01 00:00:00.000019472,1.0
1970-01-01 00:00:00.000019473,1.0
1970-01-01 00:00:00.000019474,1.0
1970-01-01 00:00:00.000019475,1.0
1970-01-01 00:00:00.000019476,1.0
1970-01-01 00:00:00.000019477,1.0
1970-01-01 00:00:00.000019478,1.0
1970-01-01 00:00:00.000019479,1.0
1970-01-01 00:00:00.000019480,1.0
1970-01-01 00:00:00.000019481,1.0
1970-01-01 00:00:00.000019482,1.0
1970-01-01 00:00:00.000019483,1.0
1970-01-01 00:00:00.000019484,1.0
1970-01-01 00:00:00.000019485,1.0
1970-01-01 00:00:00.000019486,1.0
1970-01-01 00:00:00.000019487,1.0
1970-01-01 00:00:00.000019488,1.0
1970-01-01 00:00:00.000019489,1.0
1970-01-01 00:00:00.000019490,1.0
1970-01-01 00:00:00.000019491,1.0
1970-01-01 00:00:00.000019492,1.0
1970-01-01 00:00:00.000019493,1.0
1970-01-01 00:00:00.000019494,1.0
1970-01-01 00:00:00.000019495,1.0
1970-01-01 00:00:00.000019496,1.0
1970-01-01 00:00:00.000019497,1.0
1970-01-01 00:00:00.000019498,1.0
1970-01-01 00:00:00.000019499,1.0
1970-01-01 00:00:00.000019500,1.0
1970-01-01 00:00:00.000019501,1.0
1970-01-01 00:00:00.000019502,1.0
1970-01-01 00:00:00.000019503,1.0
1970-01-01 00:00:00.000019504,1.0
1970-01-01 00:00:00.000019505,1.0
1970-01-01 00:00:00.000019506,1.0
1970-01-01 00:00:00.000019507,1.0
1970-01-01 00:00:00.000019508,1.0
1970-01-01 00:00:00.000019509,1.0
1970-01-01 00:00:00.000019510,1.0
1970-01-01 00:00:00.000019511,1.0
1970-01-01 00:00:00.000019512,1.0
1970-01-01 00:00:00.000019513,1.0
1970-01-01 00:00:00.000019514,1.0
1970-01-01 00:00:00.000019515,1.0
1970-01-01 00:00:00.000019516,1.0
1970-01-01 00:00:00.000019517,1.0
1970-01-01 00:00:00.000019518,1.0
1970-01-01 00:00:00.000019519,1.0
1970-01-01 00:00:00.000019520,1.0
1970-01-01 00:00:00.000019521,1.0
1970-01-01 00:00:00.000019522,1.0
1970-01-01 00:00:00.000019523,1.0
1970-01-01 00:00:00.000019524,1.0
1970-01-01 00:00:00.000019525,1.0
1970-01-01 00:00:00.000019526,1.0
1970-01-01 00:00:00.000019527,1.0
1970-01-01 00:00:00.000019528,1.0
1970-01-01 00:00:00.000019529,1.0
1970-01-01 00:00:00.000019530,1.0
1970-01-01 00:00:00.000019531,1.0
1970-01-01 00:00:00.000019532,1.0
1970-01-01 00:00:00.000019533,1.0
1970-01-01 00:00:00.000019534,1.0
1970-01-01 00:00:00.000019535,1.0
1970-01-01 00:00:00.000019536,1.0
1970-01-01 00:00:00.000019537,1.0
1970-01-01 00:00:00.000019538,1.0
1970-01-01 00:00:00.000019539,1.0
1970-01-01 00:00:00.000019540,1.0
1970-01-01 00:00:00.000019541,1.0
1970-01-01 00:00:00.000019542,1.0
1970-01-01 00:00:00.000019543,1.0
1970-01-01 00:00:00.000019544,1.0
1970-01-01 00:00:00.000019545,1.0
1970-01-01 00:00:00.000019546,1.0
1970-01-01 00:00:00.000019547,1.0
1970-01-01 00:00:00.000019548,1.0
1970-01-01 00:00:00.000019549,1.0
1970-01-01 00:00:00.000019550,1.0
1970-01-01 00:00:00.000019551,1.0
1970-01-01 00:00:00.000019552,1.0
1970-01-01 00:00:00.000019553,1.0
1970-01-01 00:00:00.000019554,1.0
1970-01-01 00:00:00.000019555,1.0
1970-01-01 00:00:00.000019556,1.0
1970-01-01 00:00:00.000019557,1.0
1970-01-01 00:00:00.000019558,1.0
1970-01-01 00:00:00.000019559,1.0
1970-01-01 00:00:00.000019560,1.0
1970-01-01 00:00:00.000019561,1.0
1970-01-01 00:00:00.000019562,1.0
1970-01-01 00:00:00.000019563,1.0
1970-01-01 00:00:00.000019564,1.0
1970-01-01 00:00:00.000019565,1.0
1970-01-01 00:00:00.000019566,1.0
1970-01-01 00:00:00.000019567,1.0
1970-01-01 00:00:00.000019568,1.0
1970-01-01 00:00:00.000019569,1.0
1970-01-01 00:00:00.000019570,1.0
1970-01-01 00:00:00.000019571,1.0
1970-01-01 00:00:00.000019572,1.0
1970-01-01 00:00:00.000019573,1.0
1970-01-01 00:00:00.000019574,1.0
1970-01-01 00:00:00.000019575,1.0
1970-01-01 00:00:00.000019576,1.0
1970-01-01 00:00:00.000019577,1.0
1970-01-01 00:00:00.000019578,1.0
1970-01-01 00:00:00.000019579,1.0
1970-01-01 00:00:00.000019580,1.0
1970-01-01 00:00:00.000019581,1.0
1970-01-01 00:00:00.000019582,1.0
1970-01-01 00:00:00.000019583,1.0
1970-01-01 00:00:00.000019584,1.0
1970-01-01 00:00:00.000019585,1.0
1970-01-01 00:00:00.000019586,1.0
1970-01-01 00:00:00.000019587,1.0
1970-01-01 00:00:00.000019588,1.0
1970-01-01 00:00:00.000019589,1.0
1970-01-01 00:00:00.000019590,1.0
1970-01-01 00:00:00.000019591,1.0
1970-01-01 00:00:00.000019592,1.0
1970-01-01 00:00:00.000019593,1.0
1970-01-01 00:00:00.000019594,1.0
1970-01-01 00:00:00.000019595,1.0
1970-01-01 00:00:00.000019596,1.0
1970-01-01 00:00:00.000019597,1.0
1970-01-01 00:00:00.000019598,1.0
1970-01-01 00:00:00.000019599,1.0
1970-01-01 00:00:00.000019600,1.0
1970-01-01 00:00:00.000019601,1.0
1970-01-01 00:00:00.000019602,1.0004771425260381
1970-01-01 00:00:00.000019603,1.0003770948117856
1970-01-01 00:00:00.000019604,1.0003770948117856
1970-01-01 00:00:00.000019605,1.0003770948117856
1970-01-01 00:00:00.000019606,1.0003770948117856
1970-01-01 00:00:00.000019607,1.0003770948117856
1970-01-01 00:00:00.000019608,1.0003770948117856
1970-01-01 00:00:00.000019609,1.0003770948117856
1970-01-01 00:00:00.000019610,1.0003770948117856
1970-01-01 00:00:00.000019611,1.0003770948117856
1970-01-01 00:00:00.000019612,1.0003770948117856
1970-01-01 00:00:00.000019613,1.0003770948117856
1970-01-01 00:00:00.000019614,1.0003770948117856
1970-01-01 00:00:00.000019615,1.0003770948117856
1970-01-01 00:00:00.000019616,1.0003770948117856
1970-01-01 00:00:00.000019617,1.0003770948117856
1970-01-01 00:00:00.000019618,1.0003770948117856
1970-01-01 00:00:00.000019619,1.0003770948117856
1970-01-01 00:00:00.000019620,1.0003770948117856
1970-01-01 00:00:00.000019621,1.0003770948117856
1970-01-01 00:00:00.000019622,1.0003770948117856
1970-01-01 00:00:00.000019623,1.0003770948117856
1970-01-01 00:00:00.000019624,1.0003770948117856
1970-01-01 00:00:00.000019625,1.0003770948117856
1970-01-01 00:00:00.000019626,1.0003770948117856
1970-01-01 00:00:00.000019627,1.0003770948117856
1970-01-01 00:00:00.000019628,1.0003770948117856
1970-01-01 00:00:00.000019629,1.0003770948117856
1970-01-01 00:00:00.000019630,1.0003770948117856
1970-01-01 00:00:00.000019631,1.0003770948117856
1970-01-01 00:00:00.000019632,1.0003770948117856
1970-01-01 00:00:00.000019633,1.0003770948117856
1970-01-01 00:00:00.000019634,1.0003770948117856
1970-01-01 00:00:00.000019635,1.0003770948117856
1970-01-01 00:00:00.000019636,1.0003770948117856
1970-01-01 00:00:00.000019637,1.0003770948117856
1970-01-01 00:00:00.000019638,1.0003770948117856
1970-01-01 00:00:00.000019639,1.0003770948117856
1970-01-01 00:00:00.000019640,1.0003770948117856
1970-01-01 00:00:00.000019641,1.0003770948117856
1970-01-01 00:00:00.000019642,1.0003770948117856
1970-01-01 00:00:00.000019643,1.0003770948117856
1970-01-01 00:00:00.000019644,1.0003770948117856
1970-01-01 00:00:00.000019645,1.0003770948117856
1970-01-01 00:00:00.000019646,1.0003770948117856
1970-01-01 00:00:00.000019647,1.0003770948117856
1970-01-01 00:00:00.000019648,1.0003770948117856
1970-01-01 00:00:00.000019649,1.0003770948117856
1970-01-01 00:00:00.000019650,1.0003770948117856
1970-01-01 00:00:00.000019651,1.0003770948117856
1970-01-01 00:00:00.000019652,1.0003770948117856
1970-01-01 00:00:00.000019653,1.0003770948117856
1970-01-01 00:00:00.000019654,1.0003770948117856
1970-01-01 00:00:00.000019655,1.0003770948117856
1970-01-01 00:00:00.000019656,1.0003770948117856
1970-01-01 00:00:00.000019657,1.0003770948117856
1970-01-01 00:00:00.000019658,1.0003770948117856
1970-01-01 00:00:00.000019659,1.0003770948117856
1970-01-01 00:00:00.000019660,1.0003770948117856
1970-01-01 00:00:00.000019661,1.0003770948117856
1970-01-01 00:00:00.000019662,1.0003770948117856
1970-01-01 00:00:00.000019663,1.0003770948117856
1970-01-01 00:00:00.000019664,1.0003770948117856
1970-01-01 00:00:00.000019665,1.0003770948117856
1970-01-01 00:00:00.000019666,1.0003770948117856
1970-01-01 00:00:00.000019667,1.0003770948117856
1970-01-01 00:00:00.000019668,1.0003770948117856
1970-01-01 00:00:00.000019669,1.0003770948117856
1970-01-01 00:00:00.000019670,1.0003770948117856
1970-01-01 00:00:00.000019671,1.0003770948117856
1970-01-01 00:00:00.000019672,1.0003770948117856
1970-01-01 00:00:00.000019673,1.0003770948117856
1970-01-01 00:00:00.000019674,1.0003770948117856
1970-01-01 00:00:00.000019675,1.0003770948117856
1970-01-01 00:00:00.000019676,1.0003770948117856
1970-01-01 00:00:00.000019677,1.0003770948117856
1970-01-01 00:00:00.000019678,1.0003770948117856
1970-01-01 00:00:00.000019679,1.0003770948117856
1970-01-01 00:00:00.000019680,1.0003770948117856
1970-01-01 00:00:00.000019681,1.0003770948117856
1970-01-01 00:00:00.000019682,1.0003770948117856
1970-01-01 00:00:00.000019683,1.0003770948117856
1970-01-01 00:00:00.000019684,1.0003770948117856
1970-01-01 00:00:00.000019685,1.0003770948117856
1970-01-01 00:00:00.000019686,1.0003770948117856
1970-01-01 00:00:00.000019687,1.0003770948117856
1970-01-01 00:00:00.000019688,1.0003770948117856
1970-01-01 00:00:00.000019689,1.0003770948117856
1970-01-01 00:00:00.000019690,1.0003770948117856
1970-01-01 00:00:00.000019691,1.0003770948117856
1970-01-01 00:00:00.000019692,1.0003770948117856
1970-01-01 00:00:00.000019693,1.0003770948117856
1970-01-01 00:00:00.000019694,1.0003770948117856
1970-01-01 00:00:00.000019695,1.0003770948117856
1970-01-01 00:00:00.000019696,1.0003770948117856
1970-01-01 00:00:00.000019697,1.0003770948117856
1970-01-01 00:00:00.000019698,1.0003770948117856
1970-01-01 00:00:00.000019699,1.0003770948117856
1970-01-01 00:00:00.000019700,1.0003770948117856
1970-01-01 00:00:00.000019701,1.0003770948117856
1970-01-01 00:00:00.000019702,1.0003770948117856
1970-01-01 00:00:00.000019703,1.0003770948117856
1970-01-01 00:00:00.000019704,1.0003770948117856
1970-01-01 00:00:00.000019705,1.0003770948117856
1970-01-01 00:00:00.000019706,1.0003770948117856
1970-01-01 00:00:00.000019707,1.0003770948117856
1970-01-01 00:00:00.000019708,1.0003770948117856
1970-01-01 00:00:00.000019709,1.0003770948117856
1970-01-01 00:00:00.000019710,1.0003770948117856
1970-01-01 00:00:00.000019711,1.0003770948117856
1970-01-01 00:00:00.000019712,1.0003770948117856
1970-01-01 00:00:00.000019713,1.0003770948117856
1970-01-01 00:00:00.000019714,1.0003770948117856
1970-01-01 00:00:00.000019715,1.0003770948117856
1970-01-01 00:00:00.000019716,1.0003770948117856
1970-01-01 00:00:00.000019717,1.0003770948117856
1970-01-01 00:00:00.000019718,1.0003770948117856
1970-01-01 00:00:00.000019719,1.0003770948117856
1970-01-01 00:00:00.000019720,1.0003770948117856
1970-01-01 00:00:00.000019721,1.0003770948117856
1970-01-01 00:00:00.000019722,1.0003770948117856
1970-01-01 00:00:00.000019723,1.0003770948117856
1970-01-01 00:00:00.000019724,1.0003770948117856
1970-01-01 00:00:00.000019725,1.0003770948117856
1970-01-01 00:00:00.000019726,1.0003770948117856
1970-01-01 00:00:00.000019727,1.0003770948117856
1970-01-01 00:00:00.000019728,1.0003770948117856
1970-01-01 00:00:00.000019729,1.0003770948117856
1970-01-01 00:00:00.000019730,1.0003770948117856
1970-01-01 00:00:00.000019731,1.0003770948117856
1970-01-01 00:00:00.000019732,1.0003770948117856
1970-01-01 00:00:00.000019733,1.0003770948117856
1970-01-01 00:00:00.000019734,1.0003770948117856
1970-01-01 00:00:00.000019735,1.0003770948117856
1970-01-01 00:00:00.000019736,1.0003770948117856
1970-01-01 00:00:00.000019737,1.0003770948117856
1970-01-01 00:00:00.000019738,1.0003770948117856
1970-01-01 00:00:00.000019739,1.0003770948117856
1970-01-01 00:00:00.000019740,1.0003770948117856
1970-01-01 00:00:00.000019741,1.0003770948117856
1970-01-01 00:00:00.000019742,1.0003770948117856
1970-01-01 00:00:00.000019743,1.0003770948117856
1970-01-01 00:00:00.000019744,1.0003770948117856
1970-01-01 00:00:00.000019745,1.0003770948117856
1970-01-01 00:00:00.000019746,1.0003770948117856
1970-01-01 00:00:00.000019747,1.0003770948117856
1970-01-01 00:00:00.000019748,1.0003770948117856
1970-01-01 00:00:00.000019749,1.0003770948117856
1970-01-01 00:00:00.000019750,1.0003770948117856
1970-01-01 00:00:00.000019751,1.0003770948117856
1970-01-01 00:00:00.000019752,1.0003770948117856
1970-01-01 00:00:00.000019753,1.0003770948117856
1970-01-01 00:00:00.000019754,1.0003770948117856
1970-01-01 00:00:00.000019755,1.0003770948117856
1970-01-01 00:00:00.000019756,1.0003770948117856
1970-01-01 00:00:00.000019757,1.0003770948117856
1970-01-01 00:00:00.000019758,1.0003770948117856
1970-01-01 00:00:00.000019759,1.0003770948117856
1970-01-01 00:00:00.000019760,1.0003770948117856
1970-01-01 00:00:00.000019761,1.0003770948117856
1970-01-01 00:00:00.000019762,1.0003770948117856
1970-01-01 00:00:00.000019763,1.0003770948117856
1970-01-01 00:00:00.000019764,1.0003770948117856
1970-01-01 00:00:00.000019765,1.0003770948117856
1970-01-01 00:00:00.000019766,1.0003770948117856
1970-01-01 00:00:00.000019767,1.0003770948117856
1970-01-01 00:00:00.000019768,1.0003770948117856
1970-01-01 00:00:00.000019769,1.0003770948117856
1970-01-01 00:00:00.000019770,1.0003770948117856
1970-01-01 00:00:00.000019771,1.0003770948117856
1970-01-01 00:00:00.000019772,1.0003770948117856
1970-01-01 00:00:00.000019773,1.0003770948117856
1970-01-01 00:00:00.000019774,1.0003770948117856
1970-01-01 00:00:00.000019775,1.0003770948117856
1970-01-01 00:00:00.000019776,1.0003770948117856
1970-01-01 00:00:00.000019777,1.0003770948117856
1970-01-01 00:00:00.000019778,1.0003770948117856
1970-01-01 00:00:00.000019779,1.0003770948117856
1970-01-01 00:00:00.000019780,1.0003770948117856
1970-01-01 00:00:00.000019781,1.0003770948117856
1970-01-01 00:00:00.000019782,1.0003770948117856
1970-01-01 00:00:00.000019783,1.0003770948117856
1970-01-01 00:00:00.000019784,1.0003770948117856
1970-01-01 00:00:00.000019785,1.0003770948117856
1970-01-01 00:00:00.000019786,1.0003770948117856
1970-01-01 00:00:00.000019787,1.0003770948117856
1970-01-01 00:00:00.000019788,1.0003770948117856
1970-01-01 00:00:00.000019789,1.0003770948117856
1970-01-01 00:00:00.000019790,1.0003770948117856
1970-01-01 00:00:00.000019791,1.0003770948117856
1970-01-01 00:00:00.000019792,1.0003770948117856
1970-01-01 00:00:00.000019793,1.0003770948117856
1970-01-01 00:00:00.000019794,1.0003770948117856
1970-01-01 00:00:00.000019795,1.0003770948117856
1970-01-01 00:00:00.000019796,1.0003770948117856
1970-01-01 00:00:00.000019797,1.0003770948117856
1970-01-01 00:00:00.000019798,1.0003770948117856
1970-01-01 00:00:00.000019799,1.0003770948117856
1970-01-01 00:00:00.000019800,1.0003770948117856
1970-01-01 00:00:00.000019801,1.0003770948117856
1970-01-01 00:00:00.000019802,1.0003770948117856
1970-01-01 00:00:00.000019803,1.0003770948117856
1970-01-01 00:00:00.000019804,1.0003770948117856
1970-01-01 00:00:00.000019805,1.0003770948117856
1970-01-01 00:00:00.000019806,1.0003770948117856
1970-01-01 00:00:00.000019807,1.0003770948117856
1970-01-01 00:00:00.000019808,1.0003770948117856
1970-01-01 00:00:00.000019809,1.0003770948117856
1970-01-01 00:00:00.000019810,1.0003770948117856
1970-01-01 00:00:00.000019811,1.0003770948117856
1970-01-01 00:00:00.000019812,1.0003770948117856
1970-01-01 00:00:00.000019813,1.0003770948117856
1970-01-01 00:00:00.000019814,1.0003770948117856
1970-01-01 00:00:00.000019815,1.0003770948117856
1970-01-01 00:00:00.000019816,1.0003770948117856
1970-01-01 00:00:00.000019817,1.0003770948117856
1970-01-01 00:00:00.000019818,1.0003770948117856
1970-01-01 00:00:00.000019819,1.0003770948117856
1970-01-01 00:00:00.000019820,1.0003770948117856
1970-01-01 00:00:00.000019821,1.0003770948117856
1970-01-01 00:00:00.000019822,1.0003770948117856
1970-01-01 00:00:00.000019823,1.0003770948117856
1970-01-01 00:00:00.000019824,1.0003770948117856
1970-01-01 00:00:00.000019825,1.0003770948117856
1970-01-01 00:00:00.000019826,1.0003770948117856
1970-01-01 00:00:00.000019827,1.0003770948117856
1970-01-01 00:00:00.000019828,1.0003770948117856
1970-01-01 00:00:00.000019829,1.0003770948117856
1970-01-01 00:00:00.000019830,1.0003770948117856
1970-01-01 00:00:00.000019831,1.0003770948117856
1970-01-01 00:00:00.000019832,1.0003770948117856
1970-01-01 00:00:00.000019833,1.0003770948117856
1970-01-01 00:00:00.000019834,1.0003770948117856
1970-01-01 00:00:00.000019835,1.0003770948117856
1970-01-01 00:00:00.000019836,1.0003770948117856
1970-01-01 00:00:00.000019837,1.0003770948117856
1970-01-01 00:00:00.000019838,1.0003770948117856
1970-01-01 00:00:00.000019839,1.0003770948117856
1970-01-01 00:00:00.000019840,1.0003770948117856
1970-01-01 00:00:00.000019841,1.0003770948117856
1970-01-01 00:00:00.000019842,1.0003770948117856
1970-01-01 00:00:00.000019843,1.0003770948117856
1970-01-01 00:00:00.000019844,1.0003770948117856
1970-01-01 00:00:00.000019845,1.0003770948117856
1970-01-01 00:00:00.000019846,1.0003770948117856
1970-01-01 00:00:00.000019847,1.0003770948117856
1970-01-01 00:00:00.000019848,1.0003770948117856
1970-01-01 00:00:00.000019849,1.0003770948117856
1970-01-01 00:00:00.000019850,1.0003770948117856
1970-01-01 00:00:00.000019851,1.0003770948117856
1970-01-01 00:00:00.000019852,1.0003770948117856
1970-01-01 00:00:00.000019853,1.0003770948117856
1970-01-01 00:00:00.000019854,1.0003770948117856
1970-01-01 00:00:00.000019855,1.0003770948117856
1970-01-01 00:00:00.000019856,1.0003770948117856
1970-01-01 00:00:00.000019857,1.0003770948117856
1970-01-01 00:00:00.000019858,1.0003770948117856
1970-01-01 00:00:00.000019859,1.0003770948117856
1970-01-01 00:00:00.000019860,1.0003770948117856
1970-01-01 00:00:00.000019861,1.0003770948117856
1970-01-01 00:00:00.000019862,1.0003770948117856
1970-01-01 00:00:00.000019863,1.0003770948117856
1970-01-01 00:00:00.000019864,1.0003770948117856
1970-01-01 00:00:00.000019865,1.0003770948117856
1970-01-01 00:00:00.000019866,1.0003770948117856
1970-01-01 00:00:00.000019867,1.0003770948117856
1970-01-01 00:00:00.000019868,1.0003770948117856
1970-01-01 00:00:00.000019869,1.0003770948117856
1970-01-01 00:00:00.000019870,1.0003770948117856
1970-01-01 00:00:00.000019871,1.0003770948117856
1970-01-01 00:00:00.000019872,1.0003770948117856
1970-01-01 00:00:00.000019873,1.0003770948117856
1970-01-01 00:00:00.000019874,1.0003770948117856
1970-01-01 00:00:00.000019875,1.0003770948117856
1970-01-01 00:00:00.000019876,1.0003770948117856
1970-01-01 00:00:00.000019877,1.0003770948117856
1970-01-01 00:00:00.000019878,1.0003770948117856
1970-01-01 00:00:00.000019879,1.0003770948117856
1970-01-01 00:00:00.000019880,1.0003770948117856
1970-01-01 00:00:00.000019881,1.0003770948117856
1970-01-01 00:00:00.000019882,1.0003770948117856
1970-01-01 00:00:00.000019883,1.0003770948117856
1970-01-01 00:00:00.000019884,1.0003770948117856
1970-01-01 00:00:00.000019885,1.0003770948117856
1970-01-01 00:00:00.000019886,1.0003770948117856
1970-01-01 00:00:00.000019887,1.0003770948117856
1970-01-01 00:00:00.000019888,1.0003770948117856
1970-01-01 00:00:00.000019889,1.0003770948117856
1970-01-01 00:00:00.000019890,1.0003770948117856
1970-01-01 00:00:00.000019891,1.0003770948117856
1970-01-01 00:00:00.000019892,1.0003770948117856
1970-01-01 00:00:00.000019893,1.0003770948117856
1970-01-01 00:00:00.000019894,1.0003770948117856
1970-01-01 00:00:00.000019895,1.0003770948117856
1970-01-01 00:00:00.000019896,1.0003770948117856
1970-01-01 00:00:00.000019897,1.0003770948117856
1970-01-01 00:00:00.000019898,1.0003770948117856
1970-01-01 00:00:00.000019899,1.0003770948117856
1970-01-01 00:00:00.000019900,1.0003770948117856
1970-01-01 00:00:00.000019901,1.0003770948117856
1970-01-01 00:00:00.000019902,1.0003770948117856
1970-01-01 00:00:00.000019903,1.0003770948117856
1970-01-01 00:00:00.000019904,1.0003770948117856
1970-01-01 00:00:00.000019905,1.0003770948117856
1970-01-01 00:00:00.000019906,1.0003770948117856
1970-01-01 00:00:00.000019907,1.0003770948117856
1970-01-01 00:00:00.000019908,1.0003770948117856
1970-01-01 00:00:00.000019909,1.0003770948117856
1970-01-01 00:00:00.000019910,1.0003770948117856
1970-01-01 00:00:00.000019911,1.0003770948117856
1970-01-01 00:00:00.000019912,1.0003770948117856
1970-01-01 00:00:00.000019913,1.0003770948117856
1970-01-01 00:00:00.000019914,1.0003770948117856
1970-01-01 00:00:00.000019915,1.0003770948117856
1970-01-01 00:00:00.000019916,1.0003770948117856
1970-01-01 00:00:00.000019917,1.0003770948117856
1970-01-01 00:00:00.000019918,1.0003770948117856
1970-01-01 00:00:00.000019919,1.0003770948117856
1970-01-01 00:00:00.000019920,1.0003770948117856
1970-01-01 00:00:00.000019921,1.0003770948117856
1970-01-01 00:00:00.000019922,1.0003770948117856
1970-01-01 00:00:00.000019923,1.0003770948117856
1970-01-01 00:00:00.000019924,1.0003770948117856
1970-01-01 00:00:00.000019925,1.0003770948117856
1970-01-01 00:00:00.000019926,1.0003770948117856
1970-01-01 00:00:00.000019927,1.0003770948117856
1970-01-01 00:00:00.000019928,1.0003770948117856
1970-01-01 00:00:00.000019929,1.0003770948117856
1970-01-01 00:00:00.000019930,1.0003770948117856
1970-01-01 00:00:00.000019931,1.0003770948117856
1970-01-01 00:00:00.000019932,1.0003770948117856
1970-01-01 00:00:00.000019933,1.0003770948117856
1970-01-01 00:00:00.000019934,1.0003770948117856
1970-01-01 00:00:00.000019935,1.0003770948117856
1970-01-01 00:00:00.000019936,1.0003770948117856
1970-01-01 00:00:00.000019937,1.0003770948117856
1970-01-01 00:00:00.000019938,1.0003770948117856
1970-01-01 00:00:00.000019939,1.0003770948117856
1970-01-01 00:00:00.000019940,1.0003770948117856
1970-01-01 00:00:00.000019941,1.0003770948117856
1970-01-01 00:00:00.000019942,1.0003770948117856
1970-01-01 00:00:00.000019943,1.0003770948117856
1970-01-01 00:00:00.000019944,1.0003770948117856
1970-01-01 00:00:00.000019945,1.0003770948117856
1970-01-01 00:00:00.000019946,1.0003770948117856
1970-01-01 00:00:00.000019947,1.0003770948117856
1970-01-01 00:00:00.000019948,1.0003770948117856
1970-01-01 00:00:00.000019949,1.0003770948117856
1970-01-01 00:00:00.000019950,1.0003770948117856
1970-01-01 00:00:00.000019951,1.0003770948117856
1970-01-01 00:00:00.000019952,1.0003770948117856
1970-01-01 00:00:00.000019953,1.0003770948117856
1970-01-01 00:00:00.000019954,1.0003770948117856
1970-01-01 00:00:00.000019955,1.0003770948117856
1970-01-01 00:00:00.000019956,1.0003770948117856
1970-01-01 00:00:00.000019957,1.0003770948117856
1970-01-01 00:00:00.000019958,1.0003770948117856
1970-01-01 00:00:00.000019959,1.0003770948117856
1970-01-01 00:00:00.000019960,1.0003770948117856
1970-01-01 00:00:00.000019961,1.0003770948117856
1970-01-01 00:00:00.000019962,1.0003770948117856
1970-01-01 00:00:00.000019963,1.0003770948117856
1970-01-01 00:00:00.000019964,1.0003770948117856
1970-01-01 00:00:00.000019965,1.0003770948117856
1970-01-01 00:00:00.000019966,1.0003770948117856
1970-01-01 00:00:00.000019967,1.0003770948117856
1970-01-01 00:00:00.000019968,1.0003770948117856
1970-01-01 00:00:00.000019969,1.0003770948117856
1970-01-01 00:00:00.000019970,1.0003770948117856
1970-01-01 00:00:00.000019971,1.0003770948117856
1970-01-01 00:00:00.000019972,1.0003770948117856
1970-01-01 00:00:00.000019973,1.0003770948117856
1970-01-01 00:00:00.000019974,1.0003770948117856
1970-01-01 00:00:00.000019975,1.0003770948117856
1970-01-01 00:00:00.000019976,1.0003770948117856
1970-01-01 00:00:00.000019977,1.0003770948117856
1970-01-01 00:00:00.000019978,1.0003770948117856
1970-01-01 00:00:00.000019979,1.0003770948117856
1970-01-01 00:00:00.000019980,1.0003770948117856
1970-01-01 00:00:00.000019981,1.0003770948117856
1970-01-01 00:00:00.000019982,1.0003770948117856
1970-01-01 00:00:00.000019983,1.0003770948117856
1970-01-01 00:00:00.000019984,1.0003770948117856
1970-01-01 00:00:00.000019985,1.0003770948117856
1970-01-01 00:00:00.000019986,1.0003770948117856
1970-01-01 00:00:00.000019987,1.0003770948117856
1970-01-01 00:00:00.000019988,1.0003770948117856
1970-01-01 00:00:00.000019989,1.0003770948117856
1970-01-01 00:00:00.000019990,1.0003770948117856
1970-01-01 00:00:00.000019991,1.0003770948117856
1970-01-01 00:00:00.000019992,1.0003770948117856
1970-01-01 00:00:00.000019993,1.0003770948117856
1970-01-01 00:00:00.000019994,1.0003770948117856
1970-01-01 00:00:00.000019995,1.0003770948117856
1970-01-01 00:00:00.000019996,1.0003770948117856
1970-01-01 00:00:00.000019997,1.0003770948117856
1970-01-01 00:00:00.000019998,1.0003770948117856
1970-01-01 00:00:00.000019999,1.0003770948117856
1970-01-01 00:00:00.000020000,1.0003770948117856
1970-01-01 00:00:00.000020001,1.0003770948117856
1970-01-01 00:00:00.000020002,1.0003770948117856
1970-01-01 00:00:00.000020003,1.0003770948117856
1970-01-01 00:00:00.000020004,1.0003770948117856
1970-01-01 00:00:00.000020005,1.0003770948117856
1970-01-01 00:00:00.000020006,1.0003770948117856
1970-01-01 00:00:00.000020007,1.0003770948117856
1970-01-01 00:00:00.000020008,1.0003770948117856
1970-01-01 00:00:00.000020009,1.0003770948117856
1970-01-01 00:00:00.000020010,1.0003770948117856
1970-01-01 00:00:00.000020011,1.0003770948117856
1970-01-01 00:00:00.000020012,1.0003770948117856
1970-01-01 00:00:00.000020013,1.0003770948117856
1970-01-01 00:00:00.000020014,1.0003770948117856
1970-01-01 00:00:00.000020015,1.0003770948117856
1970-01-01 00:00:00.000020016,1.0003770948117856
1970-01-01 00:00:00.000020017,1.0003770948117856
1970-01-01 00:00:00.000020018,1.0003770948117856
1970-01-01 00:00:00.000020019,1.0003770948117856
1970-01-01 00:00:00.000020020,1.0003770948117856
1970-01-01 00:00:00.000020021,1.0003770948117856
1970-01-01 00:00:00.000020022,1.0003770948117856
1970-01-01 00:00:00.000020023,1.0003770948117856
1970-01-01 00:00:00.000020024,1.0003770948117856
1970-01-01 00:00:00.000020025,1.0003770948117856
1970-01-01 00:00:00.000020026,1.0003770948117856
1970-01-01 00:00:00.000020027,1.0003770948117856
1970-01-01 00:00:00.000020028,1.0003770948117856
1970-01-01 00:00:00.000020029,1.0003770948117856
1970-01-01 00:00:00.000020030,1.0003770948117856
1970-01-01 00:00:00.000020031,1.0003770948117856
1970-01-01 00:00:00.000020032,1.0003770948117856
1970-01-01 00:00:00.000020033,1.0003770948117856
1970-01-01 00:00:00.000020034,1.0003770948117856
1970-01-01 00:00:00.000020035,1.0003770948117856
1970-01-01 00:00:00.000020036,1.0003770948117856
1970-01-01 00:00:00.000020037,1.0003770948117856
1970-01-01 00:00:00.000020038,1.0003770948117856
1970-01-01 00:00:00.000020039,1.0003770948117856
1970-01-01 00:00:00.000020040,1.0003770948117856
1970-01-01 00:00:00.000020041,1.0003770948117856
1970-01-01 00:00:00.000020042,1.0003770948117856
1970-01-01 00:00:00.000020043,1.0003770948117856
1970-01-01 00:00:00.000020044,1.0003770948117856
1970-01-01 00:00:00.000020045,1.0003770948117856
1970-01-01 00:00:00.000020046,1.0003770948117856
1970-01-01 00:00:00.000020047,1.0003770948117856
1970-01-01 00:00:00.000020048,1.0003770948117856
1970-01-01 00:00:00.000020049,1.0003770948117856
1970-01-01 00:00:00.000020050,1.0003770948117856
1970-01-01 00:00:00.000020051,1.0003770948117856
1970-01-01 00:00:00.000020052,1.0003770948117856
1970-01-01 00:00:00.000020053,1.0003770948117856
1970-01-01 00:00:00.000020054,1.0003770948117856
1970-01-01 00:00:00.000020055,1.0003770948117856
1970-01-01 00:00:00.000020056,1.0003770948117856
1970-01-01 00:00:00.000020057,1.0003770948117856
1970-01-01 00:00:00.000020058,1.0003770948117856
1970-01-01 00:00:00.000020059,1.0003770948117856
1970-01-01 00:00:00.000020060,1.0003770948117856
1970-01-01 00:00:00.000020061,1.0003770948117856
1970-01-01 00:00:00.000020062,1.0003770948117856
1970-01-01 00:00:00.000020063,1.0003770948117856
1970-01-01 00:00:00.000020064,1.0003770948117856
1970-01-01 00:00:00.000020065,1.0003770948117856
1970-01-01 00:00:00.000020066,1.0003770948117856
1970-01-01 00:00:00.000020067,1.0003770948117856
1970-01-01 00:00:00.000020068,1.0003770948117856
1970-01-01 00:00:00.000020069,1.0003770948117856
1970-01-01 00:00:00.000020070,1.0003770948117856
1970-01-01 00:00:00.000020071,1.0003770948117856
1970-01-01 00:00:00.000020072,1.0003770948117856
1970-01-01 00:00:00.000020073,1.0003770948117856
1970-01-01 00:00:00.000020074,1.0003770948117856
1970-01-01 00:00:00.000020075,1.0003770948117856
1970-01-01 00:00:00.000020076,1.0003770948117856
1970-01-01 00:00:00.000020077,1.0003770948117856
1970-01-01 00:00:00.000020078,1.0003770948117856
1970-01-01 00:00:00.000020079,1.0003770948117856
1970-01-01 00:00:00.000020080,1.0003770948117856
1970-01-01 00:00:00.000020081,1.0003770948117856
1970-01-01 00:00:00.000020082,1.0003770948117856
1970-01-01 00:00:00.000020083,1.0003770948117856
1970-01-01 00:00:00.000020084,1.0003770948117856
1970-01-01 00:00:00.000020085,1.0003770948117856
1970-01-01 00:00:00.000020086,1.0003770948117856
1970-01-01 00:00:00.000020087,1.0003770948117856
1970-01-01 00:00:00.000020088,1.0003770948117856
1970-01-01 00:00:00.000020089,1.0003770948117856
1970-01-01 00:00:00.000020090,1.0003770948117856
1970-01-01 00:00:00.000020091,1.0003770948117856
1970-01-01 00:00:00.000020092,1.0003770948117856
1970-01-01 00:00:00.000020093,1.0003770948117856
1970-01-01 00:00:00.000020094,1.0003770948117856
1970-01-01 00:00:00.000020095,1.0003770948117856
1970-01-01 00:00:00.000020096,1.0003770948117856
1970-01-01 00:00:00.000020097,1.0003770948117856
1970-01-01 00:00:00.000020098,1.0003770948117856
1970-01-01 00:00:00.000020099,1.0003770948117856
1970-01-01 00:00:00.000020100,1.0003770948117856
1970-01-01 00:00:00.000020101,1.0003770948117856
1970-01-01 00:00:00.000020102,1.0003770948117856
1970-01-01 00:00:00.000020103,1.0003770948117856
1970-01-01 00:00:00.000020104,1.0003770948117856
1970-01-01 00:00:00.000020105,1.0003770948117856
1970-01-01 00:00:00.000020106,1.0003770948117856
1970-01-01 00:00:00.000020107,1.0003770948117856
1970-01-01 00:00:00.000020108,1.0003770948117856
1970-01-01 00:00:00.000020109,1.0003770948117856
1970-01-01 00:00:00.000020110,1.0003770948117856
1970-01-01 00:00:00.000020111,1.0003770948117856
1970-01-01 00:00:00.000020112,1.0003770948117856
1970-01-01 00:00:00.000020113,1.0003770948117856
1970-01-01 00:00:00.000020114,1.0003770948117856
1970-01-01 00:00:00.000020115,1.0003770948117856
1970-01-01 00:00:00.000020116,1.0003770948117856
1970-01-01 00:00:00.000020117,1.0003770948117856
1970-01-01 00:00:00.000020118,1.0003770948117856
1970-01-01 00:00:00.000020119,1.0003770948117856
1970-01-01 00:00:00.000020120,1.0003770948117856
1970-01-01 00:00:00.000020121,1.0003770948117856
1970-01-01 00:00:00.000020122,1.0003770948117856
1970-01-01 00:00:00.000020123,1.0003770948117856
1970-01-01 00:00:00.000020124,1.0003770948117856
1970-01-01 00:00:00.000020125,1.0003770948117856
1970-01-01 00:00:00.000020126,1.0003770948117856
1970-01-01 00:00:00.000020127,1.0003770948117856
1970-01-01 00:00:00.000020128,1.0003770948117856
1970-01-01 00:00:00.000020129,1.0003770948117856
1970-01-01 00:00:00.000020130,1.0003770948117856
1970-01-01 00:00:00.000020131,1.0003770948117856
1970-01-01 00:00:00.000020132,1.0003770948117856
1970-01-01 00:00:00.000020133,1.0003770948117856
1970-01-01 00:00:00.000020134,1.0003770948117856
1970-01-01 00:00:00.000020135,1.0003770948117856
1970-01-01 00:00:00.000020136,1.0003770948117856
1970-01-01 00:00:00.000020137,1.0003770948117856
1970-01-01 00:00:00.000020138,1.0003770948117856
1970-01-01 00:00:00.000020139,1.0003770948117856
1970-01-01 00:00:00.000020140,1.0003770948117856
1970-01-01 00:00:00.000020141,1.0003770948117856
1970-01-01 00:00:00.000020142,1.0003770948117856
1970-01-01 00:00:00.000020143,1.0003770948117856
1970-01-01 00:00:00.000020144,1.0003770948117856
1970-01-01 00:00:00.000020145,1.0003770948117856
1970-01-01 00:00:00.000020146,1.0003770948117856
1970-01-01 00:00:00.000020147,1.0003770948117856
1970-01-01 00:00:00.000020148,1.0003770948117856
1970-01-01 00:00:00.000020149,1.0003770948117856
1970-01-01 00:00:00.000020150,1.0003770948117856
1970-01-01 00:00:00.000020151,1.0003770948117856
1970-01-01 00:00:00.000020152,1.0003770948117856
1970-01-01 00:00:00.000020153,1.0003770948117856
1970-01-01 00:00:00.000020154,1.0003770948117856
1970-01-01 00:00:00.000020155,1.0003770948117856
1970-01-01 00:00:00.000020156,1.0003770948117856
1970-01-01 00:00:00.000020157,1.0003770948117856
1970-01-01 00:00:00.000020158,1.0003770948117856
1970-01-01 00:00:00.000020159,1.0003770948117856
1970-01-01 00:00:00.000020160,1.0003770948117856
1970-01-01 00:00:00.000020161,1.0003770948117856
1970-01-01 00:00:00.000020162,1.0003770948117856
1970-01-01 00:00:00.000020163,1.0003770948117856
1970-01-01 00:00:00.000020164,1.0003770948117856
1970-01-01 00:00:00.000020165,1.0003770948117856
1970-01-01 00:00:00.000020166,1.0003770948117856
1970-01-01 00:00:00.000020167,1.0003770948117856
1970-01-01 00:00:00.000020168,1.0003770948117856
1970-01-01 00:00:00.000020169,1.0003770948117856
1970-01-01 00:00:00.000020170,1.0003770948117856
1970-01-01 00:00:00.000020171,1.0003770948117856
1970-01-01 00:00:00.000020172,1.0003770948117856
1970-01-01 00:00:00.000020173,1.0003770948117856
1970-01-01 00:00:00.000020174,1.0003770948117856
1970-01-01 00:00:00.000020175,1.0003770948117856
1970-01-01 00:00:00.000020176,1.0003770948117856
1970-01-01 00:00:00.000020177,1.0003770948117856
1970-01-01 00:00:00.000020178,1.0003770948117856
1970-01-01 00:00:00.000020179,1.0003770948117856
1970-01-01 00:00:00.000020180,1.0003770948117856
1970-01-01 00:00:00.000020181,1.0003770948117856
1970-01-01 00:00:00.000020182,1.0003770948117856
1970-01-01 00:00:00.000020183,1.0003770948117856
1970-01-01 00:00:00.000020184,1.0003770948117856
1970-01-01 00:00:00.000020185,1.0003770948117856
1970-01-01 00:00:00.000020186,1.0003770948117856
1970-01-01 00:00:00.000020187,1.0003770948117856
1970-01-01 00:00:00.000020188,1.0003770948117856
1970-01-01 00:00:00.000020189,1.0003770948117856
1970-01-01 00:00:00.000020190,1.0003770948117856
1970-01-01 00:00:00.000020191,1.0003770948117856
1970-01-01 00:00:00.000020192,1.0003770948117856
1970-01-01 00:00:00.000020193,1.0003770948117856
1970-01-01 00:00:00.000020194,1.0003770948117856
1970-01-01 00:00:00.000020195,1.0003770948117856
1970-01-01 00:00:00.000020196,1.0003770948117856
1970-01-01 00:00:00.000020197,1.0003770948117856
1970-01-01 00:00:00.000020198,1.0003770948117856
1970-01-01 00:00:00.000020199,1.0003770948117856
1970-01-01 00:00:00.000020200,1.0003770948117856
1970-01-01 00:00:00.000020201,1.0003770948117856
1970-01-01 00:00:00.000020202,1.0003770948117856
1970-01-01 00:00:00.000020203,1.0003770948117856
1970-01-01 00:00:00.000020204,1.0003770948117856
1970-01-01 00:00:00.000020205,1.0003770948117856
1970-01-01 00:00:00.000020206,1.0003770948117856
1970-01-01 00:00:00.000020207,1.0003770948117856
1970-01-01 00:00:00.000020208,1.0003770948117856
1970-01-01 00:00:00.000020209,1.0003770948117856
1970-01-01 00:00:00.000020210,1.0003770948117856
1970-01-01 00:00:00.000020211,1.0003770948117856
1970-01-01 00:00:00.000020212,1.0003770948117856
1970-01-01 00:00:00.000020213,1.0003770948117856
1970-01-01 00:00:00.000020214,1.0003770948117856
1970-01-01 00:00:00.000020215,1.0003770948117856
1970-01-01 00:00:00.000020216,1.0003770948117856
1970-01-01 00:00:00.000020217,1.0003770948117856
1970-01-01 00:00:00.000020218,1.0003770948117856
1970-01-01 00:00:00.000020219,1.0003770948117856
1970-01-01 00:00:00.000020220,1.0003770948117856
1970-01-01 00:00:00.000020221,1.0003770948117856
1970-01-01 00:00:00.000020222,1.0003770948117856
1970-01-01 00:00:00.000020223,1.0003770948117856
1970-01-01 00:00:00.000020224,1.0003770948117856
1970-01-01 00:00:00.000020225,1.0003770948117856
1970-01-01 00:00:00.000020226,1.0003770948117856
1970-01-01 00:00:00.000020227,1.0003770948117856
1970-01-01 00:00:00.000020228,1.0003770948117856
1970-01-01 00:00:00.000020229,1.0003770948117856
1970-01-01 00:00:00.000020230,1.0003770948117856
1970-01-01 00:00:00.000020231,1.0003770948117856
1970-01-01 00:00:00.000020232,1.0003770948117856
1970-01-01 00:00:00.000020233,1.0003770948117856
1970-01-01 00:00:00.000020234,1.0003770948117856
1970-01-01 00:00:00.000020235,1.0003770948117856
1970-01-01 00:00:00.000020236,1.0003770948117856
1970-01-01 00:00:00.000020237,1.0003770948117856
1970-01-01 00:00:00.000020238,1.0003770948117856
1970-01-01 00:00:00.000020239,1.0003770948117856
1970-01-01 00:00:00.000020240,1.0003770948117856
1970-01-01 00:00:00.000020241,1.0003770948117856
1970-01-01 00:00:00.000020242,1.0003770948117856
1970-01-01 00:00:00.000020243,1.0003770948117856
1970-01-01 00:00:00.000020244,1.0003770948117856
1970-01-01 00:00:00.000020245,1.0003770948117856
1970-01-01 00:00:00.000020246,1.0003770948117856
1970-01-01 00:00:00.000020247,1.0003770948117856
1970-01-01 00:00:00.000020248,1.0003770948117856
1970-01-01 00:00:00.000020249,1.0003770948117856
1970-01-01 00:00:00.000020250,1.0003770948117856
1970-01-01 00:00:00.000020251,1.0003770948117856
1970-01-01 00:00:00.000020252,1.0003770948117856
1970-01-01 00:00:00.000020253,1.0003770948117856
1970-01-01 00:00:00.000020254,1.0003770948117856
1970-01-01 00:00:00.000020255,1.0003770948117856
1970-01-01 00:00:00.000020256,1.0003770948117856
1970-01-01 00:00:00.000020257,1.0003770948117856
1970-01-01 00:00:00.000020258,1.0003770948117856
1970-01-01 00:00:00.000020259,1.0003770948117856
1970-01-01 00:00:00.000020260,1.0003770948117856
1970-01-01 00:00:00.000020261,1.0003770948117856
1970-01-01 00:00:00.000020262,1.0003770948117856
1970-01-01 00:00:00.000020263,1.0003770948117856
1970-01-01 00:00:00.000020264,1.0003770948117856
1970-01-01 00:00:00.000020265,1.0003770948117856
1970-01-01 00:00:00.000020266,1.0003770948117856
1970-01-01 00:00:00.000020267,1.0003770948117856
1970-01-01 00:00:00.000020268,1.0003770948117856
1970-01-01 00:00:00.000020269,1.0003770948117856
1970-01-01 00:00:00.000020270,1.0003770948117856
1970-01-01 00:00:00.000020271,1.0003770948117856
1970-01-01 00:00:00.000020272,1.0003770948117856
1970-01-01 00:00:00.000020273,1.0003770948117856
1970-01-01 00:00:00.000020274,1.0003770948117856
1970-01-01 00:00:00.000020275,1.0003770948117856
1970-01-01 00:00:00.000020276,1.0003770948117856
1970-01-01 00:00:00.000020277,1.0003770948117856
1970-01-01 00:00:00.000020278,1.0003770948117856
1970-01-01 00:00:00.000020279,1.0003770948117856
1970-01-01 00:00:00.000020280,1.0003770948117856
1970-01-01 00:00:00.000020281,1.0003770948117856
1970-01-01 00:00:00.000020282,1.0003770948117856
1970-01-01 00:00:00.000020283,1.0003770948117856
1970-01-01 00:00:00.000020284,1.0003770948117856
1970-01-01 00:00:00.000020285,1.0003770948117856
1970-01-01 00:00:00.000020286,1.0003770948117856
1970-01-01 00:00:00.000020287,1.0003770948117856
1970-01-01 00:00:00.000020288,1.0003770948117856
1970-01-01 00:00:00.000020289,1.0003770948117856
1970-01-01 00:00:00.000020290,1.0003770948117856
1970-01-01 00:00:00.000020291,1.0003770948117856
1970-01-01 00:00:00.000020292,1.0003770948117856
1970-01-01 00:00:00.000020293,1.0003770948117856
1970-01-01 00:00:00.000020294,1.0003770948117856
1970-01-01 00:00:00.000020295,1.0003770948117856
1970-01-01 00:00:00.000020296,1.0003770948117856
1970-01-01 00:00:00.000020297,1.0003770948117856
1970-01-01 00:00:00.000020298,1.0003770948117856
1970-01-01 00:00:00.000020299,1.0003770948117856
1970-01-01 00:00:00.000020300,1.0003770948117856
1970-01-01 00:00:00.000020301,1.0003770948117856
1970-01-01 00:00:00.000020302,1.0003770948117856
1970-01-01 00:00:00.000020303,1.0003770948117856
1970-01-01 00:00:00.000020304,1.0003770948117856
1970-01-01 00:00:00.000020305,1.0003770948117856
1970-01-01 00:00:00.000020306,1.0003770948117856
1970-01-01 00:00:00.000020307,1.0003770948117856
1970-01-01 00:00:00.000020308,1.0003770948117856
1970-01-01 00:00:00.000020309,1.0003770948117856
1970-01-01 00:00:00.000020310,1.0003770948117856
1970-01-01 00:00:00.000020311,1.0003770948117856
1970-01-01 00:00:00.000020312,1.0003770948117856
1970-01-01 00:00:00.000020313,1.0003770948117856
1970-01-01 00:00:00.000020314,1.0003770948117856
1970-01-01 00:00:00.000020315,1.0003770948117856
1970-01-01 00:00:00.000020316,1.0003770948117856
1970-01-01 00:00:00.000020317,1.0003770948117856
1970-01-01 00:00:00.000020318,1.0003770948117856
1970-01-01 00:00:00.000020319,1.0003770948117856
1970-01-01 00:00:00.000020320,1.0003770948117856
1970-01-01 00:00:00.000020321,1.0003770948117856
1970-01-01 00:00:00.000020322,1.0003770948117856
1970-01-01 00:00:00.000020323,1.0003770948117856
1970-01-01 00:00:00.000020324,1.0003770948117856
1970-01-01 00:00:00.000020325,1.0003770948117856
1970-01-01 00:00:00.000020326,1.0003770948117856
1970-01-01 00:00:00.000020327,1.0003770948117856
1970-01-01 00:00:00.000020328,1.0003770948117856
1970-01-01 00:00:00.000020329,1.0003770948117856
1970-01-01 00:00:00.000020330,1.0003770948117856
1970-01-01 00:00:00.000020331,1.0003770948117856
1970-01-01 00:00:00.000020332,1.0003770948117856
1970-01-01 00:00:00.000020333,1.0003770948117856
1970-01-01 00:00:00.000020334,1.0003770948117856
1970-01-01 00:00:00.000020335,1.0003770948117856
1970-01-01 00:00:00.000020336,1.0003770948117856
1970-01-01 00:00:00.000020337,1.0003770948117856
1970-01-01 00:00:00.000020338,1.0003770948117856
1970-01-01 00:00:00.000020339,1.0003770948117856
1970-01-01 00:00:00.000020340,1.0003770948117856
1970-01-01 00:00:00.000020341,1.0003770948117856
1970-01-01 00:00:00.000020342,1.0003770948117856
1970-01-01 00:00:00.000020343,1.0003770948117856
1970-01-01 00:00:00.000020344,1.0003770948117856
1970-01-01 00:00:00.000020345,1.0003770948117856
1970-01-01 00:00:00.000020346,1.0003770948117856
1970-01-01 00:00:00.000020347,1.0003770948117856
1970-01-01 00:00:00.000020348,1.0003770948117856
1970-01-01 00:00:00.000020349,1.0003770948117856
1970-01-01 00:00:00.000020350,1.0003770948117856
1970-01-01 00:00:00.000020351,1.0003770948117856
1970-01-01 00:00:00.000020352,1.0003770948117856
1970-01-01 00:00:00.000020353,1.0003770948117856
1970-01-01 00:00:00.000020354,1.0003770948117856
1970-01-01 00:00:00.000020355,1.0003770948117856
1970-01-01 00:00:00.000020356,1.0003770948117856
1970-01-01 00:00:00.000020357,1.0003770948117856
1970-01-01 00:00:00.000020358,1.0003770948117856
1970-01-01 00:00:00.000020359,1.0003770948117856
1970-01-01 00:00:00.000020360,1.0003770948117856
1970-01-01 00:00:00.000020361,1.0003770948117856
1970-01-01 00:00:00.000020362,1.0003770948117856
1970-01-01 00:00:00.000020363,1.0003770948117856
1970-01-01 00:00:00.000020364,1.0003770948117856
1970-01-01 00:00:00.000020365,1.0003770948117856
1970-01-01 00:00:00.000020366,1.0003770948117856
1970-01-01 00:00:00.000020367,1.0003770948117856
1970-01-01 00:00:00.000020368,1.0003770948117856
1970-01-01 00:00:00.000020369,1.0003770948117856
1970-01-01 00:00:00.000020370,1.0003770948117856
1970-01-01 00:00:00.000020371,1.0003770948117856
1970-01-01 00:00:00.000020372,1.0003770948117856
1970-01-01 00:00:00.000020373,1.0003770948117856
1970-01-01 00:00:00.000020374,1.0003770948117856
1970-01-01 00:00:00.000020375,1.0003770948117856
1970-01-01 00:00:00.000020376,1.0003770948117856
1970-01-01 00:00:00.000020377,1.0003770948117856
1970-01-01 00:00:00.000020378,1.0003770948117856
1970-01-01 00:00:00.000020379,1.0003770948117856
1970-01-01 00:00:00.000020380,1.0003770948117856
1970-01-01 00:00:00.000020381,1.0003770948117856
1970-01-01 00:00:00.000020382,1.0003770948117856
1970-01-01 00:00:00.000020383,1.0003770948117856
1970-01-01 00:00:00.000020384,1.0003770948117856
1970-01-01 00:00:00.000020385,1.0003770948117856
1970-01-01 00:00:00.000020386,1.0003770948117856
1970-01-01 00:00:00.000020387,1.0003770948117856
1970-01-01 00:00:00.000020388,1.0003770948117856
1970-01-01 00:00:00.000020389,1.0003770948117856
1970-01-01 00:00:00.000020390,1.0003770948117856
1970-01-01 00:00:00.000020391,1.0003770948117856
1970-01-01 00:00:00.000020392,1.0003770948117856
1970-01-01 00:00:00.000020393,1.0003770948117856
1970-01-01 00:00:00.000020394,1.0003770948117856
1970-01-01 00:00:00.000020395,1.0003770948117856
1970-01-01 00:00:00.000020396,1.0003770948117856
1970-01-01 00:00:00.000020397,1.0003770948117856
1970-01-01 00:00:00.000020398,1.0003770948117856
1970-01-01 00:00:00.000020399,1.0003770948117856
1970-01-01 00:00:00.000020400,1.0003770948117856
1970-01-01 00:00:00.000020401,1.0003770948117856
1970-01-01 00:00:00.000020402,1.0003770948117856
1970-01-01 00:00:00.000020403,1.0003770948117856
1970-01-01 00:00:00.000020404,1.0003770948117856
1970-01-01 00:00:00.000020405,1.0003770948117856
1970-01-01 00:00:00.000020406,1.0003770948117856
1970-01-01 00:00:00.000020407,1.0003770948117856
1970-01-01 00:00:00.000020408,1.0003770948117856
1970-01-01 00:00:00.000020409,1.0003770948117856
1970-01-01 00:00:00.000020410,1.0003770948117856
1970-01-01 00:00:00.000020411,1.0003770948117856
1970-01-01 00:00:00.000020412,1.0003770948117856
1970-01-01 00:00:00.000020413,1.0003770948117856
1970-01-01 00:00:00.000020414,1.0003770948117856
1970-01-01 00:00:00.000020415,1.0003770948117856
1970-01-01 00:00:00.000020416,1.0003770948117856
1970-01-01 00:00:00.000020417,1.0003770948117856
1970-01-01 00:00:00.000020418,1.0003770948117856
1970-01-01 00:00:00.000020419,1.0003770948117856
1970-01-01 00:00:00.000020420,1.0003770948117856
1970-01-01 00:00:00.000020421,1.0003770948117856
1970-01-01 00:00:00.000020422,1.0003770948117856
1970-01-01 00:00:00.000020423,1.0003770948117856
1970-01-01 00:00:00.000020424,1.0003770948117856
1970-01-01 00:00:00.000020425,1.0003770948117856
1970-01-01 00:00:00.000020426,1.0003770948117856
1970-01-01 00:00:00.000020427,1.0003770948117856
1970-01-01 00:00:00.000020428,1.0003770948117856
1970-01-01 00:00:00.000020429,1.0003770948117856
1970-01-01 00:00:00.000020430,1.0003770948117856
1970-01-01 00:00:00.000020431,1.0003770948117856
1970-01-01 00:00:00.000020432,1.0003770948117856
1970-01-01 00:00:00.000020433,1.0003770948117856
1970-01-01 00:00:00.000020434,1.0003770948117856
1970-01-01 00:00:00.000020435,1.0003770948117856
1970-01-01 00:00:00.000020436,1.0003770948117856
1970-01-01 00:00:00.000020437,1.0003770948117856
1970-01-01 00:00:00.000020438,1.0003770948117856
1970-01-01 00:00:00.000020439,1.0003770948117856
1970-01-01 00:00:00.000020440,1.0003770948117856
1970-01-01 00:00:00.000020441,1.0003770948117856
1970-01-01 00:00:00.000020442,1.0003770948117856
1970-01-01 00:00:00.000020443,1.0003770948117856
1970-01-01 00:00:00.000020444,1.0003770948117856
1970-01-01 00:00:00.000020445,1.0003770948117856
1970-01-01 00:00:00.000020446,1.0003770948117856
1970-01-01 00:00:00.000020447,1.0003770948117856
1970-01-01 00:00:00.000020448,1.0003770948117856
1970-01-01 00:00:00.000020449,1.0003770948117856
1970-01-01 00:00:00.000020450,1.0003770948117856
1970-01-01 00:00:00.000020451,1.0003770948117856
1970-01-01 00:00:00.000020452,1.0003770948117856
1970-01-01 00:00:00.000020453,1.0003770948117856
1970-01-01 00:00:00.000020454,1.0003770948117856
1970-01-01 00:00:00.000020455,1.0003770948117856
1970-01-01 00:00:00.000020456,1.0003770948117856
1970-01-01 00:00:00.000020457,1.0003770948117856
1970-01-01 00:00:00.000020458,1.0003770948117856
1970-01-01 00:00:00.000020459,1.0003770948117856
1970-01-01 00:00:00.000020460,1.0003770948117856
1970-01-01 00:00:00.000020461,1.0003770948117856
1970-01-01 00:00:00.000020462,1.0003770948117856
1970-01-01 00:00:00.000020463,1.0003770948117856
1970-01-01 00:00:00.000020464,1.0003770948117856
1970-01-01 00:00:00.000020465,1.0003770948117856
1970-01-01 00:00:00.000020466,1.0003770948117856
1970-01-01 00:00:00.000020467,1.0003770948117856
1970-01-01 00:00:00.000020468,1.0003770948117856
1970-01-01 00:00:00.000020469,1.0003770948117856
1970-01-01 00:00:00.000020470,1.0003770948117856
1970-01-01 00:00:00.000020471,1.0003770948117856
1970-01-01 00:00:00.000020472,1.0003770948117856
1970-01-01 00:00:00.000020473,1.0003770948117856
1970-01-01 00:00:00.000020474,1.0003770948117856
1970-01-01 00:00:00.000020475,1.0003770948117856
1970-01-01 00:00:00.000020476,1.0003770948117856
1970-01-01 00:00:00.000020477,1.0003770948117856
1970-01-01 00:00:00.000020478,1.0003770948117856
1970-01-01 00:00:00.000020479,1.0003770948117856
1970-01-01 00:00:00.000020480,1.0003770948117856
1970-01-01 00:00:00.000020481,1.0003770948117856
1970-01-01 00:00:00.000020482,1.0003770948117856
1970-01-01 00:00:00.000020483,1.0003770948117856
1970-01-01 00:00:00.000020484,1.0003770948117856
1970-01-01 00:00:00.000020485,1.0003770948117856
1970-01-01 00:00:00.000020486,1.0003770948117856
1970-01-01 00:00:00.000020487,1.0003770948117856
1970-01-01 00:00:00.000020488,1.0003770948117856
1970-01-01 00:00:00.000020489,1.0003770948117856
1970-01-01 00:00:00.000020490,1.0003770948117856
1970-01-01 00:00:00.000020491,1.0003770948117856
1970-01-01 00:00:00.000020492,1.0003770948117856
1970-01-01 00:00:00.000020493,1.0003770948117856
1970-01-01 00:00:00.000020494,1.0003770948117856
1970-01-01 00:00:00.000020495,1.0003770948117856
1970-01-01 00:00:00.000020496,1.0003770948117856
1970-01-01 00:00:00.000020497,1.0003770948117856
1970-01-01 00:00:00.000020498,1.0003770948117856
1970-01-01 00:00:00.000020499,1.0003770948117856
1970-01-01 00:00:00.000020500,1.0003770948117856
1970-01-01 00:00:00.000020501,1.0003770948117856
1970-01-01 00:00:00.000020502,1.0003770948117856
1970-01-01 00:00:00.000020503,1.0003770948117856
1970-01-01 00:00:00.000020504,1.0003770948117856
1970-01-01 00:00:00.000020505,1.0003770948117856
1970-01-01 00:00:00.000020506,1.0003770948117856
1970-01-01 00:00:00.000020507,1.0003770948117856
1970-01-01 00:00:00.000020508,1.0003770948117856
1970-01-01 00:00:00.000020509,1.0003770948117856
1970-01-01 00:00:00.000020510,1.0003770948117856
1970-01-01 00:00:00.000020511,1.0003770948117856
1970-01-01 00:00:00.000020512,1.0003770948117856
1970-01-01 00:00:00.000020513,1.0003770948117856
1970-01-01 00:00:00.000020514,1.0003770948117856
1970-01-01 00:00:00.000020515,1.0003770948117856
1970-01-01 00:00:00.000020516,1.0003770948117856
1970-01-01 00:00:00.000020517,1.0003770948117856
1970-01-01 00:00:00.000020518,1.0003770948117856
1970-01-01 00:00:00.000020519,1.0003770948117856
1970-01-01 00:00:00.000020520,1.0003770948117856
1970-01-01 00:00:00.000020521,1.0003770948117856
1970-01-01 00:00:00.000020522,1.0003770948117856
1970-01-01 00:00:00.000020523,1.0003770948117856
1970-01-01 00:00:00.000020524,1.0003770948117856
1970-01-01 00:00:00.000020525,1.0003770948117856
1970-01-01 00:00:00.000020526,1.0003770948117856
1970-01-01 00:00:00.000020527,1.0003770948117856
1970-01-01 00:00:00.000020528,1.0003770948117856
1970-01-01 00:00:00.000020529,1.0003770948117856
1970-01-01 00:00:00.000020530,1.0003770948117856
1970-01-01 00:00:00.000020531,1.0003770948117856
1970-01-01 00:00:00.000020532,1.0003770948117856
1970-01-01 00:00:00.000020533,1.0003770948117856
1970-01-01 00:00:00.000020534,1.0003770948117856
1970-01-01 00:00:00.000020535,1.0003770948117856
1970-01-01 00:00:00.000020536,1.0003770948117856
1970-01-01 00:00:00.000020537,1.0003770948117856
1970-01-01 00:00:00.000020538,1.0003770948117856
1970-01-01 00:00:00.000020539,1.0003770948117856
1970-01-01 00:00:00.000020540,1.0003770948117856
1970-01-01 00:00:00.000020541,1.0003770948117856
1970-01-01 00:00:00.000020542,1.0003770948117856
1970-01-01 00:00:00.000020543,1.0003770948117856
1970-01-01 00:00:00.000020544,1.0003770948117856
1970-01-01 00:00:00.000020545,1.0003770948117856
1970-01-01 00:00:00.000020546,1.0003770948117856
1970-01-01 00:00:00.000020547,1.0003770948117856
1970-01-01 00:00:00.000020548,1.0003770948117856
1970-01-01 00:00:00.000020549,1.0003770948117856
1970-01-01 00:00:00.000020550,1.0003770948117856
1970-01-01 00:00:00.000020551,1.0003770948117856
1970-01-01 00:00:00.000020552,1.0003770948117856
1970-01-01 00:00:00.000020553,1.0003770948117856
1970-01-01 00:00:00.000020554,1.0003770948117856
1970-01-01 00:00:00.000020555,1.0003770948117856
1970-01-01 00:00:00.000020556,1.0003770948117856
1970-01-01 00:00:00.000020557,1.0003770948117856
1970-01-01 00:00:00.000020558,1.0003770948117856
1970-01-01 00:00:00.000020559,1.0003770948117856
1970-01-01 00:00:00.000020560,1.0003770948117856
1970-01-01 00:00:00.000020561,1.0003770948117856
1970-01-01 00:00:00.000020562,1.0003770948117856
1970-01-01 00:00:00.000020563,1.0003770948117856
1970-01-01 00:00:00.000020564,1.0003770948117856
1970-01-01 00:00:00.000020565,1.0003770948117856
1970-01-01 00:00:00.000020566,1.0003770948117856
1970-01-01 00:00:00.000020567,1.0003770948117856
1970-01-01 00:00:00.000020568,1.0003770948117856
1970-01-01 00:00:00.000020569,1.0003770948117856
1970-01-01 00:00:00.000020570,1.0003770948117856
1970-01-01 00:00:00.000020571,1.0003770948117856
1970-01-01 00:00:00.000020572,1.0003770948117856
1970-01-01 00:00:00.000020573,1.0003770948117856
1970-01-01 00:00:00.000020574,1.0003770948117856
1970-01-01 00:00:00.000020575,0.9995732737794021
1970-01-01 00:00:00.000020576,0.9994733164520242
1970-01-01 00:00:00.000020577,0.9994733164520242
1970-01-01 00:00:00.000020578,0.9994733164520242
1970-01-01 00:00:00.000020579,0.9994733164520242
1970-01-01 00:00:00.000020580,0.9994733164520242
1970-01-01 00:00:00.000020581,0.9994733164520242
1970-01-01 00:00:00.000020582,0.9994733164520242
1970-01-01 00:00:00.000020583,0.9994733164520242
1970-01-01 00:00:00.000020584,0.9994733164520242
1970-01-01 00:00:00.000020585,0.9994733164520242
1970-01-01 00:00:00.000020586,0.9994733164520242
1970-01-01 00:00:00.000020587,0.9994733164520242
1970-01-01 00:00:00.000020588,0.9994733164520242
1970-01-01 00:00:00.000020589,0.9994733164520242
1970-01-01 00:00:00.000020590,0.9994733164520242
1970-01-01 00:00:00.000020591,0.9994733164520242
1970-01-01 00:00:00.000020592,0.9994733164520242
1970-01-01 00:00:00.000020593,0.9994733164520242
1970-01-01 00:00:00.000020594,0.9994733164520242
1970-01-01 00:00:00.000020595,0.9994733164520242
1970-01-01 00:00:00.000020596,0.9994733164520242
1970-01-01 00:00:00.000020597,0.9994733164520242
1970-01-01 00:00:00.000020598,0.9994733164520242
1970-01-01 00:00:00.000020599,0.9994733164520242
1970-01-01 00:00:00.000020600,0.9994733164520242
1970-01-01 00:00:00.000020601,0.9994733164520242
1970-01-01 00:00:00.000020602,0.9994733164520242
1970-01-01 00:00:00.000020603,0.9994733164520242
1970-01-01 00:00:00.000020604,0.9994733164520242
1970-01-01 00:00:00.000020605,0.9994733164520242
1970-01-01 00:00:00.000020606,0.9994733164520242
1970-01-01 00:00:00.000020607,0.9994733164520242
1970-01-01 00:00:00.000020608,0.9994733164520242
1970-01-01 00:00:00.000020609,0.9994733164520242
1970-01-01 00:00:00.000020610,0.9994733164520242
1970-01-01 00:00:00.000020611,0.9994733164520242
1970-01-01 00:00:00.000020612,0.9994733164520242
1970-01-01 00:00:00.000020613,0.9994733164520242
1970-01-01 00:00:00.000020614,0.9994733164520242
1970-01-01 00:00:00.000020615,0.9994733164520242
1970-01-01 00:00:00.000020616,0.9994733164520242
1970-01-01 00:00:00.000020617,0.9994733164520242
1970-01-01 00:00:00.000020618,0.9994733164520242
1970-01-01 00:00:00.000020619,0.9994733164520242
1970-01-01 00:00:00.000020620,0.9994733164520242
1970-01-01 00:00:00.000020621,0.9994733164520242
1970-01-01 00:00:00.000020622,0.9994733164520242
1970-01-01 00:00:00.000020623,0.9994733164520242
1970-01-01 00:00:00.000020624,0.9994733164520242
1970-01-01 00:00:00.000020625,0.9994733164520242
1970-01-01 00:00:00.000020626,0.9994733164520242
1970-01-01 00:00:00.000020627,0.9994733164520242
1970-01-01 00:00:00.000020628,0.9994733164520242
1970-01-01 00:00:00.000020629,0.9994733164520242
1970-01-01 00:00:00.000020630,0.9994733164520242
1970-01-01 00:00:00.000020631,0.9994733164520242
1970-01-01 00:00:00.000020632,0.9994733164520242
1970-01-01 00:00:00.000020633,0.9994733164520242
1970-01-01 00:00:00.000020634,0.9994733164520242
1970-01-01 00:00:00.000020635,0.9994733164520242
1970-01-01 00:00:00.000020636,0.9994733164520242
1970-01-01 00:00:00.000020637,0.9994733164520242
1970-01-01 00:00:00.000020638,0.9994733164520242
1970-01-01 00:00:00.000020639,0.9994733164520242
1970-01-01 00:00:00.000020640,0.9994733164520242
1970-01-01 00:00:00.000020641,0.9994733164520242
1970-01-01 00:00:00.000020642,0.9994733164520242
1970-01-01 00:00:00.000020643,0.9994733164520242
1970-01-01 00:00:00.000020644,0.9994733164520242
1970-01-01 00:00:00.000020645,0.9994733164520242
1970-01-01 00:00:00.000020646,0.9994733164520242
1970-01-01 00:00:00.000020647,0.9994733164520242
1970-01-01 00:00:00.000020648,0.9994733164520242
1970-01-01 00:00:00.000020649,0.9994733164520242
1970-01-01 00:00:00.000020650,0.9994733164520242
1970-01-01 00:00:00.000020651,0.9994733164520242
1970-01-01 00:00:00.000020652,0.9994733164520242
1970-01-01 00:00:00.000020653,0.9994733164520242
1970-01-01 00:00:00.000020654,0.9994733164520242
1970-01-01 00:00:00.000020655,0.9994733164520242
1970-01-01 00:00:00.000020656,0.9994733164520242
1970-01-01 00:00:00.000020657,0.9994733164520242
1970-01-01 00:00:00.000020658,0.9994733164520242
1970-01-01 00:00:00.000020659,0.9994733164520242
1970-01-01 00:00:00.000020660,0.9994733164520242
1970-01-01 00:00:00.000020661,0.9994733164520242
1970-01-01 00:00:00.000020662,0.9994733164520242
1970-01-01 00:00:00.000020663,0.9994733164520242
1970-01-01 00:00:00.000020664,0.9994733164520242
1970-01-01 00:00:00.000020665,0.9994733164520242
1970-01-01 00:00:00.000020666,0.9994733164520242
1970-01-01 00:00:00.000020667,0.9994733164520242
1970-01-01 00:00:00.000020668,0.9994733164520242
1970-01-01 00:00:00.000020669,0.9994733164520242
1970-01-01 00:00:00.000020670,0.9994733164520242
1970-01-01 00:00:00.000020671,0.9994733164520242
1970-01-01 00:00:00.000020672,0.9994733164520242
1970-01-01 00:00:00.000020673,0.9994733164520242
1970-01-01 00:00:00.000020674,0.9994733164520242
1970-01-01 00:00:00.000020675,0.9994733164520242
1970-01-01 00:00:00.000020676,0.9994733164520242
1970-01-01 00:00:00.000020677,0.9994733164520242
1970-01-01 00:00:00.000020678,0.9994733164520242
1970-01-01 00:00:00.000020679,0.9994733164520242
1970-01-01 00:00:00.000020680,0.9994733164520242
1970-01-01 00:00:00.000020681,0.9994733164520242
1970-01-01 00:00:00.000020682,0.9994733164520242
1970-01-01 00:00:00.000020683,0.9994733164520242
1970-01-01 00:00:00.000020684,0.9994733164520242
1970-01-01 00:00:00.000020685,0.9994733164520242
1970-01-01 00:00:00.000020686,0.9994733164520242
1970-01-01 00:00:00.000020687,0.9994733164520242
1970-01-01 00:00:00.000020688,0.9994733164520242
1970-01-01 00:00:00.000020689,0.9994733164520242
1970-01-01 00:00:00.000020690,0.9994733164520242
1970-01-01 00:00:00.000020691,0.9994733164520242
1970-01-01 00:00:00.000020692,0.9994733164520242
1970-01-01 00:00:00.000020693,0.9994733164520242
1970-01-01 00:00:00.000020694,0.9994733164520242
1970-01-01 00:00:00.000020695,0.9994733164520242
1970-01-01 00:00:00.000020696,0.9994733164520242
1970-01-01 00:00:00.000020697,0.9994733164520242
1970-01-01 00:00:00.000020698,0.9994733164520242
1970-01-01 00:00:00.000020699,0.9994733164520242
1970-01-01 00:00:00.000020700,0.9994733164520242
1970-01-01 00:00:00.000020701,0.9994733164520242
1970-01-01 00:00:00.000020702,0.9994733164520242
1970-01-01 00:00:00.000020703,0.9994733164520242
1970-01-01 00:00:00.000020704,0.9994733164520242
1970-01-01 00:00:00.000020705,0.9994733164520242
1970-01-01 00:00:00.000020706,0.9994733164520242
1970-01-01 00:00:00.000020707,0.9994733164520242
1970-01-01 00:00:00.000020708,0.9994733164520242
1970-01-01 00:00:00.000020709,0.9994733164520242
1970-01-01 00:00:00.000020710,0.9994733164520242
1970-01-01 00:00:00.000020711,0.9994733164520242
1970-01-01 00:00:00.000020712,0.9994733164520242
1970-01-01 00:00:00.000020713,0.9994733164520242
1970-01-01 00:00:00.000020714,0.9994733164520242
1970-01-01 00:00:00.000020715,0.9994733164520242
1970-01-01 00:00:00.000020716,0.9994733164520242
1970-01-01 00:00:00.000020717,0.9994733164520242
1970-01-01 00:00:00.000020718,0.9994733164520242
1970-01-01 00:00:00.000020719,0.9994733164520242
1970-01-01 00:00:00.000020720,0.9994733164520242
1970-01-01 00:00:00.000020721,0.9994733164520242
1970-01-01 00:00:00.000020722,0.9994733164520242
1970-01-01 00:00:00.000020723,0.9994733164520242
1970-01-01 00:00:00.000020724,0.9994733164520242
1970-01-01 00:00:00.000020725,0.9994733164520242
1970-01-01 00:00:00.000020726,0.9994733164520242
1970-01-01 00:00:00.000020727,0.9994733164520242
1970-01-01 00:00:00.000020728,0.9994733164520242
1970-01-01 00:00:00.000020729,0.9994733164520242
1970-01-01 00:00:00.000020730,0.9994733164520242
1970-01-01 00:00:00.000020731,0.9994733164520242
1970-01-01 00:00:00.000020732,0.9994733164520242
1970-01-01 00:00:00.000020733,0.9994733164520242
1970-01-01 00:00:00.000020734,0.9994733164520242
1970-01-01 00:00:00.000020735,0.9994733164520242
1970-01-01 00:00:00.000020736,0.9994733164520242
1970-01-01 00:00:00.000020737,0.9994733164520242
1970-01-01 00:00:00.000020738,0.9994733164520242
1970-01-01 00:00:00.000020739,0.9994733164520242
1970-01-01 00:00:00.000020740,0.9994733164520242
1970-01-01 00:00:00.000020741,0.9994733164520242
1970-01-01 00:00:00.000020742,0.9994733164520242
1970-01-01 00:00:00.000020743,0.9994733164520242
1970-01-01 00:00:00.000020744,0.9994733164520242
1970-01-01 00:00:00.000020745,0.9994733164520242
1970-01-01 00:00:00.000020746,0.9994733164520242
1970-01-01 00:00:00.000020747,0.9994733164520242
1970-01-01 00:00:00.000020748,0.9994733164520242
1970-01-01 00:00:00.000020749,0.9994733164520242
1970-01-01 00:00:00.000020750,0.9994733164520242
1970-01-01 00:00:00.000020751,0.9994733164520242
1970-01-01 00:00:00.000020752,0.9994733164520242
1970-01-01 00:00:00.000020753,0.9994733164520242
1970-01-01 00:00:00.000020754,0.9994733164520242
1970-01-01 00:00:00.000020755,0.9994733164520242
1970-01-01 00:00:00.000020756,0.9994733164520242
1970-01-01 00:00:00.000020757,0.9994733164520242
1970-01-01 00:00:00.000020758,0.9994733164520242
1970-01-01 00:00:00.000020759,0.9994733164520242
1970-01-01 00:00:00.000020760,0.9994733164520242
1970-01-01 00:00:00.000020761,0.9994733164520242
1970-01-01 00:00:00.000020762,0.9994733164520242
1970-01-01 00:00:00.000020763,0.9994733164520242
1970-01-01 00:00:00.000020764,0.9994733164520242
1970-01-01 00:00:00.000020765,0.9994733164520242
1970-01-01 00:00:00.000020766,0.9994733164520242
1970-01-01 00:00:00.000020767,0.9994733164520242
1970-01-01 00:00:00.000020768,0.9994733164520242
1970-01-01 00:00:00.000020769,0.9994733164520242
1970-01-01 00:00:00.000020770,0.9994733164520242
1970-01-01 00:00:00.000020771,0.9994733164520242
1970-01-01 00:00:00.000020772,0.9994733164520242
1970-01-01 00:00:00.000020773,0.9994733164520242
1970-01-01 00:00:00.000020774,0.9994733164520242
1970-01-01 00:00:00.000020775,0.9994733164520242
1970-01-01 00:00:00.000020776,0.9994733164520242
1970-01-01 00:00:00.000020777,0.9994733164520242
1970-01-01 00:00:00.000020778,0.9994733164520242
1970-01-01 00:00:00.000020779,0.9994733164520242
1970-01-01 00:00:00.000020780,0.9994733164520242
1970-01-01 00:00:00.000020781,0.9994733164520242
1970-01-01 00:00:00.000020782,0.9994733164520242
1970-01-01 00:00:00.000020783,0.9994733164520242
1970-01-01 00:00:00.000020784,0.9994733164520242
1970-01-01 00:00:00.000020785,0.9994733164520242
1970-01-01 00:00:00.000020786,0.9994733164520242
1970-01-01 00:00:00.000020787,0.9994733164520242
1970-01-01 00:00:00.000020788,0.9994733164520242
1970-01-01 00:00:00.000020789,0.9994733164520242
1970-01-01 00:00:00.000020790,0.9994733164520242
1970-01-01 00:00:00.000020791,0.9994733164520242
1970-01-01 00:00:00.000020792,0.9994733164520242
1970-01-01 00:00:00.000020793,0.9994733164520242
1970-01-01 00:00:00.000020794,0.9994733164520242
1970-01-01 00:00:00.000020795,0.9994733164520242
1970-01-01 00:00:00.000020796,0.9994733164520242
1970-01-01 00:00:00.000020797,0.9994733164520242
1970-01-01 00:00:00.000020798,0.9994733164520242
1970-01-01 00:00:00.000020799,0.9994733164520242
1970-01-01 00:00:00.000020800,0.9994733164520242
1970-01-01 00:00:00.000020801,0.9994733164520242
1970-01-01 00:00:00.000020802,0.9994733164520242
1970-01-01 00:00:00.000020803,0.9994733164520242
1970-01-01 00:00:00.000020804,0.9994733164520242
1970-01-01 00:00:00.000020805,0.9994733164520242
1970-01-01 00:00:00.000020806,0.9994733164520242
1970-01-01 00:00:00.000020807,0.9994733164520242
1970-01-01 00:00:00.000020808,0.9994733164520242
1970-01-01 00:00:00.000020809,0.9994733164520242
1970-01-01 00:00:00.000020810,0.9994733164520242
1970-01-01 00:00:00.000020811,0.9994733164520242
1970-01-01 00:00:00.000020812,0.9994733164520242
1970-01-01 00:00:00.000020813,0.9994733164520242
1970-01-01 00:00:00.000020814,0.9994733164520242
1970-01-01 00:00:00.000020815,0.9994733164520242
1970-01-01 00:00:00.000020816,0.9994733164520242
1970-01-01 00:00:00.000020817,0.9994733164520242
1970-01-01 00:00:00.000020818,0.9994733164520242
1970-01-01 00:00:00.000020819,0.9994733164520242
1970-01-01 00:00:00.000020820,0.9994733164520242
1970-01-01 00:00:00.000020821,0.9994733164520242
1970-01-01 00:00:00.000020822,0.9994733164520242
1970-01-01 00:00:00.000020823,0.9994733164520242
1970-01-01 00:00:00.000020824,0.9994733164520242
1970-01-01 00:00:00.000020825,0.9994733164520242
1970-01-01 00:00:00.000020826,0.9994733164520242
1970-01-01 00:00:00.000020827,0.9994733164520242
1970-01-01 00:00:00.000020828,0.9994733164520242
1970-01-01 00:00:00.000020829,0.9994733164520242
1970-01-01 00:00:00.000020830,0.9994733164520242
1970-01-01 00:00:00.000020831,0.9994733164520242
1970-01-01 00:00:00.000020832,0.9994733164520242
1970-01-01 00:00:00.000020833,0.9994733164520242
1970-01-01 00:00:00.000020834,0.9994733164520242
1970-01-01 00:00:00.000020835,0.9994733164520242
1970-01-01 00:00:00.000020836,0.9994733164520242
1970-01-01 00:00:00.000020837,0.9994733164520242
1970-01-01 00:00:00.000020838,0.9994733164520242
1970-01-01 00:00:00.000020839,0.9994733164520242
1970-01-01 00:00:00.000020840,0.9994733164520242
1970-01-01 00:00:00.000020841,0.9994733164520242
1970-01-01 00:00:00.000020842,0.9994733164520242
1970-01-01 00:00:00.000020843,0.9994733164520242
1970-01-01 00:00:00.000020844,0.9994733164520242
1970-01-01 00:00:00.000020845,0.9994733164520242
1970-01-01 00:00:00.000020846,0.9994733164520242
1970-01-01 00:00:00.000020847,0.9994733164520242
1970-01-01 00:00:00.000020848,0.9994733164520242
1970-01-01 00:00:00.000020849,0.9994733164520242
1970-01-01 00:00:00.000020850,0.9994733164520242
1970-01-01 00:00:00.000020851,0.9994733164520242
1970-01-01 00:00:00.000020852,0.9994733164520242
1970-01-01 00:00:00.000020853,0.9994733164520242
1970-01-01 00:00:00.000020854,0.9994733164520242
1970-01-01 00:00:00.000020855,0.9994733164520242
1970-01-01 00:00:00.000020856,0.9994733164520242
1970-01-01 00:00:00.000020857,0.9994733164520242
1970-01-01 00:00:00.000020858,0.9994733164520242
1970-01-01 00:00:00.000020859,0.9994733164520242
1970-01-01 00:00:00.000020860,0.9994733164520242
1970-01-01 00:00:00.000020861,0.9994733164520242
1970-01-01 00:00:00.000020862,0.9994733164520242
1970-01-01 00:00:00.000020863,0.9994733164520242
1970-01-01 00:00:00.000020864,0.9994733164520242
1970-01-01 00:00:00.000020865,0.9994733164520242
1970-01-01 00:00:00.000020866,0.9994733164520242
1970-01-01 00:00:00.000020867,0.9994733164520242
1970-01-01 00:00:00.000020868,0.9994733164520242
1970-01-01 00:00:00.000020869,0.9994733164520242
1970-01-01 00:00:00.000020870,0.9994733164520242
1970-01-01 00:00:00.000020871,0.9994733164520242
1970-01-01 00:00:00.000020872,0.9994733164520242
1970-01-01 00:00:00.000020873,0.9994733164520242
1970-01-01 00:00:00.000020874,0.9994733164520242
1970-01-01 00:00:00.000020875,0.9994733164520242
1970-01-01 00:00:00.000020876,0.9994733164520242
1970-01-01 00:00:00.000020877,0.9994733164520242
1970-01-01 00:00:00.000020878,0.9994733164520242
1970-01-01 00:00:00.000020879,0.9994733164520242
1970-01-01 00:00:00.000020880,0.9994733164520242
1970-01-01 00:00:00.000020881,0.9994733164520242
1970-01-01 00:00:00.000020882,0.9994733164520242
1970-01-01 00:00:00.000020883,0.9994733164520242
1970-01-01 00:00:00.000020884,0.9994733164520242
1970-01-01 00:00:00.000020885,0.9994733164520242
1970-01-01 00:00:00.000020886,0.9994733164520242
1970-01-01 00:00:00.000020887,0.9994733164520242
1970-01-01 00:00:00.000020888,0.9994733164520242
1970-01-01 00:00:00.000020889,0.9994733164520242
1970-01-01 00:00:00.000020890,0.9994733164520242
1970-01-01 00:00:00.000020891,0.9994733164520242
1970-01-01 00:00:00.000020892,0.9994733164520242
1970-01-01 00:00:00.000020893,0.9994733164520242
1970-01-01 00:00:00.000020894,0.9994733164520242
1970-01-01 00:00:00.000020895,0.9994733164520242
1970-01-01 00:00:00.000020896,0.9994733164520242
1970-01-01 00:00:00.000020897,0.9994733164520242
1970-01-01 00:00:00.000020898,0.9994733164520242
1970-01-01 00:00:00.000020899,0.9994733164520242
1970-01-01 00:00:00.000020900,0.9994733164520242
1970-01-01 00:00:00.000020901,0.9994733164520242
1970-01-01 00:00:00.000020902,0.9994733164520242
1970-01-01 00:00:00.000020903,0.9994733164520242
1970-01-01 00:00:00.000020904,0.9994733164520242
1970-01-01 00:00:00.000020905,0.9994733164520242
1970-01-01 00:00:00.000020906,0.9994733164520242
1970-01-01 00:00:00.000020907,0.9994733164520242
1970-01-01 00:00:00.000020908,0.9994733164520242
1970-01-01 00:00:00.000020909,0.9994733164520242
1970-01-01 00:00:00.000020910,0.9994733164520242
1970-01-01 00:00:00.000020911,0.9994733164520242
1970-01-01 00:00:00.000020912,0.9994733164520242
1970-01-01 00:00:00.000020913,0.9994733164520242
1970-01-01 00:00:00.000020914,0.9994733164520242
1970-01-01 00:00:00.000020915,0.9994733164520242
1970-01-01 00:00:00.000020916,0.9994733164520242
1970-01-01 00:00:00.000020917,0.9994733164520242
1970-01-01 00:00:00.000020918,0.9994733164520242
1970-01-01 00:00:00.000020919,0.9994733164520242
1970-01-01 00:00:00.000020920,0.9994733164520242
1970-01-01 00:00:00.000020921,0.9994733164520242
1970-01-01 00:00:00.000020922,0.9994733164520242
1970-01-01 00:00:00.000020923,0.9994733164520242
1970-01-01 00:00:00.000020924,0.9994733164520242
1970-01-01 00:00:00.000020925,0.9994733164520242
1970-01-01 00:00:00.000020926,0.9994733164520242
1970-01-01 00:00:00.000020927,0.9994733164520242
1970-01-01 00:00:00.000020928,0.9994733164520242
1970-01-01 00:00:00.000020929,0.9994733164520242
1970-01-01 00:00:00.000020930,0.9994733164520242
1970-01-01 00:00:00.000020931,0.9994733164520242
1970-01-01 00:00:00.000020932,0.9994733164520242
1970-01-01 00:00:00.000020933,0.9994733164520242
1970-01-01 00:00:00.000020934,0.9994733164520242
1970-01-01 00:00:00.000020935,0.9994733164520242
1970-01-01 00:00:00.000020936,0.9994733164520242
1970-01-01 00:00:00.000020937,0.9994733164520242
1970-01-01 00:00:00.000020938,0.9994733164520242
1970-01-01 00:00:00.000020939,0.9994733164520242
1970-01-01 00:00:00.000020940,0.9994733164520242
1970-01-01 00:00:00.000020941,0.9994733164520242
1970-01-01 00:00:00.000020942,0.9994733164520242
1970-01-01 00:00:00.000020943,0.9994733164520242
1970-01-01 00:00:00.000020944,0.9994733164520242
1970-01-01 00:00:00.000020945,0.9994733164520242
1970-01-01 00:00:00.000020946,0.9994733164520242
1970-01-01 00:00:00.000020947,0.9994733164520242
1970-01-01 00:00:00.000020948,0.9994733164520242
1970-01-01 00:00:00.000020949,0.9994733164520242
1970-01-01 00:00:00.000020950,0.9994733164520242
1970-01-01 00:00:00.000020951,0.9994733164520242
1970-01-01 00:00:00.000020952,0.9994733164520242
1970-01-01 00:00:00.000020953,0.9994733164520242
1970-01-01 00:00:00.000020954,0.9994733164520242
1970-01-01 00:00:00.000020955,0.9994733164520242
1970-01-01 00:00:00.000020956,0.9994733164520242
1970-01-01 00:00:00.000020957,0.9994733164520242
1970-01-01 00:00:00.000020958,0.9994733164520242
1970-01-01 00:00:00.000020959,0.9994733164520242
1970-01-01 00:00:00.000020960,0.9994733164520242
1970-01-01 00:00:00.000020961,0.9994733164520242
1970-01-01 00:00:00.000020962,0.9994733164520242
1970-01-01 00:00:00.000020963,0.9994733164520242
1970-01-01 00:00:00.000020964,0.9994733164520242
1970-01-01 00:00:00.000020965,0.9994733164520242
1970-01-01 00:00:00.000020966,0.9994733164520242
1970-01-01 00:00:00.000020967,0.9994733164520242
1970-01-01 00:00:00.000020968,0.9994733164520242
1970-01-01 00:00:00.000020969,0.9994733164520242
1970-01-01 00:00:00.000020970,0.9994733164520242
1970-01-01 00:00:00.000020971,0.9994733164520242
1970-01-01 00:00:00.000020972,0.9994733164520242
1970-01-01 00:00:00.000020973,0.9994733164520242
1970-01-01 00:00:00.000020974,0.9994733164520242
1970-01-01 00:00:00.000020975,0.9994733164520242
1970-01-01 00:00:00.000020976,0.9994733164520242
1970-01-01 00:00:00.000020977,0.9994733164520242
1970-01-01 00:00:00.000020978,0.9994733164520242
1970-01-01 00:00:00.000020979,0.9994733164520242
1970-01-01 00:00:00.000020980,0.9994733164520242
1970-01-01 00:00:00.000020981,0.9994733164520242
1970-01-01 00:00:00.000020982,0.9994733164520242
1970-01-01 00:00:00.000020983,0.9994733164520242
1970-01-01 00:00:00.000020984,0.9994733164520242
1970-01-01 00:00:00.000020985,0.9994733164520242
1970-01-01 00:00:00.000020986,0.9994733164520242
1970-01-01 00:00:00.000020987,0.9994733164520242
1970-01-01 00:00:00.000020988,0.9994733164520242
1970-01-01 00:00:00.000020989,0.9994733164520242
1970-01-01 00:00:00.000020990,0.9994733164520242
1970-01-01 00:00:00.000020991,0.9994733164520242
1970-01-01 00:00:00.000020992,0.9994733164520242
1970-01-01 00:00:00.000020993,0.9994733164520242
1970-01-01 00:00:00.000020994,0.9994733164520242
1970-01-01 00:00:00.000020995,0.9994733164520242
1970-01-01 00:00:00.000020996,0.9994733164520242
1970-01-01 00:00:00.000020997,0.9994733164520242
1970-01-01 00:00:00.000020998,0.9994733164520242
1970-01-01 00:00:00.000020999,0.9994733164520242
1970-01-01 00:00:00.000021000,0.9994733164520242
1970-01-01 00:00:00.000021001,0.9994733164520242
1970-01-01 00:00:00.000021002,0.9994733164520242
1970-01-01 00:00:00.000021003,0.9994733164520242
1970-01-01 00:00:00.000021004,0.9994733164520242
1970-01-01 00:00:00.000021005,0.9994733164520242
1970-01-01 00:00:00.000021006,0.9994733164520242
1970-01-01 00:00:00.000021007,0.9994733164520242
1970-01-01 00:00:00.000021008,0.9994733164520242
1970-01-01 00:00:00.000021009,0.9994733164520242
1970-01-01 00:00:00.000021010,0.9994733164520242
1970-01-01 00:00:00.000021011,0.9994733164520242
1970-01-01 00:00:00.000021012,0.9994733164520242
1970-01-01 00:00:00.000021013,0.9994733164520242
1970-01-01 00:00:00.000021014,0.9994733164520242
1970-01-01 00:00:00.000021015,0.9994733164520242
1970-01-01 00:00:00.000021016,0.9994733164520242
1970-01-01 00:00:00.000021017,0.9994733164520242
1970-01-01 00:00:00.000021018,0.9994733164520242
1970-01-01 00:00:00.000021019,0.9994733164520242
1970-01-01 00:00:00.000021020,0.9994733164520242
1970-01-01 00:00:00.000021021,0.9994733164520242
1970-01-01 00:00:00.000021022,0.9994733164520242
1970-01-01 00:00:00.000021023,0.9994733164520242
1970-01-01 00:00:00.000021024,0.9994733164520242
1970-01-01 00:00:00.000021025,0.9994733164520242
1970-01-01 00:00:00.000021026,0.9994733164520242
1970-01-01 00:00:00.000021027,0.9994733164520242
1970-01-01 00:00:00.000021028,0.9994733164520242
1970-01-01 00:00:00.000021029,0.9994733164520242
1970-01-01 00:00:00.000021030,0.9994733164520242
1970-01-01 00:00:00.000021031,0.9994733164520242
1970-01-01 00:00:00.000021032,0.9994733164520242
1970-01-01 00:00:00.000021033,0.9994733164520242
1970-01-01 00:00:00.000021034,0.9994733164520242
1970-01-01 00:00:00.000021035,0.9994733164520242
1970-01-01 00:00:00.000021036,0.9994733164520242
1970-01-01 00:00:00.000021037,0.9994733164520242
1970-01-01 00:00:00.000021038,0.9994733164520242
1970-01-01 00:00:00.000021039,0.9994733164520242
1970-01-01 00:00:00.000021040,0.9994733164520242
1970-01-01 00:00:00.000021041,0.9994733164520242
1970-01-01 00:00:00.000021042,0.9994733164520242
1970-01-01 00:00:00.000021043,0.9994733164520242
1970-01-01 00:00:00.000021044,0.9994733164520242
1970-01-01 00:00:00.000021045,0.9994733164520242
1970-01-01 00:00:00.000021046,0.9994733164520242
1970-01-01 00:00:00.000021047,0.9994733164520242
1970-01-01 00:00:00.000021048,0.9994733164520242
1970-01-01 00:00:00.000021049,0.9994733164520242
1970-01-01 00:00:00.000021050,0.9994733164520242
1970-01-01 00:00:00.000021051,0.9994733164520242
1970-01-01 00:00:00.000021052,0.9994733164520242
1970-01-01 00:00:00.000021053,0.9994733164520242
1970-01-01 00:00:00.000021054,0.9994733164520242
1970-01-01 00:00:00.000021055,0.9994733164520242
1970-01-01 00:00:00.000021056,0.9994733164520242
1970-01-01 00:00:00.000021057,0.9994733164520242
1970-01-01 00:00:00.000021058,0.9994733164520242
1970-01-01 00:00:00.000021059,0.9994733164520242
1970-01-01 00:00:00.000021060,0.9994733164520242
1970-01-01 00:00:00.000021061,0.9994733164520242
1970-01-01 00:00:00.000021062,0.9994733164520242
1970-01-01 00:00:00.000021063,0.9994733164520242
1970-01-01 00:00:00.000021064,0.9994733164520242
1970-01-01 00:00:00.000021065,0.9994733164520242
1970-01-01 00:00:00.000021066,0.9994733164520242
1970-01-01 00:00:00.000021067,0.9994733164520242
1970-01-01 00:00:00.000021068,0.9994733164520242
1970-01-01 00:00:00.000021069,0.9994733164520242
1970-01-01 00:00:00.000021070,0.9994733164520242
1970-01-01 00:00:00.000021071,0.9994733164520242
1970-01-01 00:00:00.000021072,0.9994733164520242
1970-01-01 00:00:00.000021073,0.9994733164520242
1970-01-01 00:00:00.000021074,0.9994733164520242
1970-01-01 00:00:00.000021075,0.9994733164520242
1970-01-01 00:00:00.000021076,0.9994733164520242
1970-01-01 00:00:00.000021077,0.9994733164520242
1970-01-01 00:00:00.000021078,0.9994733164520242
1970-01-01 00:00:00.000021079,0.9994733164520242
1970-01-01 00:00:00.000021080,0.9994733164520242
1970-01-01 00:00:00.000021081,0.9994733164520242
1970-01-01 00:00:00.000021082,0.9994733164520242
1970-01-01 00:00:00.000021083,0.9994733164520242
1970-01-01 00:00:00.000021084,0.9994733164520242
1970-01-01 00:00:00.000021085,0.9994733164520242
1970-01-01 00:00:00.000021086,0.9994733164520242
1970-01-01 00:00:00.000021087,0.9994733164520242
1970-01-01 00:00:00.000021088,0.9994733164520242
1970-01-01 00:00:00.000021089,0.9994733164520242
1970-01-01 00:00:00.000021090,0.9994733164520242
1970-01-01 00:00:00.000021091,0.9994733164520242
1970-01-01 00:00:00.000021092,0.9994733164520242
1970-01-01 00:00:00.000021093,0.9994733164520242
1970-01-01 00:00:00.000021094,0.9994733164520242
1970-01-01 00:00:00.000021095,0.9994733164520242
1970-01-01 00:00:00.000021096,0.9994733164520242
1970-01-01 00:00:00.000021097,0.9994733164520242
1970-01-01 00:00:00.000021098,0.9994733164520242
1970-01-01 00:00:00.000021099,0.9994733164520242
1970-01-01 00:00:00.000021100,0.9994733164520242
1970-01-01 00:00:00.000021101,0.9994733164520242
1970-01-01 00:00:00.000021102,0.9994733164520242
1970-01-01 00:00:00.000021103,0.9994733164520242
1970-01-01 00:00:00.000021104,0.9994733164520242
1970-01-01 00:00:00.000021105,0.9994733164520242
1970-01-01 00:00:00.000021106,0.9994733164520242
1970-01-01 00:00:00.000021107,0.9994733164520242
1970-01-01 00:00:00.000021108,0.9994733164520242
1970-01-01 00:00:00.000021109,0.9994733164520242
1970-01-01 00:00:00.000021110,0.9994733164520242
1970-01-01 00:00:00.000021111,0.9994733164520242
1970-01-01 00:00:00.000021112,0.9994733164520242
1970-01-01 00:00:00.000021113,0.9994733164520242
1970-01-01 00:00:00.000021114,0.9994733164520242
1970-01-01 00:00:00.000021115,0.9994733164520242
1970-01-01 00:00:00.000021116,0.9994733164520242
1970-01-01 00:00:00.000021117,0.9994733164520242
1970-01-01 00:00:00.000021118,0.9994733164520242
1970-01-01 00:00:00.000021119,0.9994733164520242
1970-01-01 00:00:00.000021120,0.9994733164520242
1970-01-01 00:00:00.000021121,0.9994733164520242
1970-01-01 00:00:00.000021122,0.9994733164520242
1970-01-01 00:00:00.000021123,0.9994733164520242
1970-01-01 00:00:00.000021124,0.9994733164520242
1970-01-01 00:00:00.000021125,0.9994733164520242
1970-01-01 00:00:00.000021126,1.0000308587821267
1970-01-01 00:00:00.000021127,0.9999308556962485
1970-01-01 00:00:00.000021128,0.9999308556962485
1970-01-01 00:00:00.000021129,0.9999308556962485
1970-01-01 00:00:00.000021130,1.0002297171298935
1970-01-01 00:00:00.000021131,1.0001296941581805
1970-01-01 00:00:00.000021132,0.9999180304410803
1970-01-01 00:00:00.000021133,1.0003210452142244
1970-01-01 00:00:00.000021134,1.000221013109703
1970-01-01 00:00:00.000021135,1.000221013109703
1970-01-01 00:00:00.000021136,1.000221013109703
1970-01-01 00:00:00.000021137,1.000221013109703
1970-01-01 00:00:00.000021138,1.000221013109703
1970-01-01 00:00:00.000021139,1.000221013109703
1970-01-01 00:00:00.000021140,1.000221013109703
1970-01-01 00:00:00.000021141,1.000221013109703
1970-01-01 00:00:00.000021142,1.000221013109703
1970-01-01 00:00:00.000021143,1.000221013109703
1970-01-01 00:00:00.000021144,1.000221013109703
1970-01-01 00:00:00.000021145,1.000221013109703
1970-01-01 00:00:00.000021146,1.000221013109703
1970-01-01 00:00:00.000021147,1.000221013109703
1970-01-01 00:00:00.000021148,1.000221013109703
1970-01-01 00:00:00.000021149,1.000221013109703
1970-01-01 00:00:00.000021150,1.000221013109703
1970-01-01 00:00:00.000021151,1.000221013109703
1970-01-01 00:00:00.000021152,1.000221013109703
1970-01-01 00:00:00.000021153,1.000221013109703
1970-01-01 00:00:00.000021154,1.000221013109703
1970-01-01 00:00:00.000021155,1.000221013109703
1970-01-01 00:00:00.000021156,1.000221013109703
1970-01-01 00:00:00.000021157,1.000221013109703
1970-01-01 00:00:00.000021158,1.000221013109703
1970-01-01 00:00:00.000021159,1.000221013109703
1970-01-01 00:00:00.000021160,1.000221013109703
1970-01-01 00:00:00.000021161,1.000221013109703
1970-01-01 00:00:00.000021162,1.000221013109703
1970-01-01 00:00:00.000021163,1.000221013109703
1970-01-01 00:00:00.000021164,1.000221013109703
1970-01-01 00:00:00.000021165,1.000221013109703
1970-01-01 00:00:00.000021166,1.000221013109703
1970-01-01 00:00:00.000021167,1.000221013109703
1970-01-01 00:00:00.000021168,1.000221013109703
1970-01-01 00:00:00.000021169,1.000221013109703
1970-01-01 00:00:00.000021170,1.000221013109703
1970-01-01 00:00:00.000021171,1.000221013109703
1970-01-01 00:00:00.000021172,1.000221013109703
1970-01-01 00:00:00.000021173,1.000221013109703
1970-01-01 00:00:00.000021174,1.000221013109703
1970-01-01 00:00:00.000021175,1.000221013109703
1970-01-01 00:00:00.000021176,1.000221013109703
1970-01-01 00:00:00.000021177,1.000221013109703
1970-01-01 00:00:00.000021178,1.000221013109703
1970-01-01 00:00:00.000021179,1.000221013109703
1970-01-01 00:00:00.000021180,1.000221013109703
1970-01-01 00:00:00.000021181,1.000221013109703
1970-01-01 00:00:00.000021182,1.000221013109703
1970-01-01 00:00:00.000021183,1.000221013109703
1970-01-01 00:00:00.000021184,1.000221013109703
1970-01-01 00:00:00.000021185,1.000221013109703
1970-01-01 00:00:00.000021186,1.000221013109703
1970-01-01 00:00:00.000021187,1.000221013109703
1970-01-01 00:00:00.000021188,1.000221013109703
1970-01-01 00:00:00.000021189,1.000221013109703
1970-01-01 00:00:00.000021190,1.000221013109703
1970-01-01 00:00:00.000021191,1.000221013109703
1970-01-01 00:00:00.000021192,1.000221013109703
1970-01-01 00:00:00.000021193,1.000221013109703
1970-01-01 00:00:00.000021194,1.000221013109703
1970-01-01 00:00:00.000021195,1.000221013109703
1970-01-01 00:00:00.000021196,1.000221013109703
1970-01-01 00:00:00.000021197,1.000221013109703
1970-01-01 00:00:00.000021198,1.000221013109703
1970-01-01 00:00:00.000021199,1.000221013109703
1970-01-01 00:00:00.000021200,1.000221013109703
1970-01-01 00:00:00.000021201,1.000221013109703
1970-01-01 00:00:00.000021202,1.000221013109703
1970-01-01 00:00:00.000021203,1.000221013109703
1970-01-01 00:00:00.000021204,1.000221013109703
1970-01-01 00:00:00.000021205,1.000221013109703
1970-01-01 00:00:00.000021206,1.000221013109703
1970-01-01 00:00:00.000021207,1.000221013109703
1970-01-01 00:00:00.000021208,1.000221013109703
1970-01-01 00:00:00.000021209,1.000221013109703
1970-01-01 00:00:00.000021210,1.000221013109703
1970-01-01 00:00:00.000021211,1.000221013109703
1970-01-01 00:00:00.000021212,1.000221013109703
1970-01-01 00:00:00.000021213,1.000221013109703
1970-01-01 00:00:00.000021214,1.000221013109703
1970-01-01 00:00:00.000021215,1.000221013109703
1970-01-01 00:00:00.000021216,1.000221013109703
1970-01-01 00:00:00.000021217,1.000221013109703
1970-01-01 00:00:00.000021218,1.000221013109703
1970-01-01 00:00:00.000021219,1.000221013109703
1970-01-01 00:00:00.000021220,1.000221013109703
1970-01-01 00:00:00.000021221,1.000221013109703
1970-01-01 00:00:00.000021222,1.000221013109703
1970-01-01 00:00:00.000021223,1.000221013109703
1970-01-01 00:00:00.000021224,1.000221013109703
1970-01-01 00:00:00.000021225,1.000221013109703
1970-01-01 00:00:00.000021226,1.000221013109703
1970-01-01 00:00:00.000021227,1.000221013109703
1970-01-01 00:00:00.000021228,1.000221013109703
1970-01-01 00:00:00.000021229,1.000221013109703
1970-01-01 00:00:00.000021230,1.000221013109703
1970-01-01 00:00:00.000021231,1.000221013109703
1970-01-01 00:00:00.000021232,1.000221013109703
1970-01-01 00:00:00.000021233,1.000221013109703
1970-01-01 00:00:00.000021234,1.000221013109703
1970-01-01 00:00:00.000021235,1.000221013109703
1970-01-01 00:00:00.000021236,1.000221013109703
1970-01-01 00:00:00.000021237,1.000221013109703
1970-01-01 00:00:00.000021238,1.000221013109703
1970-01-01 00:00:00.000021239,1.000221013109703
1970-01-01 00:00:00.000021240,1.000221013109703
1970-01-01 00:00:00.000021241,1.000221013109703
1970-01-01 00:00:00.000021242,1.000221013109703
1970-01-01 00:00:00.000021243,1.000221013109703
1970-01-01 00:00:00.000021244,1.000221013109703
1970-01-01 00:00:00.000021245,1.000221013109703
1970-01-01 00:00:00.000021246,1.000221013109703
1970-01-01 00:00:00.000021247,1.000221013109703
1970-01-01 00:00:00.000021248,1.000221013109703
1970-01-01 00:00:00.000021249,1.000221013109703
1970-01-01 00:00:00.000021250,1.000221013109703
1970-01-01 00:00:00.000021251,1.000221013109703
1970-01-01 00:00:00.000021252,1.000221013109703
1970-01-01 00:00:00.000021253,1.000221013109703
1970-01-01 00:00:00.000021254,1.000221013109703
1970-01-01 00:00:00.000021255,1.000221013109703
1970-01-01 00:00:00.000021256,1.000221013109703
1970-01-01 00:00:00.000021257,1.000221013109703
1970-01-01 00:00:00.000021258,1.000221013109703
1970-01-01 00:00:00.000021259,1.000221013109703
1970-01-01 00:00:00.000021260,1.000221013109703
1970-01-01 00:00:00.000021261,1.000221013109703
1970-01-01 00:00:00.000021262,1.000221013109703
1970-01-01 00:00:00.000021263,1.000221013109703
1970-01-01 00:00:00.000021264,1.000221013109703
1970-01-01 00:00:00.000021265,1.000221013109703
1970-01-01 00:00:00.000021266,1.000221013109703
1970-01-01 00:00:00.000021267,1.000221013109703
1970-01-01 00:00:00.000021268,1.000221013109703
1970-01-01 00:00:00.000021269,1.000221013109703
1970-01-01 00:00:00.000021270,1.000221013109703
1970-01-01 00:00:00.000021271,1.000221013109703
1970-01-01 00:00:00.000021272,1.000221013109703
1970-01-01 00:00:00.000021273,1.000221013109703
1970-01-01 00:00:00.000021274,1.000221013109703
1970-01-01 00:00:00.000021275,1.000221013109703
1970-01-01 00:00:00.000021276,1.000221013109703
1970-01-01 00:00:00.000021277,1.000221013109703
1970-01-01 00:00:00.000021278,1.000221013109703
1970-01-01 00:00:00.000021279,1.000221013109703
1970-01-01 00:00:00.000021280,1.000221013109703
1970-01-01 00:00:00.000021281,1.000221013109703
1970-01-01 00:00:00.000021282,1.000221013109703
1970-01-01 00:00:00.000021283,1.000221013109703
1970-01-01 00:00:00.000021284,1.000221013109703
1970-01-01 00:00:00.000021285,1.000221013109703
1970-01-01 00:00:00.000021286,1.000221013109703
1970-01-01 00:00:00.000021287,1.000221013109703
1970-01-01 00:00:00.000021288,1.000221013109703
1970-01-01 00:00:00.000021289,1.000221013109703
1970-01-01 00:00:00.000021290,1.000221013109703
1970-01-01 00:00:00.000021291,1.000221013109703
1970-01-01 00:00:00.000021292,1.000221013109703
1970-01-01 00:00:00.000021293,1.000221013109703
1970-01-01 00:00:00.000021294,1.000221013109703
1970-01-01 00:00:00.000021295,1.000221013109703
1970-01-01 00:00:00.000021296,1.000221013109703
1970-01-01 00:00:00.000021297,1.000221013109703
1970-01-01 00:00:00.000021298,1.000221013109703
1970-01-01 00:00:00.000021299,1.000221013109703
1970-01-01 00:00:00.000021300,1.000221013109703
1970-01-01 00:00:00.000021301,1.000221013109703
1970-01-01 00:00:00.000021302,1.000221013109703
1970-01-01 00:00:00.000021303,1.000221013109703
1970-01-01 00:00:00.000021304,1.000221013109703
1970-01-01 00:00:00.000021305,1.000221013109703
1970-01-01 00:00:00.000021306,1.000221013109703
1970-01-01 00:00:00.000021307,1.000221013109703
1970-01-01 00:00:00.000021308,1.000221013109703
1970-01-01 00:00:00.000021309,1.000221013109703
1970-01-01 00:00:00.000021310,1.000221013109703
1970-01-01 00:00:00.000021311,1.000221013109703
1970-01-01 00:00:00.000021312,1.000221013109703
1970-01-01 00:00:00.000021313,1.000221013109703
1970-01-01 00:00:00.000021314,1.000221013109703
1970-01-01 00:00:00.000021315,1.000221013109703
1970-01-01 00:00:00.000021316,1.000221013109703
1970-01-01 00:00:00.000021317,1.000221013109703
1970-01-01 00:00:00.000021318,1.000221013109703
1970-01-01 00:00:00.000021319,1.000221013109703
1970-01-01 00:00:00.000021320,1.000221013109703
1970-01-01 00:00:00.000021321,1.000221013109703
1970-01-01 00:00:00.000021322,1.000221013109703
1970-01-01 00:00:00.000021323,1.000221013109703
1970-01-01 00:00:00.000021324,1.000221013109703
1970-01-01 00:00:00.000021325,1.000221013109703
1970-01-01 00:00:00.000021326,1.000221013109703
1970-01-01 00:00:00.000021327,1.000221013109703
1970-01-01 00:00:00.000021328,1.000221013109703
1970-01-01 00:00:00.000021329,1.000221013109703
1970-01-01 00:00:00.000021330,1.000221013109703
1970-01-01 00:00:00.000021331,1.000221013109703
1970-01-01 00:00:00.000021332,1.000221013109703
1970-01-01 00:00:00.000021333,1.000221013109703
1970-01-01 00:00:00.000021334,1.000221013109703
1970-01-01 00:00:00.000021335,1.000221013109703
1970-01-01 00:00:00.000021336,1.000221013109703
1970-01-01 00:00:00.000021337,1.000221013109703
1970-01-01 00:00:00.000021338,1.000221013109703
1970-01-01 00:00:00.000021339,1.000221013109703
1970-01-01 00:00:00.000021340,1.000221013109703
1970-01-01 00:00:00.000021341,1.000221013109703
1970-01-01 00:00:00.000021342,1.000221013109703
1970-01-01 00:00:00.000021343,1.000221013109703
1970-01-01 00:00:00.000021344,1.000221013109703
1970-01-01 00:00:00.000021345,1.000221013109703
1970-01-01 00:00:00.000021346,1.000221013109703
1970-01-01 00:00:00.000021347,1.000221013109703
1970-01-01 00:00:00.000021348,1.000221013109703
1970-01-01 00:00:00.000021349,1.000221013109703
1970-01-01 00:00:00.000021350,1.000221013109703
1970-01-01 00:00:00.000021351,1.000221013109703
1970-01-01 00:00:00.000021352,1.000221013109703
1970-01-01 00:00:00.000021353,1.000221013109703
1970-01-01 00:00:00.000021354,1.000221013109703
1970-01-01 00:00:00.000021355,1.000221013109703
1970-01-01 00:00:00.000021356,1.000221013109703
1970-01-01 00:00:00.000021357,1.000221013109703
1970-01-01 00:00:00.000021358,1.000221013109703
1970-01-01 00:00:00.000021359,1.000221013109703
1970-01-01 00:00:00.000021360,1.000221013109703
1970-01-01 00:00:00.000021361,1.000221013109703
1970-01-01 00:00:00.000021362,1.000221013109703
1970-01-01 00:00:00.000021363,1.000221013109703
1970-01-01 00:00:00.000021364,1.000221013109703
1970-01-01 00:00:00.000021365,1.000221013109703
1970-01-01 00:00:00.000021366,1.000221013109703
1970-01-01 00:00:00.000021367,1.000221013109703
1970-01-01 00:00:00.000021368,1.000221013109703
1970-01-01 00:00:00.000021369,1.000221013109703
1970-01-01 00:00:00.000021370,1.000221013109703
1970-01-01 00:00:00.000021371,1.000221013109703
1970-01-01 00:00:00.000021372,1.000221013109703
1970-01-01 00:00:00.000021373,1.000221013109703
1970-01-01 00:00:00.000021374,1.000221013109703
1970-01-01 00:00:00.000021375,1.000221013109703
1970-01-01 00:00:00.000021376,1.000221013109703
1970-01-01 00:00:00.000021377,1.000221013109703
1970-01-01 00:00:00.000021378,1.000221013109703
1970-01-01 00:00:00.000021379,1.000221013109703
1970-01-01 00:00:00.000021380,1.000221013109703
1970-01-01 00:00:00.000021381,1.000221013109703
1970-01-01 00:00:00.000021382,1.000221013109703
1970-01-01 00:00:00.000021383,1.000221013109703
1970-01-01 00:00:00.000021384,1.000221013109703
1970-01-01 00:00:00.000021385,1.000221013109703
1970-01-01 00:00:00.000021386,1.000221013109703
1970-01-01 00:00:00.000021387,1.000221013109703
1970-01-01 00:00:00.000021388,1.000221013109703
1970-01-01 00:00:00.000021389,1.000221013109703
1970-01-01 00:00:00.000021390,1.000221013109703
1970-01-01 00:00:00.000021391,1.000221013109703
1970-01-01 00:00:00.000021392,1.000221013109703
1970-01-01 00:00:00.000021393,1.000221013109703
1970-01-01 00:00:00.000021394,1.000221013109703
1970-01-01 00:00:00.000021395,1.000221013109703
1970-01-01 00:00:00.000021396,1.000221013109703
1970-01-01 00:00:00.000021397,1.000221013109703
1970-01-01 00:00:00.000021398,1.000221013109703
1970-01-01 00:00:00.000021399,1.000221013109703
1970-01-01 00:00:00.000021400,1.000221013109703
1970-01-01 00:00:00.000021401,1.000221013109703
1970-01-01 00:00:00.000021402,1.000221013109703
1970-01-01 00:00:00.000021403,1.000221013109703
1970-01-01 00:00:00.000021404,1.000221013109703
1970-01-01 00:00:00.000021405,1.000221013109703
1970-01-01 00:00:00.000021406,1.000221013109703
1970-01-01 00:00:00.000021407,1.000221013109703
1970-01-01 00:00:00.000021408,1.000221013109703
1970-01-01 00:00:00.000021409,1.000221013109703
1970-01-01 00:00:00.000021410,1.000221013109703
1970-01-01 00:00:00.000021411,1.000221013109703
1970-01-01 00:00:00.000021412,1.000221013109703
1970-01-01 00:00:00.000021413,1.000221013109703
1970-01-01 00:00:00.000021414,1.000221013109703
1970-01-01 00:00:00.000021415,1.000221013109703
1970-01-01 00:00:00.000021416,1.000221013109703
1970-01-01 00:00:00.000021417,1.000221013109703
1970-01-01 00:00:00.000021418,1.000221013109703
1970-01-01 00:00:00.000021419,1.000221013109703
1970-01-01 00:00:00.000021420,1.000221013109703
1970-01-01 00:00:00.000021421,1.000221013109703
1970-01-01 00:00:00.000021422,1.000221013109703
1970-01-01 00:00:00.000021423,1.000221013109703
1970-01-01 00:00:00.000021424,1.000221013109703
1970-01-01 00:00:00.000021425,1.000221013109703
1970-01-01 00:00:00.000021426,1.000221013109703
1970-01-01 00:00:00.000021427,1.000221013109703
1970-01-01 00:00:00.000021428,1.000221013109703
1970-01-01 00:00:00.000021429,1.000221013109703
1970-01-01 00:00:00.000021430,1.000221013109703
1970-01-01 00:00:00.000021431,1.000221013109703
1970-01-01 00:00:00.000021432,1.000221013109703
1970-01-01 00:00:00.000021433,1.000221013109703
1970-01-01 00:00:00.000021434,1.000221013109703
1970-01-01 00:00:00.000021435,1.000221013109703
1970-01-01 00:00:00.000021436,1.000221013109703
1970-01-01 00:00:00.000021437,1.000221013109703
1970-01-01 00:00:00.000021438,1.000221013109703
1970-01-01 00:00:00.000021439,1.000221013109703
1970-01-01 00:00:00.000021440,1.000221013109703
1970-01-01 00:00:00.000021441,1.000221013109703
1970-01-01 00:00:00.000021442,1.000221013109703
1970-01-01 00:00:00.000021443,1.000221013109703
1970-01-01 00:00:00.000021444,1.000221013109703
1970-01-01 00:00:00.000021445,1.000221013109703
1970-01-01 00:00:00.000021446,1.000221013109703
1970-01-01 00:00:00.000021447,1.000221013109703
1970-01-01 00:00:00.000021448,1.000221013109703
1970-01-01 00:00:00.000021449,1.000221013109703
1970-01-01 00:00:00.000021450,1.000221013109703
1970-01-01 00:00:00.000021451,1.000221013109703
1970-01-01 00:00:00.000021452,1.000221013109703
1970-01-01 00:00:00.000021453,1.000221013109703
1970-01-01 00:00:00.000021454,1.000221013109703
1970-01-01 00:00:00.000021455,1.000221013109703
1970-01-01 00:00:00.000021456,1.000221013109703
1970-01-01 00:00:00.000021457,1.000221013109703
1970-01-01 00:00:00.000021458,1.000221013109703
1970-01-01 00:00:00.000021459,1.000221013109703
1970-01-01 00:00:00.000021460,1.000221013109703
1970-01-01 00:00:00.000021461,1.000221013109703
1970-01-01 00:00:00.000021462,1.000221013109703
1970-01-01 00:00:00.000021463,1.000221013109703
1970-01-01 00:00:00.000021464,1.000221013109703
1970-01-01 00:00:00.000021465,1.000221013109703
1970-01-01 00:00:00.000021466,1.000221013109703
1970-01-01 00:00:00.000021467,1.000221013109703
1970-01-01 00:00:00.000021468,1.000221013109703
1970-01-01 00:00:00.000021469,1.000221013109703
1970-01-01 00:00:00.000021470,1.000221013109703
1970-01-01 00:00:00.000021471,1.000221013109703
1970-01-01 00:00:00.000021472,1.000221013109703
1970-01-01 00:00:00.000021473,1.000221013109703
1970-01-01 00:00:00.000021474,1.000221013109703
1970-01-01 00:00:00.000021475,1.000221013109703
1970-01-01 00:00:00.000021476,1.000221013109703
1970-01-01 00:00:00.000021477,1.000221013109703
1970-01-01 00:00:00.000021478,1.000221013109703
1970-01-01 00:00:00.000021479,1.000221013109703
1970-01-01 00:00:00.000021480,1.000221013109703
1970-01-01 00:00:00.000021481,1.000221013109703
1970-01-01 00:00:00.000021482,1.000221013109703
1970-01-01 00:00:00.000021483,1.000221013109703
1970-01-01 00:00:00.000021484,1.000221013109703
1970-01-01 00:00:00.000021485,1.000221013109703
1970-01-01 00:00:00.000021486,1.000221013109703
1970-01-01 00:00:00.000021487,1.000221013109703
1970-01-01 00:00:00.000021488,1.000221013109703
1970-01-01 00:00:00.000021489,1.000221013109703
1970-01-01 00:00:00.000021490,1.000221013109703
1970-01-01 00:00:00.000021491,1.000221013109703
1970-01-01 00:00:00.000021492,1.000221013109703
1970-01-01 00:00:00.000021493,1.000221013109703
1970-01-01 00:00:00.000021494,1.000221013109703
1970-01-01 00:00:00.000021495,1.000221013109703
1970-01-01 00:00:00.000021496,1.000221013109703
1970-01-01 00:00:00.000021497,1.000221013109703
1970-01-01 00:00:00.000021498,1.000221013109703
1970-01-01 00:00:00.000021499,1.000221013109703
1970-01-01 00:00:00.000021500,1.000221013109703
1970-01-01 00:00:00.000021501,1.000221013109703
1970-01-01 00:00:00.000021502,1.000221013109703
1970-01-01 00:00:00.000021503,1.000221013109703
1970-01-01 00:00:00.000021504,1.000221013109703
1970-01-01 00:00:00.000021505,1.000221013109703
1970-01-01 00:00:00.000021506,1.000221013109703
1970-01-01 00:00:00.000021507,1.000221013109703
1970-01-01 00:00:00.000021508,1.000221013109703
1970-01-01 00:00:00.000021509,1.000221013109703
1970-01-01 00:00:00.000021510,1.000221013109703
1970-01-01 00:00:00.000021511,1.000221013109703
1970-01-01 00:00:00.000021512,1.000221013109703
1970-01-01 00:00:00.000021513,1.000221013109703
1970-01-01 00:00:00.000021514,1.000221013109703
1970-01-01 00:00:00.000021515,1.000221013109703
1970-01-01 00:00:00.000021516,1.000221013109703
1970-01-01 00:00:00.000021517,1.000221013109703
1970-01-01 00:00:00.000021518,1.000221013109703
1970-01-01 00:00:00.000021519,1.000221013109703
1970-01-01 00:00:00.000021520,1.000221013109703
1970-01-01 00:00:00.000021521,1.000221013109703
1970-01-01 00:00:00.000021522,1.000221013109703
1970-01-01 00:00:00.000021523,1.000221013109703
1970-01-01 00:00:00.000021524,1.000221013109703
1970-01-01 00:00:00.000021525,1.000221013109703
1970-01-01 00:00:00.000021526,1.000221013109703
1970-01-01 00:00:00.000021527,1.000221013109703
1970-01-01 00:00:00.000021528,1.000221013109703
1970-01-01 00:00:00.000021529,1.000221013109703
1970-01-01 00:00:00.000021530,1.000221013109703
1970-01-01 00:00:00.000021531,1.000221013109703
1970-01-01 00:00:00.000021532,1.000221013109703
1970-01-01 00:00:00.000021533,1.000221013109703
1970-01-01 00:00:00.000021534,1.000221013109703
1970-01-01 00:00:00.000021535,1.000221013109703
1970-01-01 00:00:00.000021536,1.000221013109703
1970-01-01 00:00:00.000021537,1.000221013109703
1970-01-01 00:00:00.000021538,1.000221013109703
1970-01-01 00:00:00.000021539,1.000221013109703
1970-01-01 00:00:00.000021540,1.000221013109703
1970-01-01 00:00:00.000021541,1.000221013109703
1970-01-01 00:00:00.000021542,1.000221013109703
1970-01-01 00:00:00.000021543,1.000221013109703
1970-01-01 00:00:00.000021544,1.000221013109703
1970-01-01 00:00:00.000021545,1.000221013109703
1970-01-01 00:00:00.000021546,1.000221013109703
1970-01-01 00:00:00.000021547,1.000221013109703
1970-01-01 00:00:00.000021548,1.000221013109703
1970-01-01 00:00:00.000021549,1.000221013109703
1970-01-01 00:00:00.000021550,1.000221013109703
1970-01-01 00:00:00.000021551,1.000221013109703
1970-01-01 00:00:00.000021552,1.000221013109703
1970-01-01 00:00:00.000021553,1.000221013109703
1970-01-01 00:00:00.000021554,1.000221013109703
1970-01-01 00:00:00.000021555,1.000221013109703
1970-01-01 00:00:00.000021556,1.000221013109703
1970-01-01 00:00:00.000021557,1.000221013109703
1970-01-01 00:00:00.000021558,1.000221013109703
1970-01-01 00:00:00.000021559,1.000221013109703
1970-01-01 00:00:00.000021560,1.000221013109703
1970-01-01 00:00:00.000021561,1.000221013109703
1970-01-01 00:00:00.000021562,1.000221013109703
1970-01-01 00:00:00.000021563,1.000221013109703
1970-01-01 00:00:00.000021564,1.000221013109703
1970-01-01 00:00:00.000021565,1.000221013109703
1970-01-01 00:00:00.000021566,1.000221013109703
1970-01-01 00:00:00.000021567,1.000221013109703
1970-01-01 00:00:00.000021568,1.000221013109703
1970-01-01 00:00:00.000021569,1.000221013109703
1970-01-01 00:00:00.000021570,1.000221013109703
1970-01-01 00:00:00.000021571,1.000221013109703
1970-01-01 00:00:00.000021572,1.000221013109703
1970-01-01 00:00:00.000021573,1.000221013109703
1970-01-01 00:00:00.000021574,1.000221013109703
1970-01-01 00:00:00.000021575,1.000221013109703
1970-01-01 00:00:00.000021576,1.000221013109703
1970-01-01 00:00:00.000021577,1.000221013109703
1970-01-01 00:00:00.000021578,1.000221013109703
1970-01-01 00:00:00.000021579,1.000221013109703
1970-01-01 00:00:00.000021580,1.000221013109703
1970-01-01 00:00:00.000021581,1.000221013109703
1970-01-01 00:00:00.000021582,1.000221013109703
1970-01-01 00:00:00.000021583,1.000221013109703
1970-01-01 00:00:00.000021584,1.000221013109703
1970-01-01 00:00:00.000021585,1.000221013109703
1970-01-01 00:00:00.000021586,1.000221013109703
1970-01-01 00:00:00.000021587,1.000221013109703
1970-01-01 00:00:00.000021588,1.000221013109703
1970-01-01 00:00:00.000021589,1.000221013109703
1970-01-01 00:00:00.000021590,1.000221013109703
1970-01-01 00:00:00.000021591,1.000221013109703
1970-01-01 00:00:00.000021592,1.000221013109703
1970-01-01 00:00:00.000021593,1.000221013109703
1970-01-01 00:00:00.000021594,1.000221013109703
1970-01-01 00:00:00.000021595,1.000221013109703
1970-01-01 00:00:00.000021596,1.000221013109703
1970-01-01 00:00:00.000021597,1.000221013109703
1970-01-01 00:00:00.000021598,1.000221013109703
1970-01-01 00:00:00.000021599,1.000221013109703
1970-01-01 00:00:00.000021600,1.000221013109703
1970-01-01 00:00:00.000021601,1.000221013109703
1970-01-01 00:00:00.000021602,1.000221013109703
1970-01-01 00:00:00.000021603,1.000221013109703
1970-01-01 00:00:00.000021604,1.000221013109703
1970-01-01 00:00:00.000021605,1.000221013109703
1970-01-01 00:00:00.000021606,1.000221013109703
1970-01-01 00:00:00.000021607,1.000221013109703
1970-01-01 00:00:00.000021608,1.000221013109703
1970-01-01 00:00:00.000021609,1.000221013109703
1970-01-01 00:00:00.000021610,1.000221013109703
1970-01-01 00:00:00.000021611,1.000221013109703
1970-01-01 00:00:00.000021612,1.000221013109703
1970-01-01 00:00:00.000021613,1.000221013109703
1970-01-01 00:00:00.000021614,1.000221013109703
1970-01-01 00:00:00.000021615,1.000221013109703
1970-01-01 00:00:00.000021616,1.000221013109703
1970-01-01 00:00:00.000021617,1.000221013109703
1970-01-01 00:00:00.000021618,1.000221013109703
1970-01-01 00:00:00.000021619,1.000221013109703
1970-01-01 00:00:00.000021620,1.000221013109703
1970-01-01 00:00:00.000021621,1.000221013109703
1970-01-01 00:00:00.000021622,1.000221013109703
1970-01-01 00:00:00.000021623,1.000221013109703
1970-01-01 00:00:00.000021624,1.000221013109703
1970-01-01 00:00:00.000021625,1.000221013109703
1970-01-01 00:00:00.000021626,1.000221013109703
1970-01-01 00:00:00.000021627,1.000221013109703
1970-01-01 00:00:00.000021628,1.000221013109703
1970-01-01 00:00:00.000021629,1.000221013109703
1970-01-01 00:00:00.000021630,1.000221013109703
1970-01-01 00:00:00.000021631,1.000221013109703
1970-01-01 00:00:00.000021632,1.000221013109703
1970-01-01 00:00:00.000021633,1.000221013109703
1970-01-01 00:00:00.000021634,1.000221013109703
1970-01-01 00:00:00.000021635,1.000221013109703
1970-01-01 00:00:00.000021636,1.000221013109703
1970-01-01 00:00:00.000021637,1.000221013109703
1970-01-01 00:00:00.000021638,1.000221013109703
1970-01-01 00:00:00.000021639,1.000221013109703
1970-01-01 00:00:00.000021640,1.000221013109703
1970-01-01 00:00:00.000021641,1.000221013109703
1970-01-01 00:00:00.000021642,1.000221013109703
1970-01-01 00:00:00.000021643,1.000221013109703
1970-01-01 00:00:00.000021644,1.000221013109703
1970-01-01 00:00:00.000021645,1.000221013109703
1970-01-01 00:00:00.000021646,1.000221013109703
1970-01-01 00:00:00.000021647,1.000221013109703
1970-01-01 00:00:00.000021648,1.000221013109703
1970-01-01 00:00:00.000021649,1.000221013109703
1970-01-01 00:00:00.000021650,1.000221013109703
1970-01-01 00:00:00.000021651,1.000221013109703
1970-01-01 00:00:00.000021652,1.000221013109703
1970-01-01 00:00:00.000021653,1.000221013109703
1970-01-01 00:00:00.000021654,1.000221013109703
1970-01-01 00:00:00.000021655,1.000221013109703
1970-01-01 00:00:00.000021656,1.000221013109703
1970-01-01 00:00:00.000021657,1.000221013109703
1970-01-01 00:00:00.000021658,1.000221013109703
1970-01-01 00:00:00.000021659,1.000221013109703
1970-01-01 00:00:00.000021660,1.000221013109703
1970-01-01 00:00:00.000021661,1.000221013109703
1970-01-01 00:00:00.000021662,1.000221013109703
1970-01-01 00:00:00.000021663,1.000221013109703
1970-01-01 00:00:00.000021664,1.000221013109703
1970-01-01 00:00:00.000021665,1.000221013109703
1970-01-01 00:00:00.000021666,1.000221013109703
1970-01-01 00:00:00.000021667,1.000221013109703
1970-01-01 00:00:00.000021668,1.000221013109703
1970-01-01 00:00:00.000021669,1.000221013109703
1970-01-01 00:00:00.000021670,1.000221013109703
1970-01-01 00:00:00.000021671,1.000221013109703
1970-01-01 00:00:00.000021672,1.000221013109703
1970-01-01 00:00:00.000021673,1.000221013109703
1970-01-01 00:00:00.000021674,1.000221013109703
1970-01-01 00:00:00.000021675,1.000221013109703
1970-01-01 00:00:00.000021676,1.000221013109703
1970-01-01 00:00:00.000021677,1.000221013109703
1970-01-01 00:00:00.000021678,1.000221013109703
1970-01-01 00:00:00.000021679,1.000221013109703
1970-01-01 00:00:00.000021680,1.000221013109703
1970-01-01 00:00:00.000021681,1.000221013109703
1970-01-01 00:00:00.000021682,1.000221013109703
1970-01-01 00:00:00.000021683,1.000221013109703
1970-01-01 00:00:00.000021684,1.000221013109703
1970-01-01 00:00:00.000021685,1.000221013109703
1970-01-01 00:00:00.000021686,1.000221013109703
1970-01-01 00:00:00.000021687,1.000221013109703
1970-01-01 00:00:00.000021688,1.000221013109703
1970-01-01 00:00:00.000021689,1.000221013109703
1970-01-01 00:00:00.000021690,1.000221013109703
1970-01-01 00:00:00.000021691,1.000221013109703
1970-01-01 00:00:00.000021692,1.000221013109703
1970-01-01 00:00:00.000021693,1.000221013109703
1970-01-01 00:00:00.000021694,1.000221013109703
1970-01-01 00:00:00.000021695,1.000221013109703
1970-01-01 00:00:00.000021696,1.000221013109703
1970-01-01 00:00:00.000021697,1.000221013109703
1970-01-01 00:00:00.000021698,1.000221013109703
1970-01-01 00:00:00.000021699,1.000221013109703
1970-01-01 00:00:00.000021700,1.000221013109703
1970-01-01 00:00:00.000021701,1.000221013109703
1970-01-01 00:00:00.000021702,1.000221013109703
1970-01-01 00:00:00.000021703,1.000221013109703
1970-01-01 00:00:00.000021704,1.000221013109703
1970-01-01 00:00:00.000021705,1.000221013109703
1970-01-01 00:00:00.000021706,1.000221013109703
1970-01-01 00:00:00.000021707,1.000221013109703
1970-01-01 00:00:00.000021708,1.000221013109703
1970-01-01 00:00:00.000021709,1.000221013109703
1970-01-01 00:00:00.000021710,1.000221013109703
1970-01-01 00:00:00.000021711,1.000221013109703
1970-01-01 00:00:00.000021712,1.000221013109703
1970-01-01 00:00:00.000021713,1.000221013109703
1970-01-01 00:00:00.000021714,1.000221013109703
1970-01-01 00:00:00.000021715,1.000221013109703
1970-01-01 00:00:00.000021716,1.000221013109703
1970-01-01 00:00:00.000021717,1.000221013109703
1970-01-01 00:00:00.000021718,1.000221013109703
1970-01-01 00:00:00.000021719,1.000221013109703
1970-01-01 00:00:00.000021720,1.000221013109703
1970-01-01 00:00:00.000021721,1.000221013109703
1970-01-01 00:00:00.000021722,1.000221013109703
1970-01-01 00:00:00.000021723,1.000221013109703
1970-01-01 00:00:00.000021724,1.000221013109703
1970-01-01 00:00:00.000021725,1.000221013109703
1970-01-01 00:00:00.000021726,1.000221013109703
1970-01-01 00:00:00.000021727,1.000221013109703
1970-01-01 00:00:00.000021728,1.000221013109703
1970-01-01 00:00:00.000021729,1.000221013109703
1970-01-01 00:00:00.000021730,1.000221013109703
1970-01-01 00:00:00.000021731,1.000221013109703
1970-01-01 00:00:00.000021732,1.000221013109703
1970-01-01 00:00:00.000021733,1.000221013109703
1970-01-01 00:00:00.000021734,1.000221013109703
1970-01-01 00:00:00.000021735,1.000221013109703
1970-01-01 00:00:00.000021736,1.000221013109703
1970-01-01 00:00:00.000021737,1.000221013109703
1970-01-01 00:00:00.000021738,1.000221013109703
1970-01-01 00:00:00.000021739,1.000221013109703
1970-01-01 00:00:00.000021740,1.000221013109703
1970-01-01 00:00:00.000021741,1.000221013109703
1970-01-01 00:00:00.000021742,1.000221013109703
1970-01-01 00:00:00.000021743,1.000221013109703
1970-01-01 00:00:00.000021744,1.000221013109703
1970-01-01 00:00:00.000021745,1.000221013109703
1970-01-01 00:00:00.000021746,1.000221013109703
1970-01-01 00:00:00.000021747,1.000221013109703
1970-01-01 00:00:00.000021748,1.000221013109703
1970-01-01 00:00:00.000021749,1.000221013109703
1970-01-01 00:00:00.000021750,1.000221013109703
1970-01-01 00:00:00.000021751,1.000221013109703
1970-01-01 00:00:00.000021752,1.000221013109703
1970-01-01 00:00:00.000021753,1.000221013109703
1970-01-01 00:00:00.000021754,1.000221013109703
1970-01-01 00:00:00.000021755,1.000221013109703
1970-01-01 00:00:00.000021756,1.000221013109703
1970-01-01 00:00:00.000021757,1.000221013109703
1970-01-01 00:00:00.000021758,1.000221013109703
1970-01-01 00:00:00.000021759,1.000221013109703
1970-01-01 00:00:00.000021760,1.000221013109703
1970-01-01 00:00:00.000021761,1.000221013109703
1970-01-01 00:00:00.000021762,1.000221013109703
1970-01-01 00:00:00.000021763,1.000221013109703
1970-01-01 00:00:00.000021764,1.000221013109703
1970-01-01 00:00:00.000021765,1.000221013109703
1970-01-01 00:00:00.000021766,1.000221013109703
1970-01-01 00:00:00.000021767,1.000221013109703
1970-01-01 00:00:00.000021768,1.000221013109703
1970-01-01 00:00:00.000021769,1.000221013109703
1970-01-01 00:00:00.000021770,1.000221013109703
1970-01-01 00:00:00.000021771,1.000221013109703
1970-01-01 00:00:00.000021772,1.000221013109703
1970-01-01 00:00:00.000021773,1.000221013109703
1970-01-01 00:00:00.000021774,1.000221013109703
1970-01-01 00:00:00.000021775,1.000221013109703
1970-01-01 00:00:00.000021776,1.000221013109703
1970-01-01 00:00:00.000021777,1.000221013109703
1970-01-01 00:00:00.000021778,1.000221013109703
1970-01-01 00:00:00.000021779,1.000221013109703
1970-01-01 00:00:00.000021780,1.000221013109703
1970-01-01 00:00:00.000021781,1.000221013109703
1970-01-01 00:00:00.000021782,1.000221013109703
1970-01-01 00:00:00.000021783,1.000221013109703
1970-01-01 00:00:00.000021784,1.000221013109703
1970-01-01 00:00:00.000021785,1.000221013109703
1970-01-01 00:00:00.000021786,1.000221013109703
1970-01-01 00:00:00.000021787,1.000221013109703
1970-01-01 00:00:00.000021788,1.000221013109703
1970-01-01 00:00:00.000021789,1.000221013109703
1970-01-01 00:00:00.000021790,1.000221013109703
1970-01-01 00:00:00.000021791,1.000221013109703
1970-01-01 00:00:00.000021792,1.000221013109703
1970-01-01 00:00:00.000021793,1.000221013109703
1970-01-01 00:00:00.000021794,1.000221013109703
1970-01-01 00:00:00.000021795,1.000221013109703
1970-01-01 00:00:00.000021796,1.000221013109703
1970-01-01 00:00:00.000021797,1.000221013109703
1970-01-01 00:00:00.000021798,1.000221013109703
1970-01-01 00:00:00.000021799,1.000221013109703
1970-01-01 00:00:00.000021800,1.000221013109703
1970-01-01 00:00:00.000021801,1.000221013109703
1970-01-01 00:00:00.000021802,1.000221013109703
1970-01-01 00:00:00.000021803,1.000221013109703
1970-01-01 00:00:00.000021804,1.000221013109703
1970-01-01 00:00:00.000021805,1.000221013109703
1970-01-01 00:00:00.000021806,1.000221013109703
1970-01-01 00:00:00.000021807,1.000221013109703
1970-01-01 00:00:00.000021808,1.000221013109703
1970-01-01 00:00:00.000021809,1.000221013109703
1970-01-01 00:00:00.000021810,1.000221013109703
1970-01-01 00:00:00.000021811,1.000221013109703
1970-01-01 00:00:00.000021812,1.000221013109703
1970-01-01 00:00:00.000021813,1.000221013109703
1970-01-01 00:00:00.000021814,1.000221013109703
1970-01-01 00:00:00.000021815,1.000221013109703
1970-01-01 00:00:00.000021816,1.000221013109703
1970-01-01 00:00:00.000021817,1.000221013109703
1970-01-01 00:00:00.000021818,1.000221013109703
1970-01-01 00:00:00.000021819,1.000221013109703
1970-01-01 00:00:00.000021820,1.000221013109703
1970-01-01 00:00:00.000021821,1.000221013109703
1970-01-01 00:00:00.000021822,1.000221013109703
1970-01-01 00:00:00.000021823,1.000221013109703
1970-01-01 00:00:00.000021824,1.000221013109703
1970-01-01 00:00:00.000021825,1.000221013109703
1970-01-01 00:00:00.000021826,1.000221013109703
1970-01-01 00:00:00.000021827,1.000221013109703
1970-01-01 00:00:00.000021828,1.000221013109703
1970-01-01 00:00:00.000021829,1.000221013109703
1970-01-01 00:00:00.000021830,1.000221013109703
1970-01-01 00:00:00.000021831,1.000221013109703
1970-01-01 00:00:00.000021832,1.000221013109703
1970-01-01 00:00:00.000021833,1.000221013109703
1970-01-01 00:00:00.000021834,1.000221013109703
1970-01-01 00:00:00.000021835,1.000221013109703
1970-01-01 00:00:00.000021836,1.000221013109703
1970-01-01 00:00:00.000021837,1.000221013109703
1970-01-01 00:00:00.000021838,1.000221013109703
1970-01-01 00:00:00.000021839,1.000221013109703
1970-01-01 00:00:00.000021840,1.000221013109703
1970-01-01 00:00:00.000021841,1.000221013109703
1970-01-01 00:00:00.000021842,1.000221013109703
1970-01-01 00:00:00.000021843,1.000221013109703
1970-01-01 00:00:00.000021844,1.000221013109703
1970-01-01 00:00:00.000021845,1.000221013109703
1970-01-01 00:00:00.000021846,1.000221013109703
1970-01-01 00:00:00.000021847,1.000221013109703
1970-01-01 00:00:00.000021848,1.000221013109703
1970-01-01 00:00:00.000021849,1.000221013109703
1970-01-01 00:00:00.000021850,1.000221013109703
1970-01-01 00:00:00.000021851,1.000221013109703
1970-01-01 00:00:00.000021852,1.000221013109703
1970-01-01 00:00:00.000021853,1.000221013109703
1970-01-01 00:00:00.000021854,1.000221013109703
1970-01-01 00:00:00.000021855,1.000221013109703
1970-01-01 00:00:00.000021856,1.000221013109703
