timestamp,equity
1970-01-01 00:00:00.000018582,1.0
1970-01-01 00:00:00.000018583,1.0
1970-01-01 00:00:00.000018584,1.0
1970-01-01 00:00:00.000018585,1.0
1970-01-01 00:00:00.000018586,1.0
1970-01-01 00:00:00.000018587,1.0
1970-01-01 00:00:00.000018588,1.0
1970-01-01 00:00:00.000018589,1.0
1970-01-01 00:00:00.000018590,1.0
1970-01-01 00:00:00.000018591,1.0
1970-01-01 00:00:00.000018592,1.0
1970-01-01 00:00:00.000018593,1.0
1970-01-01 00:00:00.000018594,1.0
1970-01-01 00:00:00.000018595,1.0
1970-01-01 00:00:00.000018596,1.0
1970-01-01 00:00:00.000018597,1.0
1970-01-01 00:00:00.000018598,1.0
1970-01-01 00:00:00.000018599,1.0
1970-01-01 00:00:00.000018600,1.0
1970-01-01 00:00:00.000018601,1.0
1970-01-01 00:00:00.000018602,1.0
1970-01-01 00:00:00.000018603,1.0
1970-01-01 00:00:00.000018604,1.0
1970-01-01 00:00:00.000018605,1.0
1970-01-01 00:00:00.000018606,1.0
1970-01-01 00:00:00.000018607,1.0
1970-01-01 00:00:00.000018608,1.0
1970-01-01 00:00:00.000018609,1.0
1970-01-01 00:00:00.000018610,1.0
1970-01-01 00:00:00.000018611,1.0
1970-01-01 00:00:00.000018612,1.0
1970-01-01 00:00:00.000018613,1.0
1970-01-01 00:00:00.000018614,1.0
1970-01-01 00:00:00.000018615,1.0
1970-01-01 00:00:00.000018616,1.0
1970-01-01 00:00:00.000018617,1.0
1970-01-01 00:00:00.000018618,1.0
1970-01-01 00:00:00.000018619,1.0
1970-01-01 00:00:00.000018620,1.0
1970-01-01 00:00:00.000018621,1.0
1970-01-01 00:00:00.000018622,1.0
1970-01-01 00:00:00.000018623,1.0
1970-01-01 00:00:00.000018624,1.0
1970-01-01 00:00:00.000018625,1.0
1970-01-01 00:00:00.000018626,1.0
1970-01-01 00:00:00.000018627,1.0
1970-01-01 00:00:00.000018628,1.0
1970-01-01 00:00:00.000018629,1.0
1970-01-01 00:00:00.000018630,1.0
1970-01-01 00:00:00.000018631,1.0
1970-01-01 00:00:00.000018632,1.0
1970-01-01 00:00:00.000018633,1.0
1970-01-01 00:00:00.000018634,0.9990795976353973
1970-01-01 00:00:00.000018635,1.0009521222448574
1970-01-01 00:00:00.000018636,1.001397687075006
1970-01-01 00:00:00.000018637,1.0117860444501825
1970-01-01 00:00:00.000018638,1.0116848658457376
1970-01-01 00:00:00.000018639,1.0122161771829834
1970-01-01 00:00:00.000018640,1.0133197437579202
1970-01-01 00:00:00.000018641,1.0132184117835445
1970-01-01 00:00:00.000018642,1.0132184117835445
1970-01-01 00:00:00.000018643,1.0132184117835445
1970-01-01 00:00:00.000018644,1.0132184117835445
1970-01-01 00:00:00.000018645,1.0132184117835445
1970-01-01 00:00:00.000018646,1.0132184117835445
1970-01-01 00:00:00.000018647,1.0132184117835445
1970-01-01 00:00:00.000018648,1.0132184117835445
1970-01-01 00:00:00.000018649,1.0132184117835445
1970-01-01 00:00:00.000018650,1.0132184117835445
1970-01-01 00:00:00.000018651,1.0132184117835445
1970-01-01 00:00:00.000018652,1.0132184117835445
1970-01-01 00:00:00.000018653,1.0132184117835445
1970-01-01 00:00:00.000018654,1.0132184117835445
1970-01-01 00:00:00.000018655,1.0132184117835445
1970-01-01 00:00:00.000018656,1.0132184117835445
1970-01-01 00:00:00.000018657,1.0132184117835445
1970-01-01 00:00:00.000018658,1.0132184117835445
1970-01-01 00:00:00.000018659,1.0132184117835445
1970-01-01 00:00:00.000018660,1.0132184117835445
1970-01-01 00:00:00.000018661,1.0132184117835445
1970-01-01 00:00:00.000018662,1.0132184117835445
1970-01-01 00:00:00.000018663,1.0132184117835445
1970-01-01 00:00:00.000018664,1.0132184117835445
1970-01-01 00:00:00.000018665,1.0132184117835445
1970-01-01 00:00:00.000018666,1.0132184117835445
1970-01-01 00:00:00.000018667,1.0132184117835445
1970-01-01 00:00:00.000018668,1.0132184117835445
1970-01-01 00:00:00.000018669,1.0132184117835445
1970-01-01 00:00:00.000018670,1.0132184117835445
1970-01-01 00:00:00.000018671,1.0132184117835445
1970-01-01 00:00:00.000018672,1.0132184117835445
1970-01-01 00:00:00.000018673,1.0132184117835445
1970-01-01 00:00:00.000018674,1.0132184117835445
1970-01-01 00:00:00.000018675,1.0132184117835445
1970-01-01 00:00:00.000018676,1.0132184117835445
1970-01-01 00:00:00.000018677,1.0132184117835445
1970-01-01 00:00:00.000018678,1.0132184117835445
1970-01-01 00:00:00.000018679,1.0132184117835445
1970-01-01 00:00:00.000018680,1.0132184117835445
1970-01-01 00:00:00.000018681,1.0132184117835445
1970-01-01 00:00:00.000018682,1.0152711306525815
1970-01-01 00:00:00.000018683,1.0115935462746666
1970-01-01 00:00:00.000018684,1.0088893439947275
1970-01-01 00:00:00.000018685,1.006619292252806
1970-01-01 00:00:00.000018686,1.004539626541067
1970-01-01 00:00:00.000018687,1.004439172578413
1970-01-01 00:00:00.000018688,1.0097468208693128
1970-01-01 00:00:00.000018689,1.007786012508248
1970-01-01 00:00:00.000018690,1.0076852339069973
1970-01-01 00:00:00.000018691,1.0076852339069973
1970-01-01 00:00:00.000018692,1.0076852339069973
1970-01-01 00:00:00.000018693,1.0055958239208227
1970-01-01 00:00:00.000018694,1.0053432647607194
1970-01-01 00:00:00.000018695,1.0052427304342433
1970-01-01 00:00:00.000018696,1.0052427304342433
1970-01-01 00:00:00.000018697,1.0052427304342433
1970-01-01 00:00:00.000018698,1.0052427304342433
1970-01-01 00:00:00.000018699,1.0052427304342433
1970-01-01 00:00:00.000018700,1.0052427304342433
1970-01-01 00:00:00.000018701,1.0052427304342433
1970-01-01 00:00:00.000018702,1.0052427304342433
1970-01-01 00:00:00.000018703,1.0052427304342433
1970-01-01 00:00:00.000018704,1.0052427304342433
1970-01-01 00:00:00.000018705,1.0052427304342433
1970-01-01 00:00:00.000018706,1.0052427304342433
1970-01-01 00:00:00.000018707,1.0052427304342433
1970-01-01 00:00:00.000018708,1.0052427304342433
1970-01-01 00:00:00.000018709,1.0052427304342433
1970-01-01 00:00:00.000018710,1.0052427304342433
1970-01-01 00:00:00.000018711,1.0052427304342433
1970-01-01 00:00:00.000018712,1.0052427304342433
1970-01-01 00:00:00.000018713,1.0052427304342433
1970-01-01 00:00:00.000018714,1.0052427304342433
1970-01-01 00:00:00.000018715,1.0052427304342433
1970-01-01 00:00:00.000018716,1.0052427304342433
1970-01-01 00:00:00.000018717,1.0052427304342433
1970-01-01 00:00:00.000018718,1.0052427304342433
1970-01-01 00:00:00.000018719,1.0052427304342433
1970-01-01 00:00:00.000018720,1.0052427304342433
1970-01-01 00:00:00.000018721,1.0052427304342433
1970-01-01 00:00:00.000018722,1.005950765556001
1970-01-01 00:00:00.000018723,1.003442747746301
1970-01-01 00:00:00.000018724,1.0020959287976423
1970-01-01 00:00:00.000018725,1.0019957192047626
1970-01-01 00:00:00.000018726,0.9947830847089347
1970-01-01 00:00:00.000018727,0.993276694246349
1970-01-01 00:00:00.000018728,0.9903001997424914
1970-01-01 00:00:00.000018729,0.9902011697225171
1970-01-01 00:00:00.000018730,0.9902011697225171
1970-01-01 00:00:00.000018731,0.9902011697225171
1970-01-01 00:00:00.000018732,0.9902011697225171
1970-01-01 00:00:00.000018733,0.9902011697225171
1970-01-01 00:00:00.000018734,0.9890970659699931
1970-01-01 00:00:00.000018735,0.9877096946293329
1970-01-01 00:00:00.000018736,0.9901129406030763
1970-01-01 00:00:00.000018737,0.990013929309016
1970-01-01 00:00:00.000018738,0.990013929309016
1970-01-01 00:00:00.000018739,0.9914109821786335
1970-01-01 00:00:00.000018740,0.9902020739741418
1970-01-01 00:00:00.000018741,0.9870377797103043
1970-01-01 00:00:00.000018742,0.9886902435562851
1970-01-01 00:00:00.000018743,0.9869317780011491
1970-01-01 00:00:00.000018744,0.9861833621182262
1970-01-01 00:00:00.000018745,0.9859981540445193
1970-01-01 00:00:00.000018746,0.9864608371804267
1970-01-01 00:00:00.000018747,0.9858664523979297
1970-01-01 00:00:00.000018748,0.9855205565186909
1970-01-01 00:00:00.000018749,0.9835183207373337
1970-01-01 00:00:00.000018750,0.9840052713551463
1970-01-01 00:00:00.000018751,0.9840828767399888
1970-01-01 00:00:00.000018752,0.9844339968688045
1970-01-01 00:00:00.000018753,0.984385630429174
1970-01-01 00:00:00.000018754,0.983991368110305
1970-01-01 00:00:00.000018755,0.9869957329274204
1970-01-01 00:00:00.000018756,0.9855712822968403
1970-01-01 00:00:00.000018757,0.9854727251686106
1970-01-01 00:00:00.000018758,0.9854727251686106
1970-01-01 00:00:00.000018759,0.9854727251686106
1970-01-01 00:00:00.000018760,0.9854727251686106
1970-01-01 00:00:00.000018761,0.9854727251686106
1970-01-01 00:00:00.000018762,0.9854727251686106
1970-01-01 00:00:00.000018763,0.9854727251686106
1970-01-01 00:00:00.000018764,0.9854727251686106
1970-01-01 00:00:00.000018765,0.9870457802119865
1970-01-01 00:00:00.000018766,0.9907802629052933
1970-01-01 00:00:00.000018767,0.990464875381096
1970-01-01 00:00:00.000018768,0.9903658288935578
1970-01-01 00:00:00.000018769,0.987081024729934
1970-01-01 00:00:00.000018770,0.9927615017051451
1970-01-01 00:00:00.000018771,0.9999723184729566
1970-01-01 00:00:00.000018772,0.9998723212411094
1970-01-01 00:00:00.000018773,1.0048237590989226
1970-01-01 00:00:00.000018774,1.0031686617545101
1970-01-01 00:00:00.000018775,1.005659335626133
1970-01-01 00:00:00.000018776,0.9987390697599662
1970-01-01 00:00:00.000018777,0.9937487172269803
1970-01-01 00:00:00.000018778,0.9936493423552576
1970-01-01 00:00:00.000018779,0.9936493423552576
1970-01-01 00:00:00.000018780,0.9936493423552576
1970-01-01 00:00:00.000018781,0.9936493423552576
1970-01-01 00:00:00.000018782,0.9936493423552576
1970-01-01 00:00:00.000018783,0.9936493423552576
1970-01-01 00:00:00.000018784,0.9936493423552576
1970-01-01 00:00:00.000018785,0.9936493423552576
1970-01-01 00:00:00.000018786,0.9936493423552576
1970-01-01 00:00:00.000018787,0.9936493423552576
1970-01-01 00:00:00.000018788,0.9936493423552576
1970-01-01 00:00:00.000018789,0.9936493423552576
1970-01-01 00:00:00.000018790,0.9936493423552576
1970-01-01 00:00:00.000018791,0.9936493423552576
1970-01-01 00:00:00.000018792,0.9936493423552576
1970-01-01 00:00:00.000018793,0.9936493423552576
1970-01-01 00:00:00.000018794,0.9936493423552576
1970-01-01 00:00:00.000018795,0.9936493423552576
1970-01-01 00:00:00.000018796,0.9936493423552576
1970-01-01 00:00:00.000018797,0.9936493423552576
1970-01-01 00:00:00.000018798,0.9936493423552576
1970-01-01 00:00:00.000018799,0.9936493423552576
1970-01-01 00:00:00.000018800,0.9936493423552576
1970-01-01 00:00:00.000018801,0.9936493423552576
1970-01-01 00:00:00.000018802,0.9936493423552576
1970-01-01 00:00:00.000018803,0.9936493423552576
1970-01-01 00:00:00.000018804,0.9936493423552576
1970-01-01 00:00:00.000018805,0.9936493423552576
1970-01-01 00:00:00.000018806,0.9936493423552576
1970-01-01 00:00:00.000018807,0.9936493423552576
1970-01-01 00:00:00.000018808,0.9936493423552576
1970-01-01 00:00:00.000018809,0.9936493423552576
1970-01-01 00:00:00.000018810,0.9936493423552576
1970-01-01 00:00:00.000018811,0.9936493423552576
1970-01-01 00:00:00.000018812,0.9936493423552576
1970-01-01 00:00:00.000018813,0.9936493423552576
1970-01-01 00:00:00.000018814,0.9936493423552576
1970-01-01 00:00:00.000018815,0.9936493423552576
1970-01-01 00:00:00.000018816,0.9936493423552576
1970-01-01 00:00:00.000018817,0.9936493423552576
1970-01-01 00:00:00.000018818,0.9936493423552576
1970-01-01 00:00:00.000018819,0.9936493423552576
1970-01-01 00:00:00.000018820,0.9936493423552576
1970-01-01 00:00:00.000018821,0.9936493423552576
1970-01-01 00:00:00.000018822,0.9936493423552576
1970-01-01 00:00:00.000018823,0.9936493423552576
1970-01-01 00:00:00.000018824,0.9936493423552576
1970-01-01 00:00:00.000018825,0.9936493423552576
1970-01-01 00:00:00.000018826,0.9936493423552576
1970-01-01 00:00:00.000018827,0.9936493423552576
1970-01-01 00:00:00.000018828,0.9936493423552576
1970-01-01 00:00:00.000018829,0.9936493423552576
1970-01-01 00:00:00.000018830,0.9936493423552576
1970-01-01 00:00:00.000018831,0.9936493423552576
1970-01-01 00:00:00.000018832,0.9936493423552576
1970-01-01 00:00:00.000018833,0.9936493423552576
1970-01-01 00:00:00.000018834,0.9936493423552576
1970-01-01 00:00:00.000018835,0.9936493423552576
1970-01-01 00:00:00.000018836,0.9936493423552576
1970-01-01 00:00:00.000018837,0.9936493423552576
1970-01-01 00:00:00.000018838,0.9936493423552576
1970-01-01 00:00:00.000018839,0.9936493423552576
1970-01-01 00:00:00.000018840,0.9936493423552576
1970-01-01 00:00:00.000018841,0.9936493423552576
1970-01-01 00:00:00.000018842,0.9936493423552576
1970-01-01 00:00:00.000018843,0.9936493423552576
1970-01-01 00:00:00.000018844,0.9936493423552576
1970-01-01 00:00:00.000018845,0.9936493423552576
1970-01-01 00:00:00.000018846,0.9936493423552576
1970-01-01 00:00:00.000018847,0.9936493423552576
1970-01-01 00:00:00.000018848,0.9936493423552576
1970-01-01 00:00:00.000018849,0.9936493423552576
1970-01-01 00:00:00.000018850,0.9936493423552576
1970-01-01 00:00:00.000018851,0.9936493423552576
1970-01-01 00:00:00.000018852,0.9936493423552576
1970-01-01 00:00:00.000018853,0.9936493423552576
1970-01-01 00:00:00.000018854,0.9966164706670251
1970-01-01 00:00:00.000018855,0.9966733277892
1970-01-01 00:00:00.000018856,0.9965736604564212
1970-01-01 00:00:00.000018857,0.9965736604564212
1970-01-01 00:00:00.000018858,0.9965736604564212
1970-01-01 00:00:00.000018859,0.9965736604564212
1970-01-01 00:00:00.000018860,0.9965736604564212
1970-01-01 00:00:00.000018861,0.9963545770627386
1970-01-01 00:00:00.000018862,0.9952770849315346
1970-01-01 00:00:00.000018863,0.9951775572230414
1970-01-01 00:00:00.000018864,0.9951775572230414
1970-01-01 00:00:00.000018865,0.9951775572230414
1970-01-01 00:00:00.000018866,0.9951775572230414
1970-01-01 00:00:00.000018867,0.9951775572230414
1970-01-01 00:00:00.000018868,0.9951775572230414
1970-01-01 00:00:00.000018869,0.9951775572230414
1970-01-01 00:00:00.000018870,0.9979906631289063
1970-01-01 00:00:00.000018871,0.994536035083188
1970-01-01 00:00:00.000018872,0.9961317270124073
1970-01-01 00:00:00.000018873,0.9974248268528303
1970-01-01 00:00:00.000018874,0.997325084370145
1970-01-01 00:00:00.000018875,0.997325084370145
1970-01-01 00:00:00.000018876,0.997325084370145
1970-01-01 00:00:00.000018877,0.997325084370145
1970-01-01 00:00:00.000018878,0.997325084370145
1970-01-01 00:00:00.000018879,0.997325084370145
1970-01-01 00:00:00.000018880,0.997325084370145
1970-01-01 00:00:00.000018881,0.9964466602118046
1970-01-01 00:00:00.000018882,0.9981979344239083
1970-01-01 00:00:00.000018883,0.9980981146304658
1970-01-01 00:00:00.000018884,0.9980981146304658
1970-01-01 00:00:00.000018885,0.9980981146304658
1970-01-01 00:00:00.000018886,0.9980981146304658
1970-01-01 00:00:00.000018887,0.9980981146304658
1970-01-01 00:00:00.000018888,0.9980981146304658
1970-01-01 00:00:00.000018889,1.0024781199207056
1970-01-01 00:00:00.000018890,1.0008211971791456
1970-01-01 00:00:00.000018891,0.9983220793495503
1970-01-01 00:00:00.000018892,0.9980629810496218
1970-01-01 00:00:00.000018893,0.9957525343479315
1970-01-01 00:00:00.000018894,0.9984593327799263
1970-01-01 00:00:00.000018895,0.9988509949482409
1970-01-01 00:00:00.000018896,0.9987511098487462
1970-01-01 00:00:00.000018897,0.9987511098487462
1970-01-01 00:00:00.000018898,0.9987511098487462
1970-01-01 00:00:00.000018899,0.9987511098487462
1970-01-01 00:00:00.000018900,0.9987511098487462
1970-01-01 00:00:00.000018901,0.9987511098487462
1970-01-01 00:00:00.000018902,0.9978699920753202
1970-01-01 00:00:00.000018903,0.9981239395378133
1970-01-01 00:00:00.000018904,0.9980241271438596
1970-01-01 00:00:00.000018905,0.9980241271438596
1970-01-01 00:00:00.000018906,0.9980241271438596
1970-01-01 00:00:00.000018907,0.9974703154443273
1970-01-01 00:00:00.000018908,0.9980176459744422
1970-01-01 00:00:00.000018909,0.9979178442098448
1970-01-01 00:00:00.000018910,0.9979178442098448
1970-01-01 00:00:00.000018911,0.9979178442098448
1970-01-01 00:00:00.000018912,0.9979178442098448
1970-01-01 00:00:00.000018913,0.9979178442098448
1970-01-01 00:00:00.000018914,0.9979178442098448
1970-01-01 00:00:00.000018915,0.9979178442098448
1970-01-01 00:00:00.000018916,0.9979178442098448
1970-01-01 00:00:00.000018917,0.9979178442098448
1970-01-01 00:00:00.000018918,0.9979178442098448
1970-01-01 00:00:00.000018919,0.9997941290369713
1970-01-01 00:00:00.000018920,0.9999320419729893
1970-01-01 00:00:00.000018921,0.9992902781023206
1970-01-01 00:00:00.000018922,0.99934576420089
1970-01-01 00:00:00.000018923,0.99924582962447
1970-01-01 00:00:00.000018924,0.998082385777886
1970-01-01 00:00:00.000018925,0.9982142222081017
1970-01-01 00:00:00.000018926,0.998114400785881
1970-01-01 00:00:00.000018927,0.9991784906019587
1970-01-01 00:00:00.000018928,0.9993059789190117
1970-01-01 00:00:00.000018929,0.9992060483211198
1970-01-01 00:00:00.000018930,0.9992060483211198
1970-01-01 00:00:00.000018931,0.9992060483211198
1970-01-01 00:00:00.000018932,1.0001301200039296
1970-01-01 00:00:00.000018933,1.0014757388360025
1970-01-01 00:00:00.000018934,1.001375591262119
1970-01-01 00:00:00.000018935,1.001375591262119
1970-01-01 00:00:00.000018936,1.001375591262119
1970-01-01 00:00:00.000018937,1.001375591262119
1970-01-01 00:00:00.000018938,1.001375591262119
1970-01-01 00:00:00.000018939,1.001375591262119
1970-01-01 00:00:00.000018940,1.001375591262119
1970-01-01 00:00:00.000018941,1.001375591262119
1970-01-01 00:00:00.000018942,0.9992759708230999
1970-01-01 00:00:00.000018943,0.9977685906811208
1970-01-01 00:00:00.000018944,0.9988641377098435
1970-01-01 00:00:00.000018945,0.9999594313547802
1970-01-01 00:00:00.000018946,0.9998594354116447
1970-01-01 00:00:00.000018947,0.9998594354116447
1970-01-01 00:00:00.000018948,0.9998594354116447
1970-01-01 00:00:00.000018949,0.9998594354116447
1970-01-01 00:00:00.000018950,0.9998594354116447
1970-01-01 00:00:00.000018951,0.9986111663590945
1970-01-01 00:00:00.000018952,0.9980249608614878
1970-01-01 00:00:00.000018953,0.995804215106482
1970-01-01 00:00:00.000018954,0.9961453826656146
1970-01-01 00:00:00.000018955,0.9953185164101593
1970-01-01 00:00:00.000018956,0.9952189845585183
1970-01-01 00:00:00.000018957,0.9952189845585183
1970-01-01 00:00:00.000018958,0.9952189845585183
1970-01-01 00:00:00.000018959,0.9952189845585183
1970-01-01 00:00:00.000018960,0.9952189845585183
1970-01-01 00:00:00.000018961,0.9994047471386704
1970-01-01 00:00:00.000018962,0.9984652161252573
1970-01-01 00:00:00.000018963,0.9983034178892444
1970-01-01 00:00:00.000018964,0.9982035875474554
1970-01-01 00:00:00.000018965,0.9982035875474554
1970-01-01 00:00:00.000018966,1.0035492439133251
1970-01-01 00:00:00.000018967,1.0051271687384231
1970-01-01 00:00:00.000018968,1.0070371721615121
1970-01-01 00:00:00.000018969,1.006936468444296
1970-01-01 00:00:00.000018970,1.0086660983064342
1970-01-01 00:00:00.000018971,1.0058620338413484
1970-01-01 00:00:00.000018972,1.0064825832097652
1970-01-01 00:00:00.000018973,1.0063819349514442
1970-01-01 00:00:00.000018974,1.0063819349514442
1970-01-01 00:00:00.000018975,1.0063819349514442
1970-01-01 00:00:00.000018976,1.005442834914696
1970-01-01 00:00:00.000018977,1.0045389878635516
1970-01-01 00:00:00.000018978,1.0044385339647652
1970-01-01 00:00:00.000018979,1.0044385339647652
1970-01-01 00:00:00.000018980,1.0044385339647652
1970-01-01 00:00:00.000018981,1.0044385339647652
1970-01-01 00:00:00.000018982,1.0044385339647652
1970-01-01 00:00:00.000018983,1.0039207724576587
1970-01-01 00:00:00.000018984,1.0079086837517641
1970-01-01 00:00:00.000018985,1.007807892883389
1970-01-01 00:00:00.000018986,1.007807892883389
1970-01-01 00:00:00.000018987,1.0096204132133713
1970-01-01 00:00:00.000018988,1.0083485177187141
1970-01-01 00:00:00.000018989,1.0082476828669422
1970-01-01 00:00:00.000018990,1.0082476828669422
1970-01-01 00:00:00.000018991,1.0066241420896833
1970-01-01 00:00:00.000018992,1.0088229861703921
1970-01-01 00:00:00.000018993,1.008722103871775
1970-01-01 00:00:00.000018994,1.008722103871775
1970-01-01 00:00:00.000018995,1.008722103871775
1970-01-01 00:00:00.000018996,1.008722103871775
1970-01-01 00:00:00.000018997,1.008722103871775
1970-01-01 00:00:00.000018998,1.008722103871775
1970-01-01 00:00:00.000018999,1.0099913309577297
1970-01-01 00:00:00.000019000,1.0070263215815662
1970-01-01 00:00:00.000019001,1.0077549108297874
1970-01-01 00:00:00.000019002,1.004382334263666
1970-01-01 00:00:00.000019003,1.0042818960302395
1970-01-01 00:00:00.000019004,1.0042818960302395
1970-01-01 00:00:00.000019005,1.0042818960302395
1970-01-01 00:00:00.000019006,1.0042818960302395
1970-01-01 00:00:00.000019007,1.0042818960302395
1970-01-01 00:00:00.000019008,1.0042818960302395
1970-01-01 00:00:00.000019009,1.0042818960302395
1970-01-01 00:00:00.000019010,1.0041640226556003
1970-01-01 00:00:00.000019011,1.0086334849670158
1970-01-01 00:00:00.000019012,1.008532621618519
1970-01-01 00:00:00.000019013,1.008532621618519
1970-01-01 00:00:00.000019014,1.008532621618519
1970-01-01 00:00:00.000019015,1.008532621618519
1970-01-01 00:00:00.000019016,1.008532621618519
1970-01-01 00:00:00.000019017,1.0089653805262597
1970-01-01 00:00:00.000019018,1.0073653750532294
1970-01-01 00:00:00.000019019,1.007456552298272
1970-01-01 00:00:00.000019020,1.0073558066430421
1970-01-01 00:00:00.000019021,1.0073558066430421
1970-01-01 00:00:00.000019022,1.0073558066430421
1970-01-01 00:00:00.000019023,1.0073558066430421
1970-01-01 00:00:00.000019024,1.0073558066430421
1970-01-01 00:00:00.000019025,1.0073558066430421
1970-01-01 00:00:00.000019026,1.0073558066430421
1970-01-01 00:00:00.000019027,1.0073558066430421
1970-01-01 00:00:00.000019028,1.0073558066430421
1970-01-01 00:00:00.000019029,1.0073558066430421
1970-01-01 00:00:00.000019030,1.0073558066430421
1970-01-01 00:00:00.000019031,1.0073558066430421
1970-01-01 00:00:00.000019032,1.0073558066430421
1970-01-01 00:00:00.000019033,1.0073558066430421
1970-01-01 00:00:00.000019034,1.0073558066430421
1970-01-01 00:00:00.000019035,1.0073558066430421
1970-01-01 00:00:00.000019036,1.0073558066430421
1970-01-01 00:00:00.000019037,1.0088587311269763
1970-01-01 00:00:00.000019038,1.004624625858169
1970-01-01 00:00:00.000019039,1.0036322035066576
1970-01-01 00:00:00.000019040,1.003531840286307
1970-01-01 00:00:00.000019041,1.003531840286307
1970-01-01 00:00:00.000019042,1.0050370194384692
1970-01-01 00:00:00.000019043,1.0067139728917027
1970-01-01 00:00:00.000019044,1.0066133014944136
1970-01-01 00:00:00.000019045,1.0066133014944136
1970-01-01 00:00:00.000019046,1.0070504651748406
1970-01-01 00:00:00.000019047,1.0053304104177552
1970-01-01 00:00:00.000019048,1.0052298773767134
1970-01-01 00:00:00.000019049,1.0052298773767134
1970-01-01 00:00:00.000019050,1.0052298773767134
1970-01-01 00:00:00.000019051,1.0052298773767134
1970-01-01 00:00:00.000019052,1.0052298773767134
1970-01-01 00:00:00.000019053,1.0052298773767134
1970-01-01 00:00:00.000019054,1.0052298773767134
1970-01-01 00:00:00.000019055,1.0052298773767134
1970-01-01 00:00:00.000019056,1.0052298773767134
1970-01-01 00:00:00.000019057,1.0052298773767134
1970-01-01 00:00:00.000019058,1.0052298773767134
1970-01-01 00:00:00.000019059,1.0052298773767134
1970-01-01 00:00:00.000019060,1.0052298773767134
1970-01-01 00:00:00.000019061,1.0052298773767134
1970-01-01 00:00:00.000019062,1.0052298773767134
1970-01-01 00:00:00.000019063,1.0052298773767134
1970-01-01 00:00:00.000019064,1.0052298773767134
1970-01-01 00:00:00.000019065,1.0035212456688822
1970-01-01 00:00:00.000019066,1.0067460886906499
1970-01-01 00:00:00.000019067,1.0066454140817809
1970-01-01 00:00:00.000019068,1.0066454140817809
1970-01-01 00:00:00.000019069,1.0066454140817809
1970-01-01 00:00:00.000019070,1.0066454140817809
1970-01-01 00:00:00.000019071,1.0066454140817809
1970-01-01 00:00:00.000019072,1.0066454140817809
1970-01-01 00:00:00.000019073,1.0066454140817809
1970-01-01 00:00:00.000019074,1.0066454140817809
1970-01-01 00:00:00.000019075,1.0066454140817809
1970-01-01 00:00:00.000019076,1.0066454140817809
1970-01-01 00:00:00.000019077,1.0066454140817809
1970-01-01 00:00:00.000019078,1.0066454140817809
1970-01-01 00:00:00.000019079,1.0066454140817809
1970-01-01 00:00:00.000019080,1.0066454140817809
1970-01-01 00:00:00.000019081,1.0066454140817809
1970-01-01 00:00:00.000019082,1.0066454140817809
1970-01-01 00:00:00.000019083,1.0066454140817809
1970-01-01 00:00:00.000019084,1.0066454140817809
1970-01-01 00:00:00.000019085,1.0066454140817809
1970-01-01 00:00:00.000019086,1.0066454140817809
1970-01-01 00:00:00.000019087,1.0047278526966799
1970-01-01 00:00:00.000019088,1.0032588734679553
1970-01-01 00:00:00.000019089,1.0031585475806084
1970-01-01 00:00:00.000019090,1.0031585475806084
1970-01-01 00:00:00.000019091,1.0031585475806084
1970-01-01 00:00:00.000019092,1.0031585475806084
1970-01-01 00:00:00.000019093,1.0031585475806084
1970-01-01 00:00:00.000019094,1.0031585475806084
1970-01-01 00:00:00.000019095,1.0031585475806084
1970-01-01 00:00:00.000019096,1.0031585475806084
1970-01-01 00:00:00.000019097,1.0031585475806084
1970-01-01 00:00:00.000019098,1.0031585475806084
1970-01-01 00:00:00.000019099,1.0031585475806084
1970-01-01 00:00:00.000019100,1.0031585475806084
1970-01-01 00:00:00.000019101,1.0031585475806084
1970-01-01 00:00:00.000019102,1.0031585475806084
1970-01-01 00:00:00.000019103,1.0031585475806084
1970-01-01 00:00:00.000019104,1.0031585475806084
1970-01-01 00:00:00.000019105,1.0031585475806084
1970-01-01 00:00:00.000019106,1.0031585475806084
1970-01-01 00:00:00.000019107,1.0031585475806084
1970-01-01 00:00:00.000019108,1.0031585475806084
1970-01-01 00:00:00.000019109,1.0031585475806084
1970-01-01 00:00:00.000019110,1.0031585475806084
1970-01-01 00:00:00.000019111,1.0031585475806084
1970-01-01 00:00:00.000019112,1.0031585475806084
1970-01-01 00:00:00.000019113,1.0031585475806084
1970-01-01 00:00:00.000019114,1.0031585475806084
1970-01-01 00:00:00.000019115,1.0031585475806084
1970-01-01 00:00:00.000019116,1.0031585475806084
1970-01-01 00:00:00.000019117,1.0031585475806084
1970-01-01 00:00:00.000019118,1.0031585475806084
1970-01-01 00:00:00.000019119,1.0031585475806084
1970-01-01 00:00:00.000019120,1.0031585475806084
1970-01-01 00:00:00.000019121,1.0031585475806084
1970-01-01 00:00:00.000019122,1.0031585475806084
1970-01-01 00:00:00.000019123,1.0031585475806084
1970-01-01 00:00:00.000019124,1.0031585475806084
1970-01-01 00:00:00.000019125,1.0031585475806084
1970-01-01 00:00:00.000019126,1.0031585475806084
1970-01-01 00:00:00.000019127,1.0031585475806084
1970-01-01 00:00:00.000019128,1.0031585475806084
1970-01-01 00:00:00.000019129,1.0031585475806084
1970-01-01 00:00:00.000019130,1.0031585475806084
1970-01-01 00:00:00.000019131,1.0031585475806084
1970-01-01 00:00:00.000019132,1.0031585475806084
1970-01-01 00:00:00.000019133,1.0031585475806084
1970-01-01 00:00:00.000019134,1.0031585475806084
1970-01-01 00:00:00.000019135,1.0031585475806084
1970-01-01 00:00:00.000019136,1.0031585475806084
1970-01-01 00:00:00.000019137,1.0031585475806084
1970-01-01 00:00:00.000019138,1.0031585475806084
1970-01-01 00:00:00.000019139,1.0031585475806084
1970-01-01 00:00:00.000019140,1.0031585475806084
1970-01-01 00:00:00.000019141,1.0031585475806084
1970-01-01 00:00:00.000019142,1.0031585475806084
1970-01-01 00:00:00.000019143,1.0031585475806084
1970-01-01 00:00:00.000019144,1.0031585475806084
1970-01-01 00:00:00.000019145,1.0031585475806084
1970-01-01 00:00:00.000019146,1.0031585475806084
1970-01-01 00:00:00.000019147,1.0031585475806084
1970-01-01 00:00:00.000019148,1.0031585475806084
1970-01-01 00:00:00.000019149,1.0031585475806084
1970-01-01 00:00:00.000019150,1.0031585475806084
1970-01-01 00:00:00.000019151,1.0031585475806084
1970-01-01 00:00:00.000019152,1.0031585475806084
1970-01-01 00:00:00.000019153,1.0031585475806084
1970-01-01 00:00:00.000019154,1.0031585475806084
1970-01-01 00:00:00.000019155,1.0031585475806084
1970-01-01 00:00:00.000019156,1.0031585475806084
1970-01-01 00:00:00.000019157,1.0031585475806084
1970-01-01 00:00:00.000019158,1.0031585475806084
1970-01-01 00:00:00.000019159,1.0031585475806084
1970-01-01 00:00:00.000019160,1.0031585475806084
1970-01-01 00:00:00.000019161,1.0031585475806084
1970-01-01 00:00:00.000019162,1.0031585475806084
1970-01-01 00:00:00.000019163,1.0050349124215938
1970-01-01 00:00:00.000019164,1.0075271262213867
1970-01-01 00:00:00.000019165,1.0074263735087645
1970-01-01 00:00:00.000019166,1.0074263735087645
1970-01-01 00:00:00.000019167,1.0074263735087645
1970-01-01 00:00:00.000019168,1.0092289134209802
1970-01-01 00:00:00.000019169,1.0088878913983677
1970-01-01 00:00:00.000019170,1.0080613551857065
1970-01-01 00:00:00.000019171,1.007301382780516
1970-01-01 00:00:00.000019172,1.0068417592626926
1970-01-01 00:00:00.000019173,1.006661293586983
1970-01-01 00:00:00.000019174,1.0066444603776483
1970-01-01 00:00:00.000019175,1.007839105553831
1970-01-01 00:00:00.000019176,1.0077383216432756
1970-01-01 00:00:00.000019177,1.0078364098044812
1970-01-01 00:00:00.000019178,1.0071058124474315
1970-01-01 00:00:00.000019179,1.0061395440364937
1970-01-01 00:00:00.000019180,1.0060389300820902
1970-01-01 00:00:00.000019181,1.0060389300820902
1970-01-01 00:00:00.000019182,1.0060389300820902
1970-01-01 00:00:00.000019183,1.0061170993046047
1970-01-01 00:00:00.000019184,1.0058993878661195
1970-01-01 00:00:00.000019185,1.0057987979273328
1970-01-01 00:00:00.000019186,1.0057987979273328
1970-01-01 00:00:00.000019187,1.0057987979273328
1970-01-01 00:00:00.000019188,1.0057987979273328
1970-01-01 00:00:00.000019189,1.0057987979273328
1970-01-01 00:00:00.000019190,1.0057987979273328
1970-01-01 00:00:00.000019191,1.0057987979273328
1970-01-01 00:00:00.000019192,1.0057987979273328
1970-01-01 00:00:00.000019193,1.0057987979273328
1970-01-01 00:00:00.000019194,1.0057987979273328
1970-01-01 00:00:00.000019195,1.0057987979273328
1970-01-01 00:00:00.000019196,1.0057987979273328
1970-01-01 00:00:00.000019197,1.0057987979273328
1970-01-01 00:00:00.000019198,1.0057987979273328
1970-01-01 00:00:00.000019199,1.0057987979273328
1970-01-01 00:00:00.000019200,1.0057987979273328
1970-01-01 00:00:00.000019201,1.0057987979273328
1970-01-01 00:00:00.000019202,1.0057987979273328
1970-01-01 00:00:00.000019203,1.0057987979273328
1970-01-01 00:00:00.000019204,1.0057987979273328
1970-01-01 00:00:00.000019205,1.0057987979273328
1970-01-01 00:00:00.000019206,1.0057987979273328
1970-01-01 00:00:00.000019207,1.0057987979273328
1970-01-01 00:00:00.000019208,1.0057987979273328
1970-01-01 00:00:00.000019209,1.0057987979273328
1970-01-01 00:00:00.000019210,1.0057987979273328
1970-01-01 00:00:00.000019211,1.0057987979273328
1970-01-01 00:00:00.000019212,1.0057987979273328
1970-01-01 00:00:00.000019213,1.0057987979273328
1970-01-01 00:00:00.000019214,1.0057987979273328
1970-01-01 00:00:00.000019215,1.0057987979273328
1970-01-01 00:00:00.000019216,1.0057987979273328
1970-01-01 00:00:00.000019217,1.0057987979273328
1970-01-01 00:00:00.000019218,1.0057987979273328
1970-01-01 00:00:00.000019219,1.0057987979273328
1970-01-01 00:00:00.000019220,1.0057987979273328
1970-01-01 00:00:00.000019221,1.0057987979273328
1970-01-01 00:00:00.000019222,1.0057987979273328
1970-01-01 00:00:00.000019223,1.0057987979273328
1970-01-01 00:00:00.000019224,1.0057987979273328
1970-01-01 00:00:00.000019225,1.0057987979273328
1970-01-01 00:00:00.000019226,1.0057987979273328
1970-01-01 00:00:00.000019227,1.0057987979273328
1970-01-01 00:00:00.000019228,1.0074438669615997
1970-01-01 00:00:00.000019229,1.0088090817595141
1970-01-01 00:00:00.000019230,1.0087082008513382
1970-01-01 00:00:00.000019231,1.010535788804752
1970-01-01 00:00:00.000019232,1.009805585591992
1970-01-01 00:00:00.000019233,1.009758756878055
1970-01-01 00:00:00.000019234,1.009647068686238
1970-01-01 00:00:00.000019235,1.008407475028626
1970-01-01 00:00:00.000019236,1.0083635517458458
1970-01-01 00:00:00.000019237,1.0090729896712212
1970-01-01 00:00:00.000019238,1.0076130105149892
1970-01-01 00:00:00.000019239,1.0078530504008456
1970-01-01 00:00:00.000019240,1.0079890929420643
1970-01-01 00:00:00.000019241,1.00788829403277
1970-01-01 00:00:00.000019242,1.00788829403277
1970-01-01 00:00:00.000019243,1.0078886460936933
1970-01-01 00:00:00.000019244,1.0075632836776134
1970-01-01 00:00:00.000019245,1.0079737053695734
1970-01-01 00:00:00.000019246,1.0077041657747494
1970-01-01 00:00:00.000019247,1.0077960639873838
1970-01-01 00:00:00.000019248,1.0074455684787322
1970-01-01 00:00:00.000019249,1.0073717934484965
1970-01-01 00:00:00.000019250,1.0094734841997646
1970-01-01 00:00:00.000019251,1.0098338106800004
1970-01-01 00:00:00.000019252,1.0097328272989325
1970-01-01 00:00:00.000019253,1.0097328272989325
1970-01-01 00:00:00.000019254,1.0097328272989325
1970-01-01 00:00:00.000019255,1.0097328272989325
1970-01-01 00:00:00.000019256,1.0097328272989325
1970-01-01 00:00:00.000019257,1.0097328272989325
1970-01-01 00:00:00.000019258,1.0097328272989325
1970-01-01 00:00:00.000019259,1.0112034513392836
1970-01-01 00:00:00.000019260,1.011600423486282
1970-01-01 00:00:00.000019261,1.0114992634439335
1970-01-01 00:00:00.000019262,1.0114992634439335
1970-01-01 00:00:00.000019263,1.0114992634439335
1970-01-01 00:00:00.000019264,1.0114992634439335
1970-01-01 00:00:00.000019265,1.0114992634439335
1970-01-01 00:00:00.000019266,1.0114992634439335
1970-01-01 00:00:00.000019267,1.009587175140887
1970-01-01 00:00:00.000019268,1.0094938477069795
1970-01-01 00:00:00.000019269,1.0093928983222087
1970-01-01 00:00:00.000019270,1.0093928983222087
1970-01-01 00:00:00.000019271,1.0093928983222087
1970-01-01 00:00:00.000019272,1.0093928983222087
1970-01-01 00:00:00.000019273,1.0093928983222087
1970-01-01 00:00:00.000019274,1.0093928983222087
1970-01-01 00:00:00.000019275,1.0093928983222087
1970-01-01 00:00:00.000019276,1.0093928983222087
1970-01-01 00:00:00.000019277,1.0093928983222087
1970-01-01 00:00:00.000019278,1.0093928983222087
1970-01-01 00:00:00.000019279,1.0093928983222087
1970-01-01 00:00:00.000019280,1.0093928983222087
1970-01-01 00:00:00.000019281,1.0093928983222087
1970-01-01 00:00:00.000019282,1.0093928983222087
1970-01-01 00:00:00.000019283,1.0093928983222087
1970-01-01 00:00:00.000019284,1.0093928983222087
1970-01-01 00:00:00.000019285,1.0093928983222087
1970-01-01 00:00:00.000019286,1.0093928983222087
1970-01-01 00:00:00.000019287,1.0093928983222087
1970-01-01 00:00:00.000019288,1.0122937638032858
1970-01-01 00:00:00.000019289,1.015195823373113
1970-01-01 00:00:00.000019290,1.0150943037907758
1970-01-01 00:00:00.000019291,1.0150943037907758
1970-01-01 00:00:00.000019292,1.0150943037907758
1970-01-01 00:00:00.000019293,1.0150943037907758
1970-01-01 00:00:00.000019294,1.0150943037907758
1970-01-01 00:00:00.000019295,1.0150943037907758
1970-01-01 00:00:00.000019296,1.0150943037907758
1970-01-01 00:00:00.000019297,1.0150943037907758
1970-01-01 00:00:00.000019298,1.0150943037907758
1970-01-01 00:00:00.000019299,1.0150943037907758
1970-01-01 00:00:00.000019300,1.0150943037907758
1970-01-01 00:00:00.000019301,1.013566577578039
1970-01-01 00:00:00.000019302,1.016508672922899
1970-01-01 00:00:00.000019303,1.0164070220556067
1970-01-01 00:00:00.000019304,1.0164070220556067
1970-01-01 00:00:00.000019305,1.0164070220556067
1970-01-01 00:00:00.000019306,1.0164070220556067
1970-01-01 00:00:00.000019307,1.0164070220556067
1970-01-01 00:00:00.000019308,1.0164070220556067
1970-01-01 00:00:00.000019309,1.0164070220556067
1970-01-01 00:00:00.000019310,1.0164070220556067
1970-01-01 00:00:00.000019311,1.0164070220556067
1970-01-01 00:00:00.000019312,1.0164070220556067
1970-01-01 00:00:00.000019313,1.0164070220556067
1970-01-01 00:00:00.000019314,1.0164070220556067
1970-01-01 00:00:00.000019315,1.0164070220556067
1970-01-01 00:00:00.000019316,1.0164070220556067
1970-01-01 00:00:00.000019317,1.0164070220556067
1970-01-01 00:00:00.000019318,1.0164070220556067
1970-01-01 00:00:00.000019319,1.0164070220556067
1970-01-01 00:00:00.000019320,1.0164070220556067
1970-01-01 00:00:00.000019321,1.0164070220556067
1970-01-01 00:00:00.000019322,1.0164070220556067
1970-01-01 00:00:00.000019323,1.0164070220556067
1970-01-01 00:00:00.000019324,1.0164070220556067
1970-01-01 00:00:00.000019325,1.0164070220556067
1970-01-01 00:00:00.000019326,1.0164070220556067
1970-01-01 00:00:00.000019327,1.0164070220556067
1970-01-01 00:00:00.000019328,1.0164070220556067
1970-01-01 00:00:00.000019329,1.0164070220556067
1970-01-01 00:00:00.000019330,1.0164070220556067
1970-01-01 00:00:00.000019331,1.0164070220556067
1970-01-01 00:00:00.000019332,1.0151341722657574
1970-01-01 00:00:00.000019333,1.0136558653776075
1970-01-01 00:00:00.000019334,1.0142801229542266
1970-01-01 00:00:00.000019335,1.0141786949419311
1970-01-01 00:00:00.000019336,1.0141786949419311
1970-01-01 00:00:00.000019337,1.0139547544089131
1970-01-01 00:00:00.000019338,1.0144592543296223
1970-01-01 00:00:00.000019339,1.0143578084041893
1970-01-01 00:00:00.000019340,1.0143578084041893
1970-01-01 00:00:00.000019341,1.0143578084041893
1970-01-01 00:00:00.000019342,1.0117508698357265
1970-01-01 00:00:00.000019343,1.0129281735696565
1970-01-01 00:00:00.000019344,1.0128268807522995
1970-01-01 00:00:00.000019345,1.0128268807522995
1970-01-01 00:00:00.000019346,1.012452094361804
1970-01-01 00:00:00.000019347,1.010767541765078
1970-01-01 00:00:00.000019348,1.0135619353921157
1970-01-01 00:00:00.000019349,1.0134605791985765
1970-01-01 00:00:00.000019350,1.0134605791985765
1970-01-01 00:00:00.000019351,1.0134605791985765
1970-01-01 00:00:00.000019352,1.0134605791985765
1970-01-01 00:00:00.000019353,1.0134605791985765
1970-01-01 00:00:00.000019354,1.0134605791985765
1970-01-01 00:00:00.000019355,1.0134605791985765
1970-01-01 00:00:00.000019356,1.0134605791985765
1970-01-01 00:00:00.000019357,1.0134605791985765
1970-01-01 00:00:00.000019358,1.0134605791985765
1970-01-01 00:00:00.000019359,1.0134605791985765
1970-01-01 00:00:00.000019360,1.0134605791985765
1970-01-01 00:00:00.000019361,1.0134605791985765
1970-01-01 00:00:00.000019362,1.0125393222015855
1970-01-01 00:00:00.000019363,1.0140782750848407
1970-01-01 00:00:00.000019364,1.0139768672573322
1970-01-01 00:00:00.000019365,1.0123588347033643
1970-01-01 00:00:00.000019366,1.0161722457250693
1970-01-01 00:00:00.000019367,1.0168806908342682
1970-01-01 00:00:00.000019368,1.0172515552956445
1970-01-01 00:00:00.000019369,1.017149830140115
1970-01-01 00:00:00.000019370,1.0144105730834485
1970-01-01 00:00:00.000019371,1.0167643823333068
1970-01-01 00:00:00.000019372,1.0136302125019372
1970-01-01 00:00:00.000019373,1.0116609990251928
1970-01-01 00:00:00.000019374,1.01099397384823
1970-01-01 00:00:00.000019375,1.0123978090272634
1970-01-01 00:00:00.000019376,1.0122965692463606
1970-01-01 00:00:00.000019377,1.0122965692463606
1970-01-01 00:00:00.000019378,1.0122965692463606
1970-01-01 00:00:00.000019379,1.0122965692463606
1970-01-01 00:00:00.000019380,1.0122965692463606
1970-01-01 00:00:00.000019381,1.0122965692463606
1970-01-01 00:00:00.000019382,1.0122965692463606
1970-01-01 00:00:00.000019383,1.0122965692463606
1970-01-01 00:00:00.000019384,1.0122965692463606
1970-01-01 00:00:00.000019385,1.0122965692463606
1970-01-01 00:00:00.000019386,1.0122965692463606
1970-01-01 00:00:00.000019387,1.0122965692463606
1970-01-01 00:00:00.000019388,1.0122965692463606
1970-01-01 00:00:00.000019389,1.0122965692463606
1970-01-01 00:00:00.000019390,1.0122965692463606
1970-01-01 00:00:00.000019391,1.0122965692463606
1970-01-01 00:00:00.000019392,1.0122965692463606
1970-01-01 00:00:00.000019393,1.0122965692463606
1970-01-01 00:00:00.000019394,1.0122965692463606
1970-01-01 00:00:00.000019395,1.0122965692463606
1970-01-01 00:00:00.000019396,1.0122965692463606
1970-01-01 00:00:00.000019397,1.0122965692463606
1970-01-01 00:00:00.000019398,1.0122965692463606
1970-01-01 00:00:00.000019399,1.0122965692463606
1970-01-01 00:00:00.000019400,1.0122965692463606
1970-01-01 00:00:00.000019401,1.0122965692463606
1970-01-01 00:00:00.000019402,1.0122965692463606
1970-01-01 00:00:00.000019403,1.0122965692463606
1970-01-01 00:00:00.000019404,1.0122965692463606
1970-01-01 00:00:00.000019405,1.0122965692463606
1970-01-01 00:00:00.000019406,1.0122965692463606
1970-01-01 00:00:00.000019407,1.0122965692463606
1970-01-01 00:00:00.000019408,1.0122965692463606
1970-01-01 00:00:00.000019409,1.0122965692463606
1970-01-01 00:00:00.000019410,1.0122965692463606
1970-01-01 00:00:00.000019411,1.0122965692463606
1970-01-01 00:00:00.000019412,1.0118454462087867
1970-01-01 00:00:00.000019413,1.0112529928685245
1970-01-01 00:00:00.000019414,1.013296179621283
1970-01-01 00:00:00.000019415,1.0152348665866189
1970-01-01 00:00:00.000019416,1.0165816183924568
1970-01-01 00:00:00.000019417,1.0164799602306176
1970-01-01 00:00:00.000019418,1.0189376866508413
1970-01-01 00:00:00.000019419,1.0228085294089735
1970-01-01 00:00:00.000019420,1.0227062485560325
1970-01-01 00:00:00.000019421,1.0227062485560325
1970-01-01 00:00:00.000019422,1.0227062485560325
1970-01-01 00:00:00.000019423,1.0200292621992333
1970-01-01 00:00:00.000019424,1.0202100627438107
1970-01-01 00:00:00.000019425,1.0236118171894335
1970-01-01 00:00:00.000019426,1.0235094560077145
1970-01-01 00:00:00.000019427,1.0235094560077145
1970-01-01 00:00:00.000019428,1.0250332859195077
1970-01-01 00:00:00.000019429,1.027846584920331
1970-01-01 00:00:00.000019430,1.027743800261839
1970-01-01 00:00:00.000019431,1.027743800261839
1970-01-01 00:00:00.000019432,1.027743800261839
1970-01-01 00:00:00.000019433,1.027743800261839
1970-01-01 00:00:00.000019434,1.027743800261839
1970-01-01 00:00:00.000019435,1.027743800261839
1970-01-01 00:00:00.000019436,1.027743800261839
1970-01-01 00:00:00.000019437,1.027743800261839
1970-01-01 00:00:00.000019438,1.027743800261839
1970-01-01 00:00:00.000019439,1.027743800261839
1970-01-01 00:00:00.000019440,1.027743800261839
1970-01-01 00:00:00.000019441,1.027743800261839
1970-01-01 00:00:00.000019442,1.027743800261839
1970-01-01 00:00:00.000019443,1.027743800261839
1970-01-01 00:00:00.000019444,1.027743800261839
1970-01-01 00:00:00.000019445,1.027743800261839
1970-01-01 00:00:00.000019446,1.027743800261839
1970-01-01 00:00:00.000019447,1.0298947969730599
1970-01-01 00:00:00.000019448,1.0301662593109717
1970-01-01 00:00:00.000019449,1.0300632426850407
1970-01-01 00:00:00.000019450,1.0300632426850407
1970-01-01 00:00:00.000019451,1.0300632426850407
1970-01-01 00:00:00.000019452,1.0300632426850407
1970-01-01 00:00:00.000019453,1.0300632426850407
1970-01-01 00:00:00.000019454,1.0300632426850407
1970-01-01 00:00:00.000019455,1.0300632426850407
1970-01-01 00:00:00.000019456,1.0300632426850407
1970-01-01 00:00:00.000019457,1.0300632426850407
1970-01-01 00:00:00.000019458,1.0300632426850407
1970-01-01 00:00:00.000019459,1.0300632426850407
1970-01-01 00:00:00.000019460,1.0300632426850407
1970-01-01 00:00:00.000019461,1.0300632426850407
1970-01-01 00:00:00.000019462,1.0300632426850407
1970-01-01 00:00:00.000019463,1.0300632426850407
1970-01-01 00:00:00.000019464,1.0300632426850407
1970-01-01 00:00:00.000019465,1.0300632426850407
1970-01-01 00:00:00.000019466,1.0300632426850407
1970-01-01 00:00:00.000019467,1.0300632426850407
1970-01-01 00:00:00.000019468,1.0300632426850407
1970-01-01 00:00:00.000019469,1.0300632426850407
1970-01-01 00:00:00.000019470,1.0300632426850407
1970-01-01 00:00:00.000019471,1.0300632426850407
1970-01-01 00:00:00.000019472,1.0300632426850407
1970-01-01 00:00:00.000019473,1.0300632426850407
1970-01-01 00:00:00.000019474,1.0300632426850407
1970-01-01 00:00:00.000019475,1.0300632426850407
1970-01-01 00:00:00.000019476,1.0300632426850407
1970-01-01 00:00:00.000019477,1.0300632426850407
1970-01-01 00:00:00.000019478,1.0300632426850407
1970-01-01 00:00:00.000019479,1.0300632426850407
1970-01-01 00:00:00.000019480,1.0300632426850407
1970-01-01 00:00:00.000019481,1.0300632426850407
1970-01-01 00:00:00.000019482,1.0300632426850407
1970-01-01 00:00:00.000019483,1.0300632426850407
1970-01-01 00:00:00.000019484,1.0300632426850407
1970-01-01 00:00:00.000019485,1.0300632426850407
1970-01-01 00:00:00.000019486,1.0300632426850407
1970-01-01 00:00:00.000019487,1.0300632426850407
1970-01-01 00:00:00.000019488,1.0300632426850407
1970-01-01 00:00:00.000019489,1.0300632426850407
1970-01-01 00:00:00.000019490,1.0300632426850407
1970-01-01 00:00:00.000019491,1.0300632426850407
1970-01-01 00:00:00.000019492,1.0300632426850407
1970-01-01 00:00:00.000019493,1.0300632426850407
1970-01-01 00:00:00.000019494,1.0300632426850407
1970-01-01 00:00:00.000019495,1.0300632426850407
1970-01-01 00:00:00.000019496,1.0300632426850407
1970-01-01 00:00:00.000019497,1.0300632426850407
1970-01-01 00:00:00.000019498,1.0300632426850407
1970-01-01 00:00:00.000019499,1.0300632426850407
1970-01-01 00:00:00.000019500,1.0300632426850407
1970-01-01 00:00:00.000019501,1.0300632426850407
1970-01-01 00:00:00.000019502,1.0300632426850407
1970-01-01 00:00:00.000019503,1.0300632426850407
1970-01-01 00:00:00.000019504,1.0300632426850407
1970-01-01 00:00:00.000019505,1.0300632426850407
1970-01-01 00:00:00.000019506,1.0300632426850407
1970-01-01 00:00:00.000019507,1.0300632426850407
1970-01-01 00:00:00.000019508,1.0300632426850407
1970-01-01 00:00:00.000019509,1.0300632426850407
1970-01-01 00:00:00.000019510,1.0300632426850407
1970-01-01 00:00:00.000019511,1.0300632426850407
1970-01-01 00:00:00.000019512,1.0300632426850407
1970-01-01 00:00:00.000019513,1.0300632426850407
1970-01-01 00:00:00.000019514,1.0300632426850407
1970-01-01 00:00:00.000019515,1.0300632426850407
1970-01-01 00:00:00.000019516,1.0300632426850407
1970-01-01 00:00:00.000019517,1.0300632426850407
1970-01-01 00:00:00.000019518,1.0300632426850407
1970-01-01 00:00:00.000019519,1.0300632426850407
1970-01-01 00:00:00.000019520,1.0300632426850407
1970-01-01 00:00:00.000019521,1.0300632426850407
1970-01-01 00:00:00.000019522,1.030964808052612
1970-01-01 00:00:00.000019523,1.0294725526260928
1970-01-01 00:00:00.000019524,1.0272804406349751
1970-01-01 00:00:00.000019525,1.0271777125909116
1970-01-01 00:00:00.000019526,1.0271777125909116
1970-01-01 00:00:00.000019527,1.0271777125909116
1970-01-01 00:00:00.000019528,1.0271777125909116
1970-01-01 00:00:00.000019529,1.0271777125909116
1970-01-01 00:00:00.000019530,1.0271777125909116
1970-01-01 00:00:00.000019531,1.0271777125909116
1970-01-01 00:00:00.000019532,1.0271777125909116
1970-01-01 00:00:00.000019533,1.0271777125909116
1970-01-01 00:00:00.000019534,1.0271777125909116
1970-01-01 00:00:00.000019535,1.0271777125909116
1970-01-01 00:00:00.000019536,1.0271777125909116
1970-01-01 00:00:00.000019537,1.0271777125909116
1970-01-01 00:00:00.000019538,1.0271777125909116
1970-01-01 00:00:00.000019539,1.0271777125909116
1970-01-01 00:00:00.000019540,1.0271777125909116
1970-01-01 00:00:00.000019541,1.0271777125909116
1970-01-01 00:00:00.000019542,1.0250788062473393
1970-01-01 00:00:00.000019543,1.0277241722608115
1970-01-01 00:00:00.000019544,1.0276213998435855
1970-01-01 00:00:00.000019545,1.0276213998435855
1970-01-01 00:00:00.000019546,1.0276213998435855
1970-01-01 00:00:00.000019547,1.0276213998435855
1970-01-01 00:00:00.000019548,1.0276213998435855
1970-01-01 00:00:00.000019549,1.0276213998435855
1970-01-01 00:00:00.000019550,1.0276213998435855
1970-01-01 00:00:00.000019551,1.0276213998435855
1970-01-01 00:00:00.000019552,1.0276213998435855
1970-01-01 00:00:00.000019553,1.0276213998435855
1970-01-01 00:00:00.000019554,1.0276213998435855
1970-01-01 00:00:00.000019555,1.0276213998435855
1970-01-01 00:00:00.000019556,1.0276213998435855
1970-01-01 00:00:00.000019557,1.0276213998435855
1970-01-01 00:00:00.000019558,1.0276213998435855
1970-01-01 00:00:00.000019559,1.0276213998435855
1970-01-01 00:00:00.000019560,1.0276213998435855
1970-01-01 00:00:00.000019561,1.0276213998435855
1970-01-01 00:00:00.000019562,1.0276213998435855
1970-01-01 00:00:00.000019563,1.0276213998435855
1970-01-01 00:00:00.000019564,1.0276213998435855
1970-01-01 00:00:00.000019565,1.0276213998435855
1970-01-01 00:00:00.000019566,1.0276213998435855
1970-01-01 00:00:00.000019567,1.0276213998435855
1970-01-01 00:00:00.000019568,1.0276213998435855
1970-01-01 00:00:00.000019569,1.0261417615053534
1970-01-01 00:00:00.000019570,1.0262863468846728
1970-01-01 00:00:00.000019571,1.0261837182499844
1970-01-01 00:00:00.000019572,1.0261837182499844
1970-01-01 00:00:00.000019573,1.0285795205044075
1970-01-01 00:00:00.000019574,1.0315047603258412
1970-01-01 00:00:00.000019575,1.0314016098498087
1970-01-01 00:00:00.000019576,1.0314016098498087
1970-01-01 00:00:00.000019577,1.0314016098498087
1970-01-01 00:00:00.000019578,1.0314016098498087
1970-01-01 00:00:00.000019579,1.0314016098498087
1970-01-01 00:00:00.000019580,1.0314016098498087
1970-01-01 00:00:00.000019581,1.0314016098498087
1970-01-01 00:00:00.000019582,1.0314016098498087
1970-01-01 00:00:00.000019583,1.0314016098498087
1970-01-01 00:00:00.000019584,1.0314016098498087
1970-01-01 00:00:00.000019585,1.0314016098498087
1970-01-01 00:00:00.000019586,1.0314016098498087
1970-01-01 00:00:00.000019587,1.0314016098498087
1970-01-01 00:00:00.000019588,1.0314016098498087
1970-01-01 00:00:00.000019589,1.0314016098498087
1970-01-01 00:00:00.000019590,1.0314016098498087
1970-01-01 00:00:00.000019591,1.0314016098498087
1970-01-01 00:00:00.000019592,1.0314016098498087
1970-01-01 00:00:00.000019593,1.0314016098498087
1970-01-01 00:00:00.000019594,1.0314016098498087
1970-01-01 00:00:00.000019595,1.031597155013707
1970-01-01 00:00:00.000019596,1.0338072921471355
1970-01-01 00:00:00.000019597,1.0310600953313664
1970-01-01 00:00:00.000019598,1.027209390412851
1970-01-01 00:00:00.000019599,1.0279556389593543
1970-01-01 00:00:00.000019600,1.025398125208147
1970-01-01 00:00:00.000019601,1.0218770249566629
1970-01-01 00:00:00.000019602,1.0224667936441467
1970-01-01 00:00:00.000019603,1.0223645469647824
1970-01-01 00:00:00.000019604,1.0219821684841293
1970-01-01 00:00:00.000019605,1.0246352991705767
1970-01-01 00:00:00.000019606,1.0245328356406598
1970-01-01 00:00:00.000019607,1.0245328356406598
1970-01-01 00:00:00.000019608,1.0245328356406598
1970-01-01 00:00:00.000019609,1.0245328356406598
1970-01-01 00:00:00.000019610,1.0245770183465988
1970-01-01 00:00:00.000019611,1.029305447146324
1970-01-01 00:00:00.000019612,1.0292025166016094
1970-01-01 00:00:00.000019613,1.0292025166016094
1970-01-01 00:00:00.000019614,1.0292025166016094
1970-01-01 00:00:00.000019615,1.0292025166016094
1970-01-01 00:00:00.000019616,1.0292025166016094
1970-01-01 00:00:00.000019617,1.0292025166016094
1970-01-01 00:00:00.000019618,1.0292025166016094
1970-01-01 00:00:00.000019619,1.0292025166016094
1970-01-01 00:00:00.000019620,1.0287160311091597
1970-01-01 00:00:00.000019621,1.0284011088873495
1970-01-01 00:00:00.000019622,1.0282982687764608
1970-01-01 00:00:00.000019623,1.0282982687764608
1970-01-01 00:00:00.000019624,1.0282982687764608
1970-01-01 00:00:00.000019625,1.0282982687764608
1970-01-01 00:00:00.000019626,1.0282982687764608
1970-01-01 00:00:00.000019627,1.0282982687764608
1970-01-01 00:00:00.000019628,1.0282982687764608
1970-01-01 00:00:00.000019629,1.0282982687764608
1970-01-01 00:00:00.000019630,1.0282982687764608
1970-01-01 00:00:00.000019631,1.0282982687764608
1970-01-01 00:00:00.000019632,1.0282982687764608
1970-01-01 00:00:00.000019633,1.0282982687764608
1970-01-01 00:00:00.000019634,1.0282982687764608
1970-01-01 00:00:00.000019635,1.0282982687764608
1970-01-01 00:00:00.000019636,1.0282982687764608
1970-01-01 00:00:00.000019637,1.0282982687764608
1970-01-01 00:00:00.000019638,1.0282982687764608
1970-01-01 00:00:00.000019639,1.0282982687764608
1970-01-01 00:00:00.000019640,1.0282982687764608
1970-01-01 00:00:00.000019641,1.0282982687764608
1970-01-01 00:00:00.000019642,1.0282982687764608
1970-01-01 00:00:00.000019643,1.0282982687764608
1970-01-01 00:00:00.000019644,1.0282982687764608
1970-01-01 00:00:00.000019645,1.0268117296909347
1970-01-01 00:00:00.000019646,1.0289958238760872
1970-01-01 00:00:00.000019647,1.02725273043154
1970-01-01 00:00:00.000019648,1.0271500051584967
1970-01-01 00:00:00.000019649,1.0244118350912976
1970-01-01 00:00:00.000019650,1.0257096137946988
1970-01-01 00:00:00.000019651,1.0287573212131886
1970-01-01 00:00:00.000019652,1.0286544454810673
1970-01-01 00:00:00.000019653,1.0286544454810673
1970-01-01 00:00:00.000019654,1.0286544454810673
1970-01-01 00:00:00.000019655,1.0286544454810673
1970-01-01 00:00:00.000019656,1.0286544454810673
1970-01-01 00:00:00.000019657,1.0286544454810673
1970-01-01 00:00:00.000019658,1.0286544454810673
1970-01-01 00:00:00.000019659,1.0286544454810673
1970-01-01 00:00:00.000019660,1.0286544454810673
1970-01-01 00:00:00.000019661,1.0286544454810673
1970-01-01 00:00:00.000019662,1.0286544454810673
1970-01-01 00:00:00.000019663,1.0286544454810673
1970-01-01 00:00:00.000019664,1.0286544454810673
1970-01-01 00:00:00.000019665,1.0286544454810673
1970-01-01 00:00:00.000019666,1.0286544454810673
1970-01-01 00:00:00.000019667,1.0286544454810673
1970-01-01 00:00:00.000019668,1.0286544454810673
1970-01-01 00:00:00.000019669,1.0286544454810673
1970-01-01 00:00:00.000019670,1.0286544454810673
1970-01-01 00:00:00.000019671,1.0278046118377198
1970-01-01 00:00:00.000019672,1.0279463194013414
1970-01-01 00:00:00.000019673,1.0278435247694013
1970-01-01 00:00:00.000019674,1.0278435247694013
1970-01-01 00:00:00.000019675,1.0278435247694013
1970-01-01 00:00:00.000019676,1.0278435247694013
1970-01-01 00:00:00.000019677,1.0278435247694013
1970-01-01 00:00:00.000019678,1.0278435247694013
1970-01-01 00:00:00.000019679,1.0278435247694013
1970-01-01 00:00:00.000019680,1.0278435247694013
1970-01-01 00:00:00.000019681,1.0278435247694013
1970-01-01 00:00:00.000019682,1.0266093590009127
1970-01-01 00:00:00.000019683,1.0256785886277586
1970-01-01 00:00:00.000019684,1.0245486292068062
1970-01-01 00:00:00.000019685,1.0245535151405236
1970-01-01 00:00:00.000019686,1.023945652636796
1970-01-01 00:00:00.000019687,1.0225561279871098
1970-01-01 00:00:00.000019688,1.0216836398232982
1970-01-01 00:00:00.000019689,1.0176573686937571
1970-01-01 00:00:00.000019690,1.0151719989103236
1970-01-01 00:00:00.000019691,1.0150704817104326
1970-01-01 00:00:00.000019692,1.0150704817104326
1970-01-01 00:00:00.000019693,1.0095092899321438
1970-01-01 00:00:00.000019694,1.0096812739238257
1970-01-01 00:00:00.000019695,1.0080572236666687
1970-01-01 00:00:00.000019696,1.0089424250968961
1970-01-01 00:00:00.000019697,1.012225254830283
1970-01-01 00:00:00.000019698,1.0121240323048
1970-01-01 00:00:00.000019699,1.0121240323048
1970-01-01 00:00:00.000019700,1.0143160900719248
1970-01-01 00:00:00.000019701,1.0144736620908161
1970-01-01 00:00:00.000019702,1.014372214724607
1970-01-01 00:00:00.000019703,1.014372214724607
1970-01-01 00:00:00.000019704,1.014372214724607
1970-01-01 00:00:00.000019705,1.014372214724607
1970-01-01 00:00:00.000019706,1.014372214724607
1970-01-01 00:00:00.000019707,1.014372214724607
1970-01-01 00:00:00.000019708,1.014372214724607
1970-01-01 00:00:00.000019709,1.014372214724607
1970-01-01 00:00:00.000019710,1.015494477122117
1970-01-01 00:00:00.000019711,1.0185324185831208
1970-01-01 00:00:00.000019712,1.0184305653412624
1970-01-01 00:00:00.000019713,1.0184305653412624
1970-01-01 00:00:00.000019714,1.0191776606839555
1970-01-01 00:00:00.000019715,1.020322883148003
1970-01-01 00:00:00.000019716,1.0202208508596882
1970-01-01 00:00:00.000019717,1.0202208508596882
1970-01-01 00:00:00.000019718,1.0202208508596882
1970-01-01 00:00:00.000019719,1.0202208508596882
1970-01-01 00:00:00.000019720,1.0202208508596882
1970-01-01 00:00:00.000019721,1.0202208508596882
1970-01-01 00:00:00.000019722,1.0202208508596882
1970-01-01 00:00:00.000019723,1.0202208508596882
1970-01-01 00:00:00.000019724,1.0202208508596882
1970-01-01 00:00:00.000019725,1.0202208508596882
1970-01-01 00:00:00.000019726,1.0202208508596882
1970-01-01 00:00:00.000019727,1.0202208508596882
1970-01-01 00:00:00.000019728,1.0202208508596882
1970-01-01 00:00:00.000019729,1.0202208508596882
1970-01-01 00:00:00.000019730,1.0202208508596882
1970-01-01 00:00:00.000019731,1.0202208508596882
1970-01-01 00:00:00.000019732,1.0202208508596882
1970-01-01 00:00:00.000019733,1.0202208508596882
1970-01-01 00:00:00.000019734,1.0202208508596882
1970-01-01 00:00:00.000019735,1.0202208508596882
1970-01-01 00:00:00.000019736,1.0202208508596882
1970-01-01 00:00:00.000019737,1.0202208508596882
1970-01-01 00:00:00.000019738,1.0202208508596882
1970-01-01 00:00:00.000019739,1.0202208508596882
1970-01-01 00:00:00.000019740,1.0202208508596882
1970-01-01 00:00:00.000019741,1.0202208508596882
1970-01-01 00:00:00.000019742,1.0202208508596882
1970-01-01 00:00:00.000019743,1.0202208508596882
1970-01-01 00:00:00.000019744,1.0202208508596882
1970-01-01 00:00:00.000019745,1.0202208508596882
1970-01-01 00:00:00.000019746,1.0202208508596882
1970-01-01 00:00:00.000019747,1.0202208508596882
1970-01-01 00:00:00.000019748,1.0202208508596882
1970-01-01 00:00:00.000019749,1.0202208508596882
1970-01-01 00:00:00.000019750,1.0202208508596882
1970-01-01 00:00:00.000019751,1.0202208508596882
1970-01-01 00:00:00.000019752,1.0202208508596882
1970-01-01 00:00:00.000019753,1.0202208508596882
1970-01-01 00:00:00.000019754,1.0202208508596882
1970-01-01 00:00:00.000019755,1.0202208508596882
1970-01-01 00:00:00.000019756,1.0202208508596882
1970-01-01 00:00:00.000019757,1.0202208508596882
1970-01-01 00:00:00.000019758,1.0202208508596882
1970-01-01 00:00:00.000019759,1.0202208508596882
1970-01-01 00:00:00.000019760,1.0202208508596882
1970-01-01 00:00:00.000019761,1.0202208508596882
1970-01-01 00:00:00.000019762,1.0202208508596882
1970-01-01 00:00:00.000019763,1.0202208508596882
1970-01-01 00:00:00.000019764,1.0202208508596882
1970-01-01 00:00:00.000019765,1.0202208508596882
1970-01-01 00:00:00.000019766,1.0215577821942379
1970-01-01 00:00:00.000019767,1.0213466103504902
1970-01-01 00:00:00.000019768,1.0217721787008907
1970-01-01 00:00:00.000019769,1.0216700014830207
1970-01-01 00:00:00.000019770,1.0216700014830207
1970-01-01 00:00:00.000019771,1.0216700014830207
1970-01-01 00:00:00.000019772,1.0216700014830207
1970-01-01 00:00:00.000019773,1.0216700014830207
1970-01-01 00:00:00.000019774,1.0216700014830207
1970-01-01 00:00:00.000019775,1.0216700014830207
1970-01-01 00:00:00.000019776,1.0216700014830207
1970-01-01 00:00:00.000019777,1.0216700014830207
1970-01-01 00:00:00.000019778,1.0216700014830207
1970-01-01 00:00:00.000019779,1.0216700014830207
1970-01-01 00:00:00.000019780,1.0216700014830207
1970-01-01 00:00:00.000019781,1.0216700014830207
1970-01-01 00:00:00.000019782,1.0216700014830207
1970-01-01 00:00:00.000019783,1.0216700014830207
1970-01-01 00:00:00.000019784,1.0216700014830207
1970-01-01 00:00:00.000019785,1.0216700014830207
1970-01-01 00:00:00.000019786,1.0216700014830207
1970-01-01 00:00:00.000019787,1.0216700014830207
1970-01-01 00:00:00.000019788,1.0216700014830207
1970-01-01 00:00:00.000019789,1.0216700014830207
1970-01-01 00:00:00.000019790,1.0216700014830207
1970-01-01 00:00:00.000019791,1.0216700014830207
1970-01-01 00:00:00.000019792,1.0216700014830207
1970-01-01 00:00:00.000019793,1.0216700014830207
1970-01-01 00:00:00.000019794,1.0216700014830207
1970-01-01 00:00:00.000019795,1.0216700014830207
1970-01-01 00:00:00.000019796,1.0216700014830207
1970-01-01 00:00:00.000019797,1.0216700014830207
1970-01-01 00:00:00.000019798,1.0216700014830207
1970-01-01 00:00:00.000019799,1.0216700014830207
1970-01-01 00:00:00.000019800,1.0216700014830207
1970-01-01 00:00:00.000019801,1.0216700014830207
1970-01-01 00:00:00.000019802,1.0216700014830207
1970-01-01 00:00:00.000019803,1.0216700014830207
1970-01-01 00:00:00.000019804,1.0216700014830207
1970-01-01 00:00:00.000019805,1.0216700014830207
1970-01-01 00:00:00.000019806,1.0216700014830207
1970-01-01 00:00:00.000019807,1.0216700014830207
1970-01-01 00:00:00.000019808,1.0216700014830207
1970-01-01 00:00:00.000019809,1.0216700014830207
1970-01-01 00:00:00.000019810,1.0216700014830207
1970-01-01 00:00:00.000019811,1.0216700014830207
1970-01-01 00:00:00.000019812,1.0216700014830207
1970-01-01 00:00:00.000019813,1.0216700014830207
1970-01-01 00:00:00.000019814,1.0216700014830207
1970-01-01 00:00:00.000019815,1.0216700014830207
1970-01-01 00:00:00.000019816,1.0216700014830207
1970-01-01 00:00:00.000019817,1.0216700014830207
1970-01-01 00:00:00.000019818,1.0216700014830207
1970-01-01 00:00:00.000019819,1.0216700014830207
1970-01-01 00:00:00.000019820,1.0216700014830207
1970-01-01 00:00:00.000019821,1.0216700014830207
1970-01-01 00:00:00.000019822,1.0216700014830207
1970-01-01 00:00:00.000019823,1.0216700014830207
1970-01-01 00:00:00.000019824,1.0216700014830207
1970-01-01 00:00:00.000019825,1.0216700014830207
1970-01-01 00:00:00.000019826,1.0216700014830207
1970-01-01 00:00:00.000019827,1.0216700014830207
1970-01-01 00:00:00.000019828,1.0216700014830207
1970-01-01 00:00:00.000019829,1.0216700014830207
1970-01-01 00:00:00.000019830,1.0216700014830207
1970-01-01 00:00:00.000019831,1.0216700014830207
1970-01-01 00:00:00.000019832,1.0216700014830207
1970-01-01 00:00:00.000019833,1.0216700014830207
1970-01-01 00:00:00.000019834,1.0216700014830207
1970-01-01 00:00:00.000019835,1.0216700014830207
1970-01-01 00:00:00.000019836,1.0216700014830207
1970-01-01 00:00:00.000019837,1.0216700014830207
1970-01-01 00:00:00.000019838,1.0216700014830207
1970-01-01 00:00:00.000019839,1.0216700014830207
1970-01-01 00:00:00.000019840,1.0216700014830207
1970-01-01 00:00:00.000019841,1.0216700014830207
1970-01-01 00:00:00.000019842,1.0216700014830207
1970-01-01 00:00:00.000019843,1.0216700014830207
1970-01-01 00:00:00.000019844,1.0216700014830207
1970-01-01 00:00:00.000019845,1.0216700014830207
1970-01-01 00:00:00.000019846,1.0216700014830207
1970-01-01 00:00:00.000019847,1.0216700014830207
1970-01-01 00:00:00.000019848,1.0216700014830207
1970-01-01 00:00:00.000019849,1.0216700014830207
1970-01-01 00:00:00.000019850,1.0216700014830207
1970-01-01 00:00:00.000019851,1.0216700014830207
1970-01-01 00:00:00.000019852,1.0216700014830207
1970-01-01 00:00:00.000019853,1.0216700014830207
1970-01-01 00:00:00.000019854,1.0216700014830207
1970-01-01 00:00:00.000019855,1.0216700014830207
1970-01-01 00:00:00.000019856,1.0216700014830207
1970-01-01 00:00:00.000019857,1.0216700014830207
1970-01-01 00:00:00.000019858,1.0216700014830207
1970-01-01 00:00:00.000019859,1.0216700014830207
1970-01-01 00:00:00.000019860,1.0216700014830207
1970-01-01 00:00:00.000019861,1.0216700014830207
1970-01-01 00:00:00.000019862,1.0216700014830207
1970-01-01 00:00:00.000019863,1.0216700014830207
1970-01-01 00:00:00.000019864,1.0216700014830207
1970-01-01 00:00:00.000019865,1.0216700014830207
1970-01-01 00:00:00.000019866,1.0216700014830207
1970-01-01 00:00:00.000019867,1.0216700014830207
1970-01-01 00:00:00.000019868,1.0216700014830207
1970-01-01 00:00:00.000019869,1.0216700014830207
1970-01-01 00:00:00.000019870,1.0216700014830207
1970-01-01 00:00:00.000019871,1.0216700014830207
1970-01-01 00:00:00.000019872,1.0216700014830207
1970-01-01 00:00:00.000019873,1.0216700014830207
1970-01-01 00:00:00.000019874,1.0216700014830207
1970-01-01 00:00:00.000019875,1.0216700014830207
1970-01-01 00:00:00.000019876,1.0216700014830207
1970-01-01 00:00:00.000019877,1.0216700014830207
1970-01-01 00:00:00.000019878,1.0216700014830207
1970-01-01 00:00:00.000019879,1.0216700014830207
1970-01-01 00:00:00.000019880,1.0216700014830207
1970-01-01 00:00:00.000019881,1.0216700014830207
1970-01-01 00:00:00.000019882,1.0216700014830207
1970-01-01 00:00:00.000019883,1.0216700014830207
1970-01-01 00:00:00.000019884,1.0216700014830207
1970-01-01 00:00:00.000019885,1.0216700014830207
1970-01-01 00:00:00.000019886,1.0216700014830207
1970-01-01 00:00:00.000019887,1.0216700014830207
1970-01-01 00:00:00.000019888,1.0216700014830207
1970-01-01 00:00:00.000019889,1.0216700014830207
1970-01-01 00:00:00.000019890,1.0216700014830207
1970-01-01 00:00:00.000019891,1.0216700014830207
1970-01-01 00:00:00.000019892,1.0220675964964474
1970-01-01 00:00:00.000019893,1.0221770111402124
1970-01-01 00:00:00.000019894,1.0220747934390984
1970-01-01 00:00:00.000019895,1.0220747934390984
1970-01-01 00:00:00.000019896,1.0220747934390984
1970-01-01 00:00:00.000019897,1.0220747934390984
1970-01-01 00:00:00.000019898,1.0220747934390984
1970-01-01 00:00:00.000019899,1.0220747934390984
1970-01-01 00:00:00.000019900,1.0220747934390984
1970-01-01 00:00:00.000019901,1.0220747934390984
1970-01-01 00:00:00.000019902,1.0220747934390984
1970-01-01 00:00:00.000019903,1.0220747934390984
1970-01-01 00:00:00.000019904,1.0220747934390984
1970-01-01 00:00:00.000019905,1.0220747934390984
1970-01-01 00:00:00.000019906,1.0220747934390984
1970-01-01 00:00:00.000019907,1.0220747934390984
1970-01-01 00:00:00.000019908,1.0220747934390984
1970-01-01 00:00:00.000019909,1.0220747934390984
1970-01-01 00:00:00.000019910,1.0220747934390984
1970-01-01 00:00:00.000019911,1.0220747934390984
1970-01-01 00:00:00.000019912,1.0220747934390984
1970-01-01 00:00:00.000019913,1.0220747934390984
1970-01-01 00:00:00.000019914,1.0220747934390984
1970-01-01 00:00:00.000019915,1.0220747934390984
1970-01-01 00:00:00.000019916,1.0220747934390984
1970-01-01 00:00:00.000019917,1.0220747934390984
1970-01-01 00:00:00.000019918,1.0220747934390984
1970-01-01 00:00:00.000019919,1.0220747934390984
1970-01-01 00:00:00.000019920,1.0220747934390984
1970-01-01 00:00:00.000019921,1.0220747934390984
1970-01-01 00:00:00.000019922,1.0220747934390984
1970-01-01 00:00:00.000019923,1.0220747934390984
1970-01-01 00:00:00.000019924,1.0220747934390984
1970-01-01 00:00:00.000019925,1.0220747934390984
1970-01-01 00:00:00.000019926,1.0220747934390984
1970-01-01 00:00:00.000019927,1.0220747934390984
1970-01-01 00:00:00.000019928,1.0220747934390984
1970-01-01 00:00:00.000019929,1.0220747934390984
1970-01-01 00:00:00.000019930,1.0220747934390984
1970-01-01 00:00:00.000019931,1.0220747934390984
1970-01-01 00:00:00.000019932,1.0220747934390984
1970-01-01 00:00:00.000019933,1.0220747934390984
1970-01-01 00:00:00.000019934,1.0220747934390984
1970-01-01 00:00:00.000019935,1.0220747934390984
1970-01-01 00:00:00.000019936,1.0220747934390984
1970-01-01 00:00:00.000019937,1.0220747934390984
1970-01-01 00:00:00.000019938,1.0220747934390984
1970-01-01 00:00:00.000019939,1.0220747934390984
1970-01-01 00:00:00.000019940,1.0220747934390984
1970-01-01 00:00:00.000019941,1.0220747934390984
1970-01-01 00:00:00.000019942,1.0220747934390984
1970-01-01 00:00:00.000019943,1.0220747934390984
1970-01-01 00:00:00.000019944,1.0220747934390984
1970-01-01 00:00:00.000019945,1.0220747934390984
1970-01-01 00:00:00.000019946,1.0220747934390984
1970-01-01 00:00:00.000019947,1.0220747934390984
1970-01-01 00:00:00.000019948,1.0220747934390984
1970-01-01 00:00:00.000019949,1.0220747934390984
1970-01-01 00:00:00.000019950,1.0220747934390984
1970-01-01 00:00:00.000019951,1.0220747934390984
1970-01-01 00:00:00.000019952,1.0220747934390984
1970-01-01 00:00:00.000019953,1.0220747934390984
1970-01-01 00:00:00.000019954,1.020876844866611
1970-01-01 00:00:00.000019955,1.0208485621886139
1970-01-01 00:00:00.000019956,1.020746477332395
1970-01-01 00:00:00.000019957,1.020746477332395
1970-01-01 00:00:00.000019958,1.020746477332395
1970-01-01 00:00:00.000019959,1.020746477332395
1970-01-01 00:00:00.000019960,1.020746477332395
1970-01-01 00:00:00.000019961,1.020746477332395
1970-01-01 00:00:00.000019962,1.020746477332395
1970-01-01 00:00:00.000019963,1.020746477332395
1970-01-01 00:00:00.000019964,1.020746477332395
1970-01-01 00:00:00.000019965,1.020746477332395
1970-01-01 00:00:00.000019966,1.020746477332395
1970-01-01 00:00:00.000019967,1.020746477332395
1970-01-01 00:00:00.000019968,1.020746477332395
1970-01-01 00:00:00.000019969,1.020746477332395
1970-01-01 00:00:00.000019970,1.020746477332395
1970-01-01 00:00:00.000019971,1.020746477332395
1970-01-01 00:00:00.000019972,1.020746477332395
1970-01-01 00:00:00.000019973,1.020746477332395
1970-01-01 00:00:00.000019974,1.020746477332395
1970-01-01 00:00:00.000019975,1.020746477332395
1970-01-01 00:00:00.000019976,1.020746477332395
1970-01-01 00:00:00.000019977,1.020746477332395
1970-01-01 00:00:00.000019978,1.020746477332395
1970-01-01 00:00:00.000019979,1.0200548636131168
1970-01-01 00:00:00.000019980,1.0193345493735686
1970-01-01 00:00:00.000019981,1.0192326159186313
1970-01-01 00:00:00.000019982,1.0192326159186313
1970-01-01 00:00:00.000019983,1.0192326159186313
1970-01-01 00:00:00.000019984,1.0192326159186313
1970-01-01 00:00:00.000019985,1.0192326159186313
1970-01-01 00:00:00.000019986,1.0192326159186313
1970-01-01 00:00:00.000019987,1.0192326159186313
1970-01-01 00:00:00.000019988,1.0192326159186313
1970-01-01 00:00:00.000019989,1.0192326159186313
1970-01-01 00:00:00.000019990,1.0192326159186313
1970-01-01 00:00:00.000019991,1.0192326159186313
1970-01-01 00:00:00.000019992,1.0192326159186313
1970-01-01 00:00:00.000019993,1.0192326159186313
1970-01-01 00:00:00.000019994,1.0192326159186313
1970-01-01 00:00:00.000019995,1.0192326159186313
1970-01-01 00:00:00.000019996,1.020655555052067
1970-01-01 00:00:00.000019997,1.0192780269756716
1970-01-01 00:00:00.000019998,1.0191760991729741
1970-01-01 00:00:00.000019999,1.0191760991729741
1970-01-01 00:00:00.000020000,1.0191760991729741
1970-01-01 00:00:00.000020001,1.0191760991729741
1970-01-01 00:00:00.000020002,1.0191760991729741
1970-01-01 00:00:00.000020003,1.0191760991729741
1970-01-01 00:00:00.000020004,1.0184417272404775
1970-01-01 00:00:00.000020005,1.017661758296758
1970-01-01 00:00:00.000020006,1.0175599921209284
1970-01-01 00:00:00.000020007,1.0175599921209284
1970-01-01 00:00:00.000020008,1.0175599921209284
1970-01-01 00:00:00.000020009,1.0175599921209284
1970-01-01 00:00:00.000020010,1.0175599921209284
1970-01-01 00:00:00.000020011,1.0175599921209284
1970-01-01 00:00:00.000020012,1.0175599921209284
1970-01-01 00:00:00.000020013,1.0175599921209284
1970-01-01 00:00:00.000020014,1.0175599921209284
1970-01-01 00:00:00.000020015,1.0175599921209284
1970-01-01 00:00:00.000020016,1.0175599921209284
1970-01-01 00:00:00.000020017,1.0175599921209284
1970-01-01 00:00:00.000020018,1.0175599921209284
1970-01-01 00:00:00.000020019,1.0175599921209284
1970-01-01 00:00:00.000020020,1.0167100893721437
1970-01-01 00:00:00.000020021,1.0171811166415121
1970-01-01 00:00:00.000020022,1.017079398529848
1970-01-01 00:00:00.000020023,1.017079398529848
1970-01-01 00:00:00.000020024,1.017079398529848
1970-01-01 00:00:00.000020025,1.0183867706058896
1970-01-01 00:00:00.000020026,1.016044336893003
1970-01-01 00:00:00.000020027,1.0177815493223277
1970-01-01 00:00:00.000020028,1.0176797711673955
1970-01-01 00:00:00.000020029,1.0159183614752043
1970-01-01 00:00:00.000020030,1.0153688975788933
1970-01-01 00:00:00.000020031,1.0145019561068402
1970-01-01 00:00:00.000020032,1.0163894655476786
1970-01-01 00:00:00.000020033,1.016287826601124
1970-01-01 00:00:00.000020034,1.0136856762491593
1970-01-01 00:00:00.000020035,1.0122596492489504
1970-01-01 00:00:00.000020036,1.0121584232840255
1970-01-01 00:00:00.000020037,1.0121584232840255
1970-01-01 00:00:00.000020038,1.0121584232840255
1970-01-01 00:00:00.000020039,1.0121584232840255
1970-01-01 00:00:00.000020040,1.0121584232840255
1970-01-01 00:00:00.000020041,1.0121584232840255
1970-01-01 00:00:00.000020042,1.0121584232840255
1970-01-01 00:00:00.000020043,1.0121584232840255
1970-01-01 00:00:00.000020044,1.0121584232840255
1970-01-01 00:00:00.000020045,1.0121584232840255
1970-01-01 00:00:00.000020046,1.0121584232840255
1970-01-01 00:00:00.000020047,1.0121584232840255
1970-01-01 00:00:00.000020048,1.0098377619381467
1970-01-01 00:00:00.000020049,1.0127196410310255
1970-01-01 00:00:00.000020050,1.014436307700456
1970-01-01 00:00:00.000020051,1.0144798774842667
1970-01-01 00:00:00.000020052,1.0143784294965184
1970-01-01 00:00:00.000020053,1.0143784294965184
1970-01-01 00:00:00.000020054,1.0143784294965184
1970-01-01 00:00:00.000020055,1.0143784294965184
1970-01-01 00:00:00.000020056,1.0143784294965184
1970-01-01 00:00:00.000020057,1.0143784294965184
1970-01-01 00:00:00.000020058,1.0143784294965184
1970-01-01 00:00:00.000020059,1.0143784294965184
1970-01-01 00:00:00.000020060,1.0143784294965184
1970-01-01 00:00:00.000020061,1.0143784294965184
1970-01-01 00:00:00.000020062,1.0143784294965184
1970-01-01 00:00:00.000020063,1.0143784294965184
1970-01-01 00:00:00.000020064,1.0143784294965184
1970-01-01 00:00:00.000020065,1.0143784294965184
1970-01-01 00:00:00.000020066,1.0143784294965184
1970-01-01 00:00:00.000020067,1.0143784294965184
1970-01-01 00:00:00.000020068,1.0143784294965184
1970-01-01 00:00:00.000020069,1.0143784294965184
1970-01-01 00:00:00.000020070,1.0143784294965184
1970-01-01 00:00:00.000020071,1.0143784294965184
1970-01-01 00:00:00.000020072,1.0143784294965184
1970-01-01 00:00:00.000020073,1.0143784294965184
1970-01-01 00:00:00.000020074,1.0143784294965184
1970-01-01 00:00:00.000020075,1.0143784294965184
1970-01-01 00:00:00.000020076,1.0143784294965184
1970-01-01 00:00:00.000020077,1.0143784294965184
1970-01-01 00:00:00.000020078,1.0143784294965184
1970-01-01 00:00:00.000020079,1.0143784294965184
1970-01-01 00:00:00.000020080,1.0143784294965184
1970-01-01 00:00:00.000020081,1.0143784294965184
1970-01-01 00:00:00.000020082,1.0143784294965184
1970-01-01 00:00:00.000020083,1.0143784294965184
1970-01-01 00:00:00.000020084,1.0143784294965184
1970-01-01 00:00:00.000020085,1.0143784294965184
1970-01-01 00:00:00.000020086,1.0143784294965184
1970-01-01 00:00:00.000020087,1.0143784294965184
1970-01-01 00:00:00.000020088,1.0143784294965184
1970-01-01 00:00:00.000020089,1.0143784294965184
1970-01-01 00:00:00.000020090,1.0143784294965184
1970-01-01 00:00:00.000020091,1.0143784294965184
1970-01-01 00:00:00.000020092,1.0143784294965184
1970-01-01 00:00:00.000020093,1.0143784294965184
1970-01-01 00:00:00.000020094,1.0143784294965184
1970-01-01 00:00:00.000020095,1.0143784294965184
1970-01-01 00:00:00.000020096,1.0143784294965184
1970-01-01 00:00:00.000020097,1.0143784294965184
1970-01-01 00:00:00.000020098,1.0143784294965184
1970-01-01 00:00:00.000020099,1.0143784294965184
1970-01-01 00:00:00.000020100,1.0143784294965184
1970-01-01 00:00:00.000020101,1.0143784294965184
1970-01-01 00:00:00.000020102,1.0143784294965184
1970-01-01 00:00:00.000020103,1.0143784294965184
1970-01-01 00:00:00.000020104,1.0143784294965184
1970-01-01 00:00:00.000020105,1.0129065556352888
1970-01-01 00:00:00.000020106,1.0113571803090775
1970-01-01 00:00:00.000020107,1.0121387062170302
1970-01-01 00:00:00.000020108,1.0129338231366163
1970-01-01 00:00:00.000020109,1.012414031050183
1970-01-01 00:00:00.000020110,1.012312789647078
1970-01-01 00:00:00.000020111,1.0113084422223317
1970-01-01 00:00:00.000020112,1.0151169405350016
1970-01-01 00:00:00.000020113,1.015015428840948
1970-01-01 00:00:00.000020114,1.015015428840948
1970-01-01 00:00:00.000020115,1.014649389736605
1970-01-01 00:00:00.000020116,1.0152822020313388
1970-01-01 00:00:00.000020117,1.014343396740028
1970-01-01 00:00:00.000020118,1.0124763700155863
1970-01-01 00:00:00.000020119,1.0123751223785848
1970-01-01 00:00:00.000020120,1.0123751223785848
1970-01-01 00:00:00.000020121,1.0123751223785848
1970-01-01 00:00:00.000020122,1.0123751223785848
1970-01-01 00:00:00.000020123,1.011898745492034
1970-01-01 00:00:00.000020124,1.009774772095695
1970-01-01 00:00:00.000020125,1.0096737946184855
1970-01-01 00:00:00.000020126,1.0096737946184855
1970-01-01 00:00:00.000020127,1.0096737946184855
1970-01-01 00:00:00.000020128,1.0096737946184855
1970-01-01 00:00:00.000020129,1.0096737946184855
1970-01-01 00:00:00.000020130,1.0096737946184855
1970-01-01 00:00:00.000020131,1.0096737946184855
1970-01-01 00:00:00.000020132,1.0096737946184855
1970-01-01 00:00:00.000020133,1.0096737946184855
1970-01-01 00:00:00.000020134,1.0096737946184855
1970-01-01 00:00:00.000020135,1.0096737946184855
1970-01-01 00:00:00.000020136,1.0107157345205289
1970-01-01 00:00:00.000020137,1.010426323085811
1970-01-01 00:00:00.000020138,1.0103252804535026
1970-01-01 00:00:00.000020139,1.0103252804535026
1970-01-01 00:00:00.000020140,1.0103252804535026
1970-01-01 00:00:00.000020141,1.0103252804535026
1970-01-01 00:00:00.000020142,1.0103252804535026
1970-01-01 00:00:00.000020143,1.0103252804535026
1970-01-01 00:00:00.000020144,1.0103252804535026
1970-01-01 00:00:00.000020145,1.0103252804535026
1970-01-01 00:00:00.000020146,1.0103252804535026
1970-01-01 00:00:00.000020147,1.0103252804535026
1970-01-01 00:00:00.000020148,1.0103252804535026
1970-01-01 00:00:00.000020149,1.0103252804535026
1970-01-01 00:00:00.000020150,1.0103252804535026
1970-01-01 00:00:00.000020151,1.0103252804535026
1970-01-01 00:00:00.000020152,1.0103252804535026
1970-01-01 00:00:00.000020153,1.0103252804535026
1970-01-01 00:00:00.000020154,1.0103252804535026
1970-01-01 00:00:00.000020155,1.0103252804535026
1970-01-01 00:00:00.000020156,1.0103252804535026
1970-01-01 00:00:00.000020157,1.0103252804535026
1970-01-01 00:00:00.000020158,1.0103252804535026
1970-01-01 00:00:00.000020159,1.0103252804535026
1970-01-01 00:00:00.000020160,1.0103252804535026
1970-01-01 00:00:00.000020161,1.0093839983438464
1970-01-01 00:00:00.000020162,1.0104708068958126
1970-01-01 00:00:00.000020163,1.0103697598151231
1970-01-01 00:00:00.000020164,1.0103697598151231
1970-01-01 00:00:00.000020165,1.0103697598151231
1970-01-01 00:00:00.000020166,1.0103697598151231
1970-01-01 00:00:00.000020167,1.0103697598151231
1970-01-01 00:00:00.000020168,1.0103697598151231
1970-01-01 00:00:00.000020169,1.0103697598151231
1970-01-01 00:00:00.000020170,1.0103697598151231
1970-01-01 00:00:00.000020171,1.0103697598151231
1970-01-01 00:00:00.000020172,1.0103697598151231
1970-01-01 00:00:00.000020173,1.0103697598151231
1970-01-01 00:00:00.000020174,1.0103697598151231
1970-01-01 00:00:00.000020175,1.0103697598151231
1970-01-01 00:00:00.000020176,1.0103697598151231
1970-01-01 00:00:00.000020177,1.0103697598151231
1970-01-01 00:00:00.000020178,1.0103697598151231
1970-01-01 00:00:00.000020179,1.0103697598151231
1970-01-01 00:00:00.000020180,1.0103697598151231
1970-01-01 00:00:00.000020181,1.0103697598151231
1970-01-01 00:00:00.000020182,1.0103697598151231
1970-01-01 00:00:00.000020183,1.0103697598151231
1970-01-01 00:00:00.000020184,1.0103697598151231
1970-01-01 00:00:00.000020185,1.0103697598151231
1970-01-01 00:00:00.000020186,1.0103697598151231
1970-01-01 00:00:00.000020187,1.0103697598151231
1970-01-01 00:00:00.000020188,1.0103697598151231
1970-01-01 00:00:00.000020189,1.0103697598151231
1970-01-01 00:00:00.000020190,1.0103697598151231
1970-01-01 00:00:00.000020191,1.0103697598151231
1970-01-01 00:00:00.000020192,1.0103697598151231
1970-01-01 00:00:00.000020193,1.0103697598151231
1970-01-01 00:00:00.000020194,1.0103697598151231
1970-01-01 00:00:00.000020195,1.0103697598151231
1970-01-01 00:00:00.000020196,1.0103697598151231
1970-01-01 00:00:00.000020197,1.0103697598151231
1970-01-01 00:00:00.000020198,1.0103697598151231
1970-01-01 00:00:00.000020199,1.0103697598151231
1970-01-01 00:00:00.000020200,1.0103697598151231
1970-01-01 00:00:00.000020201,1.0103697598151231
1970-01-01 00:00:00.000020202,1.0103697598151231
1970-01-01 00:00:00.000020203,1.0103697598151231
1970-01-01 00:00:00.000020204,1.0103697598151231
1970-01-01 00:00:00.000020205,1.0100669430928537
1970-01-01 00:00:00.000020206,1.0081975159698227
1970-01-01 00:00:00.000020207,1.0073692985319105
1970-01-01 00:00:00.000020208,1.0095625870549825
1970-01-01 00:00:00.000020209,1.009461630796277
1970-01-01 00:00:00.000020210,1.009461630796277
1970-01-01 00:00:00.000020211,1.009461630796277
1970-01-01 00:00:00.000020212,1.009461630796277
1970-01-01 00:00:00.000020213,1.009461630796277
1970-01-01 00:00:00.000020214,1.009461630796277
1970-01-01 00:00:00.000020215,1.009461630796277
1970-01-01 00:00:00.000020216,1.009461630796277
1970-01-01 00:00:00.000020217,1.009461630796277
1970-01-01 00:00:00.000020218,1.009461630796277
1970-01-01 00:00:00.000020219,1.009461630796277
1970-01-01 00:00:00.000020220,1.0075353423142661
1970-01-01 00:00:00.000020221,1.0071694577444332
1970-01-01 00:00:00.000020222,1.0061613353326098
1970-01-01 00:00:00.000020223,1.0044598143372674
1970-01-01 00:00:00.000020224,1.0044596438014624
1970-01-01 00:00:00.000020225,1.0043591978370823
1970-01-01 00:00:00.000020226,1.0039740881622674
1970-01-01 00:00:00.000020227,1.0041641643540573
1970-01-01 00:00:00.000020228,1.004063747937622
1970-01-01 00:00:00.000020229,1.004063747937622
1970-01-01 00:00:00.000020230,1.004063747937622
1970-01-01 00:00:00.000020231,1.004063747937622
1970-01-01 00:00:00.000020232,1.004063747937622
1970-01-01 00:00:00.000020233,1.004063747937622
1970-01-01 00:00:00.000020234,1.004063747937622
1970-01-01 00:00:00.000020235,1.0018931406101075
1970-01-01 00:00:00.000020236,1.003417741445458
1970-01-01 00:00:00.000020237,1.0033173996713134
1970-01-01 00:00:00.000020238,1.0033173996713134
1970-01-01 00:00:00.000020239,1.0033173996713134
1970-01-01 00:00:00.000020240,1.0033173996713134
1970-01-01 00:00:00.000020241,1.0033173996713134
1970-01-01 00:00:00.000020242,1.0033173996713134
1970-01-01 00:00:00.000020243,1.0033173996713134
1970-01-01 00:00:00.000020244,1.0033173996713134
1970-01-01 00:00:00.000020245,1.0033173996713134
1970-01-01 00:00:00.000020246,1.0033173996713134
1970-01-01 00:00:00.000020247,1.0033173996713134
1970-01-01 00:00:00.000020248,1.0033173996713134
1970-01-01 00:00:00.000020249,1.0033173996713134
1970-01-01 00:00:00.000020250,1.0033173996713134
1970-01-01 00:00:00.000020251,1.0033173996713134
1970-01-01 00:00:00.000020252,1.0033173996713134
1970-01-01 00:00:00.000020253,1.0033173996713134
1970-01-01 00:00:00.000020254,1.0033173996713134
1970-01-01 00:00:00.000020255,1.0033173996713134
1970-01-01 00:00:00.000020256,1.0033173996713134
1970-01-01 00:00:00.000020257,1.0033173996713134
1970-01-01 00:00:00.000020258,1.0033173996713134
1970-01-01 00:00:00.000020259,1.0033173996713134
1970-01-01 00:00:00.000020260,1.0033173996713134
1970-01-01 00:00:00.000020261,1.0033173996713134
1970-01-01 00:00:00.000020262,1.0033173996713134
1970-01-01 00:00:00.000020263,1.0048070907469595
1970-01-01 00:00:00.000020264,1.0043465918764816
1970-01-01 00:00:00.000020265,1.0042461572172938
1970-01-01 00:00:00.000020266,1.0042434133382665
1970-01-01 00:00:00.000020267,1.0040440017753927
1970-01-01 00:00:00.000020268,1.0042417176617113
1970-01-01 00:00:00.000020269,1.004476738432241
1970-01-01 00:00:00.000020270,1.0044012808255414
1970-01-01 00:00:00.000020271,1.0042727485426686
1970-01-01 00:00:00.000020272,1.0036241522603626
1970-01-01 00:00:00.000020273,1.0043821196804694
1970-01-01 00:00:00.000020274,1.0047861146197097
1970-01-01 00:00:00.000020275,1.0046856360082477
1970-01-01 00:00:00.000020276,1.0047376137460788
1970-01-01 00:00:00.000020277,1.0044958967881952
1970-01-01 00:00:00.000020278,1.0045682081814946
1970-01-01 00:00:00.000020279,1.0044677513606766
1970-01-01 00:00:00.000020280,1.0054692845744801
1970-01-01 00:00:00.000020281,1.0067630350533325
1970-01-01 00:00:00.000020282,1.007727701869235
1970-01-01 00:00:00.000020283,1.007626929099048
1970-01-01 00:00:00.000020284,1.007626929099048
1970-01-01 00:00:00.000020285,1.007626929099048
1970-01-01 00:00:00.000020286,1.0076797122878063
1970-01-01 00:00:00.000020287,1.0074252150551348
1970-01-01 00:00:00.000020288,1.0074427080247477
1970-01-01 00:00:00.000020289,1.0085636167572343
1970-01-01 00:00:00.000020290,1.007068052772647
1970-01-01 00:00:00.000020291,1.0064833120505332
1970-01-01 00:00:00.000020292,1.0065544727715805
1970-01-01 00:00:00.000020293,1.0065693333040189
1970-01-01 00:00:00.000020294,1.0071668965426936
1970-01-01 00:00:00.000020295,1.0067489334532014
1970-01-01 00:00:00.000020296,1.0060074353431958
1970-01-01 00:00:00.000020297,1.0066476270806366
1970-01-01 00:00:00.000020298,1.0063129678901268
1970-01-01 00:00:00.000020299,1.0065687388827214
1970-01-01 00:00:00.000020300,1.0055910007656115
1970-01-01 00:00:00.000020301,1.0051261633109423
1970-01-01 00:00:00.000020302,1.0051770287905453
1970-01-01 00:00:00.000020303,1.0050765110876663
1970-01-01 00:00:00.000020304,1.0050765110876663
1970-01-01 00:00:00.000020305,1.0050765110876663
1970-01-01 00:00:00.000020306,1.0050765110876663
1970-01-01 00:00:00.000020307,1.0050765110876663
1970-01-01 00:00:00.000020308,1.0050765110876663
1970-01-01 00:00:00.000020309,1.0050765110876663
1970-01-01 00:00:00.000020310,1.0050765110876663
1970-01-01 00:00:00.000020311,1.0050765110876663
1970-01-01 00:00:00.000020312,1.0050765110876663
1970-01-01 00:00:00.000020313,1.0055444831686533
1970-01-01 00:00:00.000020314,1.004414111207205
1970-01-01 00:00:00.000020315,1.0043136697960842
1970-01-01 00:00:00.000020316,1.0043136697960842
1970-01-01 00:00:00.000020317,1.0043136697960842
1970-01-01 00:00:00.000020318,1.0043136697960842
1970-01-01 00:00:00.000020319,1.0043136697960842
1970-01-01 00:00:00.000020320,1.0043136697960842
1970-01-01 00:00:00.000020321,1.0043136697960842
1970-01-01 00:00:00.000020322,1.0043136697960842
1970-01-01 00:00:00.000020323,1.0020578430686582
1970-01-01 00:00:00.000020324,0.9985201805378771
1970-01-01 00:00:00.000020325,1.0003055738144453
1970-01-01 00:00:00.000020326,1.0002055432570638
1970-01-01 00:00:00.000020327,0.9985253699014471
1970-01-01 00:00:00.000020328,1.001821789492507
1970-01-01 00:00:00.000020329,1.0017216073135577
1970-01-01 00:00:00.000020330,1.0001974035976897
1970-01-01 00:00:00.000020331,0.9971471359393511
1970-01-01 00:00:00.000020332,0.995952514363
1970-01-01 00:00:00.000020333,0.9958529191115637
1970-01-01 00:00:00.000020334,0.9958529191115637
1970-01-01 00:00:00.000020335,0.9958529191115637
1970-01-01 00:00:00.000020336,0.9958529191115637
1970-01-01 00:00:00.000020337,0.9958529191115637
1970-01-01 00:00:00.000020338,0.9958529191115637
1970-01-01 00:00:00.000020339,0.9958529191115637
1970-01-01 00:00:00.000020340,0.9958529191115637
1970-01-01 00:00:00.000020341,0.9953522061449389
1970-01-01 00:00:00.000020342,0.9936548316181774
1970-01-01 00:00:00.000020343,0.9915833986170649
1970-01-01 00:00:00.000020344,0.9915517652243172
1970-01-01 00:00:00.000020345,0.9909011064101454
1970-01-01 00:00:00.000020346,0.9891668120476432
1970-01-01 00:00:00.000020347,0.9921714727674176
1970-01-01 00:00:00.000020348,0.9920722556201409
1970-01-01 00:00:00.000020349,0.9920722556201409
1970-01-01 00:00:00.000020350,0.9920722556201409
1970-01-01 00:00:00.000020351,0.9920722556201409
1970-01-01 00:00:00.000020352,0.9961628548048618
1970-01-01 00:00:00.000020353,0.9937367081236946
1970-01-01 00:00:00.000020354,0.9929563806214834
1970-01-01 00:00:00.000020355,0.9928570849834213
1970-01-01 00:00:00.000020356,0.9974383039878957
1970-01-01 00:00:00.000020357,0.9983567685411334
1970-01-01 00:00:00.000020358,0.9982569328642793
1970-01-01 00:00:00.000020359,0.9982569328642793
1970-01-01 00:00:00.000020360,0.9982569328642793
1970-01-01 00:00:00.000020361,0.9982569328642793
1970-01-01 00:00:00.000020362,0.9982569328642793
1970-01-01 00:00:00.000020363,0.9982569328642793
1970-01-01 00:00:00.000020364,0.9982569328642793
1970-01-01 00:00:00.000020365,0.9982569328642793
1970-01-01 00:00:00.000020366,0.9982569328642793
1970-01-01 00:00:00.000020367,0.9982569328642793
1970-01-01 00:00:00.000020368,0.9982569328642793
1970-01-01 00:00:00.000020369,0.9982569328642793
1970-01-01 00:00:00.000020370,0.9982569328642793
1970-01-01 00:00:00.000020371,0.9982569328642793
1970-01-01 00:00:00.000020372,0.9982569328642793
1970-01-01 00:00:00.000020373,0.9982569328642793
1970-01-01 00:00:00.000020374,0.9982569328642793
1970-01-01 00:00:00.000020375,0.9982569328642793
1970-01-01 00:00:00.000020376,0.9982569328642793
1970-01-01 00:00:00.000020377,0.9982569328642793
1970-01-01 00:00:00.000020378,0.9982569328642793
1970-01-01 00:00:00.000020379,0.9982569328642793
1970-01-01 00:00:00.000020380,0.9982569328642793
1970-01-01 00:00:00.000020381,0.9982569328642793
1970-01-01 00:00:00.000020382,0.9982569328642793
1970-01-01 00:00:00.000020383,0.9982569328642793
1970-01-01 00:00:00.000020384,0.996066408441811
1970-01-01 00:00:00.000020385,0.9974641880846816
1970-01-01 00:00:00.000020386,0.9976827598048987
1970-01-01 00:00:00.000020387,1.0010668349808785
1970-01-01 00:00:00.000020388,1.0009667282973804
1970-01-01 00:00:00.000020389,1.0009667282973804
1970-01-01 00:00:00.000020390,1.0009667282973804
1970-01-01 00:00:00.000020391,1.0009667282973804
1970-01-01 00:00:00.000020392,1.0009667282973804
1970-01-01 00:00:00.000020393,1.0009667282973804
1970-01-01 00:00:00.000020394,1.0009667282973804
1970-01-01 00:00:00.000020395,1.0009667282973804
1970-01-01 00:00:00.000020396,1.0009667282973804
1970-01-01 00:00:00.000020397,1.0009667282973804
1970-01-01 00:00:00.000020398,1.0009667282973804
1970-01-01 00:00:00.000020399,1.0009667282973804
1970-01-01 00:00:00.000020400,1.0009667282973804
1970-01-01 00:00:00.000020401,1.0046272654514927
1970-01-01 00:00:00.000020402,1.0033294584751475
1970-01-01 00:00:00.000020403,1.0032291255293
1970-01-01 00:00:00.000020404,1.0032291255293
1970-01-01 00:00:00.000020405,1.0032291255293
1970-01-01 00:00:00.000020406,0.9976063096648831
1970-01-01 00:00:00.000020407,1.0037337795591204
1970-01-01 00:00:00.000020408,1.0036334061811645
1970-01-01 00:00:00.000020409,1.0036334061811645
1970-01-01 00:00:00.000020410,1.0036334061811645
1970-01-01 00:00:00.000020411,0.9993159870676003
1970-01-01 00:00:00.000020412,0.9962871568598821
1970-01-01 00:00:00.000020413,1.0000595676610642
1970-01-01 00:00:00.000020414,1.0012587400060273
1970-01-01 00:00:00.000020415,1.0011586141320268
1970-01-01 00:00:00.000020416,1.0011586141320268
1970-01-01 00:00:00.000020417,1.0011586141320268
1970-01-01 00:00:00.000020418,1.0011586141320268
1970-01-01 00:00:00.000020419,0.9973909247372982
1970-01-01 00:00:00.000020420,0.9979208913639621
1970-01-01 00:00:00.000020421,0.9961785031394285
1970-01-01 00:00:00.000020422,0.9960788852891145
1970-01-01 00:00:00.000020423,0.9934076841239347
1970-01-01 00:00:00.000020424,0.9936714331563863
1970-01-01 00:00:00.000020425,0.9935720660130707
1970-01-01 00:00:00.000020426,0.9935720660130707
1970-01-01 00:00:00.000020427,0.9935720660130707
1970-01-01 00:00:00.000020428,0.9935720660130707
1970-01-01 00:00:00.000020429,0.9935720660130707
1970-01-01 00:00:00.000020430,0.9935720660130707
1970-01-01 00:00:00.000020431,0.9935720660130707
1970-01-01 00:00:00.000020432,0.9935720660130707
1970-01-01 00:00:00.000020433,0.9935720660130707
1970-01-01 00:00:00.000020434,0.9935720660130707
1970-01-01 00:00:00.000020435,0.9935720660130707
1970-01-01 00:00:00.000020436,0.9947980668145614
1970-01-01 00:00:00.000020437,0.9943720889624621
1970-01-01 00:00:00.000020438,0.9937632250845538
1970-01-01 00:00:00.000020439,0.9916156231030467
1970-01-01 00:00:00.000020440,0.9915164615407365
1970-01-01 00:00:00.000020441,0.9915164615407365
1970-01-01 00:00:00.000020442,0.9915164615407365
1970-01-01 00:00:00.000020443,0.9915164615407365
1970-01-01 00:00:00.000020444,0.9915164615407365
1970-01-01 00:00:00.000020445,0.9915164615407365
1970-01-01 00:00:00.000020446,0.9910084377401845
1970-01-01 00:00:00.000020447,0.9914878566710736
1970-01-01 00:00:00.000020448,0.9933449162079655
1970-01-01 00:00:00.000020449,0.9932455817163447
1970-01-01 00:00:00.000020450,0.9932455817163447
1970-01-01 00:00:00.000020451,0.9932455817163447
1970-01-01 00:00:00.000020452,0.9932455817163447
1970-01-01 00:00:00.000020453,0.9930648278136348
1970-01-01 00:00:00.000020454,0.9941453422471127
1970-01-01 00:00:00.000020455,0.994045927712888
1970-01-01 00:00:00.000020456,0.994045927712888
1970-01-01 00:00:00.000020457,0.994045927712888
1970-01-01 00:00:00.000020458,0.994045927712888
1970-01-01 00:00:00.000020459,0.994045927712888
1970-01-01 00:00:00.000020460,0.994045927712888
1970-01-01 00:00:00.000020461,0.994045927712888
1970-01-01 00:00:00.000020462,0.994045927712888
1970-01-01 00:00:00.000020463,0.994045927712888
1970-01-01 00:00:00.000020464,0.994045927712888
1970-01-01 00:00:00.000020465,0.994045927712888
1970-01-01 00:00:00.000020466,0.994045927712888
1970-01-01 00:00:00.000020467,0.994045927712888
1970-01-01 00:00:00.000020468,0.994045927712888
1970-01-01 00:00:00.000020469,0.994045927712888
1970-01-01 00:00:00.000020470,0.994045927712888
1970-01-01 00:00:00.000020471,0.994045927712888
1970-01-01 00:00:00.000020472,0.994045927712888
1970-01-01 00:00:00.000020473,0.994045927712888
1970-01-01 00:00:00.000020474,0.994045927712888
1970-01-01 00:00:00.000020475,0.994045927712888
1970-01-01 00:00:00.000020476,0.994045927712888
1970-01-01 00:00:00.000020477,0.994045927712888
1970-01-01 00:00:00.000020478,0.994045927712888
1970-01-01 00:00:00.000020479,0.994045927712888
1970-01-01 00:00:00.000020480,0.994045927712888
1970-01-01 00:00:00.000020481,0.994045927712888
1970-01-01 00:00:00.000020482,0.994045927712888
1970-01-01 00:00:00.000020483,0.994045927712888
1970-01-01 00:00:00.000020484,0.994045927712888
1970-01-01 00:00:00.000020485,0.994045927712888
1970-01-01 00:00:00.000020486,0.994045927712888
1970-01-01 00:00:00.000020487,0.994045927712888
1970-01-01 00:00:00.000020488,0.994045927712888
1970-01-01 00:00:00.000020489,0.994045927712888
1970-01-01 00:00:00.000020490,0.994045927712888
1970-01-01 00:00:00.000020491,0.994045927712888
1970-01-01 00:00:00.000020492,0.994045927712888
1970-01-01 00:00:00.000020493,0.994045927712888
1970-01-01 00:00:00.000020494,0.994045927712888
1970-01-01 00:00:00.000020495,0.994045927712888
1970-01-01 00:00:00.000020496,0.994045927712888
1970-01-01 00:00:00.000020497,0.994045927712888
1970-01-01 00:00:00.000020498,0.994045927712888
1970-01-01 00:00:00.000020499,0.994045927712888
1970-01-01 00:00:00.000020500,0.994045927712888
1970-01-01 00:00:00.000020501,0.994045927712888
1970-01-01 00:00:00.000020502,0.994045927712888
1970-01-01 00:00:00.000020503,0.994045927712888
1970-01-01 00:00:00.000020504,0.994045927712888
1970-01-01 00:00:00.000020505,0.994045927712888
1970-01-01 00:00:00.000020506,0.994045927712888
1970-01-01 00:00:00.000020507,0.994045927712888
1970-01-01 00:00:00.000020508,0.994045927712888
1970-01-01 00:00:00.000020509,0.994045927712888
1970-01-01 00:00:00.000020510,0.994045927712888
1970-01-01 00:00:00.000020511,0.994045927712888
1970-01-01 00:00:00.000020512,0.994045927712888
1970-01-01 00:00:00.000020513,0.994045927712888
1970-01-01 00:00:00.000020514,0.994045927712888
1970-01-01 00:00:00.000020515,0.994045927712888
1970-01-01 00:00:00.000020516,0.994045927712888
1970-01-01 00:00:00.000020517,0.994045927712888
1970-01-01 00:00:00.000020518,0.994045927712888
1970-01-01 00:00:00.000020519,0.994045927712888
1970-01-01 00:00:00.000020520,0.994045927712888
1970-01-01 00:00:00.000020521,0.9949708523449834
1970-01-01 00:00:00.000020522,0.993428896041039
1970-01-01 00:00:00.000020523,0.9909459351443807
1970-01-01 00:00:00.000020524,0.9967927221391476
1970-01-01 00:00:00.000020525,0.9972702996580062
1970-01-01 00:00:00.000020526,0.9925601471581227
1970-01-01 00:00:00.000020527,0.9936529152734961
1970-01-01 00:00:00.000020528,0.9943159520621782
1970-01-01 00:00:00.000020529,0.9942927807084854
1970-01-01 00:00:00.000020530,0.9941933514304145
1970-01-01 00:00:00.000020531,0.9941933514304145
1970-01-01 00:00:00.000020532,0.99398418622074
1970-01-01 00:00:00.000020533,0.9964173346873241
1970-01-01 00:00:00.000020534,0.9963176929538553
1970-01-01 00:00:00.000020535,0.9963176929538553
1970-01-01 00:00:00.000020536,0.9963176929538553
1970-01-01 00:00:00.000020537,0.9963176929538553
1970-01-01 00:00:00.000020538,0.9963176929538553
1970-01-01 00:00:00.000020539,0.9963176929538553
1970-01-01 00:00:00.000020540,0.9963176929538553
1970-01-01 00:00:00.000020541,0.9963176929538553
1970-01-01 00:00:00.000020542,0.9963176929538553
1970-01-01 00:00:00.000020543,0.9963176929538553
1970-01-01 00:00:00.000020544,0.9963176929538553
1970-01-01 00:00:00.000020545,0.9963176929538553
1970-01-01 00:00:00.000020546,0.9963176929538553
1970-01-01 00:00:00.000020547,0.9963176929538553
1970-01-01 00:00:00.000020548,0.9963176929538553
1970-01-01 00:00:00.000020549,0.9963176929538553
1970-01-01 00:00:00.000020550,0.9963176929538553
1970-01-01 00:00:00.000020551,0.9963176929538553
1970-01-01 00:00:00.000020552,0.9963176929538553
1970-01-01 00:00:00.000020553,0.9963176929538553
1970-01-01 00:00:00.000020554,0.9963176929538553
1970-01-01 00:00:00.000020555,0.9963176929538553
1970-01-01 00:00:00.000020556,0.9963176929538553
1970-01-01 00:00:00.000020557,0.9963176929538553
1970-01-01 00:00:00.000020558,0.9963176929538553
1970-01-01 00:00:00.000020559,0.9963176929538553
1970-01-01 00:00:00.000020560,0.9963176929538553
1970-01-01 00:00:00.000020561,0.9963176929538553
1970-01-01 00:00:00.000020562,0.9963176929538553
1970-01-01 00:00:00.000020563,0.9963176929538553
1970-01-01 00:00:00.000020564,0.9963176929538553
1970-01-01 00:00:00.000020565,0.9963176929538553
1970-01-01 00:00:00.000020566,0.9963176929538553
1970-01-01 00:00:00.000020567,0.9963176929538553
1970-01-01 00:00:00.000020568,0.9963176929538553
1970-01-01 00:00:00.000020569,0.9963176929538553
1970-01-01 00:00:00.000020570,0.9963176929538553
1970-01-01 00:00:00.000020571,0.9963176929538553
1970-01-01 00:00:00.000020572,0.9963176929538553
1970-01-01 00:00:00.000020573,0.9963176929538553
1970-01-01 00:00:00.000020574,0.9963176929538553
1970-01-01 00:00:00.000020575,0.9963176929538553
1970-01-01 00:00:00.000020576,0.9963176929538553
1970-01-01 00:00:00.000020577,0.9963176929538553
1970-01-01 00:00:00.000020578,0.9963176929538553
1970-01-01 00:00:00.000020579,0.9963176929538553
1970-01-01 00:00:00.000020580,0.9963176929538553
1970-01-01 00:00:00.000020581,0.9963176929538553
1970-01-01 00:00:00.000020582,0.9963176929538553
1970-01-01 00:00:00.000020583,0.9963176929538553
1970-01-01 00:00:00.000020584,0.9963176929538553
1970-01-01 00:00:00.000020585,0.9963176929538553
1970-01-01 00:00:00.000020586,0.9963176929538553
1970-01-01 00:00:00.000020587,0.9963176929538553
1970-01-01 00:00:00.000020588,0.9963176929538553
1970-01-01 00:00:00.000020589,0.9963176929538553
1970-01-01 00:00:00.000020590,0.9963176929538553
1970-01-01 00:00:00.000020591,0.9963176929538553
1970-01-01 00:00:00.000020592,0.9963176929538553
1970-01-01 00:00:00.000020593,0.9963176929538553
1970-01-01 00:00:00.000020594,0.9963176929538553
1970-01-01 00:00:00.000020595,0.9963176929538553
1970-01-01 00:00:00.000020596,0.9963176929538553
1970-01-01 00:00:00.000020597,0.9963176929538553
1970-01-01 00:00:00.000020598,0.9963176929538553
1970-01-01 00:00:00.000020599,0.9963176929538553
1970-01-01 00:00:00.000020600,0.9963176929538553
1970-01-01 00:00:00.000020601,0.9963176929538553
1970-01-01 00:00:00.000020602,0.9963176929538553
1970-01-01 00:00:00.000020603,0.9963176929538553
1970-01-01 00:00:00.000020604,0.9963176929538553
1970-01-01 00:00:00.000020605,0.9963176929538553
1970-01-01 00:00:00.000020606,0.9963176929538553
1970-01-01 00:00:00.000020607,0.9963176929538553
1970-01-01 00:00:00.000020608,0.9963176929538553
1970-01-01 00:00:00.000020609,0.9963176929538553
1970-01-01 00:00:00.000020610,0.9963176929538553
1970-01-01 00:00:00.000020611,0.9963176929538553
1970-01-01 00:00:00.000020612,0.9963176929538553
1970-01-01 00:00:00.000020613,0.9963176929538553
1970-01-01 00:00:00.000020614,0.9963176929538553
1970-01-01 00:00:00.000020615,0.9963176929538553
1970-01-01 00:00:00.000020616,0.9963176929538553
1970-01-01 00:00:00.000020617,0.9963176929538553
1970-01-01 00:00:00.000020618,0.9963176929538553
1970-01-01 00:00:00.000020619,0.9963176929538553
1970-01-01 00:00:00.000020620,0.9963176929538553
1970-01-01 00:00:00.000020621,0.9963176929538553
1970-01-01 00:00:00.000020622,0.9963176929538553
1970-01-01 00:00:00.000020623,0.9963176929538553
1970-01-01 00:00:00.000020624,0.9963176929538553
1970-01-01 00:00:00.000020625,0.9963176929538553
1970-01-01 00:00:00.000020626,0.9963176929538553
1970-01-01 00:00:00.000020627,0.9963176929538553
1970-01-01 00:00:00.000020628,0.9963176929538553
1970-01-01 00:00:00.000020629,0.9963176929538553
1970-01-01 00:00:00.000020630,0.9963176929538553
1970-01-01 00:00:00.000020631,0.9963176929538553
1970-01-01 00:00:00.000020632,0.9963176929538553
1970-01-01 00:00:00.000020633,0.9963176929538553
1970-01-01 00:00:00.000020634,0.9963176929538553
1970-01-01 00:00:00.000020635,0.9963176929538553
1970-01-01 00:00:00.000020636,0.9963176929538553
1970-01-01 00:00:00.000020637,0.9963176929538553
1970-01-01 00:00:00.000020638,0.9963176929538553
1970-01-01 00:00:00.000020639,0.9963176929538553
1970-01-01 00:00:00.000020640,0.9963176929538553
1970-01-01 00:00:00.000020641,0.9963176929538553
1970-01-01 00:00:00.000020642,0.9963176929538553
1970-01-01 00:00:00.000020643,0.9963176929538553
1970-01-01 00:00:00.000020644,0.9963176929538553
1970-01-01 00:00:00.000020645,0.9963176929538553
1970-01-01 00:00:00.000020646,0.9963176929538553
1970-01-01 00:00:00.000020647,0.9963176929538553
1970-01-01 00:00:00.000020648,0.9963176929538553
1970-01-01 00:00:00.000020649,0.9963176929538553
1970-01-01 00:00:00.000020650,0.9963176929538553
1970-01-01 00:00:00.000020651,0.9963176929538553
1970-01-01 00:00:00.000020652,0.9963176929538553
1970-01-01 00:00:00.000020653,0.9963176929538553
1970-01-01 00:00:00.000020654,0.9963176929538553
1970-01-01 00:00:00.000020655,0.9963176929538553
1970-01-01 00:00:00.000020656,0.9963176929538553
1970-01-01 00:00:00.000020657,0.9963176929538553
1970-01-01 00:00:00.000020658,0.9963176929538553
1970-01-01 00:00:00.000020659,0.9963176929538553
1970-01-01 00:00:00.000020660,0.9963176929538553
1970-01-01 00:00:00.000020661,0.9963176929538553
1970-01-01 00:00:00.000020662,0.9963176929538553
1970-01-01 00:00:00.000020663,0.9963176929538553
1970-01-01 00:00:00.000020664,0.9963176929538553
1970-01-01 00:00:00.000020665,0.9963176929538553
1970-01-01 00:00:00.000020666,0.9963176929538553
1970-01-01 00:00:00.000020667,0.9963176929538553
1970-01-01 00:00:00.000020668,0.9963176929538553
1970-01-01 00:00:00.000020669,0.9963176929538553
1970-01-01 00:00:00.000020670,0.9963176929538553
1970-01-01 00:00:00.000020671,0.9963176929538553
1970-01-01 00:00:00.000020672,0.9963176929538553
1970-01-01 00:00:00.000020673,0.9963176929538553
1970-01-01 00:00:00.000020674,0.9963176929538553
1970-01-01 00:00:00.000020675,0.9963176929538553
1970-01-01 00:00:00.000020676,0.9963176929538553
1970-01-01 00:00:00.000020677,0.9963176929538553
1970-01-01 00:00:00.000020678,0.9963176929538553
1970-01-01 00:00:00.000020679,0.9963176929538553
1970-01-01 00:00:00.000020680,0.9963176929538553
1970-01-01 00:00:00.000020681,0.9963176929538553
1970-01-01 00:00:00.000020682,0.9963176929538553
1970-01-01 00:00:00.000020683,0.9963176929538553
1970-01-01 00:00:00.000020684,0.9963176929538553
1970-01-01 00:00:00.000020685,0.9963176929538553
1970-01-01 00:00:00.000020686,0.9963176929538553
1970-01-01 00:00:00.000020687,0.9963176929538553
1970-01-01 00:00:00.000020688,0.9963176929538553
1970-01-01 00:00:00.000020689,0.9958329498772693
1970-01-01 00:00:00.000020690,0.9963691613309956
1970-01-01 00:00:00.000020691,0.9962695244148625
1970-01-01 00:00:00.000020692,0.9962695244148625
1970-01-01 00:00:00.000020693,0.9962695244148625
1970-01-01 00:00:00.000020694,0.9962695244148625
1970-01-01 00:00:00.000020695,0.9962695244148625
1970-01-01 00:00:00.000020696,0.9962695244148625
1970-01-01 00:00:00.000020697,0.9962695244148625
1970-01-01 00:00:00.000020698,0.9938521420243676
1970-01-01 00:00:00.000020699,0.996042420090671
1970-01-01 00:00:00.000020700,0.9942228764277441
1970-01-01 00:00:00.000020701,0.9936918946771137
1970-01-01 00:00:00.000020702,0.9946249673390699
1970-01-01 00:00:00.000020703,0.994525504842336
1970-01-01 00:00:00.000020704,0.994525504842336
1970-01-01 00:00:00.000020705,0.994525504842336
1970-01-01 00:00:00.000020706,0.994525504842336
1970-01-01 00:00:00.000020707,0.994525504842336
1970-01-01 00:00:00.000020708,0.994525504842336
1970-01-01 00:00:00.000020709,0.994525504842336
1970-01-01 00:00:00.000020710,0.994525504842336
1970-01-01 00:00:00.000020711,0.994525504842336
1970-01-01 00:00:00.000020712,0.994525504842336
1970-01-01 00:00:00.000020713,0.994525504842336
1970-01-01 00:00:00.000020714,0.994525504842336
1970-01-01 00:00:00.000020715,0.994525504842336
1970-01-01 00:00:00.000020716,0.994525504842336
1970-01-01 00:00:00.000020717,0.994525504842336
1970-01-01 00:00:00.000020718,0.994525504842336
1970-01-01 00:00:00.000020719,0.994525504842336
1970-01-01 00:00:00.000020720,0.994525504842336
1970-01-01 00:00:00.000020721,0.994525504842336
1970-01-01 00:00:00.000020722,0.994525504842336
1970-01-01 00:00:00.000020723,0.994525504842336
1970-01-01 00:00:00.000020724,0.994525504842336
1970-01-01 00:00:00.000020725,0.994525504842336
1970-01-01 00:00:00.000020726,0.994525504842336
1970-01-01 00:00:00.000020727,0.994525504842336
1970-01-01 00:00:00.000020728,0.994525504842336
1970-01-01 00:00:00.000020729,0.994525504842336
1970-01-01 00:00:00.000020730,0.994525504842336
1970-01-01 00:00:00.000020731,0.994525504842336
1970-01-01 00:00:00.000020732,0.994525504842336
1970-01-01 00:00:00.000020733,0.994525504842336
1970-01-01 00:00:00.000020734,0.994525504842336
1970-01-01 00:00:00.000020735,0.994525504842336
1970-01-01 00:00:00.000020736,0.994525504842336
1970-01-01 00:00:00.000020737,0.994525504842336
1970-01-01 00:00:00.000020738,0.994525504842336
1970-01-01 00:00:00.000020739,0.994525504842336
1970-01-01 00:00:00.000020740,0.994525504842336
1970-01-01 00:00:00.000020741,0.994525504842336
1970-01-01 00:00:00.000020742,0.994525504842336
1970-01-01 00:00:00.000020743,0.994525504842336
1970-01-01 00:00:00.000020744,0.994525504842336
1970-01-01 00:00:00.000020745,0.994525504842336
1970-01-01 00:00:00.000020746,0.994525504842336
1970-01-01 00:00:00.000020747,0.994525504842336
1970-01-01 00:00:00.000020748,0.994525504842336
1970-01-01 00:00:00.000020749,0.994525504842336
1970-01-01 00:00:00.000020750,0.994525504842336
1970-01-01 00:00:00.000020751,0.994525504842336
1970-01-01 00:00:00.000020752,0.994525504842336
1970-01-01 00:00:00.000020753,0.994525504842336
1970-01-01 00:00:00.000020754,0.994525504842336
1970-01-01 00:00:00.000020755,0.994525504842336
1970-01-01 00:00:00.000020756,0.994525504842336
1970-01-01 00:00:00.000020757,0.994525504842336
1970-01-01 00:00:00.000020758,0.9958282869149961
1970-01-01 00:00:00.000020759,0.9960371039586063
1970-01-01 00:00:00.000020760,0.9959375002482105
1970-01-01 00:00:00.000020761,0.9959375002482105
1970-01-01 00:00:00.000020762,0.9959375002482105
1970-01-01 00:00:00.000020763,0.9959375002482105
1970-01-01 00:00:00.000020764,0.9959375002482105
1970-01-01 00:00:00.000020765,0.9959375002482105
1970-01-01 00:00:00.000020766,0.9949970881888393
1970-01-01 00:00:00.000020767,0.9952949682451087
1970-01-01 00:00:00.000020768,0.9951954387482842
1970-01-01 00:00:00.000020769,0.9951954387482842
1970-01-01 00:00:00.000020770,0.9951954387482842
1970-01-01 00:00:00.000020771,0.9951954387482842
1970-01-01 00:00:00.000020772,0.9951954387482842
1970-01-01 00:00:00.000020773,0.9951954387482842
1970-01-01 00:00:00.000020774,0.9951954387482842
1970-01-01 00:00:00.000020775,0.9951954387482842
1970-01-01 00:00:00.000020776,0.9951954387482842
1970-01-01 00:00:00.000020777,0.9951954387482842
1970-01-01 00:00:00.000020778,0.9951954387482842
1970-01-01 00:00:00.000020779,0.9951954387482842
1970-01-01 00:00:00.000020780,0.9951954387482842
1970-01-01 00:00:00.000020781,0.9951954387482842
1970-01-01 00:00:00.000020782,0.9951954387482842
1970-01-01 00:00:00.000020783,0.9951954387482842
1970-01-01 00:00:00.000020784,0.9951954387482842
1970-01-01 00:00:00.000020785,0.9951954387482842
1970-01-01 00:00:00.000020786,0.9951954387482842
1970-01-01 00:00:00.000020787,0.995931382234893
1970-01-01 00:00:00.000020788,0.9971445821709312
1970-01-01 00:00:00.000020789,0.9970448677127141
1970-01-01 00:00:00.000020790,0.9970448677127141
1970-01-01 00:00:00.000020791,0.9970448677127141
1970-01-01 00:00:00.000020792,0.9970448677127141
1970-01-01 00:00:00.000020793,0.9927839373295443
1970-01-01 00:00:00.000020794,0.9950825273743251
1970-01-01 00:00:00.000020795,0.9949830191215877
1970-01-01 00:00:00.000020796,0.9949830191215877
1970-01-01 00:00:00.000020797,0.9949830191215877
1970-01-01 00:00:00.000020798,0.9949830191215877
1970-01-01 00:00:00.000020799,0.9949830191215877
1970-01-01 00:00:00.000020800,0.9949830191215877
1970-01-01 00:00:00.000020801,0.9949830191215877
1970-01-01 00:00:00.000020802,0.9949830191215877
1970-01-01 00:00:00.000020803,0.9949830191215877
1970-01-01 00:00:00.000020804,0.9949830191215877
1970-01-01 00:00:00.000020805,0.9949830191215877
1970-01-01 00:00:00.000020806,0.9949830191215877
1970-01-01 00:00:00.000020807,0.9949830191215877
1970-01-01 00:00:00.000020808,0.9949830191215877
1970-01-01 00:00:00.000020809,0.9949830191215877
1970-01-01 00:00:00.000020810,0.9949830191215877
1970-01-01 00:00:00.000020811,0.9949830191215877
1970-01-01 00:00:00.000020812,0.9949830191215877
1970-01-01 00:00:00.000020813,0.9949830191215877
1970-01-01 00:00:00.000020814,0.9949830191215877
1970-01-01 00:00:00.000020815,0.9949830191215877
1970-01-01 00:00:00.000020816,0.9949830191215877
1970-01-01 00:00:00.000020817,0.9949830191215877
1970-01-01 00:00:00.000020818,0.9949830191215877
1970-01-01 00:00:00.000020819,0.9949830191215877
1970-01-01 00:00:00.000020820,0.9949830191215877
1970-01-01 00:00:00.000020821,0.9949830191215877
1970-01-01 00:00:00.000020822,0.9949830191215877
1970-01-01 00:00:00.000020823,0.9949830191215877
1970-01-01 00:00:00.000020824,0.9949830191215877
1970-01-01 00:00:00.000020825,0.9949830191215877
1970-01-01 00:00:00.000020826,0.9949830191215877
1970-01-01 00:00:00.000020827,0.9949830191215877
1970-01-01 00:00:00.000020828,0.9949830191215877
1970-01-01 00:00:00.000020829,0.9949830191215877
1970-01-01 00:00:00.000020830,0.9949830191215877
1970-01-01 00:00:00.000020831,0.9949830191215877
1970-01-01 00:00:00.000020832,0.9949830191215877
1970-01-01 00:00:00.000020833,0.9949830191215877
1970-01-01 00:00:00.000020834,0.9949830191215877
1970-01-01 00:00:00.000020835,0.9949830191215877
1970-01-01 00:00:00.000020836,0.9949830191215877
1970-01-01 00:00:00.000020837,0.9949830191215877
1970-01-01 00:00:00.000020838,0.9949830191215877
1970-01-01 00:00:00.000020839,0.9949830191215877
1970-01-01 00:00:00.000020840,0.9949830191215877
1970-01-01 00:00:00.000020841,0.9949830191215877
1970-01-01 00:00:00.000020842,0.9949830191215877
1970-01-01 00:00:00.000020843,0.9949830191215877
1970-01-01 00:00:00.000020844,0.9949830191215877
1970-01-01 00:00:00.000020845,0.9949830191215877
1970-01-01 00:00:00.000020846,0.9949830191215877
1970-01-01 00:00:00.000020847,0.9949830191215877
1970-01-01 00:00:00.000020848,0.9949830191215877
1970-01-01 00:00:00.000020849,0.9949830191215877
1970-01-01 00:00:00.000020850,0.9949830191215877
1970-01-01 00:00:00.000020851,0.9949830191215877
1970-01-01 00:00:00.000020852,0.9949830191215877
1970-01-01 00:00:00.000020853,0.9949830191215877
1970-01-01 00:00:00.000020854,0.9949830191215877
1970-01-01 00:00:00.000020855,0.9949830191215877
1970-01-01 00:00:00.000020856,0.9949830191215877
1970-01-01 00:00:00.000020857,0.9949830191215877
1970-01-01 00:00:00.000020858,0.9949830191215877
1970-01-01 00:00:00.000020859,0.9949830191215877
1970-01-01 00:00:00.000020860,0.9949830191215877
1970-01-01 00:00:00.000020861,0.9949830191215877
1970-01-01 00:00:00.000020862,0.9949830191215877
1970-01-01 00:00:00.000020863,0.9949830191215877
1970-01-01 00:00:00.000020864,0.994947636170893
1970-01-01 00:00:00.000020865,0.9923191696269871
1970-01-01 00:00:00.000020866,0.9922199377100244
1970-01-01 00:00:00.000020867,0.9922199377100244
1970-01-01 00:00:00.000020868,0.9922199377100244
1970-01-01 00:00:00.000020869,0.9922199377100244
1970-01-01 00:00:00.000020870,0.9922199377100244
1970-01-01 00:00:00.000020871,0.9922199377100244
1970-01-01 00:00:00.000020872,0.9922199377100244
1970-01-01 00:00:00.000020873,0.9922199377100244
1970-01-01 00:00:00.000020874,0.9922199377100244
1970-01-01 00:00:00.000020875,0.9922199377100244
1970-01-01 00:00:00.000020876,0.9922199377100244
1970-01-01 00:00:00.000020877,0.9922199377100244
1970-01-01 00:00:00.000020878,0.9922199377100244
1970-01-01 00:00:00.000020879,0.9922199377100244
1970-01-01 00:00:00.000020880,0.9922199377100244
1970-01-01 00:00:00.000020881,0.9922199377100244
1970-01-01 00:00:00.000020882,0.9922199377100244
1970-01-01 00:00:00.000020883,0.9922199377100244
1970-01-01 00:00:00.000020884,0.9922199377100244
1970-01-01 00:00:00.000020885,0.9922199377100244
1970-01-01 00:00:00.000020886,0.9922199377100244
1970-01-01 00:00:00.000020887,0.9922199377100244
1970-01-01 00:00:00.000020888,0.9922199377100244
1970-01-01 00:00:00.000020889,0.9922199377100244
1970-01-01 00:00:00.000020890,0.9922199377100244
1970-01-01 00:00:00.000020891,0.9907600608234965
1970-01-01 00:00:00.000020892,0.9900528426317708
1970-01-01 00:00:00.000020893,0.9922689824531208
1970-01-01 00:00:00.000020894,0.9940663553948981
1970-01-01 00:00:00.000020895,0.9939669487593585
1970-01-01 00:00:00.000020896,0.9932130450268584
1970-01-01 00:00:00.000020897,0.9917136785582132
1970-01-01 00:00:00.000020898,0.9916145071903574
1970-01-01 00:00:00.000020899,0.9916145071903574
1970-01-01 00:00:00.000020900,0.9916145071903574
1970-01-01 00:00:00.000020901,0.9916145071903574
1970-01-01 00:00:00.000020902,0.9916145071903574
1970-01-01 00:00:00.000020903,0.9916145071903574
1970-01-01 00:00:00.000020904,0.9916145071903574
1970-01-01 00:00:00.000020905,0.9906657094878302
1970-01-01 00:00:00.000020906,0.9914857110956626
1970-01-01 00:00:00.000020907,0.991386562524553
1970-01-01 00:00:00.000020908,0.991386562524553
1970-01-01 00:00:00.000020909,0.991386562524553
1970-01-01 00:00:00.000020910,0.991386562524553
1970-01-01 00:00:00.000020911,0.991386562524553
1970-01-01 00:00:00.000020912,0.991386562524553
1970-01-01 00:00:00.000020913,0.991386562524553
1970-01-01 00:00:00.000020914,0.991386562524553
1970-01-01 00:00:00.000020915,0.991386562524553
1970-01-01 00:00:00.000020916,0.990570168067451
1970-01-01 00:00:00.000020917,0.988637746000725
1970-01-01 00:00:00.000020918,0.9898170216014823
1970-01-01 00:00:00.000020919,0.9897180398993222
1970-01-01 00:00:00.000020920,0.9897180398993222
1970-01-01 00:00:00.000020921,0.9897180398993222
1970-01-01 00:00:00.000020922,0.9897180398993222
1970-01-01 00:00:00.000020923,0.9897180398993222
1970-01-01 00:00:00.000020924,0.9897180398993222
1970-01-01 00:00:00.000020925,0.9897180398993222
1970-01-01 00:00:00.000020926,0.9897180398993222
1970-01-01 00:00:00.000020927,0.9897180398993222
1970-01-01 00:00:00.000020928,0.9897180398993222
1970-01-01 00:00:00.000020929,0.9897180398993222
1970-01-01 00:00:00.000020930,0.9897180398993222
1970-01-01 00:00:00.000020931,0.9897180398993222
1970-01-01 00:00:00.000020932,0.9897180398993222
1970-01-01 00:00:00.000020933,0.9897180398993222
1970-01-01 00:00:00.000020934,0.9897180398993222
1970-01-01 00:00:00.000020935,0.9897180398993222
1970-01-01 00:00:00.000020936,0.9897180398993222
1970-01-01 00:00:00.000020937,0.9897180398993222
1970-01-01 00:00:00.000020938,0.9897180398993222
1970-01-01 00:00:00.000020939,0.9897180398993222
1970-01-01 00:00:00.000020940,0.9897180398993222
1970-01-01 00:00:00.000020941,0.9897180398993222
1970-01-01 00:00:00.000020942,0.9897180398993222
1970-01-01 00:00:00.000020943,0.9897180398993222
1970-01-01 00:00:00.000020944,0.9897180398993222
1970-01-01 00:00:00.000020945,0.9897180398993222
1970-01-01 00:00:00.000020946,0.9897180398993222
1970-01-01 00:00:00.000020947,0.9897180398993222
1970-01-01 00:00:00.000020948,0.9897180398993222
1970-01-01 00:00:00.000020949,0.9897180398993222
1970-01-01 00:00:00.000020950,0.9897180398993222
1970-01-01 00:00:00.000020951,0.9897180398993222
1970-01-01 00:00:00.000020952,0.9897180398993222
1970-01-01 00:00:00.000020953,0.9897180398993222
1970-01-01 00:00:00.000020954,0.9897180398993222
1970-01-01 00:00:00.000020955,0.9897180398993222
1970-01-01 00:00:00.000020956,0.9897180398993222
1970-01-01 00:00:00.000020957,0.9897180398993222
1970-01-01 00:00:00.000020958,0.9897180398993222
1970-01-01 00:00:00.000020959,0.9897180398993222
1970-01-01 00:00:00.000020960,0.9897180398993222
1970-01-01 00:00:00.000020961,0.9897180398993222
1970-01-01 00:00:00.000020962,0.9897180398993222
1970-01-01 00:00:00.000020963,0.9897180398993222
1970-01-01 00:00:00.000020964,0.9897180398993222
1970-01-01 00:00:00.000020965,0.9897180398993222
1970-01-01 00:00:00.000020966,0.9897180398993222
1970-01-01 00:00:00.000020967,0.9897180398993222
1970-01-01 00:00:00.000020968,0.9897180398993222
1970-01-01 00:00:00.000020969,0.9897180398993222
1970-01-01 00:00:00.000020970,0.9897180398993222
1970-01-01 00:00:00.000020971,0.9897180398993222
1970-01-01 00:00:00.000020972,0.9897180398993222
1970-01-01 00:00:00.000020973,0.9897180398993222
1970-01-01 00:00:00.000020974,0.9885057379093232
1970-01-01 00:00:00.000020975,0.9864999590359113
1970-01-01 00:00:00.000020976,0.9864013090400077
1970-01-01 00:00:00.000020977,0.9864013090400077
1970-01-01 00:00:00.000020978,0.9864013090400077
1970-01-01 00:00:00.000020979,0.9864013090400077
1970-01-01 00:00:00.000020980,0.9864013090400077
1970-01-01 00:00:00.000020981,0.9864013090400077
1970-01-01 00:00:00.000020982,0.9864013090400077
1970-01-01 00:00:00.000020983,0.9864013090400077
1970-01-01 00:00:00.000020984,0.9864013090400077
1970-01-01 00:00:00.000020985,0.9871491852022506
1970-01-01 00:00:00.000020986,0.9864143112383496
1970-01-01 00:00:00.000020987,0.9863156698072257
1970-01-01 00:00:00.000020988,0.9863156698072257
1970-01-01 00:00:00.000020989,0.9863156698072257
1970-01-01 00:00:00.000020990,0.9863156698072257
1970-01-01 00:00:00.000020991,0.9858535825640234
1970-01-01 00:00:00.000020992,0.9861329928577088
1970-01-01 00:00:00.000020993,0.9860343795584231
1970-01-01 00:00:00.000020994,0.9872881123886303
1970-01-01 00:00:00.000020995,0.9884250382147977
1970-01-01 00:00:00.000020996,0.9883261957109762
1970-01-01 00:00:00.000020997,0.9883261957109762
1970-01-01 00:00:00.000020998,0.9883261957109762
1970-01-01 00:00:00.000020999,0.9883261957109762
1970-01-01 00:00:00.000021000,0.9883261957109762
1970-01-01 00:00:00.000021001,0.9883261957109762
1970-01-01 00:00:00.000021002,0.9883261957109762
1970-01-01 00:00:00.000021003,0.9883261957109762
1970-01-01 00:00:00.000021004,0.9883261957109762
1970-01-01 00:00:00.000021005,0.9883261957109762
1970-01-01 00:00:00.000021006,0.9883261957109762
1970-01-01 00:00:00.000021007,0.9883261957109762
1970-01-01 00:00:00.000021008,0.9883261957109762
1970-01-01 00:00:00.000021009,0.9883261957109762
1970-01-01 00:00:00.000021010,0.9883261957109762
1970-01-01 00:00:00.000021011,0.9883261957109762
1970-01-01 00:00:00.000021012,0.9883261957109762
1970-01-01 00:00:00.000021013,0.9883261957109762
1970-01-01 00:00:00.000021014,0.9883261957109762
1970-01-01 00:00:00.000021015,0.9883261957109762
1970-01-01 00:00:00.000021016,0.9883261957109762
1970-01-01 00:00:00.000021017,0.9883261957109762
1970-01-01 00:00:00.000021018,0.9883261957109762
1970-01-01 00:00:00.000021019,0.9883261957109762
1970-01-01 00:00:00.000021020,0.9883261957109762
1970-01-01 00:00:00.000021021,0.9883261957109762
1970-01-01 00:00:00.000021022,0.9883261957109762
1970-01-01 00:00:00.000021023,0.9883261957109762
1970-01-01 00:00:00.000021024,0.9883261957109762
1970-01-01 00:00:00.000021025,0.9883261957109762
1970-01-01 00:00:00.000021026,0.9883261957109762
1970-01-01 00:00:00.000021027,0.9874722800884052
1970-01-01 00:00:00.000021028,0.985258664690837
1970-01-01 00:00:00.000021029,0.9845654298234979
1970-01-01 00:00:00.000021030,0.9850577563606965
1970-01-01 00:00:00.000021031,0.9849592505850604
1970-01-01 00:00:00.000021032,0.9849592505850604
1970-01-01 00:00:00.000021033,0.9846417984111452
1970-01-01 00:00:00.000021034,0.9841925444536213
1970-01-01 00:00:00.000021035,0.9840941251991759
1970-01-01 00:00:00.000021036,0.9840941251991759
1970-01-01 00:00:00.000021037,0.9840941251991759
1970-01-01 00:00:00.000021038,0.9840941251991759
1970-01-01 00:00:00.000021039,0.9840941251991759
1970-01-01 00:00:00.000021040,0.9840941251991759
1970-01-01 00:00:00.000021041,0.9840941251991759
1970-01-01 00:00:00.000021042,0.9840941251991759
1970-01-01 00:00:00.000021043,0.9840941251991759
1970-01-01 00:00:00.000021044,0.9840941251991759
1970-01-01 00:00:00.000021045,0.9840941251991759
1970-01-01 00:00:00.000021046,0.9835841971407047
1970-01-01 00:00:00.000021047,0.9838692349744264
1970-01-01 00:00:00.000021048,0.983770848050929
1970-01-01 00:00:00.000021049,0.983770848050929
1970-01-01 00:00:00.000021050,0.983770848050929
1970-01-01 00:00:00.000021051,0.983770848050929
1970-01-01 00:00:00.000021052,0.983770848050929
1970-01-01 00:00:00.000021053,0.983770848050929
1970-01-01 00:00:00.000021054,0.9835379145028195
1970-01-01 00:00:00.000021055,0.9843074533471073
1970-01-01 00:00:00.000021056,0.9842090226017727
1970-01-01 00:00:00.000021057,0.9842090226017727
1970-01-01 00:00:00.000021058,0.9842090226017727
1970-01-01 00:00:00.000021059,0.9842090226017727
1970-01-01 00:00:00.000021060,0.9842090226017727
1970-01-01 00:00:00.000021061,0.9842090226017727
1970-01-01 00:00:00.000021062,0.9842090226017727
1970-01-01 00:00:00.000021063,0.9842090226017727
1970-01-01 00:00:00.000021064,0.9842090226017727
1970-01-01 00:00:00.000021065,0.9842090226017727
1970-01-01 00:00:00.000021066,0.9842090226017727
1970-01-01 00:00:00.000021067,0.9842090226017727
1970-01-01 00:00:00.000021068,0.9842090226017727
1970-01-01 00:00:00.000021069,0.9842090226017727
1970-01-01 00:00:00.000021070,0.9842090226017727
1970-01-01 00:00:00.000021071,0.9842090226017727
1970-01-01 00:00:00.000021072,0.9842090226017727
1970-01-01 00:00:00.000021073,0.9842090226017727
1970-01-01 00:00:00.000021074,0.9842090226017727
1970-01-01 00:00:00.000021075,0.9842090226017727
1970-01-01 00:00:00.000021076,0.9842090226017727
1970-01-01 00:00:00.000021077,0.9842090226017727
1970-01-01 00:00:00.000021078,0.9842090226017727
1970-01-01 00:00:00.000021079,0.9842090226017727
1970-01-01 00:00:00.000021080,0.9842090226017727
1970-01-01 00:00:00.000021081,0.9842090226017727
1970-01-01 00:00:00.000021082,0.9842090226017727
1970-01-01 00:00:00.000021083,0.9842090226017727
1970-01-01 00:00:00.000021084,0.9842090226017727
1970-01-01 00:00:00.000021085,0.9842090226017727
1970-01-01 00:00:00.000021086,0.9865531243633915
1970-01-01 00:00:00.000021087,0.9859784654833452
1970-01-01 00:00:00.000021088,0.9856085749913432
1970-01-01 00:00:00.000021089,0.9858697990087613
1970-01-01 00:00:00.000021090,0.9857712120288604
1970-01-01 00:00:00.000021091,0.9857712120288604
1970-01-01 00:00:00.000021092,0.9857712120288604
1970-01-01 00:00:00.000021093,0.9874680613493891
1970-01-01 00:00:00.000021094,0.9886809036732616
1970-01-01 00:00:00.000021095,0.9885820355828943
1970-01-01 00:00:00.000021096,0.9885820355828943
1970-01-01 00:00:00.000021097,0.9868189966274511
1970-01-01 00:00:00.000021098,0.9875912809019709
1970-01-01 00:00:00.000021099,0.9874925217738807
1970-01-01 00:00:00.000021100,0.9874925217738807
1970-01-01 00:00:00.000021101,0.9874925217738807
1970-01-01 00:00:00.000021102,0.9874925217738807
1970-01-01 00:00:00.000021103,0.9874925217738807
1970-01-01 00:00:00.000021104,0.9874925217738807
1970-01-01 00:00:00.000021105,0.9874925217738807
1970-01-01 00:00:00.000021106,0.9874925217738807
1970-01-01 00:00:00.000021107,0.9874925217738807
1970-01-01 00:00:00.000021108,0.9874925217738807
1970-01-01 00:00:00.000021109,0.9874925217738807
1970-01-01 00:00:00.000021110,0.9874925217738807
1970-01-01 00:00:00.000021111,0.9874925217738807
1970-01-01 00:00:00.000021112,0.9874925217738807
1970-01-01 00:00:00.000021113,0.9874925217738807
1970-01-01 00:00:00.000021114,0.9874925217738807
1970-01-01 00:00:00.000021115,0.9874925217738807
1970-01-01 00:00:00.000021116,0.9874925217738807
1970-01-01 00:00:00.000021117,0.9866856186379381
1970-01-01 00:00:00.000021118,0.9863347895401753
1970-01-01 00:00:00.000021119,0.9866233147716607
1970-01-01 00:00:00.000021120,0.9865246524401835
1970-01-01 00:00:00.000021121,0.9865246524401835
1970-01-01 00:00:00.000021122,0.9865246524401835
1970-01-01 00:00:00.000021123,0.9865246524401835
1970-01-01 00:00:00.000021124,0.9865246524401835
1970-01-01 00:00:00.000021125,0.9865246524401835
1970-01-01 00:00:00.000021126,0.9865246524401835
1970-01-01 00:00:00.000021127,0.9865246524401835
1970-01-01 00:00:00.000021128,0.9865246524401835
1970-01-01 00:00:00.000021129,0.9865246524401835
1970-01-01 00:00:00.000021130,0.9865246524401835
1970-01-01 00:00:00.000021131,0.9865246524401835
1970-01-01 00:00:00.000021132,0.9865246524401835
1970-01-01 00:00:00.000021133,0.9865246524401835
1970-01-01 00:00:00.000021134,0.9865246524401835
1970-01-01 00:00:00.000021135,0.9865246524401835
1970-01-01 00:00:00.000021136,0.9865246524401835
1970-01-01 00:00:00.000021137,0.9865246524401835
1970-01-01 00:00:00.000021138,0.9865246524401835
1970-01-01 00:00:00.000021139,0.9865246524401835
1970-01-01 00:00:00.000021140,0.9865246524401835
1970-01-01 00:00:00.000021141,0.9865246524401835
1970-01-01 00:00:00.000021142,0.9865246524401835
1970-01-01 00:00:00.000021143,0.9865246524401835
1970-01-01 00:00:00.000021144,0.9865246524401835
1970-01-01 00:00:00.000021145,0.9865246524401835
1970-01-01 00:00:00.000021146,0.9865246524401835
1970-01-01 00:00:00.000021147,0.9865246524401835
1970-01-01 00:00:00.000021148,0.9865246524401835
1970-01-01 00:00:00.000021149,0.9865246524401835
1970-01-01 00:00:00.000021150,0.9865246524401835
1970-01-01 00:00:00.000021151,0.9865246524401835
1970-01-01 00:00:00.000021152,0.9865246524401835
1970-01-01 00:00:00.000021153,0.9865246524401835
1970-01-01 00:00:00.000021154,0.9865246524401835
1970-01-01 00:00:00.000021155,0.9865246524401835
1970-01-01 00:00:00.000021156,0.9865246524401835
1970-01-01 00:00:00.000021157,0.9865246524401835
1970-01-01 00:00:00.000021158,0.9865246524401835
1970-01-01 00:00:00.000021159,0.9865246524401835
1970-01-01 00:00:00.000021160,0.9865246524401835
1970-01-01 00:00:00.000021161,0.9865246524401835
1970-01-01 00:00:00.000021162,0.9865246524401835
1970-01-01 00:00:00.000021163,0.9865246524401835
1970-01-01 00:00:00.000021164,0.9865246524401835
1970-01-01 00:00:00.000021165,0.9861472920111019
1970-01-01 00:00:00.000021166,0.9850958277597999
1970-01-01 00:00:00.000021167,0.9849973181770239
1970-01-01 00:00:00.000021168,0.9849973181770239
1970-01-01 00:00:00.000021169,0.9849973181770239
1970-01-01 00:00:00.000021170,0.9849973181770239
1970-01-01 00:00:00.000021171,0.9830767902602285
1970-01-01 00:00:00.000021172,0.9840022616098277
1970-01-01 00:00:00.000021173,0.9839038613836668
1970-01-01 00:00:00.000021174,0.9839038613836668
1970-01-01 00:00:00.000021175,0.9839038613836668
1970-01-01 00:00:00.000021176,0.9839038613836668
1970-01-01 00:00:00.000021177,0.9839038613836668
1970-01-01 00:00:00.000021178,0.9839038613836668
1970-01-01 00:00:00.000021179,0.9839038613836668
1970-01-01 00:00:00.000021180,0.9839038613836668
1970-01-01 00:00:00.000021181,0.9839038613836668
1970-01-01 00:00:00.000021182,0.9839038613836668
1970-01-01 00:00:00.000021183,0.9839038613836668
1970-01-01 00:00:00.000021184,0.9839038613836668
1970-01-01 00:00:00.000021185,0.9839038613836668
1970-01-01 00:00:00.000021186,0.9839038613836668
1970-01-01 00:00:00.000021187,0.9845709267707788
1970-01-01 00:00:00.000021188,0.9846086264447588
1970-01-01 00:00:00.000021189,0.9845101655821143
1970-01-01 00:00:00.000021190,0.9845101655821143
1970-01-01 00:00:00.000021191,0.9845101655821143
1970-01-01 00:00:00.000021192,0.9845101655821143
1970-01-01 00:00:00.000021193,0.9845101655821143
1970-01-01 00:00:00.000021194,0.9845101655821143
1970-01-01 00:00:00.000021195,0.9845101655821143
1970-01-01 00:00:00.000021196,0.9845101655821143
1970-01-01 00:00:00.000021197,0.9845101655821143
1970-01-01 00:00:00.000021198,0.9845101655821143
1970-01-01 00:00:00.000021199,0.9845101655821143
1970-01-01 00:00:00.000021200,0.9845101655821143
1970-01-01 00:00:00.000021201,0.9845101655821143
1970-01-01 00:00:00.000021202,0.9845101655821143
1970-01-01 00:00:00.000021203,0.9845101655821143
1970-01-01 00:00:00.000021204,0.9845101655821143
1970-01-01 00:00:00.000021205,0.9845101655821143
1970-01-01 00:00:00.000021206,0.9845101655821143
1970-01-01 00:00:00.000021207,0.9845101655821143
1970-01-01 00:00:00.000021208,0.9845101655821143
1970-01-01 00:00:00.000021209,0.9845101655821143
1970-01-01 00:00:00.000021210,0.9845101655821143
1970-01-01 00:00:00.000021211,0.9845101655821143
1970-01-01 00:00:00.000021212,0.9845101655821143
1970-01-01 00:00:00.000021213,0.9845068261101056
1970-01-01 00:00:00.000021214,0.9845152796242669
1970-01-01 00:00:00.000021215,0.9854599598317848
1970-01-01 00:00:00.000021216,0.9853614138358017
1970-01-01 00:00:00.000021217,0.9853614138358017
1970-01-01 00:00:00.000021218,0.9853614138358017
1970-01-01 00:00:00.000021219,0.9853614138358017
1970-01-01 00:00:00.000021220,0.9853614138358017
1970-01-01 00:00:00.000021221,0.9853614138358017
1970-01-01 00:00:00.000021222,0.9853614138358017
1970-01-01 00:00:00.000021223,0.9853614138358017
1970-01-01 00:00:00.000021224,0.9853614138358017
1970-01-01 00:00:00.000021225,0.9853614138358017
1970-01-01 00:00:00.000021226,0.9853614138358017
1970-01-01 00:00:00.000021227,0.9853614138358017
1970-01-01 00:00:00.000021228,0.9853614138358017
1970-01-01 00:00:00.000021229,0.9853614138358017
1970-01-01 00:00:00.000021230,0.9853614138358017
1970-01-01 00:00:00.000021231,0.9853614138358017
1970-01-01 00:00:00.000021232,0.9853614138358017
1970-01-01 00:00:00.000021233,0.9853614138358017
1970-01-01 00:00:00.000021234,0.9853614138358017
1970-01-01 00:00:00.000021235,0.9853614138358017
1970-01-01 00:00:00.000021236,0.9853614138358017
1970-01-01 00:00:00.000021237,0.9853614138358017
1970-01-01 00:00:00.000021238,0.9853614138358017
1970-01-01 00:00:00.000021239,0.9853614138358017
1970-01-01 00:00:00.000021240,0.9853614138358017
1970-01-01 00:00:00.000021241,0.9853614138358017
1970-01-01 00:00:00.000021242,0.9853614138358017
1970-01-01 00:00:00.000021243,0.9853614138358017
1970-01-01 00:00:00.000021244,0.9853614138358017
1970-01-01 00:00:00.000021245,0.9853614138358017
1970-01-01 00:00:00.000021246,0.9853614138358017
1970-01-01 00:00:00.000021247,0.9853614138358017
1970-01-01 00:00:00.000021248,0.9853614138358017
1970-01-01 00:00:00.000021249,0.9853614138358017
1970-01-01 00:00:00.000021250,0.9853614138358017
1970-01-01 00:00:00.000021251,0.9853614138358017
1970-01-01 00:00:00.000021252,0.9853614138358017
1970-01-01 00:00:00.000021253,0.9853614138358017
1970-01-01 00:00:00.000021254,0.9853614138358017
1970-01-01 00:00:00.000021255,0.9853614138358017
1970-01-01 00:00:00.000021256,0.9853614138358017
1970-01-01 00:00:00.000021257,0.9853655110927958
1970-01-01 00:00:00.000021258,0.9838816022197648
1970-01-01 00:00:00.000021259,0.9837832140595428
1970-01-01 00:00:00.000021260,0.9837832140595428
1970-01-01 00:00:00.000021261,0.9837832140595428
1970-01-01 00:00:00.000021262,0.9837832140595428
1970-01-01 00:00:00.000021263,0.9837832140595428
1970-01-01 00:00:00.000021264,0.9837832140595428
1970-01-01 00:00:00.000021265,0.9837832140595428
1970-01-01 00:00:00.000021266,0.9837832140595428
1970-01-01 00:00:00.000021267,0.9837832140595428
1970-01-01 00:00:00.000021268,0.9837832140595428
1970-01-01 00:00:00.000021269,0.9837832140595428
1970-01-01 00:00:00.000021270,0.9829047535580415
1970-01-01 00:00:00.000021271,0.9840950066381952
1970-01-01 00:00:00.000021272,0.9839965971375314
1970-01-01 00:00:00.000021273,0.9837159789534071
1970-01-01 00:00:00.000021274,0.9837076971216261
1970-01-01 00:00:00.000021275,0.984571823449661
1970-01-01 00:00:00.000021276,0.9829197636459767
1970-01-01 00:00:00.000021277,0.9832851580641567
1970-01-01 00:00:00.000021278,0.9840058430657439
1970-01-01 00:00:00.000021279,0.98417280479445
1970-01-01 00:00:00.000021280,0.9832189862282262
1970-01-01 00:00:00.000021281,0.983658834314118
1970-01-01 00:00:00.000021282,0.9828193878447905
1970-01-01 00:00:00.000021283,0.9820720353448683
1970-01-01 00:00:00.000021284,0.9810118780585758
1970-01-01 00:00:00.000021285,0.9815653528765036
1970-01-01 00:00:00.000021286,0.9815653528765036
1970-01-01 00:00:00.000021287,0.9818453616090209
1970-01-01 00:00:00.000021288,0.9808534466166042
1970-01-01 00:00:00.000021289,0.9819150118142995
1970-01-01 00:00:00.000021290,0.9818168203131181
1970-01-01 00:00:00.000021291,0.9818168203131181
1970-01-01 00:00:00.000021292,0.9818168203131181
1970-01-01 00:00:00.000021293,0.9825036397676951
1970-01-01 00:00:00.000021294,0.9825036397676951
1970-01-01 00:00:00.000021295,0.979600419353661
1970-01-01 00:00:00.000021296,0.9795024593117256
1970-01-01 00:00:00.000021297,0.9827500040202486
1970-01-01 00:00:00.000021298,0.9797279320889899
1970-01-01 00:00:00.000021299,0.979629959295781
1970-01-01 00:00:00.000021300,0.979629959295781
1970-01-01 00:00:00.000021301,0.979629959295781
1970-01-01 00:00:00.000021302,0.979629959295781
1970-01-01 00:00:00.000021303,0.979629959295781
1970-01-01 00:00:00.000021304,0.979629959295781
1970-01-01 00:00:00.000021305,0.979629959295781
1970-01-01 00:00:00.000021306,0.979629959295781
1970-01-01 00:00:00.000021307,0.979629959295781
1970-01-01 00:00:00.000021308,0.979629959295781
1970-01-01 00:00:00.000021309,0.979629959295781
1970-01-01 00:00:00.000021310,0.979629959295781
1970-01-01 00:00:00.000021311,0.979629959295781
1970-01-01 00:00:00.000021312,0.979629959295781
1970-01-01 00:00:00.000021313,0.979629959295781
1970-01-01 00:00:00.000021314,0.979629959295781
1970-01-01 00:00:00.000021315,0.979629959295781
1970-01-01 00:00:00.000021316,0.979629959295781
1970-01-01 00:00:00.000021317,0.979629959295781
1970-01-01 00:00:00.000021318,0.979629959295781
1970-01-01 00:00:00.000021319,0.979629959295781
1970-01-01 00:00:00.000021320,0.979629959295781
1970-01-01 00:00:00.000021321,0.979629959295781
1970-01-01 00:00:00.000021322,0.979629959295781
1970-01-01 00:00:00.000021323,0.979629959295781
1970-01-01 00:00:00.000021324,0.979629959295781
1970-01-01 00:00:00.000021325,0.979629959295781
1970-01-01 00:00:00.000021326,0.979629959295781
1970-01-01 00:00:00.000021327,0.979629959295781
1970-01-01 00:00:00.000021328,0.979629959295781
1970-01-01 00:00:00.000021329,0.979629959295781
1970-01-01 00:00:00.000021330,0.979629959295781
1970-01-01 00:00:00.000021331,0.979629959295781
1970-01-01 00:00:00.000021332,0.979629959295781
1970-01-01 00:00:00.000021333,0.979629959295781
1970-01-01 00:00:00.000021334,0.979629959295781
1970-01-01 00:00:00.000021335,0.979629959295781
1970-01-01 00:00:00.000021336,0.979629959295781
1970-01-01 00:00:00.000021337,0.979629959295781
1970-01-01 00:00:00.000021338,0.979629959295781
1970-01-01 00:00:00.000021339,0.979629959295781
1970-01-01 00:00:00.000021340,0.979629959295781
1970-01-01 00:00:00.000021341,0.979629959295781
1970-01-01 00:00:00.000021342,0.979629959295781
1970-01-01 00:00:00.000021343,0.979629959295781
1970-01-01 00:00:00.000021344,0.979629959295781
1970-01-01 00:00:00.000021345,0.979629959295781
1970-01-01 00:00:00.000021346,0.979629959295781
1970-01-01 00:00:00.000021347,0.979629959295781
1970-01-01 00:00:00.000021348,0.979629959295781
1970-01-01 00:00:00.000021349,0.979629959295781
1970-01-01 00:00:00.000021350,0.979629959295781
1970-01-01 00:00:00.000021351,0.979629959295781
1970-01-01 00:00:00.000021352,0.979629959295781
1970-01-01 00:00:00.000021353,0.979629959295781
1970-01-01 00:00:00.000021354,0.979629959295781
1970-01-01 00:00:00.000021355,0.979629959295781
1970-01-01 00:00:00.000021356,0.979629959295781
1970-01-01 00:00:00.000021357,0.979629959295781
1970-01-01 00:00:00.000021358,0.979629959295781
1970-01-01 00:00:00.000021359,0.976543090515906
1970-01-01 00:00:00.000021360,0.9763831142987477
1970-01-01 00:00:00.000021361,0.9717194297679692
1970-01-01 00:00:00.000021362,0.9720744810980767
1970-01-01 00:00:00.000021363,0.9710977243267832
1970-01-01 00:00:00.000021364,0.9710006145543505
1970-01-01 00:00:00.000021365,0.9762396025829442
1970-01-01 00:00:00.000021366,0.9747606078401594
1970-01-01 00:00:00.000021367,0.9752251237901834
1970-01-01 00:00:00.000021368,0.9751276012778044
1970-01-01 00:00:00.000021369,0.9766603311428917
1970-01-01 00:00:00.000021370,0.9777843755450223
1970-01-01 00:00:00.000021371,0.9776865971074677
1970-01-01 00:00:00.000021372,0.9776865971074677
1970-01-01 00:00:00.000021373,0.9776865971074677
1970-01-01 00:00:00.000021374,0.9776865971074677
1970-01-01 00:00:00.000021375,0.9776865971074677
1970-01-01 00:00:00.000021376,0.9776865971074677
1970-01-01 00:00:00.000021377,0.9776865971074677
1970-01-01 00:00:00.000021378,0.9775859757683216
1970-01-01 00:00:00.000021379,0.9772066073441678
1970-01-01 00:00:00.000021380,0.9771088866834333
1970-01-01 00:00:00.000021381,0.9771088866834333
1970-01-01 00:00:00.000021382,0.9771088866834333
1970-01-01 00:00:00.000021383,0.9771088866834333
1970-01-01 00:00:00.000021384,0.9771088866834333
1970-01-01 00:00:00.000021385,0.9771088866834333
1970-01-01 00:00:00.000021386,0.9771088866834333
1970-01-01 00:00:00.000021387,0.9771088866834333
1970-01-01 00:00:00.000021388,0.9771088866834333
1970-01-01 00:00:00.000021389,0.9771088866834333
1970-01-01 00:00:00.000021390,0.9771088866834333
1970-01-01 00:00:00.000021391,0.9771088866834333
1970-01-01 00:00:00.000021392,0.9771088866834333
1970-01-01 00:00:00.000021393,0.9771088866834333
1970-01-01 00:00:00.000021394,0.9771088866834333
1970-01-01 00:00:00.000021395,0.9771088866834333
1970-01-01 00:00:00.000021396,0.9771088866834333
1970-01-01 00:00:00.000021397,0.9744547383689627
1970-01-01 00:00:00.000021398,0.974473125798923
1970-01-01 00:00:00.000021399,0.9743756784863431
1970-01-01 00:00:00.000021400,0.9737960519279151
1970-01-01 00:00:00.000021401,0.9753901236130198
1970-01-01 00:00:00.000021402,0.9752925846006585
1970-01-01 00:00:00.000021403,0.9752925846006585
1970-01-01 00:00:00.000021404,0.9752925846006585
1970-01-01 00:00:00.000021405,0.9752925846006585
1970-01-01 00:00:00.000021406,0.9752925846006585
1970-01-01 00:00:00.000021407,0.9752925846006585
1970-01-01 00:00:00.000021408,0.9752925846006585
1970-01-01 00:00:00.000021409,0.9752925846006585
1970-01-01 00:00:00.000021410,0.9752925846006585
1970-01-01 00:00:00.000021411,0.9752925846006585
1970-01-01 00:00:00.000021412,0.9752925846006585
1970-01-01 00:00:00.000021413,0.9752925846006585
1970-01-01 00:00:00.000021414,0.9752925846006585
1970-01-01 00:00:00.000021415,0.9752925846006585
1970-01-01 00:00:00.000021416,0.9752925846006585
1970-01-01 00:00:00.000021417,0.9752925846006585
1970-01-01 00:00:00.000021418,0.9752925846006585
1970-01-01 00:00:00.000021419,0.9752925846006585
1970-01-01 00:00:00.000021420,0.9752925846006585
1970-01-01 00:00:00.000021421,0.9752925846006585
1970-01-01 00:00:00.000021422,0.9752925846006585
1970-01-01 00:00:00.000021423,0.9752925846006585
1970-01-01 00:00:00.000021424,0.9758835635532662
1970-01-01 00:00:00.000021425,0.9762935773062134
1970-01-01 00:00:00.000021426,0.9761959479484827
1970-01-01 00:00:00.000021427,0.9761959479484827
1970-01-01 00:00:00.000021428,0.9761959479484827
1970-01-01 00:00:00.000021429,0.9751041984839394
1970-01-01 00:00:00.000021430,0.9777373914784271
1970-01-01 00:00:00.000021431,0.9776396177392792
1970-01-01 00:00:00.000021432,0.9776396177392792
1970-01-01 00:00:00.000021433,0.9776396177392792
1970-01-01 00:00:00.000021434,0.9776396177392792
1970-01-01 00:00:00.000021435,0.9776396177392792
1970-01-01 00:00:00.000021436,0.9776396177392792
1970-01-01 00:00:00.000021437,0.9776396177392792
1970-01-01 00:00:00.000021438,0.9776396177392792
1970-01-01 00:00:00.000021439,0.9776396177392792
1970-01-01 00:00:00.000021440,0.9776396177392792
1970-01-01 00:00:00.000021441,0.9776396177392792
1970-01-01 00:00:00.000021442,0.9776396177392792
1970-01-01 00:00:00.000021443,0.9776396177392792
1970-01-01 00:00:00.000021444,0.9776396177392792
1970-01-01 00:00:00.000021445,0.9776396177392792
1970-01-01 00:00:00.000021446,0.9776396177392792
1970-01-01 00:00:00.000021447,0.9776396177392792
1970-01-01 00:00:00.000021448,0.9776396177392792
1970-01-01 00:00:00.000021449,0.9776396177392792
1970-01-01 00:00:00.000021450,0.977954790986474
1970-01-01 00:00:00.000021451,0.9763936133837773
1970-01-01 00:00:00.000021452,0.976295974022439
1970-01-01 00:00:00.000021453,0.976295974022439
1970-01-01 00:00:00.000021454,0.976295974022439
1970-01-01 00:00:00.000021455,0.976295974022439
1970-01-01 00:00:00.000021456,0.9771840310206573
1970-01-01 00:00:00.000021457,0.9823060214275721
1970-01-01 00:00:00.000021458,0.9822077908254293
1970-01-01 00:00:00.000021459,0.9822077908254293
1970-01-01 00:00:00.000021460,0.9822077908254293
1970-01-01 00:00:00.000021461,0.9822077908254293
1970-01-01 00:00:00.000021462,0.9822077908254293
1970-01-01 00:00:00.000021463,0.9822077908254293
1970-01-01 00:00:00.000021464,0.9822077908254293
1970-01-01 00:00:00.000021465,0.9822077908254293
1970-01-01 00:00:00.000021466,0.9822077908254293
1970-01-01 00:00:00.000021467,0.9822077908254293
1970-01-01 00:00:00.000021468,0.9822077908254293
1970-01-01 00:00:00.000021469,0.9822077908254293
1970-01-01 00:00:00.000021470,0.9822077908254293
1970-01-01 00:00:00.000021471,0.9822077908254293
1970-01-01 00:00:00.000021472,0.9822077908254293
1970-01-01 00:00:00.000021473,0.9822077908254293
1970-01-01 00:00:00.000021474,0.9822077908254293
1970-01-01 00:00:00.000021475,0.9822077908254293
1970-01-01 00:00:00.000021476,0.9822077908254293
1970-01-01 00:00:00.000021477,0.9822077908254293
1970-01-01 00:00:00.000021478,0.9822077908254293
1970-01-01 00:00:00.000021479,0.9822077908254293
1970-01-01 00:00:00.000021480,0.9822077908254293
1970-01-01 00:00:00.000021481,0.9822077908254293
1970-01-01 00:00:00.000021482,0.9822077908254293
1970-01-01 00:00:00.000021483,0.9822077908254293
1970-01-01 00:00:00.000021484,0.9822077908254293
1970-01-01 00:00:00.000021485,0.9822077908254293
1970-01-01 00:00:00.000021486,0.9822077908254293
1970-01-01 00:00:00.000021487,0.9822077908254293
1970-01-01 00:00:00.000021488,0.9822077908254293
1970-01-01 00:00:00.000021489,0.9822077908254293
1970-01-01 00:00:00.000021490,0.9822077908254293
1970-01-01 00:00:00.000021491,0.9822077908254293
1970-01-01 00:00:00.000021492,0.9822077908254293
1970-01-01 00:00:00.000021493,0.9822077908254293
1970-01-01 00:00:00.000021494,0.9822077908254293
1970-01-01 00:00:00.000021495,0.9822077908254293
1970-01-01 00:00:00.000021496,0.9822077908254293
1970-01-01 00:00:00.000021497,0.9822077908254293
1970-01-01 00:00:00.000021498,0.9822077908254293
1970-01-01 00:00:00.000021499,0.9822077908254293
1970-01-01 00:00:00.000021500,0.9822077908254293
1970-01-01 00:00:00.000021501,0.9822077908254293
1970-01-01 00:00:00.000021502,0.9822077908254293
1970-01-01 00:00:00.000021503,0.9822077908254293
1970-01-01 00:00:00.000021504,0.9822077908254293
1970-01-01 00:00:00.000021505,0.9822077908254293
1970-01-01 00:00:00.000021506,0.9805300886990236
1970-01-01 00:00:00.000021507,0.9776044666987878
1970-01-01 00:00:00.000021508,0.9788279875543414
1970-01-01 00:00:00.000021509,0.978730104755586
1970-01-01 00:00:00.000021510,0.9789679602423733
1970-01-01 00:00:00.000021511,0.9769321593202337
1970-01-01 00:00:00.000021512,0.9768344661043017
1970-01-01 00:00:00.000021513,0.9768344661043017
1970-01-01 00:00:00.000021514,0.9768344661043017
1970-01-01 00:00:00.000021515,0.9768344661043017
1970-01-01 00:00:00.000021516,0.9768344661043017
1970-01-01 00:00:00.000021517,0.9768344661043017
1970-01-01 00:00:00.000021518,0.9768344661043017
1970-01-01 00:00:00.000021519,0.9768344661043017
1970-01-01 00:00:00.000021520,0.9768344661043017
1970-01-01 00:00:00.000021521,0.9768344661043017
1970-01-01 00:00:00.000021522,0.9768344661043017
1970-01-01 00:00:00.000021523,0.9768344661043017
1970-01-01 00:00:00.000021524,0.9768344661043017
1970-01-01 00:00:00.000021525,0.9768344661043017
1970-01-01 00:00:00.000021526,0.9768344661043017
1970-01-01 00:00:00.000021527,0.9768344661043017
1970-01-01 00:00:00.000021528,0.9768344661043017
1970-01-01 00:00:00.000021529,0.9768344661043017
1970-01-01 00:00:00.000021530,0.9768344661043017
1970-01-01 00:00:00.000021531,0.9768344661043017
1970-01-01 00:00:00.000021532,0.9772005491389166
1970-01-01 00:00:00.000021533,0.9766060445502278
1970-01-01 00:00:00.000021534,0.9786769894995923
1970-01-01 00:00:00.000021535,0.9785791218006423
1970-01-01 00:00:00.000021536,0.9785791218006423
1970-01-01 00:00:00.000021537,0.9785791218006423
1970-01-01 00:00:00.000021538,0.9785791218006423
1970-01-01 00:00:00.000021539,0.9785791218006423
1970-01-01 00:00:00.000021540,0.9785791218006423
1970-01-01 00:00:00.000021541,0.9785791218006423
1970-01-01 00:00:00.000021542,0.9785791218006423
1970-01-01 00:00:00.000021543,0.9785791218006423
1970-01-01 00:00:00.000021544,0.9785791218006423
1970-01-01 00:00:00.000021545,0.9785791218006423
1970-01-01 00:00:00.000021546,0.9785791218006423
1970-01-01 00:00:00.000021547,0.9785791218006423
1970-01-01 00:00:00.000021548,0.9785791218006423
1970-01-01 00:00:00.000021549,0.9785791218006423
1970-01-01 00:00:00.000021550,0.9785791218006423
1970-01-01 00:00:00.000021551,0.9785791218006423
1970-01-01 00:00:00.000021552,0.9785791218006423
1970-01-01 00:00:00.000021553,0.9785791218006423
1970-01-01 00:00:00.000021554,0.9785791218006423
1970-01-01 00:00:00.000021555,0.9785791218006423
1970-01-01 00:00:00.000021556,0.9785791218006423
1970-01-01 00:00:00.000021557,0.9785791218006423
1970-01-01 00:00:00.000021558,0.9785791218006423
1970-01-01 00:00:00.000021559,0.9785791218006423
1970-01-01 00:00:00.000021560,0.9785791218006423
1970-01-01 00:00:00.000021561,0.9785791218006423
1970-01-01 00:00:00.000021562,0.9785791218006423
1970-01-01 00:00:00.000021563,0.9785791218006423
1970-01-01 00:00:00.000021564,0.9785791218006423
1970-01-01 00:00:00.000021565,0.9785791218006423
1970-01-01 00:00:00.000021566,0.9785791218006423
1970-01-01 00:00:00.000021567,0.9785791218006423
1970-01-01 00:00:00.000021568,0.9785791218006423
1970-01-01 00:00:00.000021569,0.9785791218006423
1970-01-01 00:00:00.000021570,0.9785791218006423
1970-01-01 00:00:00.000021571,0.9785791218006423
1970-01-01 00:00:00.000021572,0.9785791218006423
1970-01-01 00:00:00.000021573,0.9785791218006423
1970-01-01 00:00:00.000021574,0.9785791218006423
1970-01-01 00:00:00.000021575,0.9785791218006423
1970-01-01 00:00:00.000021576,0.9785791218006423
1970-01-01 00:00:00.000021577,0.9785791218006423
1970-01-01 00:00:00.000021578,0.9785791218006423
1970-01-01 00:00:00.000021579,0.9785791218006423
1970-01-01 00:00:00.000021580,0.9785791218006423
1970-01-01 00:00:00.000021581,0.9785791218006423
1970-01-01 00:00:00.000021582,0.9785791218006423
1970-01-01 00:00:00.000021583,0.9785791218006423
1970-01-01 00:00:00.000021584,0.9785791218006423
1970-01-01 00:00:00.000021585,0.9785791218006423
1970-01-01 00:00:00.000021586,0.9785791218006423
1970-01-01 00:00:00.000021587,0.9785791218006423
1970-01-01 00:00:00.000021588,0.9785791218006423
1970-01-01 00:00:00.000021589,0.9785791218006423
1970-01-01 00:00:00.000021590,0.9785791218006423
1970-01-01 00:00:00.000021591,0.9785791218006423
1970-01-01 00:00:00.000021592,0.9785791218006423
1970-01-01 00:00:00.000021593,0.9785791218006423
1970-01-01 00:00:00.000021594,0.9785791218006423
1970-01-01 00:00:00.000021595,0.9785791218006423
1970-01-01 00:00:00.000021596,0.9785791218006423
1970-01-01 00:00:00.000021597,0.9785791218006423
1970-01-01 00:00:00.000021598,0.9785791218006423
1970-01-01 00:00:00.000021599,0.9785791218006423
1970-01-01 00:00:00.000021600,0.9785791218006423
1970-01-01 00:00:00.000021601,0.9785791218006423
1970-01-01 00:00:00.000021602,0.9785791218006423
1970-01-01 00:00:00.000021603,0.9785791218006423
1970-01-01 00:00:00.000021604,0.9785791218006423
1970-01-01 00:00:00.000021605,0.9785791218006423
1970-01-01 00:00:00.000021606,0.9785791218006423
1970-01-01 00:00:00.000021607,0.9785791218006423
1970-01-01 00:00:00.000021608,0.9785791218006423
1970-01-01 00:00:00.000021609,0.9805660004553566
1970-01-01 00:00:00.000021610,0.9812267240335519
1970-01-01 00:00:00.000021611,0.9811286013611485
1970-01-01 00:00:00.000021612,0.9811286013611485
1970-01-01 00:00:00.000021613,0.9806562889171087
1970-01-01 00:00:00.000021614,0.9791659120794856
1970-01-01 00:00:00.000021615,0.9774927014988781
1970-01-01 00:00:00.000021616,0.9773949522287283
1970-01-01 00:00:00.000021617,0.9773949522287283
1970-01-01 00:00:00.000021618,0.9773949522287283
1970-01-01 00:00:00.000021619,0.9773949522287283
1970-01-01 00:00:00.000021620,0.9773949522287283
1970-01-01 00:00:00.000021621,0.9773949522287283
1970-01-01 00:00:00.000021622,0.9773949522287283
1970-01-01 00:00:00.000021623,0.9741252243723305
1970-01-01 00:00:00.000021624,0.9728818259783217
1970-01-01 00:00:00.000021625,0.9742372494544859
1970-01-01 00:00:00.000021626,0.9741398257295404
1970-01-01 00:00:00.000021627,0.9741398257295404
1970-01-01 00:00:00.000021628,0.9741398257295404
1970-01-01 00:00:00.000021629,0.9741398257295404
1970-01-01 00:00:00.000021630,0.9741398257295404
1970-01-01 00:00:00.000021631,0.9741398257295404
1970-01-01 00:00:00.000021632,0.9741398257295404
1970-01-01 00:00:00.000021633,0.9741398257295404
1970-01-01 00:00:00.000021634,0.9741398257295404
1970-01-01 00:00:00.000021635,0.9761405665549793
1970-01-01 00:00:00.000021636,0.9754493392154606
1970-01-01 00:00:00.000021637,0.9735800144919062
1970-01-01 00:00:00.000021638,0.9741391943473116
1970-01-01 00:00:00.000021639,0.9740417804278768
1970-01-01 00:00:00.000021640,0.9741980690240695
1970-01-01 00:00:00.000021641,0.9712960464904488
1970-01-01 00:00:00.000021642,0.9695562921191039
1970-01-01 00:00:00.000021643,0.9687304299172964
1970-01-01 00:00:00.000021644,0.9692396087197116
1970-01-01 00:00:00.000021645,0.9691426847588397
1970-01-01 00:00:00.000021646,0.9691426847588397
1970-01-01 00:00:00.000021647,0.9691426847588397
1970-01-01 00:00:00.000021648,0.9691426847588397
1970-01-01 00:00:00.000021649,0.9691426847588397
1970-01-01 00:00:00.000021650,0.9636536456206111
1970-01-01 00:00:00.000021651,0.9667571801915456
1970-01-01 00:00:00.000021652,0.9585355132207305
1970-01-01 00:00:00.000021653,0.958819016182816
1970-01-01 00:00:00.000021654,0.960106656316303
1970-01-01 00:00:00.000021655,0.9569541552629266
1970-01-01 00:00:00.000021656,0.9636783720728377
1970-01-01 00:00:00.000021657,0.9635820042356305
1970-01-01 00:00:00.000021658,0.9635820042356305
1970-01-01 00:00:00.000021659,0.9613522836548803
1970-01-01 00:00:00.000021660,0.9582268503619868
1970-01-01 00:00:00.000021661,0.9577262879340931
1970-01-01 00:00:00.000021662,0.9576305153052997
1970-01-01 00:00:00.000021663,0.9576305153052997
1970-01-01 00:00:00.000021664,0.9576305153052997
1970-01-01 00:00:00.000021665,0.9576305153052997
1970-01-01 00:00:00.000021666,0.9588272671346459
1970-01-01 00:00:00.000021667,0.9576365671278882
1970-01-01 00:00:00.000021668,0.9608096520813341
1970-01-01 00:00:00.000021669,0.9574379137551682
1970-01-01 00:00:00.000021670,0.9592641906665372
1970-01-01 00:00:00.000021671,0.9571479872111985
1970-01-01 00:00:00.000021672,0.9587343669906466
1970-01-01 00:00:00.000021673,0.9602392354353423
1970-01-01 00:00:00.000021674,0.9606440262554302
1970-01-01 00:00:00.000021675,0.9608404832149382
1970-01-01 00:00:00.000021676,0.9607443991666167
1970-01-01 00:00:00.000021677,0.9607443991666167
1970-01-01 00:00:00.000021678,0.9586840378202386
1970-01-01 00:00:00.000021679,0.957660457853397
1970-01-01 00:00:00.000021680,0.9602615523121358
1970-01-01 00:00:00.000021681,0.9585986920753657
1970-01-01 00:00:00.000021682,0.9585028322061582
1970-01-01 00:00:00.000021683,0.9585028322061582
1970-01-01 00:00:00.000021684,0.9585028322061582
1970-01-01 00:00:00.000021685,0.9577867936613527
1970-01-01 00:00:00.000021686,0.9604881552945833
1970-01-01 00:00:00.000021687,0.9603921064790538
1970-01-01 00:00:00.000021688,0.9603921064790538
1970-01-01 00:00:00.000021689,0.9603921064790538
1970-01-01 00:00:00.000021690,0.9603921064790538
1970-01-01 00:00:00.000021691,0.9603921064790538
1970-01-01 00:00:00.000021692,0.9603921064790538
1970-01-01 00:00:00.000021693,0.9603921064790538
1970-01-01 00:00:00.000021694,0.9603921064790538
1970-01-01 00:00:00.000021695,0.9603921064790538
1970-01-01 00:00:00.000021696,0.9603921064790538
1970-01-01 00:00:00.000021697,0.9603921064790538
1970-01-01 00:00:00.000021698,0.9603921064790538
1970-01-01 00:00:00.000021699,0.9598960053689304
1970-01-01 00:00:00.000021700,0.962109329743718
1970-01-01 00:00:00.000021701,0.9620131188107436
1970-01-01 00:00:00.000021702,0.9620131188107436
1970-01-01 00:00:00.000021703,0.9620131188107436
1970-01-01 00:00:00.000021704,0.9620131188107436
1970-01-01 00:00:00.000021705,0.9620131188107436
1970-01-01 00:00:00.000021706,0.9620131188107436
1970-01-01 00:00:00.000021707,0.9620131188107436
1970-01-01 00:00:00.000021708,0.9620131188107436
1970-01-01 00:00:00.000021709,0.9620131188107436
1970-01-01 00:00:00.000021710,0.9620131188107436
1970-01-01 00:00:00.000021711,0.9620131188107436
1970-01-01 00:00:00.000021712,0.9620131188107436
1970-01-01 00:00:00.000021713,0.9620131188107436
1970-01-01 00:00:00.000021714,0.9620131188107436
1970-01-01 00:00:00.000021715,0.9620131188107436
1970-01-01 00:00:00.000021716,0.9620131188107436
1970-01-01 00:00:00.000021717,0.9620131188107436
1970-01-01 00:00:00.000021718,0.9620131188107436
1970-01-01 00:00:00.000021719,0.9620131188107436
1970-01-01 00:00:00.000021720,0.9620131188107436
1970-01-01 00:00:00.000021721,0.9620131188107436
1970-01-01 00:00:00.000021722,0.9620131188107436
1970-01-01 00:00:00.000021723,0.9602365850318229
1970-01-01 00:00:00.000021724,0.9603491883400368
1970-01-01 00:00:00.000021725,0.9602531534212028
1970-01-01 00:00:00.000021726,0.9602531534212028
1970-01-01 00:00:00.000021727,0.9602531534212028
1970-01-01 00:00:00.000021728,0.9602531534212028
1970-01-01 00:00:00.000021729,0.9602531534212028
1970-01-01 00:00:00.000021730,0.9602531534212028
1970-01-01 00:00:00.000021731,0.9602531534212028
1970-01-01 00:00:00.000021732,0.9602531534212028
1970-01-01 00:00:00.000021733,0.9602531534212028
1970-01-01 00:00:00.000021734,0.9602531534212028
1970-01-01 00:00:00.000021735,0.9602531534212028
1970-01-01 00:00:00.000021736,0.9602531534212028
1970-01-01 00:00:00.000021737,0.9602531534212028
1970-01-01 00:00:00.000021738,0.9602531534212028
1970-01-01 00:00:00.000021739,0.9602531534212028
1970-01-01 00:00:00.000021740,0.9602531534212028
1970-01-01 00:00:00.000021741,0.9602531534212028
1970-01-01 00:00:00.000021742,0.9602531534212028
1970-01-01 00:00:00.000021743,0.9602531534212028
1970-01-01 00:00:00.000021744,0.9602531534212028
1970-01-01 00:00:00.000021745,0.9602531534212028
1970-01-01 00:00:00.000021746,0.9602531534212028
1970-01-01 00:00:00.000021747,0.9602531534212028
1970-01-01 00:00:00.000021748,0.9602531534212028
1970-01-01 00:00:00.000021749,0.9602531534212028
1970-01-01 00:00:00.000021750,0.9580781500204901
1970-01-01 00:00:00.000021751,0.960150655706968
1970-01-01 00:00:00.000021752,0.9600546406413973
1970-01-01 00:00:00.000021753,0.9587851554355659
1970-01-01 00:00:00.000021754,0.9559523120848477
1970-01-01 00:00:00.000021755,0.9558567168536392
1970-01-01 00:00:00.000021756,0.9558567168536392
1970-01-01 00:00:00.000021757,0.9558567168536392
1970-01-01 00:00:00.000021758,0.9558567168536392
1970-01-01 00:00:00.000021759,0.9558567168536392
1970-01-01 00:00:00.000021760,0.9557108253664642
1970-01-01 00:00:00.000021761,0.9569318442508328
1970-01-01 00:00:00.000021762,0.958273715669734
1970-01-01 00:00:00.000021763,0.958177888298167
1970-01-01 00:00:00.000021764,0.961232072444566
1970-01-01 00:00:00.000021765,0.9628069573151518
1970-01-01 00:00:00.000021766,0.9627106766194202
1970-01-01 00:00:00.000021767,0.9627106766194202
1970-01-01 00:00:00.000021768,0.9621506018021861
1970-01-01 00:00:00.000021769,0.9616530570058484
1970-01-01 00:00:00.000021770,0.9615568917001478
1970-01-01 00:00:00.000021771,0.9615568917001478
1970-01-01 00:00:00.000021772,0.9615568917001478
1970-01-01 00:00:00.000021773,0.9615568917001478
1970-01-01 00:00:00.000021774,0.9615568917001478
1970-01-01 00:00:00.000021775,0.9615568917001478
1970-01-01 00:00:00.000021776,0.9615568917001478
1970-01-01 00:00:00.000021777,0.9615568917001478
1970-01-01 00:00:00.000021778,0.9615568917001478
1970-01-01 00:00:00.000021779,0.9615568917001478
1970-01-01 00:00:00.000021780,0.9615568917001478
1970-01-01 00:00:00.000021781,0.9615568917001478
1970-01-01 00:00:00.000021782,0.9615568917001478
1970-01-01 00:00:00.000021783,0.9615568917001478
1970-01-01 00:00:00.000021784,0.9615568917001478
1970-01-01 00:00:00.000021785,0.9615568917001478
1970-01-01 00:00:00.000021786,0.9615568917001478
1970-01-01 00:00:00.000021787,0.9615568917001478
1970-01-01 00:00:00.000021788,0.9602522132368747
1970-01-01 00:00:00.000021789,0.9600186621013962
1970-01-01 00:00:00.000021790,0.959922660235186
1970-01-01 00:00:00.000021791,0.959922660235186
1970-01-01 00:00:00.000021792,0.959922660235186
1970-01-01 00:00:00.000021793,0.959922660235186
1970-01-01 00:00:00.000021794,0.959922660235186
1970-01-01 00:00:00.000021795,0.959922660235186
1970-01-01 00:00:00.000021796,0.959922660235186
1970-01-01 00:00:00.000021797,0.959922660235186
1970-01-01 00:00:00.000021798,0.959922660235186
1970-01-01 00:00:00.000021799,0.959922660235186
1970-01-01 00:00:00.000021800,0.959922660235186
1970-01-01 00:00:00.000021801,0.959922660235186
1970-01-01 00:00:00.000021802,0.959922660235186
1970-01-01 00:00:00.000021803,0.959922660235186
1970-01-01 00:00:00.000021804,0.959922660235186
1970-01-01 00:00:00.000021805,0.959922660235186
1970-01-01 00:00:00.000021806,0.959922660235186
1970-01-01 00:00:00.000021807,0.959922660235186
1970-01-01 00:00:00.000021808,0.959922660235186
1970-01-01 00:00:00.000021809,0.959922660235186
1970-01-01 00:00:00.000021810,0.959922660235186
1970-01-01 00:00:00.000021811,0.959922660235186
1970-01-01 00:00:00.000021812,0.959922660235186
1970-01-01 00:00:00.000021813,0.959922660235186
1970-01-01 00:00:00.000021814,0.959922660235186
1970-01-01 00:00:00.000021815,0.959922660235186
1970-01-01 00:00:00.000021816,0.959922660235186
1970-01-01 00:00:00.000021817,0.959922660235186
1970-01-01 00:00:00.000021818,0.959922660235186
1970-01-01 00:00:00.000021819,0.959922660235186
1970-01-01 00:00:00.000021820,0.959922660235186
1970-01-01 00:00:00.000021821,0.959922660235186
1970-01-01 00:00:00.000021822,0.959922660235186
1970-01-01 00:00:00.000021823,0.959922660235186
1970-01-01 00:00:00.000021824,0.959922660235186
1970-01-01 00:00:00.000021825,0.959922660235186
1970-01-01 00:00:00.000021826,0.959922660235186
1970-01-01 00:00:00.000021827,0.959922660235186
1970-01-01 00:00:00.000021828,0.959922660235186
1970-01-01 00:00:00.000021829,0.959922660235186
1970-01-01 00:00:00.000021830,0.959922660235186
1970-01-01 00:00:00.000021831,0.959922660235186
1970-01-01 00:00:00.000021832,0.959922660235186
1970-01-01 00:00:00.000021833,0.959922660235186
1970-01-01 00:00:00.000021834,0.959922660235186
1970-01-01 00:00:00.000021835,0.959922660235186
1970-01-01 00:00:00.000021836,0.959922660235186
1970-01-01 00:00:00.000021837,0.9590530123379604
1970-01-01 00:00:00.000021838,0.9588327835274089
1970-01-01 00:00:00.000021839,0.9587369002490561
1970-01-01 00:00:00.000021840,0.9587369002490561
1970-01-01 00:00:00.000021841,0.9587369002490561
1970-01-01 00:00:00.000021842,0.9587369002490561
1970-01-01 00:00:00.000021843,0.9587369002490561
1970-01-01 00:00:00.000021844,0.9587369002490561
1970-01-01 00:00:00.000021845,0.9587369002490561
1970-01-01 00:00:00.000021846,0.9587369002490561
1970-01-01 00:00:00.000021847,0.9587369002490561
1970-01-01 00:00:00.000021848,0.9587369002490561
1970-01-01 00:00:00.000021849,0.9587369002490561
1970-01-01 00:00:00.000021850,0.9587369002490561
1970-01-01 00:00:00.000021851,0.9587369002490561
1970-01-01 00:00:00.000021852,0.9587369002490561
1970-01-01 00:00:00.000021853,0.9587369002490561
1970-01-01 00:00:00.000021854,0.9587369002490561
1970-01-01 00:00:00.000021855,0.9587369002490561
1970-01-01 00:00:00.000021856,0.9587369002490561
